dci,principe_actif,rxcui,code_atc,groupe_atc,libelle_atc
5 GRAMINEES,5 GRAMINEES,,,,
5-TRIPHOSPHORIQUE,5-TRIPHOSPHORIQUE,,,,
ABACAVIR,ABACAVIR,190521,J05AR,J,"Antivirals for treatment of HIV infections, combinations"
ABACAVIR,ABACAVIR,190521,J05AF,J,Nucleoside and nucleotide reverse transcriptase inhibitors
ABACAVIR // LAMIVUDINE,ABACAVIR,190521,J05AR,J,"Antivirals for treatment of HIV infections, combinations"
ABACAVIR // LAMIVUDINE,ABACAVIR,190521,J05AF,J,Nucleoside and nucleotide reverse transcriptase inhibitors
ABACAVIR // LAMIVUDINE,LAMIVUDINE,68244,J05AR,J,"Antivirals for treatment of HIV infections, combinations"
ABACAVIR // LAMIVUDINE,LAMIVUDINE,68244,J05AF,J,Nucleoside and nucleotide reverse transcriptase inhibitors
ABEMACICLIB,ABEMACICLIB,1946825,L01EF,L,Cyclin-dependent kinase (CDK) inhibitors
ABIRATERONE (ACETATE),ABIRATERONE (ACETATE),1100071,L02BX,L,Other hormone antagonists and related agents
ABIRATERONE (ACETATE),ABIRATERONE (ACETATE),1100071,L01XK,L,Poly (ADP-ribose) polymerase (PARP) inhibitors
ACALABRUTINIB,ACALABRUTINIB,1986808,L01EL,L,Bruton's tyrosine kinase (BTK) inhibitors
ACARBOSE,ACARBOSE,16681,A10BF,A,Alpha glucosidase inhibitors
ACEBUTOLOL (CHLORHYDRATE),ACEBUTOLOL (CHLORHYDRATE),149,C07AB,C,"Beta blocking agents, selective"
ACECLOFENAC,ACECLOFENAC,16689,M01AB,M,Acetic acid derivatives and related substances
ACECLOFENAC,ACECLOFENAC,16689,M02AA,M,"Antiinflammatory preparations, non-steroids for topical use"
ACEGLUMATE DE DEANOL,ACEGLUMATE DE DEANOL,48780,N06BX,N,Other psychostimulants and nootropics
ACEMETACINE,ACEMETACINE,16695,M01AB,M,Acetic acid derivatives and related substances
ACENOCOUMAROL,ACENOCOUMAROL,154,B01AA,B,Vitamin K antagonists
ACETATE D'ABIRATERONE,ACETATE D'ABIRATERONE,1100071,L02BX,L,Other hormone antagonists and related agents
ACETATE D'ABIRATERONE,ACETATE D'ABIRATERONE,1100071,L01XK,L,Poly (ADP-ribose) polymerase (PARP) inhibitors
ACETATE D'ALPHA-TOCOPHEROL,ACETATE D'ALPHA-TOCOPHEROL,1441649,A11HA,A,Other plain vitamin preparations
ACETATE DE CALCIUM,ACETATE DE CALCIUM,214342,V03AE,V,Drugs for treatment of hyperkalemia and hyperphosphatemia
ACETAZOLAMIDE,ACETAZOLAMIDE,167,S01EC,S,Carbonic anhydrase inhibitors
ACETYLCYSTEINE,ACETYLCYSTEINE,197,R05CB,R,Mucolytics
ACETYLCYSTEINE,ACETYLCYSTEINE,197,S01XA,S,Other ophthalmologicals
ACETYLCYSTEINE,ACETYLCYSTEINE,197,V03AB,V,Antidotes
ACETYLCYSTEINE / SULFATE DE TUAMINOHEPTANE,ACETYLCYSTEINE,197,R05CB,R,Mucolytics
ACETYLCYSTEINE / SULFATE DE TUAMINOHEPTANE,ACETYLCYSTEINE,197,S01XA,S,Other ophthalmologicals
ACETYLCYSTEINE / SULFATE DE TUAMINOHEPTANE,ACETYLCYSTEINE,197,V03AB,V,Antidotes
ACETYLCYSTEINE / SULFATE DE TUAMINOHEPTANE,SULFATE DE TUAMINOHEPTANE,260039,,,
ACETYLCYSTEINE // TUAMINOHEPTANE (SULFATE),ACETYLCYSTEINE // TUAMINOHEPTANE (SULFATE),197,R05CB,R,Mucolytics
ACETYLCYSTEINE // TUAMINOHEPTANE (SULFATE),ACETYLCYSTEINE // TUAMINOHEPTANE (SULFATE),197,S01XA,S,Other ophthalmologicals
ACETYLCYSTEINE // TUAMINOHEPTANE (SULFATE),ACETYLCYSTEINE // TUAMINOHEPTANE (SULFATE),197,V03AB,V,Antidotes
ACETYLLEUCINE,ACETYLLEUCINE,2375522,N07XX,N,Other nervous system drugs
ACETYLSALICYLATE DE LYSINE,ACETYLSALICYLATE DE LYSINE,1191,A01AD,A,Other agents for local oral treatment
ACETYLSALICYLATE DE LYSINE,ACETYLSALICYLATE DE LYSINE,1191,B01AC,B,Platelet aggregation inhibitors excl. heparin
ACETYLSALICYLATE DE LYSINE,ACETYLSALICYLATE DE LYSINE,1191,N02BA,N,Salicylic acid and derivatives
ACETYLSALICYLATE DE LYSINE,ACETYLSALICYLATE DE LYSINE,1191,N02AJ,N,Opioids in combination with non-opioid analgesics
ACICLOVIR,ACICLOVIR,281,D06BB,D,Antivirals
ACICLOVIR,ACICLOVIR,281,J05AB,J,Nucleosides and nucleotides excl. reverse transcriptase inhibitors
ACICLOVIR,ACICLOVIR,281,S01AD,S,Antivirals
ACIDE ACETYLSALICYLIQUE,ACIDE ACETYLSALICYLIQUE,1191,A01AD,A,Other agents for local oral treatment
ACIDE ACETYLSALICYLIQUE,ACIDE ACETYLSALICYLIQUE,1191,B01AC,B,Platelet aggregation inhibitors excl. heparin
ACIDE ACETYLSALICYLIQUE,ACIDE ACETYLSALICYLIQUE,1191,N02BA,N,Salicylic acid and derivatives
ACIDE ACETYLSALICYLIQUE,ACIDE ACETYLSALICYLIQUE,1191,N02AJ,N,Opioids in combination with non-opioid analgesics
ACIDE ACETYLSALICYLIQUE / ACIDE ASCORBIQUE (VITAMINE C),ACIDE ACETYLSALICYLIQUE / ACIDE ASCORBIQUE (VITAMINE C),1151,A11GA,A,"Ascorbic acid (vitamin C), plain"
ACIDE ACETYLSALICYLIQUE / ACIDE ASCORBIQUE (VITAMINE C),ACIDE ACETYLSALICYLIQUE / ACIDE ASCORBIQUE (VITAMINE C),1151,G01AD,G,Organic acids
ACIDE ACETYLSALICYLIQUE / ACIDE ASCORBIQUE (VITAMINE C),ACIDE ACETYLSALICYLIQUE / ACIDE ASCORBIQUE (VITAMINE C),1151,S01XA,S,Other ophthalmologicals
ACIDE ACETYLSALICYLIQUE / ACIDE ASCORBIQUE (VITAMINE C) / CAFEINE,ACIDE ACETYLSALICYLIQUE / ACIDE ASCORBIQUE (VITAMINE C) / CAFEINE,1151,A11GA,A,"Ascorbic acid (vitamin C), plain"
ACIDE ACETYLSALICYLIQUE / ACIDE ASCORBIQUE (VITAMINE C) / CAFEINE,ACIDE ACETYLSALICYLIQUE / ACIDE ASCORBIQUE (VITAMINE C) / CAFEINE,1151,G01AD,G,Organic acids
ACIDE ACETYLSALICYLIQUE / ACIDE ASCORBIQUE (VITAMINE C) / CAFEINE,ACIDE ACETYLSALICYLIQUE / ACIDE ASCORBIQUE (VITAMINE C) / CAFEINE,1151,S01XA,S,Other ophthalmologicals
ACIDE ACETYLSALICYLIQUE / CYANOCOBALAMINE,ACIDE ACETYLSALICYLIQUE,1191,A01AD,A,Other agents for local oral treatment
ACIDE ACETYLSALICYLIQUE / CYANOCOBALAMINE,ACIDE ACETYLSALICYLIQUE,1191,B01AC,B,Platelet aggregation inhibitors excl. heparin
ACIDE ACETYLSALICYLIQUE / CYANOCOBALAMINE,ACIDE ACETYLSALICYLIQUE,1191,N02BA,N,Salicylic acid and derivatives
ACIDE ACETYLSALICYLIQUE / CYANOCOBALAMINE,ACIDE ACETYLSALICYLIQUE,1191,N02AJ,N,Opioids in combination with non-opioid analgesics
ACIDE ACETYLSALICYLIQUE / CYANOCOBALAMINE,CYANOCOBALAMINE,11248,B03BA,B,Vitamin B12 (cyanocobalamin and analogues)
ACIDE ACETYLSALICYLIQUE / THIAMINE (VITAMINE B1),ACIDE ACETYLSALICYLIQUE / THIAMINE (VITAMINE B1),10454,A11DA,A,"Vitamin B1, plain"
ACIDE ACETYLSALICYLIQUE // VITAMINE B1 (CHLORURE DE MONOPHOSPHOTHIAMINE) // VITAMINE C (ACIDE ASCORBIQUE),ACIDE ACETYLSALICYLIQUE // VITAMINE B1 (CHLORURE DE MONOPHOSPHOTHIAMINE) // VITAMINE C (ACIDE ASCORBIQUE),1151,A11GA,A,"Ascorbic acid (vitamin C), plain"
ACIDE ACETYLSALICYLIQUE // VITAMINE B1 (CHLORURE DE MONOPHOSPHOTHIAMINE) // VITAMINE C (ACIDE ASCORBIQUE),ACIDE ACETYLSALICYLIQUE // VITAMINE B1 (CHLORURE DE MONOPHOSPHOTHIAMINE) // VITAMINE C (ACIDE ASCORBIQUE),1151,G01AD,G,Organic acids
ACIDE ACETYLSALICYLIQUE // VITAMINE B1 (CHLORURE DE MONOPHOSPHOTHIAMINE) // VITAMINE C (ACIDE ASCORBIQUE),ACIDE ACETYLSALICYLIQUE // VITAMINE B1 (CHLORURE DE MONOPHOSPHOTHIAMINE) // VITAMINE C (ACIDE ASCORBIQUE),1151,S01XA,S,Other ophthalmologicals
ACIDE ACETYLSALICYLIQUE // VITAMINE B1 (THIAMINE) // VITAMINE C (ACIDE ASCORBIQUE),ACIDE ACETYLSALICYLIQUE // VITAMINE B1 (THIAMINE) // VITAMINE C (ACIDE ASCORBIQUE),10454,A11DA,A,"Vitamin B1, plain"
ACIDE ACETYLSALICYLIQUE // VITAMINE B12 (CYANOCOBALAMINE) // SORBITOL,ACIDE ACETYLSALICYLIQUE // VITAMINE B12 (CYANOCOBALAMINE) // SORBITOL,11248,B03BA,B,Vitamin B12 (cyanocobalamin and analogues)
ACIDE ACETYLSALICYLIQUE // VITAMINE C (ACIDE ASCORBIQUE),ACIDE ACETYLSALICYLIQUE // VITAMINE C (ACIDE ASCORBIQUE),1151,A11GA,A,"Ascorbic acid (vitamin C), plain"
ACIDE ACETYLSALICYLIQUE // VITAMINE C (ACIDE ASCORBIQUE),ACIDE ACETYLSALICYLIQUE // VITAMINE C (ACIDE ASCORBIQUE),1151,G01AD,G,Organic acids
ACIDE ACETYLSALICYLIQUE // VITAMINE C (ACIDE ASCORBIQUE),ACIDE ACETYLSALICYLIQUE // VITAMINE C (ACIDE ASCORBIQUE),1151,S01XA,S,Other ophthalmologicals
ACIDE ACETYLSALICYLIQUE // VITAMINE C (ACIDE ASCORBIQUE) // CAFEINE,ACIDE ACETYLSALICYLIQUE // VITAMINE C (ACIDE ASCORBIQUE) // CAFEINE,1151,A11GA,A,"Ascorbic acid (vitamin C), plain"
ACIDE ACETYLSALICYLIQUE // VITAMINE C (ACIDE ASCORBIQUE) // CAFEINE,ACIDE ACETYLSALICYLIQUE // VITAMINE C (ACIDE ASCORBIQUE) // CAFEINE,1151,G01AD,G,Organic acids
ACIDE ACETYLSALICYLIQUE // VITAMINE C (ACIDE ASCORBIQUE) // CAFEINE,ACIDE ACETYLSALICYLIQUE // VITAMINE C (ACIDE ASCORBIQUE) // CAFEINE,1151,S01XA,S,Other ophthalmologicals
ACIDE ACEXAMIQUE,ACIDE ACEXAMIQUE,,,,
ACIDE ACEXAMIQUE / NEOMYCINE,ACIDE ACEXAMIQUE,,,,
ACIDE ACEXAMIQUE / NEOMYCINE,NEOMYCINE,7299,A01AB,A,Antiinfectives and antiseptics for local oral treatment
ACIDE ACEXAMIQUE / NEOMYCINE,NEOMYCINE,7299,A07AA,A,Antibiotics
ACIDE ACEXAMIQUE / NEOMYCINE,NEOMYCINE,7299,B05CA,B,Antiinfectives
ACIDE ACEXAMIQUE / NEOMYCINE,NEOMYCINE,7299,D06AX,D,Other antibiotics for topical use
ACIDE ACEXAMIQUE / NEOMYCINE,NEOMYCINE,7299,J01GB,J,Other aminoglycosides
ACIDE ACEXAMIQUE / NEOMYCINE,NEOMYCINE,7299,R02AB,R,Antibiotics
ACIDE ACEXAMIQUE / NEOMYCINE,NEOMYCINE,7299,S01AA,S,Antibiotics
ACIDE ACEXAMIQUE / NEOMYCINE,NEOMYCINE,7299,S02AA,S,Antiinfectives
ACIDE ACEXAMIQUE / NEOMYCINE,NEOMYCINE,7299,S03AA,S,Antiinfectives
ACIDE ACEXAMIQUE // NEOMYCINE,ACIDE ACEXAMIQUE,,,,
ACIDE ACEXAMIQUE // NEOMYCINE,NEOMYCINE,7299,A01AB,A,Antiinfectives and antiseptics for local oral treatment
ACIDE ACEXAMIQUE // NEOMYCINE,NEOMYCINE,7299,A07AA,A,Antibiotics
ACIDE ACEXAMIQUE // NEOMYCINE,NEOMYCINE,7299,B05CA,B,Antiinfectives
ACIDE ACEXAMIQUE // NEOMYCINE,NEOMYCINE,7299,D06AX,D,Other antibiotics for topical use
ACIDE ACEXAMIQUE // NEOMYCINE,NEOMYCINE,7299,J01GB,J,Other aminoglycosides
ACIDE ACEXAMIQUE // NEOMYCINE,NEOMYCINE,7299,R02AB,R,Antibiotics
ACIDE ACEXAMIQUE // NEOMYCINE,NEOMYCINE,7299,S01AA,S,Antibiotics
ACIDE ACEXAMIQUE // NEOMYCINE,NEOMYCINE,7299,S02AA,S,Antiinfectives
ACIDE ACEXAMIQUE // NEOMYCINE,NEOMYCINE,7299,S03AA,S,Antiinfectives
ACIDE ALENDRONIQUE,ACIDE ALENDRONIQUE,236083,M05BA,M,Bisphosphonates
ACIDE ALENDRONIQUE // VITAMINE D3 (CHOLECALCIFEROL),ACIDE ALENDRONIQUE // VITAMINE D3 (CHOLECALCIFEROL),2418,A11CC,A,Vitamin D and analogues
ACIDE ALGINIQUE,ACIDE ALGINIQUE,,,,
ACIDE ALGINIQUE / ALUMINIUM HYDROXYDE,ACIDE ALGINIQUE,,,,
ACIDE ALGINIQUE / ALUMINIUM HYDROXYDE,ALUMINIUM HYDROXYDE,1311504,,,
ACIDE ALGINIQUE // HYDROXIDE D'ALUMINIUM COLLOIDALE // SILICE HYDRATE,ACIDE ALGINIQUE,,,,
ACIDE ALGINIQUE // HYDROXIDE D'ALUMINIUM COLLOIDALE // SILICE HYDRATE,HYDROXIDE D'ALUMINIUM COLLOIDALE,612,A02AD,A,"Combinations and complexes of aluminium, calcium and magnesium compounds"
ACIDE ALGINIQUE // HYDROXIDE D'ALUMINIUM COLLOIDALE // SILICE HYDRATE,HYDROXIDE D'ALUMINIUM COLLOIDALE,612,A02AB,A,Aluminium compounds
ACIDE ALGINIQUE // HYDROXIDE D'ALUMINIUM COLLOIDALE // SILICE HYDRATE,SILICE HYDRATE,1311243,,,
ACIDE ASCORBIQUE,ACIDE ASCORBIQUE,1151,A11GA,A,"Ascorbic acid (vitamin C), plain"
ACIDE ASCORBIQUE,ACIDE ASCORBIQUE,1151,G01AD,G,Organic acids
ACIDE ASCORBIQUE,ACIDE ASCORBIQUE,1151,S01XA,S,Other ophthalmologicals
ACIDE ASCORBIQUE (VITAMINE C),ACIDE ASCORBIQUE (VITAMINE C),1151,A11GA,A,"Ascorbic acid (vitamin C), plain"
ACIDE ASCORBIQUE (VITAMINE C),ACIDE ASCORBIQUE (VITAMINE C),1151,G01AD,G,Organic acids
ACIDE ASCORBIQUE (VITAMINE C),ACIDE ASCORBIQUE (VITAMINE C),1151,S01XA,S,Other ophthalmologicals
ACIDE ASCORBIQUE (VITAMINE C) / ALPHATOCOFEROL,ACIDE ASCORBIQUE (VITAMINE C) / ALPHATOCOFEROL,1151,A11GA,A,"Ascorbic acid (vitamin C), plain"
ACIDE ASCORBIQUE (VITAMINE C) / ALPHATOCOFEROL,ACIDE ASCORBIQUE (VITAMINE C) / ALPHATOCOFEROL,1151,G01AD,G,Organic acids
ACIDE ASCORBIQUE (VITAMINE C) / ALPHATOCOFEROL,ACIDE ASCORBIQUE (VITAMINE C) / ALPHATOCOFEROL,1151,S01XA,S,Other ophthalmologicals
ACIDE ASCORBIQUE (VITAMINE C) / ASCORBATE DE SODIUM,ACIDE ASCORBIQUE (VITAMINE C) / ASCORBATE DE SODIUM,1151,A11GA,A,"Ascorbic acid (vitamin C), plain"
ACIDE ASCORBIQUE (VITAMINE C) / ASCORBATE DE SODIUM,ACIDE ASCORBIQUE (VITAMINE C) / ASCORBATE DE SODIUM,1151,G01AD,G,Organic acids
ACIDE ASCORBIQUE (VITAMINE C) / ASCORBATE DE SODIUM,ACIDE ASCORBIQUE (VITAMINE C) / ASCORBATE DE SODIUM,1151,S01XA,S,Other ophthalmologicals
ACIDE ASCORBIQUE (VITAMINE C) / HEMATOPORPHYRINE,ACIDE ASCORBIQUE (VITAMINE C) / HEMATOPORPHYRINE,5164,,,
ACIDE ASCORBIQUE (VITAMINE C) / PYRIDOXINE (VITAMINE B6) / NICOTINAMIDE (VIT PP),ACIDE ASCORBIQUE (VITAMINE C) / PYRIDOXINE (VITAMINE B6) / NICOTINAMIDE (VIT PP),684879,A11HA,A,Other plain vitamin preparations
ACIDE ASCORBIQUE / ZINC,ACIDE ASCORBIQUE,1151,A11GA,A,"Ascorbic acid (vitamin C), plain"
ACIDE ASCORBIQUE / ZINC,ACIDE ASCORBIQUE,1151,G01AD,G,Organic acids
ACIDE ASCORBIQUE / ZINC,ACIDE ASCORBIQUE,1151,S01XA,S,Other ophthalmologicals
ACIDE ASCORBIQUE / ZINC,ZINC,11416,,,
ACIDE BENZOIQUE // GUAIFENESINE // TERPINE // CINEOLE // EXTRAIT FLUIDE D'IPECA // CODEINE,ACIDE BENZOIQUE,1191,A01AD,A,Other agents for local oral treatment
ACIDE BENZOIQUE // GUAIFENESINE // TERPINE // CINEOLE // EXTRAIT FLUIDE D'IPECA // CODEINE,ACIDE BENZOIQUE,1191,B01AC,B,Platelet aggregation inhibitors excl. heparin
ACIDE BENZOIQUE // GUAIFENESINE // TERPINE // CINEOLE // EXTRAIT FLUIDE D'IPECA // CODEINE,ACIDE BENZOIQUE,1191,N02BA,N,Salicylic acid and derivatives
ACIDE BENZOIQUE // GUAIFENESINE // TERPINE // CINEOLE // EXTRAIT FLUIDE D'IPECA // CODEINE,ACIDE BENZOIQUE,1191,N02AJ,N,Opioids in combination with non-opioid analgesics
ACIDE BENZOIQUE // GUAIFENESINE // TERPINE // CINEOLE // EXTRAIT FLUIDE D'IPECA // CODEINE,GUAIFENESINE,5032,R05CA,R,Expectorants
ACIDE BENZOIQUE // GUAIFENESINE // TERPINE // CINEOLE // EXTRAIT FLUIDE D'IPECA // CODEINE,TERPINE,89916,,,
ACIDE BENZOIQUE // GUAIFENESINE // TERPINE // CINEOLE // EXTRAIT FLUIDE D'IPECA // CODEINE,CINEOLE,21116,R05CA,R,Expectorants
ACIDE BENZOIQUE // GUAIFENESINE // TERPINE // CINEOLE // EXTRAIT FLUIDE D'IPECA // CODEINE,EXTRAIT FLUIDE D'IPECA,66869,A06AB,A,Contact laxatives
ACIDE BENZOIQUE // GUAIFENESINE // TERPINE // CINEOLE // EXTRAIT FLUIDE D'IPECA // CODEINE,CODEINE,2670,N02AJ,N,Opioids in combination with non-opioid analgesics
ACIDE BENZOIQUE // GUAIFENESINE // TERPINE // CINEOLE // EXTRAIT FLUIDE D'IPECA // CODEINE,CODEINE,2670,R05DA,R,Opium alkaloids and derivatives
ACIDE BORIQUE,ACIDE BORIQUE,,,,
ACIDE BORIQUE / BORATE DE SODIUM,ACIDE BORIQUE,,,,
ACIDE BORIQUE / BORATE DE SODIUM,BORATE DE SODIUM,36680,S02AA,S,Antiinfectives
ACIDE BORIQUE / BORATE DE SODIUM,BORATE DE SODIUM,36680,S01AX,S,Other antiinfectives
ACIDE CARGLUMIQUE,ACIDE CARGLUMIQUE,401713,A16AA,A,Amino acids and derivatives
ACIDE CLAVULANIQUE,ACIDE CLAVULANIQUE,21216,,,
ACIDE DIMECROTIQUE,ACIDE DIMECROTIQUE,236346,,,
ACIDE DIMERCAPOTSUCCINIQUE,ACIDE DIMERCAPOTSUCCINIQUE,2475951,,,
ACIDE FOLIQUE,ACIDE FOLIQUE,4511,B03AD,B,Iron in combination with folic acid
ACIDE FOLIQUE,ACIDE FOLIQUE,4511,B03BB,B,Folic acid and derivatives
ACIDE FOLIQUE,ACIDE FOLIQUE,4511,V04CX,V,Other diagnostic agents
ACIDE FOLIQUE / FER,ACIDE FOLIQUE,4511,B03AD,B,Iron in combination with folic acid
ACIDE FOLIQUE / FER,ACIDE FOLIQUE,4511,B03BB,B,Folic acid and derivatives
ACIDE FOLIQUE / FER,ACIDE FOLIQUE,4511,V04CX,V,Other diagnostic agents
ACIDE FOLIQUE / FER,FER,90176,,,
ACIDE FUSIDIQUE,ACIDE FUSIDIQUE,4608,D06AX,D,Other antibiotics for topical use
ACIDE FUSIDIQUE,ACIDE FUSIDIQUE,4608,D09AA,D,Medicated dressings with antiinfectives
ACIDE FUSIDIQUE,ACIDE FUSIDIQUE,4608,J01XC,J,Steroid antibacterials
ACIDE FUSIDIQUE,ACIDE FUSIDIQUE,4608,S01AA,S,Antibiotics
ACIDE GADOTERIQUE,ACIDE GADOTERIQUE,,,,
ACIDE GLYCYRRHETINIQUE (ENOXOLONE),ACIDE GLYCYRRHETINIQUE (ENOXOLONE),1311506,D03AX,D,Other cicatrizants
ACIDE IBANDRONIQUE,ACIDE IBANDRONIQUE,115265,M05BA,M,Bisphosphonates
ACIDE IBANDRONIQUE (SODIUM MONOHYDRATE),ACIDE IBANDRONIQUE (SODIUM MONOHYDRATE),221125,,,
ACIDE IOXAGLIQUE,ACIDE IOXAGLIQUE,,,,
ACIDE L GLUTAMIQUE,ACIDE L GLUTAMIQUE,25916,,,
ACIDE LACTIQUE,ACIDE LACTIQUE,,,,
ACIDE MALIQUE,ACIDE MALIQUE,,,,
ACIDE MEFENAMIQUE,ACIDE MEFENAMIQUE,6693,M01AG,M,Fenamates
ACIDE METHYLENEDIPHOSPHONIQUE (MDP),ACIDE METHYLENEDIPHOSPHONIQUE (MDP),,,,
ACIDE MYCOPHENOLIQUE,ACIDE MYCOPHENOLIQUE,7145,L04AA,L,Selective immunosuppressants
ACIDE N-ACETYL ASPARTYL GLUTAMIQUE SODIQUE,ACIDE N-ACETYL ASPARTYL GLUTAMIQUE SODIQUE,31005,,,
ACIDE N-ACETYL ASPARTYLGLUTAMIQUE,ACIDE N-ACETYL ASPARTYLGLUTAMIQUE,31005,,,
ACIDE NALIDIXIQUE,ACIDE NALIDIXIQUE,7240,J01MB,J,Other quinolones
ACIDE NIFLUMIQUE,ACIDE NIFLUMIQUE,7418,M01AX,M,"Other antiinflammatory and antirheumatic agents, non-steroids"
ACIDE NIFLUMIQUE,ACIDE NIFLUMIQUE,7418,M02AA,M,"Antiinflammatory preparations, non-steroids for topical use"
ACIDE PHOSPHORIQUE,ACIDE PHOSPHORIQUE,8259,,,
ACIDE PROPIONIQUE,ACIDE PROPIONIQUE,,,,
ACIDE RISEDRONIQUE / CALCIUM / COLECALCIFEROL (VITAMINE D3),ACIDE RISEDRONIQUE / CALCIUM / COLECALCIFEROL (VITAMINE D3),2418,A11CC,A,Vitamin D and analogues
ACIDE SALICYLIQUE,ACIDE SALICYLIQUE,,,,
ACIDE SALICYLIQUE / ACIDE LACTIQUE,ACIDE SALICYLIQUE,,,,
ACIDE SALICYLIQUE / ACIDE LACTIQUE,ACIDE LACTIQUE,,,,
ACIDE SALICYLIQUE / GLUCONATE DE CHLORHEXIDINE,ACIDE SALICYLIQUE,,,,
ACIDE SALICYLIQUE / GLUCONATE DE CHLORHEXIDINE,GLUCONATE DE CHLORHEXIDINE,20791,A01AB,A,Antiinfectives and antiseptics for local oral treatment
ACIDE SALICYLIQUE / GLUCONATE DE CHLORHEXIDINE,GLUCONATE DE CHLORHEXIDINE,20791,B05CA,B,Antiinfectives
ACIDE SALICYLIQUE / GLUCONATE DE CHLORHEXIDINE,GLUCONATE DE CHLORHEXIDINE,20791,D08AC,D,Biguanides and amidines
ACIDE SALICYLIQUE / GLUCONATE DE CHLORHEXIDINE,GLUCONATE DE CHLORHEXIDINE,20791,D09AA,D,Medicated dressings with antiinfectives
ACIDE SALICYLIQUE / GLUCONATE DE CHLORHEXIDINE,GLUCONATE DE CHLORHEXIDINE,20791,R02AA,R,Antiseptics
ACIDE SALICYLIQUE / GLUCONATE DE CHLORHEXIDINE,GLUCONATE DE CHLORHEXIDINE,20791,S01AX,S,Other antiinfectives
ACIDE SALICYLIQUE / GLUCONATE DE CHLORHEXIDINE,GLUCONATE DE CHLORHEXIDINE,20791,S02AA,S,Antiinfectives
ACIDE SALICYLIQUE / GLUCONATE DE CHLORHEXIDINE,GLUCONATE DE CHLORHEXIDINE,20791,S03AA,S,Antiinfectives
ACIDE SALICYLIQUE // ACIDE LACTIQUE,ACIDE SALICYLIQUE,,,,
ACIDE SALICYLIQUE // ACIDE LACTIQUE,ACIDE LACTIQUE,,,,
ACIDE SALICYLIQUE // CHLORHEXIDINE (DIGLUCONATE),ACIDE SALICYLIQUE // CHLORHEXIDINE (DIGLUCONATE),20791,A01AB,A,Antiinfectives and antiseptics for local oral treatment
ACIDE SALICYLIQUE // CHLORHEXIDINE (DIGLUCONATE),ACIDE SALICYLIQUE // CHLORHEXIDINE (DIGLUCONATE),20791,B05CA,B,Antiinfectives
ACIDE SALICYLIQUE // CHLORHEXIDINE (DIGLUCONATE),ACIDE SALICYLIQUE // CHLORHEXIDINE (DIGLUCONATE),20791,D08AC,D,Biguanides and amidines
ACIDE SALICYLIQUE // CHLORHEXIDINE (DIGLUCONATE),ACIDE SALICYLIQUE // CHLORHEXIDINE (DIGLUCONATE),20791,D09AA,D,Medicated dressings with antiinfectives
ACIDE SALICYLIQUE // CHLORHEXIDINE (DIGLUCONATE),ACIDE SALICYLIQUE // CHLORHEXIDINE (DIGLUCONATE),20791,R02AA,R,Antiseptics
ACIDE SALICYLIQUE // CHLORHEXIDINE (DIGLUCONATE),ACIDE SALICYLIQUE // CHLORHEXIDINE (DIGLUCONATE),20791,S01AX,S,Other antiinfectives
ACIDE SALICYLIQUE // CHLORHEXIDINE (DIGLUCONATE),ACIDE SALICYLIQUE // CHLORHEXIDINE (DIGLUCONATE),20791,S02AA,S,Antiinfectives
ACIDE SALICYLIQUE // CHLORHEXIDINE (DIGLUCONATE),ACIDE SALICYLIQUE // CHLORHEXIDINE (DIGLUCONATE),20791,S03AA,S,Antiinfectives
ACIDE TIAPROFENIQUE,ACIDE TIAPROFENIQUE,38253,M01AE,M,Propionic acid derivatives
ACIDE TRANEXAMIQUE,ACIDE TRANEXAMIQUE,10691,B02AA,B,Amino acids
ACIDE URIDIQUE,ACIDE URIDIQUE,11017,,,
ACIDE URIDIQUE / 5-TRIPHOSPHORIQUE,ACIDE URIDIQUE / 5-TRIPHOSPHORIQUE,1364529,,,
ACIDE ZOLEDRONIQUE,ACIDE ZOLEDRONIQUE,77655,M05BA,M,Bisphosphonates
ACIDE ZOLEDRONIQUE ANHYDRE,ACIDE ZOLEDRONIQUE ANHYDRE,1546014,M05BA,M,Bisphosphonates
ACIDES AMINES / HUILES DOLIVE ET SOJA RAFFINES,ACIDES AMINES,4537,,,
ACIDES AMINES / HUILES DOLIVE ET SOJA RAFFINES,HUILES DOLIVE ET SOJA RAFFINES,1362905,,,
ACIDES AMINES // GLUCOSES // LIPIDES // SELS (ELECTROLYTES),ACIDES AMINES // GLUCOSES // LIPIDES // SELS (ELECTROLYTES),283568,,,
ACITRETINE,ACITRETINE,16818,D05BB,D,Retinoids for treatment of psoriasis
ADALIMUMAB,ADALIMUMAB,327361,L04AB,L,Tumor necrosis factor alpha (TNF-alpha) inhibitors
ADAPALENE,ADAPALENE,60223,D10AD,D,Retinoids for topical use in acne
ADAPALENE / PEROXYDE DE BENZOYLE,ADAPALENE,60223,D10AD,D,Retinoids for topical use in acne
ADAPALENE / PEROXYDE DE BENZOYLE,PEROXYDE DE BENZOYLE,1418,D10AE,D,Peroxides
ADAPALENE // PEROXYDE DE BENZOYLE,ADAPALENE,60223,D10AD,D,Retinoids for topical use in acne
ADAPALENE // PEROXYDE DE BENZOYLE,PEROXYDE DE BENZOYLE,1418,D10AE,D,Peroxides
ADEFOVIR DIPIVOXIL,ADEFOVIR DIPIVOXIL,141400,J05AF,J,Nucleoside and nucleotide reverse transcriptase inhibitors
ADENOSINE,ADENOSINE,296,C01EB,C,Other cardiac preparations
ADENOSINE TRIPHOSPHATE,ADENOSINE TRIPHOSPHATE,318,,,
ADRENALINE,ADRENALINE,1490053,A01AD,A,Other agents for local oral treatment
ADRENALINE,ADRENALINE,1490053,B02BC,B,Local hemostatics
ADRENALINE,ADRENALINE,1490053,C01CA,C,Adrenergic and dopaminergic agents
ADRENALINE,ADRENALINE,1490053,R01AA,R,"Sympathomimetics, plain"
ADRENALINE,ADRENALINE,1490053,R03AA,R,Alpha- and beta-adrenoreceptor agonists
ADRENALINE,ADRENALINE,1490053,S01EA,S,Sympathomimetics in glaucoma therapy
ADRENALINE (TARTRATE),ADRENALINE (TARTRATE),203180,A01AD,A,Other agents for local oral treatment
ADRENALINE (TARTRATE),ADRENALINE (TARTRATE),203180,B02BC,B,Local hemostatics
ADRENALINE (TARTRATE),ADRENALINE (TARTRATE),203180,C01CA,C,Adrenergic and dopaminergic agents
ADRENALINE (TARTRATE),ADRENALINE (TARTRATE),203180,R01AA,R,"Sympathomimetics, plain"
ADRENALINE (TARTRATE),ADRENALINE (TARTRATE),203180,R03AA,R,Alpha- and beta-adrenoreceptor agonists
ADRENALINE (TARTRATE),ADRENALINE (TARTRATE),203180,S01EA,S,Sympathomimetics in glaucoma therapy
ADRENALINE / LIDOCAINE,ADRENALINE,1490053,A01AD,A,Other agents for local oral treatment
ADRENALINE / LIDOCAINE,ADRENALINE,1490053,B02BC,B,Local hemostatics
ADRENALINE / LIDOCAINE,ADRENALINE,1490053,C01CA,C,Adrenergic and dopaminergic agents
ADRENALINE / LIDOCAINE,ADRENALINE,1490053,R01AA,R,"Sympathomimetics, plain"
ADRENALINE / LIDOCAINE,ADRENALINE,1490053,R03AA,R,Alpha- and beta-adrenoreceptor agonists
ADRENALINE / LIDOCAINE,ADRENALINE,1490053,S01EA,S,Sympathomimetics in glaucoma therapy
ADRENALINE / LIDOCAINE,LIDOCAINE,6387,C01BB,C,"Antiarrhythmics, class Ib"
ADRENALINE / LIDOCAINE,LIDOCAINE,6387,C05AD,C,Local anesthetics
ADRENALINE / LIDOCAINE,LIDOCAINE,6387,D04AB,D,Anesthetics for topical use
ADRENALINE / LIDOCAINE,LIDOCAINE,6387,N01BB,N,Amides
ADRENALINE / LIDOCAINE,LIDOCAINE,6387,R02AD,R,"Anesthetics, local"
ADRENALINE / LIDOCAINE,LIDOCAINE,6387,S01HA,S,Local anesthetics
ADRENALINE / LIDOCAINE,LIDOCAINE,6387,S02DA,S,Analgesics and anesthetics
AFATINIB,AFATINIB,1430438,L01EB,L,Epidermal growth factor receptor (EGFR) tyrosine kinase inhibitors
AFATINIB (DIMALEATE),AFATINIB (DIMALEATE),1430441,L01EB,L,Epidermal growth factor receptor (EGFR) tyrosine kinase inhibitors
AFLIBERCEPT,AFLIBERCEPT,1232150,L01XX,L,Other antineoplastic agents
AFLIBERCEPT,AFLIBERCEPT,1232150,S01LA,S,Antineovascularisation agents
AGALSIDASE,AGALSIDASE,338817,A16AB,A,Enzymes
AGOMELATINE,AGOMELATINE,,,,
ALBENDAZOLE,ALBENDAZOLE,430,P02CA,P,Benzimidazole derivatives
ALBUMINE HUMAINE,ALBUMINE HUMAINE,828529,,,
"ALCOOL 2,4-DICHLOROBENZYLIQUE // AMYLMETACRESOL","ALCOOL 2,4-DICHLOROBENZYLIQUE // AMYLMETACRESOL",236248,,,
"ALCOOL 2,4-DICHLOROBENZYLIQUE // AMYLMETACRESOL // FLURIBUPROFENE","ALCOOL 2,4-DICHLOROBENZYLIQUE // AMYLMETACRESOL // FLURIBUPROFENE",236248,,,
"ALCOOL 2,4-DICHLOROBENZYLIQUE // AMYLMETACRESOL // VITAMINE C (ACIDE ASCORBIQUE) // VITAMINE C (ASCORBATE DE SODIUM)","ALCOOL 2,4-DICHLOROBENZYLIQUE // AMYLMETACRESOL // VITAMINE C (ACIDE ASCORBIQUE) // VITAMINE C (ASCORBATE DE SODIUM)",1151,A11GA,A,"Ascorbic acid (vitamin C), plain"
"ALCOOL 2,4-DICHLOROBENZYLIQUE // AMYLMETACRESOL // VITAMINE C (ACIDE ASCORBIQUE) // VITAMINE C (ASCORBATE DE SODIUM)","ALCOOL 2,4-DICHLOROBENZYLIQUE // AMYLMETACRESOL // VITAMINE C (ACIDE ASCORBIQUE) // VITAMINE C (ASCORBATE DE SODIUM)",1151,G01AD,G,Organic acids
"ALCOOL 2,4-DICHLOROBENZYLIQUE // AMYLMETACRESOL // VITAMINE C (ACIDE ASCORBIQUE) // VITAMINE C (ASCORBATE DE SODIUM)","ALCOOL 2,4-DICHLOROBENZYLIQUE // AMYLMETACRESOL // VITAMINE C (ACIDE ASCORBIQUE) // VITAMINE C (ASCORBATE DE SODIUM)",1151,S01XA,S,Other ophthalmologicals
ALCOOL POLYVINYLIQUE,ALCOOL POLYVINYLIQUE,581662,D08AX,D,Other antiseptics and disinfectants
ALCOOL POLYVINYLIQUE,ALCOOL POLYVINYLIQUE,581662,V03AB,V,Antidotes
ALCOOL POLYVINYLIQUE,ALCOOL POLYVINYLIQUE,581662,V03AZ,V,Nerve depressants
ALECTINIB,ALECTINIB,1727455,L01ED,L,Anaplastic lymphoma kinase (ALK) inhibitors
ALEMTUZUMAB,ALEMTUZUMAB,117055,L04AG,L,Monoclonal antibodies
ALENDRONATE,ALENDRONATE,46041,M05BA,M,Bisphosphonates
ALENDRONATE / COLECALCIFEROL (VITAMINE D3),ALENDRONATE / COLECALCIFEROL (VITAMINE D3),2418,A11CC,A,Vitamin D and analogues
ALFA-AMYLASE,ALFA-AMYLASE,743,A09AA,A,Enzyme preparations
ALFACALCIDOL,ALFACALCIDOL,12062,A11CC,A,Vitamin D and analogues
ALFENTANIL,ALFENTANIL,480,N01AH,N,Opioid anesthetics
ALFENTANIL (CHLORHYDRATE),ALFENTANIL (CHLORHYDRATE),480,N01AH,N,Opioid anesthetics
ALFUZOSINE,ALFUZOSINE,17300,G04CA,G,Alpha-adrenoreceptor antagonists
ALFUZOSINE (CHLORHYDRATE),ALFUZOSINE (CHLORHYDRATE),17300,G04CA,G,Alpha-adrenoreceptor antagonists
ALGINATE DE MAGNESIUM,ALGINATE DE MAGNESIUM,1008195,A02BX,A,Other drugs for peptic ulcer and gastro-oesophageal reflux disease (GORD)
ALGINATE DE MAGNESIUM,ALGINATE DE MAGNESIUM,1008195,A02AA,A,Magnesium compounds
ALGINATE DE MAGNESIUM,ALGINATE DE MAGNESIUM,1008195,A06AD,A,Osmotically acting laxatives
ALGINATE DE MAGNESIUM / HYDROXYDE D'ALUMINIUM,ALGINATE DE MAGNESIUM,1008195,A02BX,A,Other drugs for peptic ulcer and gastro-oesophageal reflux disease (GORD)
ALGINATE DE MAGNESIUM / HYDROXYDE D'ALUMINIUM,ALGINATE DE MAGNESIUM,1008195,A02AA,A,Magnesium compounds
ALGINATE DE MAGNESIUM / HYDROXYDE D'ALUMINIUM,ALGINATE DE MAGNESIUM,1008195,A06AD,A,Osmotically acting laxatives
ALGINATE DE MAGNESIUM / HYDROXYDE D'ALUMINIUM,HYDROXYDE D'ALUMINIUM,1311504,,,
ALGINATE DE SODIUM,ALGINATE DE SODIUM,56446,A02BX,A,Other drugs for peptic ulcer and gastro-oesophageal reflux disease (GORD)
ALGINATE DE SODIUM / BICARBONATE DE SODIUM ADULTE,ALGINATE DE SODIUM,56446,A02BX,A,Other drugs for peptic ulcer and gastro-oesophageal reflux disease (GORD)
ALGINATE DE SODIUM / BICARBONATE DE SODIUM ADULTE,BICARBONATE DE SODIUM ADULTE,36676,B05CB,B,Salt solutions
ALGINATE DE SODIUM / BICARBONATE DE SODIUM ADULTE,BICARBONATE DE SODIUM ADULTE,36676,B05XA,B,Electrolyte solutions
ALGINATE DE SODIUM / BICARBONATE DE SODIUM NOURRISSON,ALGINATE DE SODIUM,56446,A02BX,A,Other drugs for peptic ulcer and gastro-oesophageal reflux disease (GORD)
ALGINATE DE SODIUM / BICARBONATE DE SODIUM NOURRISSON,BICARBONATE DE SODIUM NOURRISSON,36676,B05CB,B,Salt solutions
ALGINATE DE SODIUM / BICARBONATE DE SODIUM NOURRISSON,BICARBONATE DE SODIUM NOURRISSON,36676,B05XA,B,Electrolyte solutions
ALGINATE DE SODIUM // BICARBONATE DE SODIUM,ALGINATE DE SODIUM,56446,A02BX,A,Other drugs for peptic ulcer and gastro-oesophageal reflux disease (GORD)
ALGINATE DE SODIUM // BICARBONATE DE SODIUM,BICARBONATE DE SODIUM,36676,B05CB,B,Salt solutions
ALGINATE DE SODIUM // BICARBONATE DE SODIUM,BICARBONATE DE SODIUM,36676,B05XA,B,Electrolyte solutions
ALIMEMAZINE,ALIMEMAZINE,10825,R06AD,R,Phenothiazine derivatives
ALIMEMAZINE (TARTRATE),ALIMEMAZINE (TARTRATE),164308,R06AD,R,Phenothiazine derivatives
ALKYLDIAMINOETHYLGLYCINE,ALKYLDIAMINOETHYLGLYCINE,,,,
ALLERGENES STALLERGENES,ALLERGENES STALLERGENES,2198979,,,
ALLOPURINOL,ALLOPURINOL,519,M04AA,M,Preparations inhibiting uric acid production
ALMINOPROFENE,ALMINOPROFENE,17387,M01AE,M,Propionic acid derivatives
ALMITRINE,ALMITRINE,528,R07AB,R,Respiratory stimulants
ALMITRINE / RAUBASINE,ALMITRINE,528,R07AB,R,Respiratory stimulants
ALMITRINE / RAUBASINE,RAUBASINE,17205,,,
ALOE VERA,ALOE VERA,318340,,,
ALOGLIPTINE,ALOGLIPTINE,1368001,A10BH,A,Dipeptidyl peptidase 4 (DPP-4) inhibitors
ALOGLIPTINE,ALOGLIPTINE,1368001,A10BD,A,Combinations of oral blood glucose lowering drugs
ALOGLIPTINE // METFORMINE (CHLORHYDRATE),ALOGLIPTINE // METFORMINE (CHLORHYDRATE),1368384,A10BH,A,Dipeptidyl peptidase 4 (DPP-4) inhibitors
ALOGLIPTINE // METFORMINE (CHLORHYDRATE),ALOGLIPTINE // METFORMINE (CHLORHYDRATE),1368384,A10BD,A,Combinations of oral blood glucose lowering drugs
ALOGLIPTINE // METFORMINE (CHLORHYDRATE),ALOGLIPTINE // METFORMINE (CHLORHYDRATE),1368384,A10BA,A,Biguanides
ALPELISIB,ALPELISIB,2169285,L01EM,L,Phosphatidylinositol-3-kinase (Pi3K) inhibitors
ALPHA TOCOPHEROL,ALPHA TOCOPHEROL,237099,,,
ALPHA-AMYLASE,ALPHA-AMYLASE,560,,,
ALPHA-GLUCOSIDASE ACIDE HUMAINE,ALPHA-GLUCOSIDASE ACIDE HUMAINE,2475361,,,
ALPHATOCOFEROL,ALPHATOCOFEROL,,,,
ALPRAZOLAM,ALPRAZOLAM,596,N05BA,N,Benzodiazepine derivatives
ALPROSTADIL,ALPROSTADIL,598,C01EA,C,Prostaglandins
ALPROSTADIL,ALPROSTADIL,598,G04BE,G,Drugs used in erectile dysfunction
ALTIZIDE,ALTIZIDE,17599,,,
ALUMINIUM,ALUMINIUM,1311504,,,
ALUMINIUM (HYDROXYDE) // MAGNESIUM (HYDROXYDE),ALUMINIUM (HYDROXYDE) // MAGNESIUM (HYDROXYDE),34311,,,
ALUMINIUM (HYDROXYDE) // MAGNESIUM (TRISILICATE) // DIMETHICONE,ALUMINIUM (HYDROXYDE) // MAGNESIUM (TRISILICATE) // DIMETHICONE,29170,,,
ALUMINIUM (HYDROXYDE) // POTASSIUM (BICARBONATE) // MAGNESIUM (CARBONATE) // CALCIUM (CARBONATE),ALUMINIUM (HYDROXYDE) // POTASSIUM (BICARBONATE) // MAGNESIUM (CARBONATE) // CALCIUM (CARBONATE),1538287,A02AC,A,Calcium compounds
ALUMINIUM (HYDROXYDE) // POTASSIUM (BICARBONATE) // MAGNESIUM (CARBONATE) // CALCIUM (CARBONATE),ALUMINIUM (HYDROXYDE) // POTASSIUM (BICARBONATE) // MAGNESIUM (CARBONATE) // CALCIUM (CARBONATE),1538287,A12AA,A,Calcium
ALUMINIUM (HYDROXYDE) // POTASSIUM (BICARBONATE) // MAGNESIUM (CARBONATE) // CALCIUM (CARBONATE),ALUMINIUM (HYDROXYDE) // POTASSIUM (BICARBONATE) // MAGNESIUM (CARBONATE) // CALCIUM (CARBONATE),1538287,A12BA,A,Potassium
ALUMINIUM (HYDROXYDE) // POTASSIUM (BICARBONATE) // MAGNESIUM (CARBONATE) // CALCIUM (CARBONATE),ALUMINIUM (HYDROXYDE) // POTASSIUM (BICARBONATE) // MAGNESIUM (CARBONATE) // CALCIUM (CARBONATE),1538287,B05CB,B,Salt solutions
ALUMINIUM (HYDROXYDE) // POTASSIUM (BICARBONATE) // MAGNESIUM (CARBONATE) // CALCIUM (CARBONATE),ALUMINIUM (HYDROXYDE) // POTASSIUM (BICARBONATE) // MAGNESIUM (CARBONATE) // CALCIUM (CARBONATE),1538287,B05XA,B,Electrolyte solutions
ALUMINIUM (PHOSPHATE),ALUMINIUM (PHOSPHATE),17618,A02AB,A,Aluminium compounds
ALUMINIUM (PHOSPHATE) // ALUMINIUM (HYDROXYDE),ALUMINIUM (PHOSPHATE) // ALUMINIUM (HYDROXYDE),17618,A02AB,A,Aluminium compounds
ALUMINIUM (PHOSPHATE) // MAGNESIUM (HYDROXYDE),ALUMINIUM (PHOSPHATE) // MAGNESIUM (HYDROXYDE),17618,A02AB,A,Aluminium compounds
ALUMINIUM / MAGNESIUM,ALUMINIUM,1311504,,,
ALUMINIUM / MAGNESIUM,MAGNESIUM,6574,,,
ALUMINIUM HYDROXYDE,ALUMINIUM HYDROXYDE,1311504,,,
ALUMINIUM HYDROXYDE / DIMETICONE,ALUMINIUM HYDROXYDE,1311504,,,
ALUMINIUM HYDROXYDE / DIMETICONE,DIMETICONE,324072,P03AX,P,"Other ectoparasiticides, incl. scabicides"
ALVERINE,ALVERINE,17627,A03AX,A,Other drugs for functional gastrointestinal disorders
ALVERINE (CITRATE) // SIMETHICONE,ALVERINE (CITRATE) // SIMETHICONE,1007232,A03AX,A,Other drugs for functional gastrointestinal disorders
ALVERINE / SIMETHICONE,ALVERINE,17627,A03AX,A,Other drugs for functional gastrointestinal disorders
ALVERINE / SIMETHICONE,SIMETHICONE,9796,,,
AMBENONIUM,AMBENONIUM,623,N07AA,N,Anticholinesterases
AMBENONIUM (CHLORURE),AMBENONIUM (CHLORURE),623,N07AA,N,Anticholinesterases
AMBROXOL,AMBROXOL,625,R02AD,R,"Anesthetics, local"
AMBROXOL,AMBROXOL,625,R05CB,R,Mucolytics
AMBROXOL,AMBROXOL,625,R03CC,R,Selective beta-2-adrenoreceptor agonists
AMIDOTRIZOATE (MEGLUMINE) // AMIDOTRIZOATE (SODIUM),AMIDOTRIZOATE (MEGLUMINE) // AMIDOTRIZOATE (SODIUM),3319,,,
AMIDOTRIZOATE DE MEGLUMINE,AMIDOTRIZOATE DE MEGLUMINE,6704,,,
AMIDOTRIZOATE DE MEGLUMINE ET DE SODIUM,AMIDOTRIZOATE DE MEGLUMINE ET DE SODIUM,36679,,,
AMIDOTRIZOATE DE SODIUM,AMIDOTRIZOATE DE SODIUM,36679,,,
AMIDOTRIZOATE DE SODIUM / AMIDOTRIZOATE DE MEGLUMINE,AMIDOTRIZOATE DE SODIUM,36679,,,
AMIDOTRIZOATE DE SODIUM / AMIDOTRIZOATE DE MEGLUMINE,AMIDOTRIZOATE DE MEGLUMINE,6704,,,
AMIKACINE,AMIKACINE,641,D06AX,D,Other antibiotics for topical use
AMIKACINE,AMIKACINE,641,J01GB,J,Other aminoglycosides
AMIKACINE,AMIKACINE,641,S01AA,S,Antibiotics
AMILORIDE,AMILORIDE,644,C03DB,C,Other potassium-sparing agents
AMILORIDE / HYDROCHLOROTHIAZIDE,AMILORIDE,644,C03DB,C,Other potassium-sparing agents
AMILORIDE / HYDROCHLOROTHIAZIDE,HYDROCHLOROTHIAZIDE,5487,C09XA,C,Renin-inhibitors
AMILORIDE / HYDROCHLOROTHIAZIDE,HYDROCHLOROTHIAZIDE,5487,C03AA,C,"Thiazides, plain"
AMILORIDE / HYDROCHLOROTHIAZIDE,HYDROCHLOROTHIAZIDE,5487,C09DX,C,"Angiotensin II receptor blockers (ARBs), other combinations"
AMILORIDE // HYDROCHLOROTHIAZIDE,AMILORIDE,644,C03DB,C,Other potassium-sparing agents
AMILORIDE // HYDROCHLOROTHIAZIDE,HYDROCHLOROTHIAZIDE,5487,C09XA,C,Renin-inhibitors
AMILORIDE // HYDROCHLOROTHIAZIDE,HYDROCHLOROTHIAZIDE,5487,C03AA,C,"Thiazides, plain"
AMILORIDE // HYDROCHLOROTHIAZIDE,HYDROCHLOROTHIAZIDE,5487,C09DX,C,"Angiotensin II receptor blockers (ARBs), other combinations"
AMIODARONE,AMIODARONE,703,C01BD,C,"Antiarrhythmics, class III"
AMIODARONE (CHLORHYDRATE),AMIODARONE (CHLORHYDRATE),703,C01BD,C,"Antiarrhythmics, class III"
AMISULPRIDE,AMISULPRIDE,46303,N05AL,N,Benzamides
AMITRIPTYLINE,AMITRIPTYLINE,704,N06AA,N,Non-selective monoamine reuptake inhibitors
AMIVANTAMAB,AMIVANTAMAB,2549199,L01FX,L,Other monoclonal antibodies and antibody drug conjugates
AMLODIPINE,AMLODIPINE,17767,C09XA,C,Renin-inhibitors
AMLODIPINE,AMLODIPINE,17767,C09BB,C,ACE inhibitors and calcium channel blockers
AMLODIPINE,AMLODIPINE,17767,C08CA,C,Dihydropyridine derivatives
AMLODIPINE,AMLODIPINE,17767,C10BX,C,Lipid modifying agents in combination with other drugs
AMLODIPINE,AMLODIPINE,17767,C09DB,C,Angiotensin II receptor blockers (ARBs) and calcium channel blockers
AMLODIPINE,AMLODIPINE,17767,C09DX,C,"Angiotensin II receptor blockers (ARBs), other combinations"
AMLODIPINE (BESILATE),AMLODIPINE (BESILATE),104416,C08CA,C,Dihydropyridine derivatives
AMLODIPINE (BESILATE) // ATORVASTATINE (CALCIQUE TRIHYDRATEE),AMLODIPINE (BESILATE) // ATORVASTATINE (CALCIQUE TRIHYDRATEE),404773,C08CA,C,Dihydropyridine derivatives
AMLODIPINE (BESILATE) // ATORVASTATINE (CALCIQUE TRIHYDRATEE),AMLODIPINE (BESILATE) // ATORVASTATINE (CALCIQUE TRIHYDRATEE),404773,C10BX,C,Lipid modifying agents in combination with other drugs
AMLODIPINE (BESILATE) // ATORVASTATINE (CALCIQUE TRIHYDRATEE),AMLODIPINE (BESILATE) // ATORVASTATINE (CALCIQUE TRIHYDRATEE),404773,C10AA,C,HMG CoA reductase inhibitors
AMLODIPINE (BESILATE) // ATORVASTATINE (CALCIQUE),AMLODIPINE (BESILATE) // ATORVASTATINE (CALCIQUE),404773,C08CA,C,Dihydropyridine derivatives
AMLODIPINE (BESILATE) // ATORVASTATINE (CALCIQUE),AMLODIPINE (BESILATE) // ATORVASTATINE (CALCIQUE),404773,C10BX,C,Lipid modifying agents in combination with other drugs
AMLODIPINE (BESILATE) // ATORVASTATINE (CALCIQUE),AMLODIPINE (BESILATE) // ATORVASTATINE (CALCIQUE),404773,C10AA,C,HMG CoA reductase inhibitors
AMLODIPINE (BESILATE) // OLMESARTAN MEDOXOMIL,AMLODIPINE (BESILATE) // OLMESARTAN MEDOXOMIL,2661386,C09CA,C,"Angiotensin II receptor blockers (ARBs), plain"
AMLODIPINE (BESILATE) // OLMESARTAN MEDOXOMIL,AMLODIPINE (BESILATE) // OLMESARTAN MEDOXOMIL,2661386,C08CA,C,Dihydropyridine derivatives
AMLODIPINE (BESILATE) // VALSARTAN,AMLODIPINE (BESILATE) // VALSARTAN,729455,C08CA,C,Dihydropyridine derivatives
AMLODIPINE (BESILATE) // VALSARTAN,AMLODIPINE (BESILATE) // VALSARTAN,729455,C09CA,C,"Angiotensin II receptor blockers (ARBs), plain"
AMLODIPINE (BESILATE) // VALSARTAN,AMLODIPINE (BESILATE) // VALSARTAN,729455,C09DB,C,Angiotensin II receptor blockers (ARBs) and calcium channel blockers
AMLODIPINE / ATORVASTATINE,AMLODIPINE,17767,C09XA,C,Renin-inhibitors
AMLODIPINE / ATORVASTATINE,AMLODIPINE,17767,C09BB,C,ACE inhibitors and calcium channel blockers
AMLODIPINE / ATORVASTATINE,AMLODIPINE,17767,C08CA,C,Dihydropyridine derivatives
AMLODIPINE / ATORVASTATINE,AMLODIPINE,17767,C10BX,C,Lipid modifying agents in combination with other drugs
AMLODIPINE / ATORVASTATINE,AMLODIPINE,17767,C09DB,C,Angiotensin II receptor blockers (ARBs) and calcium channel blockers
AMLODIPINE / ATORVASTATINE,AMLODIPINE,17767,C09DX,C,"Angiotensin II receptor blockers (ARBs), other combinations"
AMLODIPINE / ATORVASTATINE,ATORVASTATINE,83367,C10BA,C,Combinations of various lipid modifying agents
AMLODIPINE / ATORVASTATINE,ATORVASTATINE,83367,C10BX,C,Lipid modifying agents in combination with other drugs
AMLODIPINE / ATORVASTATINE,ATORVASTATINE,83367,C10AA,C,HMG CoA reductase inhibitors
AMLODIPINE / VALSARTAN,AMLODIPINE,17767,C09XA,C,Renin-inhibitors
AMLODIPINE / VALSARTAN,AMLODIPINE,17767,C09BB,C,ACE inhibitors and calcium channel blockers
AMLODIPINE / VALSARTAN,AMLODIPINE,17767,C08CA,C,Dihydropyridine derivatives
AMLODIPINE / VALSARTAN,AMLODIPINE,17767,C10BX,C,Lipid modifying agents in combination with other drugs
AMLODIPINE / VALSARTAN,AMLODIPINE,17767,C09DB,C,Angiotensin II receptor blockers (ARBs) and calcium channel blockers
AMLODIPINE / VALSARTAN,AMLODIPINE,17767,C09DX,C,"Angiotensin II receptor blockers (ARBs), other combinations"
AMLODIPINE / VALSARTAN,VALSARTAN,69749,C09DX,C,"Angiotensin II receptor blockers (ARBs), other combinations"
AMLODIPINE / VALSARTAN,VALSARTAN,69749,C09CA,C,"Angiotensin II receptor blockers (ARBs), plain"
AMLODIPINE / VALSARTAN,VALSARTAN,69749,C09DB,C,Angiotensin II receptor blockers (ARBs) and calcium channel blockers
AMLODIPINE / VALSARTAN / HYDROCHLOROTHIAZIDE,AMLODIPINE,17767,C09XA,C,Renin-inhibitors
AMLODIPINE / VALSARTAN / HYDROCHLOROTHIAZIDE,AMLODIPINE,17767,C09BB,C,ACE inhibitors and calcium channel blockers
AMLODIPINE / VALSARTAN / HYDROCHLOROTHIAZIDE,AMLODIPINE,17767,C08CA,C,Dihydropyridine derivatives
AMLODIPINE / VALSARTAN / HYDROCHLOROTHIAZIDE,AMLODIPINE,17767,C10BX,C,Lipid modifying agents in combination with other drugs
AMLODIPINE / VALSARTAN / HYDROCHLOROTHIAZIDE,AMLODIPINE,17767,C09DB,C,Angiotensin II receptor blockers (ARBs) and calcium channel blockers
AMLODIPINE / VALSARTAN / HYDROCHLOROTHIAZIDE,AMLODIPINE,17767,C09DX,C,"Angiotensin II receptor blockers (ARBs), other combinations"
AMLODIPINE / VALSARTAN / HYDROCHLOROTHIAZIDE,VALSARTAN,69749,C09DX,C,"Angiotensin II receptor blockers (ARBs), other combinations"
AMLODIPINE / VALSARTAN / HYDROCHLOROTHIAZIDE,VALSARTAN,69749,C09CA,C,"Angiotensin II receptor blockers (ARBs), plain"
AMLODIPINE / VALSARTAN / HYDROCHLOROTHIAZIDE,VALSARTAN,69749,C09DB,C,Angiotensin II receptor blockers (ARBs) and calcium channel blockers
AMLODIPINE / VALSARTAN / HYDROCHLOROTHIAZIDE,HYDROCHLOROTHIAZIDE,5487,C09XA,C,Renin-inhibitors
AMLODIPINE / VALSARTAN / HYDROCHLOROTHIAZIDE,HYDROCHLOROTHIAZIDE,5487,C03AA,C,"Thiazides, plain"
AMLODIPINE / VALSARTAN / HYDROCHLOROTHIAZIDE,HYDROCHLOROTHIAZIDE,5487,C09DX,C,"Angiotensin II receptor blockers (ARBs), other combinations"
AMLODIPINE // ATROVASTATINE,AMLODIPINE,17767,C09XA,C,Renin-inhibitors
AMLODIPINE // ATROVASTATINE,AMLODIPINE,17767,C09BB,C,ACE inhibitors and calcium channel blockers
AMLODIPINE // ATROVASTATINE,AMLODIPINE,17767,C08CA,C,Dihydropyridine derivatives
AMLODIPINE // ATROVASTATINE,AMLODIPINE,17767,C10BX,C,Lipid modifying agents in combination with other drugs
AMLODIPINE // ATROVASTATINE,AMLODIPINE,17767,C09DB,C,Angiotensin II receptor blockers (ARBs) and calcium channel blockers
AMLODIPINE // ATROVASTATINE,AMLODIPINE,17767,C09DX,C,"Angiotensin II receptor blockers (ARBs), other combinations"
AMLODIPINE // ATROVASTATINE,ATROVASTATINE,83367,C10BA,C,Combinations of various lipid modifying agents
AMLODIPINE // ATROVASTATINE,ATROVASTATINE,83367,C10BX,C,Lipid modifying agents in combination with other drugs
AMLODIPINE // ATROVASTATINE,ATROVASTATINE,83367,C10AA,C,HMG CoA reductase inhibitors
AMLODIPINE // VALSARTAN,AMLODIPINE,17767,C09XA,C,Renin-inhibitors
AMLODIPINE // VALSARTAN,AMLODIPINE,17767,C09BB,C,ACE inhibitors and calcium channel blockers
AMLODIPINE // VALSARTAN,AMLODIPINE,17767,C08CA,C,Dihydropyridine derivatives
AMLODIPINE // VALSARTAN,AMLODIPINE,17767,C10BX,C,Lipid modifying agents in combination with other drugs
AMLODIPINE // VALSARTAN,AMLODIPINE,17767,C09DB,C,Angiotensin II receptor blockers (ARBs) and calcium channel blockers
AMLODIPINE // VALSARTAN,AMLODIPINE,17767,C09DX,C,"Angiotensin II receptor blockers (ARBs), other combinations"
AMLODIPINE // VALSARTAN,VALSARTAN,69749,C09DX,C,"Angiotensin II receptor blockers (ARBs), other combinations"
AMLODIPINE // VALSARTAN,VALSARTAN,69749,C09CA,C,"Angiotensin II receptor blockers (ARBs), plain"
AMLODIPINE // VALSARTAN,VALSARTAN,69749,C09DB,C,Angiotensin II receptor blockers (ARBs) and calcium channel blockers
AMLODIPINE // VALSARTAN // HYDROCHLOROTHIAZIDE,AMLODIPINE,17767,C09XA,C,Renin-inhibitors
AMLODIPINE // VALSARTAN // HYDROCHLOROTHIAZIDE,AMLODIPINE,17767,C09BB,C,ACE inhibitors and calcium channel blockers
AMLODIPINE // VALSARTAN // HYDROCHLOROTHIAZIDE,AMLODIPINE,17767,C08CA,C,Dihydropyridine derivatives
AMLODIPINE // VALSARTAN // HYDROCHLOROTHIAZIDE,AMLODIPINE,17767,C10BX,C,Lipid modifying agents in combination with other drugs
AMLODIPINE // VALSARTAN // HYDROCHLOROTHIAZIDE,AMLODIPINE,17767,C09DB,C,Angiotensin II receptor blockers (ARBs) and calcium channel blockers
AMLODIPINE // VALSARTAN // HYDROCHLOROTHIAZIDE,AMLODIPINE,17767,C09DX,C,"Angiotensin II receptor blockers (ARBs), other combinations"
AMLODIPINE // VALSARTAN // HYDROCHLOROTHIAZIDE,VALSARTAN,69749,C09DX,C,"Angiotensin II receptor blockers (ARBs), other combinations"
AMLODIPINE // VALSARTAN // HYDROCHLOROTHIAZIDE,VALSARTAN,69749,C09CA,C,"Angiotensin II receptor blockers (ARBs), plain"
AMLODIPINE // VALSARTAN // HYDROCHLOROTHIAZIDE,VALSARTAN,69749,C09DB,C,Angiotensin II receptor blockers (ARBs) and calcium channel blockers
AMLODIPINE // VALSARTAN // HYDROCHLOROTHIAZIDE,HYDROCHLOROTHIAZIDE,5487,C09XA,C,Renin-inhibitors
AMLODIPINE // VALSARTAN // HYDROCHLOROTHIAZIDE,HYDROCHLOROTHIAZIDE,5487,C03AA,C,"Thiazides, plain"
AMLODIPINE // VALSARTAN // HYDROCHLOROTHIAZIDE,HYDROCHLOROTHIAZIDE,5487,C09DX,C,"Angiotensin II receptor blockers (ARBs), other combinations"
AMOROLFINE,AMOROLFINE,17804,D01AE,D,Other antifungals for topical use
AMOXICILLINE,AMOXICILLINE,723,A02BD,A,Combinations for eradication of Helicobacter pylori
AMOXICILLINE,AMOXICILLINE,723,J01CA,J,Penicillins with extended spectrum
AMOXICILLINE (ANHYDRE) // ACIDE CLAVULANIQUE,AMOXICILLINE (ANHYDRE) // ACIDE CLAVULANIQUE,1297882,J01CA,J,Penicillins with extended spectrum
AMOXICILLINE (TRIHYDRATEE),AMOXICILLINE (TRIHYDRATEE),133008,J01CA,J,Penicillins with extended spectrum
AMOXICILLINE (TRIHYDRATEE) // ACIDE CLAVULANIQUE,AMOXICILLINE (TRIHYDRATEE) // ACIDE CLAVULANIQUE,133008,J01CA,J,Penicillins with extended spectrum
AMOXICILLINE (TRIHYDRATEE) // CLAVALANATE (POTASSIUM),AMOXICILLINE (TRIHYDRATEE) // CLAVALANATE (POTASSIUM),2661231,,,
AMOXICILLINE / ACIDE CLAVULANIQUE,AMOXICILLINE,723,A02BD,A,Combinations for eradication of Helicobacter pylori
AMOXICILLINE / ACIDE CLAVULANIQUE,AMOXICILLINE,723,J01CA,J,Penicillins with extended spectrum
AMOXICILLINE / ACIDE CLAVULANIQUE,ACIDE CLAVULANIQUE,21216,,,
AMOXICILLINE / BROMHEXINE,AMOXICILLINE,723,A02BD,A,Combinations for eradication of Helicobacter pylori
AMOXICILLINE / BROMHEXINE,AMOXICILLINE,723,J01CA,J,Penicillins with extended spectrum
AMOXICILLINE / BROMHEXINE,BROMHEXINE,1753,R05CB,R,Mucolytics
AMOXICILLINE / CLARITHROMYCINE / OMEPRAZOLE,AMOXICILLINE,723,A02BD,A,Combinations for eradication of Helicobacter pylori
AMOXICILLINE / CLARITHROMYCINE / OMEPRAZOLE,AMOXICILLINE,723,J01CA,J,Penicillins with extended spectrum
AMOXICILLINE / CLARITHROMYCINE / OMEPRAZOLE,CLARITHROMYCINE,21212,J01FA,J,Macrolides
AMOXICILLINE / CLARITHROMYCINE / OMEPRAZOLE,OMEPRAZOLE,7646,A02BD,A,Combinations for eradication of Helicobacter pylori
AMOXICILLINE / CLARITHROMYCINE / OMEPRAZOLE,OMEPRAZOLE,7646,A02BC,A,Proton pump inhibitors
AMOXICILLINE / METRONIDAZOLE,AMOXICILLINE,723,A02BD,A,Combinations for eradication of Helicobacter pylori
AMOXICILLINE / METRONIDAZOLE,AMOXICILLINE,723,J01CA,J,Penicillins with extended spectrum
AMOXICILLINE / METRONIDAZOLE,METRONIDAZOLE,6922,A02BD,A,Combinations for eradication of Helicobacter pylori
AMOXICILLINE / METRONIDAZOLE,METRONIDAZOLE,6922,P01AB,P,Nitroimidazole derivatives
AMOXICILLINE / METRONIDAZOLE,METRONIDAZOLE,6922,J01RA,J,Combinations of antibacterials
AMOXICILLINE / METRONIDAZOLE,METRONIDAZOLE,6922,A01AB,A,Antiinfectives and antiseptics for local oral treatment
AMOXICILLINE / METRONIDAZOLE,METRONIDAZOLE,6922,D06BX,D,Other chemotherapeutics
AMOXICILLINE / METRONIDAZOLE,METRONIDAZOLE,6922,G01AF,G,Imidazole derivatives
AMOXICILLINE / METRONIDAZOLE,METRONIDAZOLE,6922,J01XD,J,Imidazole derivatives
AMOXICILLINE // ACIDE CLAVULANIQUE,AMOXICILLINE,723,A02BD,A,Combinations for eradication of Helicobacter pylori
AMOXICILLINE // ACIDE CLAVULANIQUE,AMOXICILLINE,723,J01CA,J,Penicillins with extended spectrum
AMOXICILLINE // ACIDE CLAVULANIQUE,ACIDE CLAVULANIQUE,21216,,,
AMOXICILLINE // ACIDE CLAVULANIQUE // CINEOL,AMOXICILLINE,723,A02BD,A,Combinations for eradication of Helicobacter pylori
AMOXICILLINE // ACIDE CLAVULANIQUE // CINEOL,AMOXICILLINE,723,J01CA,J,Penicillins with extended spectrum
AMOXICILLINE // ACIDE CLAVULANIQUE // CINEOL,ACIDE CLAVULANIQUE,21216,,,
AMOXICILLINE // ACIDE CLAVULANIQUE // CINEOL,CINEOL,21116,R05CA,R,Expectorants
AMOXICILLINE // BROMHEXINE (CHLORHYDRATE),AMOXICILLINE // BROMHEXINE (CHLORHYDRATE),1007813,R05CB,R,Mucolytics
AMOXICILLINE // BROMHEXINE (CHLORHYDRATE),AMOXICILLINE // BROMHEXINE (CHLORHYDRATE),1007813,J01CA,J,Penicillins with extended spectrum
AMOXICILLINE // CLARITHROMYCINE // OMEPRAZOLE,AMOXICILLINE,723,A02BD,A,Combinations for eradication of Helicobacter pylori
AMOXICILLINE // CLARITHROMYCINE // OMEPRAZOLE,AMOXICILLINE,723,J01CA,J,Penicillins with extended spectrum
AMOXICILLINE // CLARITHROMYCINE // OMEPRAZOLE,CLARITHROMYCINE,21212,J01FA,J,Macrolides
AMOXICILLINE // CLARITHROMYCINE // OMEPRAZOLE,OMEPRAZOLE,7646,A02BD,A,Combinations for eradication of Helicobacter pylori
AMOXICILLINE // CLARITHROMYCINE // OMEPRAZOLE,OMEPRAZOLE,7646,A02BC,A,Proton pump inhibitors
AMOXICILLINE // METRONIDAZOLE,AMOXICILLINE,723,A02BD,A,Combinations for eradication of Helicobacter pylori
AMOXICILLINE // METRONIDAZOLE,AMOXICILLINE,723,J01CA,J,Penicillins with extended spectrum
AMOXICILLINE // METRONIDAZOLE,METRONIDAZOLE,6922,A02BD,A,Combinations for eradication of Helicobacter pylori
AMOXICILLINE // METRONIDAZOLE,METRONIDAZOLE,6922,P01AB,P,Nitroimidazole derivatives
AMOXICILLINE // METRONIDAZOLE,METRONIDAZOLE,6922,J01RA,J,Combinations of antibacterials
AMOXICILLINE // METRONIDAZOLE,METRONIDAZOLE,6922,A01AB,A,Antiinfectives and antiseptics for local oral treatment
AMOXICILLINE // METRONIDAZOLE,METRONIDAZOLE,6922,D06BX,D,Other chemotherapeutics
AMOXICILLINE // METRONIDAZOLE,METRONIDAZOLE,6922,G01AF,G,Imidazole derivatives
AMOXICILLINE // METRONIDAZOLE,METRONIDAZOLE,6922,J01XD,J,Imidazole derivatives
AMPHOLYTE G,AMPHOLYTE G,7980,J01CE,J,Beta-lactamase sensitive penicillins
AMPHOLYTE G,AMPHOLYTE G,7980,S01AA,S,Antibiotics
AMPHOTERICINE B,AMPHOTERICINE B,732,A01AB,A,Antiinfectives and antiseptics for local oral treatment
AMPHOTERICINE B,AMPHOTERICINE B,732,A07AA,A,Antibiotics
AMPHOTERICINE B,AMPHOTERICINE B,732,G01AA,G,Antibiotics
AMPHOTERICINE B,AMPHOTERICINE B,732,J02AA,J,Antibiotics
AMPHOTERICINE B (LIPOSOMALE),AMPHOTERICINE B (LIPOSOMALE),236594,A01AB,A,Antiinfectives and antiseptics for local oral treatment
AMPHOTERICINE B (LIPOSOMALE),AMPHOTERICINE B (LIPOSOMALE),236594,A07AA,A,Antibiotics
AMPHOTERICINE B (LIPOSOMALE),AMPHOTERICINE B (LIPOSOMALE),236594,G01AA,G,Antibiotics
AMPHOTERICINE B (LIPOSOMALE),AMPHOTERICINE B (LIPOSOMALE),236594,J02AA,J,Antibiotics
AMPICILLINE,AMPICILLINE,733,J01CR,J,"Combinations of penicillins, incl. beta-lactamase inhibitors"
AMPICILLINE,AMPICILLINE,733,J01CA,J,Penicillins with extended spectrum
AMPICILLINE,AMPICILLINE,733,S01AA,S,Antibiotics
AMPICILLINE / SULBACTAM,AMPICILLINE,733,J01CR,J,"Combinations of penicillins, incl. beta-lactamase inhibitors"
AMPICILLINE / SULBACTAM,AMPICILLINE,733,J01CA,J,Penicillins with extended spectrum
AMPICILLINE / SULBACTAM,AMPICILLINE,733,S01AA,S,Antibiotics
AMPICILLINE / SULBACTAM,SULBACTAM,10167,J01CR,J,"Combinations of penicillins, incl. beta-lactamase inhibitors"
AMPICILLINE / SULBACTAM,SULBACTAM,10167,J01CG,J,Beta-lactamase inhibitors
AMPICILLINE // SULBACTAM,AMPICILLINE,733,J01CR,J,"Combinations of penicillins, incl. beta-lactamase inhibitors"
AMPICILLINE // SULBACTAM,AMPICILLINE,733,J01CA,J,Penicillins with extended spectrum
AMPICILLINE // SULBACTAM,AMPICILLINE,733,S01AA,S,Antibiotics
AMPICILLINE // SULBACTAM,SULBACTAM,10167,J01CR,J,"Combinations of penicillins, incl. beta-lactamase inhibitors"
AMPICILLINE // SULBACTAM,SULBACTAM,10167,J01CG,J,Beta-lactamase inhibitors
"AMYLMETACRESOL- ALCOOL 2,4-DICHLOROBENZYLIQUE","AMYLMETACRESOL- ALCOOL 2,4-DICHLOROBENZYLIQUE",236248,,,
"AMYLMETACRESOL- ALCOOL 2,4-DICHLOROBENZYLIQUE -LEVOMENTHOL","AMYLMETACRESOL- ALCOOL 2,4-DICHLOROBENZYLIQUE -LEVOMENTHOL",236248,,,
"AMYLMETACRESOL- ALCOOL 2,4-DICHLOROBENZYLIQUE-ACIDE ASCORBIQUE-SODIUM ASCORBATE","AMYLMETACRESOL- ALCOOL 2,4-DICHLOROBENZYLIQUE-ACIDE ASCORBIQUE-SODIUM ASCORBATE",236248,,,
AMYMETACRESOL,AMYMETACRESOL,236248,,,
ANASTROZOLE,ANASTROZOLE,84857,L02BG,L,Aromatase inhibitors
ANATOXINE DIPHTERIQUE,ANATOXINE DIPHTERIQUE,,,,
ANATOXINE TETANIQUE,ANATOXINE TETANIQUE,,,,
ANATOXINE TETANIQUE / ANATOXINE DIPHTERIQUE,ANATOXINE TETANIQUE,,,,
ANATOXINE TETANIQUE / ANATOXINE DIPHTERIQUE,ANATOXINE DIPHTERIQUE,,,,
ANIDULAFUNGINE,ANIDULAFUNGINE,341018,J02AX,J,Other antimycotics for systemic use
ANTICORPS MONOCLONAL HUMAIN ANTIRABIQUE (RADN),ANTICORPS MONOCLONAL HUMAIN ANTIRABIQUE (RADN),227565,A07AA,A,Antibiotics
"ANTICORPS PURIFIES PAR AFFINITE CONTRE L'INTERFERON GAMMA HUMAIN MELANGE DE DILUTION HEMEOPATHIQUE C12, C30, C200","ANTICORPS PURIFIES PAR AFFINITE CONTRE L'INTERFERON GAMMA HUMAIN MELANGE DE DILUTION HEMEOPATHIQUE C12, C30, C200",1421648,L03AB,L,Interferons
"ANTICORPS PURIFIES PAR AFFINITE CONTRE L’INTERFERON GAMMA HUMAIN : MELANGE DE DILUTION HOMEOPATHIQUE C12, C30 ET C50","ANTICORPS PURIFIES PAR AFFINITE CONTRE L’INTERFERON GAMMA HUMAIN : MELANGE DE DILUTION HOMEOPATHIQUE C12, C30 ET C50",1421648,L03AB,L,Interferons
"ANTICORPS PURIFIES PAR AFFINITE DIRIGES CONTRE LA PROTEINE S-100 SPECIFIQUE DU CERVEAU : UN MELANGE DE DILUTIONS HOMEOPATHIQUES C12, C30 ET C200","ANTICORPS PURIFIES PAR AFFINITE DIRIGES CONTRE LA PROTEINE S-100 SPECIFIQUE DU CERVEAU : UN MELANGE DE DILUTIONS HOMEOPATHIQUES C12, C30 ET C200",8948,,,
"ANTICORPS PURIFIES PAR AFFINITE DIRIGES CONTRE LA PROTEINE S-100 SPECIFIQUE DU CERVEAU : UN MELANGE DE DILUTIONS HOMEOPATHIQUES C12, C30 ET C50","ANTICORPS PURIFIES PAR AFFINITE DIRIGES CONTRE LA PROTEINE S-100 SPECIFIQUE DU CERVEAU : UN MELANGE DE DILUTIONS HOMEOPATHIQUES C12, C30 ET C50",8948,,,
ANTIGENE DE SURFACE DE L'HEPATITE B,ANTIGENE DE SURFACE DE L'HEPATITE B,2588217,,,
ANTIGENE DE SURFACE DU VIRUS DE LA GRIPPE TYPE A ET B INACTIVE (4 SOUCHES),ANTIGENE DE SURFACE DU VIRUS DE LA GRIPPE TYPE A ET B INACTIVE (4 SOUCHES),3390,G03CB,G,"Synthetic estrogens, plain"
ANTIGENE DE SURFACE DU VIRUS DE LA GRIPPE TYPE A ET B INACTIVE (4 SOUCHES),ANTIGENE DE SURFACE DU VIRUS DE LA GRIPPE TYPE A ET B INACTIVE (4 SOUCHES),3390,G03CC,G,"Estrogens, combinations with other drugs"
ANTIGENE DE SURFACE DU VIRUS DE LA GRIPPE TYPE A ET B INACTIVE (4 SOUCHES),ANTIGENE DE SURFACE DU VIRUS DE LA GRIPPE TYPE A ET B INACTIVE (4 SOUCHES),3390,L02AA,L,Estrogens
ANTIGENE RABIQUE PURIFIE,ANTIGENE RABIQUE PURIFIE,2583637,,,
ANTIMONIATE (MEGLUMINE),ANTIMONIATE (MEGLUMINE),319866,P01CB,P,Antimony compounds
APALUTAMIDE,APALUTAMIDE,1999574,L02BB,L,Anti-androgens
APIXABAN,APIXABAN,1364430,B01AF,B,Direct factor Xa inhibitors
APOMORPHINE,APOMORPHINE,1043,G04BE,G,Drugs used in erectile dysfunction
APOMORPHINE,APOMORPHINE,1043,N04BC,N,Dopamine agonists
APRACLONIDINE,APRACLONIDINE,14845,S01EA,S,Sympathomimetics in glaucoma therapy
APREMILAST,APREMILAST,1492727,L04AA,L,Selective immunosuppressants
APREPITANT,APREPITANT,358255,A04AD,A,Other antiemetics
APROTININE,APROTININE,1056,B02AB,B,Proteinase inhibitors
ARGENT COLLOIDAL,ARGENT COLLOIDAL,314826,,,
ARGININE,ARGININE,1091,B05XB,B,Amino acids
ARGININE (ASPARTATE),ARGININE (ASPARTATE),18254,,,
ARGININE (CHLORHYDRATE),ARGININE (CHLORHYDRATE),1091,B05XB,B,Amino acids
ARGININE (CHLORHYDRATE) // ACIDE MALIQUE,ARGININE (CHLORHYDRATE) // ACIDE MALIQUE,1008545,D02BA,D,Protectives against UV-radiation for topical use
ARGININE (CITRATE) // BETAINE (CHLORHYDRATE),ARGININE (CITRATE) // BETAINE (CHLORHYDRATE),160460,A16AA,A,Amino acids and derivatives
ARGININE / ACIDE MALIQUE,ARGININE,1091,B05XB,B,Amino acids
ARGININE / ACIDE MALIQUE,ACIDE MALIQUE,,,,
ARGININE / BETAINE,ARGININE,1091,B05XB,B,Amino acids
ARGININE / BETAINE,BETAINE,1512,A16AA,A,Amino acids and derivatives
ARGININE / BETAINE,BETAINE,1512,A09AB,A,Acid preparations
ARIPIPRAZOLE,ARIPIPRAZOLE,89013,N05AX,N,Other antipsychotics
ARTESUNATE // AMODIAQUINE,ARTESUNATE,18346,P01BE,P,"Artemisinin and derivatives, plain"
ARTESUNATE // AMODIAQUINE,AMODIAQUINE,720,P01BA,P,Aminoquinolines
ARTICAINE,ARTICAINE,592464,N01BB,N,Amides
ARTICAINE (CHLORHYDRATE),ARTICAINE (CHLORHYDRATE),592464,N01BB,N,Amides
ARTICAINE (CHLORHYDRATE) // ADRENALINE,ARTICAINE (CHLORHYDRATE) // ADRENALINE,1490053,A01AD,A,Other agents for local oral treatment
ARTICAINE (CHLORHYDRATE) // ADRENALINE,ARTICAINE (CHLORHYDRATE) // ADRENALINE,1490053,B02BC,B,Local hemostatics
ARTICAINE (CHLORHYDRATE) // ADRENALINE,ARTICAINE (CHLORHYDRATE) // ADRENALINE,1490053,C01CA,C,Adrenergic and dopaminergic agents
ARTICAINE (CHLORHYDRATE) // ADRENALINE,ARTICAINE (CHLORHYDRATE) // ADRENALINE,1490053,R01AA,R,"Sympathomimetics, plain"
ARTICAINE (CHLORHYDRATE) // ADRENALINE,ARTICAINE (CHLORHYDRATE) // ADRENALINE,1490053,R03AA,R,Alpha- and beta-adrenoreceptor agonists
ARTICAINE (CHLORHYDRATE) // ADRENALINE,ARTICAINE (CHLORHYDRATE) // ADRENALINE,1490053,S01EA,S,Sympathomimetics in glaucoma therapy
ARTICAINE (CHLORHYDRATE) // ADRENALINE (CHLORHYDRATE),ARTICAINE (CHLORHYDRATE) // ADRENALINE (CHLORHYDRATE),17610,D09AA,D,Medicated dressings with antiinfectives
ARTICAINE (CHLORHYDRATE) // ADRENALINE (CHLORHYDRATE),ARTICAINE (CHLORHYDRATE) // ADRENALINE (CHLORHYDRATE),17610,M05BX,M,Other drugs affecting bone structure and mineralization
ARTICAINE // ADRENALINE,ARTICAINE,592464,N01BB,N,Amides
ARTICAINE // ADRENALINE,ADRENALINE,1490053,A01AD,A,Other agents for local oral treatment
ARTICAINE // ADRENALINE,ADRENALINE,1490053,B02BC,B,Local hemostatics
ARTICAINE // ADRENALINE,ADRENALINE,1490053,C01CA,C,Adrenergic and dopaminergic agents
ARTICAINE // ADRENALINE,ADRENALINE,1490053,R01AA,R,"Sympathomimetics, plain"
ARTICAINE // ADRENALINE,ADRENALINE,1490053,R03AA,R,Alpha- and beta-adrenoreceptor agonists
ARTICAINE // ADRENALINE,ADRENALINE,1490053,S01EA,S,Sympathomimetics in glaucoma therapy
ASCIMINIB,ASCIMINIB,2584304,L01EA,L,BCR-ABL tyrosine kinase inhibitors
ASCORBATE DE CALCIUM,ASCORBATE DE CALCIUM,142407,,,
ASCORBATE DE CALCIUM / ASCORBATE DE LYSINE,ASCORBATE DE CALCIUM,142407,,,
ASCORBATE DE CALCIUM / ASCORBATE DE LYSINE,ASCORBATE DE LYSINE,6536,B05XB,B,Amino acids
ASCORBATE DE LYSINE,ASCORBATE DE LYSINE,6536,B05XB,B,Amino acids
ASCORBATE DE SODIUM,ASCORBATE DE SODIUM,267366,,,
ASPARAGINASE,ASPARAGINASE,1156,L01XX,L,Other antineoplastic agents
ASPARTATE D'ARGININE,ASPARTATE D'ARGININE,18254,,,
ASPARTATE DE MAGNESIUM,ASPARTATE DE MAGNESIUM,142131,A12CC,A,Magnesium
ASSOCIATION VITAMINIQUE // SELS MINERAUX,ASSOCIATION VITAMINIQUE,,,,
ASSOCIATION VITAMINIQUE // SELS MINERAUX,SELS MINERAUX,6972,A06AA,A,"Softeners, emollients"
ATENOLOL,ATENOLOL,1202,C07AB,C,"Beta blocking agents, selective"
ATENOLOL,ATENOLOL,1202,C07FB,C,Beta blocking agents and calcium channel blockers
ATENOLOL / CHLORTALIDONE,ATENOLOL,1202,C07AB,C,"Beta blocking agents, selective"
ATENOLOL / CHLORTALIDONE,ATENOLOL,1202,C07FB,C,Beta blocking agents and calcium channel blockers
ATENOLOL / CHLORTALIDONE,CHLORTALIDONE,2409,C03BA,C,"Sulfonamides, plain"
ATENOLOL // CHLORTALIDONE,ATENOLOL,1202,C07AB,C,"Beta blocking agents, selective"
ATENOLOL // CHLORTALIDONE,ATENOLOL,1202,C07FB,C,Beta blocking agents and calcium channel blockers
ATENOLOL // CHLORTALIDONE,CHLORTALIDONE,2409,C03BA,C,"Sulfonamides, plain"
ATEZOLIZUMAB,ATEZOLIZUMAB,1792776,L01FF,L,PD-1/PD-L1 (Programmed cell death protein 1/death ligand 1) inhibitors
ATOMOXETINE,ATOMOXETINE,38400,N06BA,N,Centrally acting sympathomimetics
ATORVASTATINE,ATORVASTATINE,83367,C10BA,C,Combinations of various lipid modifying agents
ATORVASTATINE,ATORVASTATINE,83367,C10BX,C,Lipid modifying agents in combination with other drugs
ATORVASTATINE,ATORVASTATINE,83367,C10AA,C,HMG CoA reductase inhibitors
ATORVASTATINE (CALCIUM TRIHYDRATE),ATORVASTATINE (CALCIUM TRIHYDRATE),1297766,C10AA,C,HMG CoA reductase inhibitors
ATOSIBAN,ATOSIBAN,59639,G02CX,G,Other gynecologicals
ATOVAQUONE,ATOVAQUONE,60212,P01BB,P,Biguanides
ATOVAQUONE,ATOVAQUONE,60212,P01AX,P,Other agents against amoebiasis and other protozoal diseases
ATOVAQUONE / CHLORHYDRATE DE PROGUANIL,ATOVAQUONE,60212,P01BB,P,Biguanides
ATOVAQUONE / CHLORHYDRATE DE PROGUANIL,ATOVAQUONE,60212,P01AX,P,Other agents against amoebiasis and other protozoal diseases
ATOVAQUONE / CHLORHYDRATE DE PROGUANIL,CHLORHYDRATE DE PROGUANIL,2382,P01BB,P,Biguanides
ATOVAQUONE // PROGUANIL (CHLORHYDRATE),ATOVAQUONE // PROGUANIL (CHLORHYDRATE),284623,P01BB,P,Biguanides
ATOVAQUONE // PROGUANIL (CHLORHYDRATE),ATOVAQUONE // PROGUANIL (CHLORHYDRATE),284623,P01AX,P,Other agents against amoebiasis and other protozoal diseases
ATRACURIUM,ATRACURIUM,1218,M03AC,M,Other quaternary ammonium compounds
ATRACURIUM (DIBESYLATE),ATRACURIUM (DIBESYLATE),1219,M03AC,M,Other quaternary ammonium compounds
ATROPINE,ATROPINE,1223,A03BA,A,"Belladonna alkaloids, tertiary amines"
ATROPINE,ATROPINE,1223,S01FA,S,Anticholinergics
ATROPINE,ATROPINE,1223,V03AB,V,Antidotes
ATROPINE (SULFATE),ATROPINE (SULFATE),153971,A03BA,A,"Belladonna alkaloids, tertiary amines"
ATROPINE (SULFATE),ATROPINE (SULFATE),153971,S01FA,S,Anticholinergics
ATTAPULGITE ACTIVEE,ATTAPULGITE ACTIVEE,133050,,,
ATTAPULGITE DE MORMOIRON ACTIVEE,ATTAPULGITE DE MORMOIRON ACTIVEE,133050,,,
ATTAPULGITE DE MORMOIRON ACTIVEE / HYDROXYDE D'ALUMINIUM ET CARBONATE DE MAGNESIUM,ATTAPULGITE DE MORMOIRON ACTIVEE,133050,,,
ATTAPULGITE DE MORMOIRON ACTIVEE / HYDROXYDE D'ALUMINIUM ET CARBONATE DE MAGNESIUM,HYDROXYDE D'ALUMINIUM ET CARBONATE DE MAGNESIUM,1029441,A02AD,A,"Combinations and complexes of aluminium, calcium and magnesium compounds"
ATTAPULGITE DE MORMOIRON ACTIVEE / HYDROXYDE D'ALUMINIUM ET CARBONATE DE MAGNESIUM,HYDROXYDE D'ALUMINIUM ET CARBONATE DE MAGNESIUM,1029441,A02AA,A,Magnesium compounds
ATTAPULGITE DE MORMOIRON ACTIVEE / HYDROXYDE D'ALUMINIUM ET CARBONATE DE MAGNESIUM,HYDROXYDE D'ALUMINIUM ET CARBONATE DE MAGNESIUM,1029441,A06AD,A,Osmotically acting laxatives
ATTAPULGITE DE MORMOIRON ACTIVEE / HYDROXYDE D'ALUMINIUM ET CARBONATE DE MAGNESIUM,HYDROXYDE D'ALUMINIUM ET CARBONATE DE MAGNESIUM,1029441,A02AB,A,Aluminium compounds
AUROTHIOPROPANOLSULFONATE,AUROTHIOPROPANOLSULFONATE,,,,
AVALGLUCOSIDASE ALFA,AVALGLUCOSIDASE ALFA,2565814,A16AB,A,Enzymes
AXITINIB,AXITINIB,1242999,L01EK,L,Vascular endothelial growth factor receptor (VEGFR) tyrosine kinase inhibitors
AXITINIBUM,AXITINIBUM,1242999,L01EK,L,Vascular endothelial growth factor receptor (VEGFR) tyrosine kinase inhibitors
AZACITIDINE,AZACITIDINE,1251,L01BC,L,Pyrimidine analogues
AZATHIOPRINE,AZATHIOPRINE,1256,L04AX,L,Other immunosuppressants
AZATHIOPURINE,AZATHIOPURINE,1256,L04AX,L,Other immunosuppressants
AZELASTINE,AZELASTINE,18603,R01AC,R,"Antiallergic agents, excl. corticosteroids"
AZELASTINE,AZELASTINE,18603,R06AX,R,Other antihistamines for systemic use
AZELASTINE,AZELASTINE,18603,S01GX,S,Other antiallergics
AZELASTINE (CHLORHYDRATE) // FLUTICASONE (PROPIONATE),AZELASTINE (CHLORHYDRATE) // FLUTICASONE (PROPIONATE),2663387,R01AC,R,"Antiallergic agents, excl. corticosteroids"
AZELASTINE (CHLORHYDRATE) // FLUTICASONE (PROPIONATE),AZELASTINE (CHLORHYDRATE) // FLUTICASONE (PROPIONATE),2663387,R06AX,R,Other antihistamines for systemic use
AZELASTINE (CHLORHYDRATE) // FLUTICASONE (PROPIONATE),AZELASTINE (CHLORHYDRATE) // FLUTICASONE (PROPIONATE),2663387,S01GX,S,Other antiallergics
AZELASTINE (CHLORHYDRATE) // FLUTICASONE (PROPIONATE),AZELASTINE (CHLORHYDRATE) // FLUTICASONE (PROPIONATE),2663387,D07AC,D,"Corticosteroids, potent (group III)"
AZELASTINE (CHLORHYDRATE) // FLUTICASONE (PROPIONATE),AZELASTINE (CHLORHYDRATE) // FLUTICASONE (PROPIONATE),2663387,R01AD,R,Corticosteroids
AZELASTINE (CHLORHYDRATE) // FLUTICASONE (PROPIONATE),AZELASTINE (CHLORHYDRATE) // FLUTICASONE (PROPIONATE),2663387,R03BA,R,Glucocorticoids
AZILSARTAN MEDOXOMIL,AZILSARTAN MEDOXOMIL,1091642,C09CA,C,"Angiotensin II receptor blockers (ARBs), plain"
AZILSARTAN MEDOXOMIL // CHLORTHALIDONE,AZILSARTAN MEDOXOMIL,1091642,C09CA,C,"Angiotensin II receptor blockers (ARBs), plain"
AZILSARTAN MEDOXOMIL // CHLORTHALIDONE,CHLORTHALIDONE,2409,C03BA,C,"Sulfonamides, plain"
AZITHROMYCINE,AZITHROMYCINE,18631,J01FA,J,Macrolides
AZITHROMYCINE,AZITHROMYCINE,18631,S01AA,S,Antibiotics
AZITHROMYCINE (DIHYDRATE),AZITHROMYCINE (DIHYDRATE),253155,J01FA,J,Macrolides
AZITHROMYCINE (DIHYDRATE),AZITHROMYCINE (DIHYDRATE),253155,S01AA,S,Antibiotics
B-ESCINE PURE ANHDYRE,B-ESCINE PURE ANHDYRE,4065,,,
B-SITOSTEROL,B-SITOSTEROL,9808,,,
BACITRACINE,BACITRACINE,1291,D06AX,D,Other antibiotics for topical use
BACITRACINE,BACITRACINE,1291,J01XX,J,Other antibacterials
BACITRACINE,BACITRACINE,1291,R02AB,R,Antibiotics
BACITRACINE,BACITRACINE,1291,S01AA,S,Antibiotics
BACITRACINE / COLISTIMETHATE,BACITRACINE,1291,D06AX,D,Other antibiotics for topical use
BACITRACINE / COLISTIMETHATE,BACITRACINE,1291,J01XX,J,Other antibacterials
BACITRACINE / COLISTIMETHATE,BACITRACINE,1291,R02AB,R,Antibiotics
BACITRACINE / COLISTIMETHATE,BACITRACINE,1291,S01AA,S,Antibiotics
BACITRACINE / COLISTIMETHATE,COLISTIMETHATE,2708,A07AA,A,Antibiotics
BACITRACINE / COLISTIMETHATE,COLISTIMETHATE,2708,J01XB,J,Polymyxins
BACITRACINE // COLISTIMETHATE (SODIQUE) // HYDROCORTISONE,BACITRACINE // COLISTIMETHATE (SODIQUE) // HYDROCORTISONE,1008095,D06AX,D,Other antibiotics for topical use
BACITRACINE // COLISTIMETHATE (SODIQUE) // HYDROCORTISONE,BACITRACINE // COLISTIMETHATE (SODIQUE) // HYDROCORTISONE,1008095,J01XX,J,Other antibacterials
BACITRACINE // COLISTIMETHATE (SODIQUE) // HYDROCORTISONE,BACITRACINE // COLISTIMETHATE (SODIQUE) // HYDROCORTISONE,1008095,R02AB,R,Antibiotics
BACITRACINE // COLISTIMETHATE (SODIQUE) // HYDROCORTISONE,BACITRACINE // COLISTIMETHATE (SODIQUE) // HYDROCORTISONE,1008095,S01AA,S,Antibiotics
BACITRACINE // COLISTIMETHATE (SODIQUE) // HYDROCORTISONE,BACITRACINE // COLISTIMETHATE (SODIQUE) // HYDROCORTISONE,1008095,A01AC,A,Corticosteroids for local oral treatment
BACITRACINE // COLISTIMETHATE (SODIQUE) // HYDROCORTISONE,BACITRACINE // COLISTIMETHATE (SODIQUE) // HYDROCORTISONE,1008095,A07EA,A,Corticosteroids acting locally
BACITRACINE // COLISTIMETHATE (SODIQUE) // HYDROCORTISONE,BACITRACINE // COLISTIMETHATE (SODIQUE) // HYDROCORTISONE,1008095,C05AA,C,Corticosteroids
BACITRACINE // COLISTIMETHATE (SODIQUE) // HYDROCORTISONE,BACITRACINE // COLISTIMETHATE (SODIQUE) // HYDROCORTISONE,1008095,D07AA,D,"Corticosteroids, weak (group I)"
BACITRACINE // COLISTIMETHATE (SODIQUE) // HYDROCORTISONE,BACITRACINE // COLISTIMETHATE (SODIQUE) // HYDROCORTISONE,1008095,D07XA,D,"Corticosteroids, weak, other combinations"
BACITRACINE // COLISTIMETHATE (SODIQUE) // HYDROCORTISONE,BACITRACINE // COLISTIMETHATE (SODIQUE) // HYDROCORTISONE,1008095,H02AB,H,Glucocorticoids
BACITRACINE // COLISTIMETHATE (SODIQUE) // HYDROCORTISONE,BACITRACINE // COLISTIMETHATE (SODIQUE) // HYDROCORTISONE,1008095,S01BA,S,"Corticosteroids, plain"
BACITRACINE // COLISTIMETHATE (SODIQUE) // HYDROCORTISONE,BACITRACINE // COLISTIMETHATE (SODIQUE) // HYDROCORTISONE,1008095,S01CB,S,Corticosteroids/antiinfectives/mydriatics in combination
BACITRACINE // COLISTIMETHATE (SODIQUE) // HYDROCORTISONE,BACITRACINE // COLISTIMETHATE (SODIQUE) // HYDROCORTISONE,1008095,S02BA,S,Corticosteroids
BACITRACINE // COLISTIMETHATE (SODIQUE) // HYDROCORTISONE,BACITRACINE // COLISTIMETHATE (SODIQUE) // HYDROCORTISONE,1008095,A01AB,A,Antiinfectives and antiseptics for local oral treatment
BACITRACINE // COLISTIMETHATE (SODIQUE) // HYDROCORTISONE,BACITRACINE // COLISTIMETHATE (SODIQUE) // HYDROCORTISONE,1008095,A07AA,A,Antibiotics
BACITRACINE // COLISTIMETHATE (SODIQUE) // HYDROCORTISONE,BACITRACINE // COLISTIMETHATE (SODIQUE) // HYDROCORTISONE,1008095,B05CA,B,Antiinfectives
BACITRACINE // COLISTIMETHATE (SODIQUE) // HYDROCORTISONE,BACITRACINE // COLISTIMETHATE (SODIQUE) // HYDROCORTISONE,1008095,J01GB,J,Other aminoglycosides
BACITRACINE // COLISTIMETHATE (SODIQUE) // HYDROCORTISONE,BACITRACINE // COLISTIMETHATE (SODIQUE) // HYDROCORTISONE,1008095,S02AA,S,Antiinfectives
BACITRACINE // COLISTIMETHATE (SODIQUE) // HYDROCORTISONE,BACITRACINE // COLISTIMETHATE (SODIQUE) // HYDROCORTISONE,1008095,S03AA,S,Antiinfectives
BACLOFENE,BACLOFENE,1292,M03BX,M,Other centrally acting agents
BAICALLINE,BAICALLINE,1592893,,,
BAICALLINE / SITOSTEROL,BAICALLINE,1592893,,,
BAICALLINE / SITOSTEROL,SITOSTEROL,9808,,,
BARICITINIB,BARICITINIB,2047232,L04AF,L,Janus-associated kinase (JAK) inhibitors
BARYUM (SULFATE),BARYUM (SULFATE),1331,,,
BASILIXIMAB,BASILIXIMAB,196102,L04AC,L,Interleukin inhibitors
BAUME DE PEROU,BAUME DE PEROU,260039,,,
BAUME DE PEROU / OXYDE DE ZINC,BAUME DE PEROU,260039,,,
BAUME DE PEROU / OXYDE DE ZINC,OXYDE DE ZINC,11423,,,
BECLOMETASONE,BECLOMETASONE,1347,A07EA,A,Corticosteroids acting locally
BECLOMETASONE,BECLOMETASONE,1347,D07AC,D,"Corticosteroids, potent (group III)"
BECLOMETASONE,BECLOMETASONE,1347,R01AD,R,Corticosteroids
BECLOMETASONE,BECLOMETASONE,1347,R03BA,R,Glucocorticoids
BECLOMETASONE (DIPROPIONATE ANHYDRE) // FORMOTEROL (FUMARATE DIHYDRATE),BECLOMETASONE (DIPROPIONATE ANHYDRE) // FORMOTEROL (FUMARATE DIHYDRATE),998038,R03AC,R,Selective beta-2-adrenoreceptor agonists
BECLOMETASONE (DIPROPIONATE ANHYDRE) // FORMOTEROL (FUMARATE DIHYDRATE),BECLOMETASONE (DIPROPIONATE ANHYDRE) // FORMOTEROL (FUMARATE DIHYDRATE),998038,R03CC,R,Selective beta-2-adrenoreceptor agonists
BECLOMETASONE (DIPROPIONATE ANHYDRE) // FORMOTEROL (FUMARATE DIHYDRATE) // GLYCOPYRRONIUM (BROMURE),BECLOMETASONE (DIPROPIONATE ANHYDRE) // FORMOTEROL (FUMARATE DIHYDRATE) // GLYCOPYRRONIUM (BROMURE),2747290,A07EA,A,Corticosteroids acting locally
BECLOMETASONE (DIPROPIONATE ANHYDRE) // FORMOTEROL (FUMARATE DIHYDRATE) // GLYCOPYRRONIUM (BROMURE),BECLOMETASONE (DIPROPIONATE ANHYDRE) // FORMOTEROL (FUMARATE DIHYDRATE) // GLYCOPYRRONIUM (BROMURE),2747290,D07AC,D,"Corticosteroids, potent (group III)"
BECLOMETASONE (DIPROPIONATE ANHYDRE) // FORMOTEROL (FUMARATE DIHYDRATE) // GLYCOPYRRONIUM (BROMURE),BECLOMETASONE (DIPROPIONATE ANHYDRE) // FORMOTEROL (FUMARATE DIHYDRATE) // GLYCOPYRRONIUM (BROMURE),2747290,R01AD,R,Corticosteroids
BECLOMETASONE (DIPROPIONATE ANHYDRE) // FORMOTEROL (FUMARATE DIHYDRATE) // GLYCOPYRRONIUM (BROMURE),BECLOMETASONE (DIPROPIONATE ANHYDRE) // FORMOTEROL (FUMARATE DIHYDRATE) // GLYCOPYRRONIUM (BROMURE),2747290,R03BA,R,Glucocorticoids
BECLOMETASONE (DIPROPIONATE ANHYDRE) // FORMOTEROL (FUMARATE DIHYDRATE) // GLYCOPYRRONIUM (BROMURE),BECLOMETASONE (DIPROPIONATE ANHYDRE) // FORMOTEROL (FUMARATE DIHYDRATE) // GLYCOPYRRONIUM (BROMURE),2747290,D11AA,D,Antihidrotics
BECLOMETASONE (DIPROPIONATE ANHYDRE) // FORMOTEROL (FUMARATE DIHYDRATE) // GLYCOPYRRONIUM (BROMURE),BECLOMETASONE (DIPROPIONATE ANHYDRE) // FORMOTEROL (FUMARATE DIHYDRATE) // GLYCOPYRRONIUM (BROMURE),2747290,R03AC,R,Selective beta-2-adrenoreceptor agonists
BECLOMETASONE (DIPROPIONATE ANHYDRE) // FORMOTEROL (FUMARATE DIHYDRATE) // GLYCOPYRRONIUM (BROMURE),BECLOMETASONE (DIPROPIONATE ANHYDRE) // FORMOTEROL (FUMARATE DIHYDRATE) // GLYCOPYRRONIUM (BROMURE),2747290,R03CC,R,Selective beta-2-adrenoreceptor agonists
BECLOMETASONE (DIPROPIONATE) // FORMOTEROL (FUMARATE DIHYDRATE),BECLOMETASONE (DIPROPIONATE) // FORMOTEROL (FUMARATE DIHYDRATE),998038,R03AC,R,Selective beta-2-adrenoreceptor agonists
BECLOMETASONE (DIPROPIONATE) // FORMOTEROL (FUMARATE DIHYDRATE),BECLOMETASONE (DIPROPIONATE) // FORMOTEROL (FUMARATE DIHYDRATE),998038,R03CC,R,Selective beta-2-adrenoreceptor agonists
BECLOMETASONE // FORMOTEROL (FUMARATE DIHYDRATE),BECLOMETASONE // FORMOTEROL (FUMARATE DIHYDRATE),998038,R03AC,R,Selective beta-2-adrenoreceptor agonists
BECLOMETASONE // FORMOTEROL (FUMARATE DIHYDRATE),BECLOMETASONE // FORMOTEROL (FUMARATE DIHYDRATE),998038,R03CC,R,Selective beta-2-adrenoreceptor agonists
BELIMUMAB,BELIMUMAB,1092437,L04AG,L,Monoclonal antibodies
BEMIPARINE,BEMIPARINE,280611,B01AB,B,Heparin group
BENAZEPRIL,BENAZEPRIL,18867,C09AA,C,"ACE inhibitors, plain"
BENAZEPRIL,BENAZEPRIL,18867,C09BB,C,ACE inhibitors and calcium channel blockers
BENDAMUSTINE,BENDAMUSTINE,134547,L01AA,L,Nitrogen mustard analogues
BENDAMUSTINE (CHLORHYDRATE),BENDAMUSTINE (CHLORHYDRATE),134547,L01AA,L,Nitrogen mustard analogues
BENFLUOREX,BENFLUOREX,18880,A10BX,A,"Other blood glucose lowering drugs, excl. insulins"
BENFOTIAMINE,BENFOTIAMINE,18891,A11DA,A,"Vitamin B1, plain"
BENPHOTHIAMINE,BENPHOTHIAMINE,18891,A11DA,A,"Vitamin B1, plain"
BENSERAZIDE,BENSERAZIDE,1374,,,
BENZALKONIUM,BENZALKONIUM,1378,D08AJ,D,Quaternary ammonium compounds
BENZALKONIUM,BENZALKONIUM,1378,D09AA,D,Medicated dressings with antiinfectives
BENZALKONIUM,BENZALKONIUM,1378,R02AA,R,Antiseptics
BENZALKONIUM (CHLORURE),BENZALKONIUM (CHLORURE),1378,D08AJ,D,Quaternary ammonium compounds
BENZALKONIUM (CHLORURE),BENZALKONIUM (CHLORURE),1378,D09AA,D,Medicated dressings with antiinfectives
BENZALKONIUM (CHLORURE),BENZALKONIUM (CHLORURE),1378,R02AA,R,Antiseptics
BENZALKONIUM (CHLORURE) // CHLORHEXIDINE (DIGLUCONATE),BENZALKONIUM (CHLORURE) // CHLORHEXIDINE (DIGLUCONATE),20791,A01AB,A,Antiinfectives and antiseptics for local oral treatment
BENZALKONIUM (CHLORURE) // CHLORHEXIDINE (DIGLUCONATE),BENZALKONIUM (CHLORURE) // CHLORHEXIDINE (DIGLUCONATE),20791,B05CA,B,Antiinfectives
BENZALKONIUM (CHLORURE) // CHLORHEXIDINE (DIGLUCONATE),BENZALKONIUM (CHLORURE) // CHLORHEXIDINE (DIGLUCONATE),20791,D08AC,D,Biguanides and amidines
BENZALKONIUM (CHLORURE) // CHLORHEXIDINE (DIGLUCONATE),BENZALKONIUM (CHLORURE) // CHLORHEXIDINE (DIGLUCONATE),20791,D09AA,D,Medicated dressings with antiinfectives
BENZALKONIUM (CHLORURE) // CHLORHEXIDINE (DIGLUCONATE),BENZALKONIUM (CHLORURE) // CHLORHEXIDINE (DIGLUCONATE),20791,R02AA,R,Antiseptics
BENZALKONIUM (CHLORURE) // CHLORHEXIDINE (DIGLUCONATE),BENZALKONIUM (CHLORURE) // CHLORHEXIDINE (DIGLUCONATE),20791,S01AX,S,Other antiinfectives
BENZALKONIUM (CHLORURE) // CHLORHEXIDINE (DIGLUCONATE),BENZALKONIUM (CHLORURE) // CHLORHEXIDINE (DIGLUCONATE),20791,S02AA,S,Antiinfectives
BENZALKONIUM (CHLORURE) // CHLORHEXIDINE (DIGLUCONATE),BENZALKONIUM (CHLORURE) // CHLORHEXIDINE (DIGLUCONATE),20791,S03AA,S,Antiinfectives
BENZATHINE BENZYLPENICILLINE,BENZATHINE BENZYLPENICILLINE,7982,J01CE,J,Beta-lactamase sensitive penicillins
BENZATHINE BENZYLPENICILLINE,BENZATHINE BENZYLPENICILLINE,7982,S01AA,S,Antibiotics
BENZOATE DE BENZYLE,BENZOATE DE BENZYLE,19044,P03AX,P,"Other ectoparasiticides, incl. scabicides"
BENZOATE DE BENZYLE / SULFIRAME,BENZOATE DE BENZYLE,19044,P03AX,P,"Other ectoparasiticides, incl. scabicides"
BENZOATE DE BENZYLE / SULFIRAME,SULFIRAME,30206,,,
BENZOATE DE BENZYLE // SULFIRAME,BENZOATE DE BENZYLE,19044,P03AX,P,"Other ectoparasiticides, incl. scabicides"
BENZOATE DE BENZYLE // SULFIRAME,SULFIRAME,30206,,,
BENZOATE DE CHOLESTEROL,BENZOATE DE CHOLESTEROL,19044,P03AX,P,"Other ectoparasiticides, incl. scabicides"
BENZOATE DE SODIUM,BENZOATE DE SODIUM,56455,V04CG,V,Tests for gastric secretion
BENZOATE DE SODIUM,BENZOATE DE SODIUM,56455,A16AX,A,Various alimentary tract and metabolism products
BENZOATE DE SODIUM / GRINDELIA,BENZOATE DE SODIUM,56455,V04CG,V,Tests for gastric secretion
BENZOATE DE SODIUM / GRINDELIA,BENZOATE DE SODIUM,56455,A16AX,A,Various alimentary tract and metabolism products
BENZOATE DE SODIUM / GRINDELIA,GRINDELIA,2043451,,,
BENZOATE DE SODIUM / TERPINE,BENZOATE DE SODIUM,56455,V04CG,V,Tests for gastric secretion
BENZOATE DE SODIUM / TERPINE,BENZOATE DE SODIUM,56455,A16AX,A,Various alimentary tract and metabolism products
BENZOATE DE SODIUM / TERPINE,TERPINE,89916,,,
BENZOATE DE SODIUM // GRINDELIA // SIROP DE POLYGALA,BENZOATE DE SODIUM,56455,V04CG,V,Tests for gastric secretion
BENZOATE DE SODIUM // GRINDELIA // SIROP DE POLYGALA,BENZOATE DE SODIUM,56455,A16AX,A,Various alimentary tract and metabolism products
BENZOATE DE SODIUM // GRINDELIA // SIROP DE POLYGALA,GRINDELIA,2043451,,,
BENZOATE DE SODIUM // GRINDELIA // SIROP DE POLYGALA,SIROP DE POLYGALA,1310087,,,
BENZOCAINE,BENZOCAINE,1399,C05AD,C,Local anesthetics
BENZOCAINE,BENZOCAINE,1399,D04AB,D,Anesthetics for topical use
BENZOCAINE,BENZOCAINE,1399,N01BA,N,Esters of aminobenzoic acid
BENZOCAINE,BENZOCAINE,1399,R02AD,R,"Anesthetics, local"
BENZOCAINE / ESCULOSIDE,BENZOCAINE,1399,C05AD,C,Local anesthetics
BENZOCAINE / ESCULOSIDE,BENZOCAINE,1399,D04AB,D,Anesthetics for topical use
BENZOCAINE / ESCULOSIDE,BENZOCAINE,1399,N01BA,N,Esters of aminobenzoic acid
BENZOCAINE / ESCULOSIDE,BENZOCAINE,1399,R02AD,R,"Anesthetics, local"
BENZOCAINE / ESCULOSIDE,ESCULOSIDE,1314351,,,
BENZYDAMINE (CHLORHYDRATE),BENZYDAMINE (CHLORHYDRATE),1425,A01AD,A,Other agents for local oral treatment
BENZYDAMINE (CHLORHYDRATE),BENZYDAMINE (CHLORHYDRATE),1425,G02CC,G,Antiinflammatory products for vaginal administration
BENZYDAMINE (CHLORHYDRATE),BENZYDAMINE (CHLORHYDRATE),1425,M01AX,M,"Other antiinflammatory and antirheumatic agents, non-steroids"
BENZYDAMINE (CHLORHYDRATE),BENZYDAMINE (CHLORHYDRATE),1425,M02AA,M,"Antiinflammatory preparations, non-steroids for topical use"
BENZYDAMINE (CHLORHYDRATE),BENZYDAMINE (CHLORHYDRATE),1425,R02AX,R,Other throat preparations
BENZYLPENICILLINE,BENZYLPENICILLINE,7980,J01CE,J,Beta-lactamase sensitive penicillins
BENZYLPENICILLINE,BENZYLPENICILLINE,7980,S01AA,S,Antibiotics
BENZYLPENICILLINE (SODIQUE),BENZYLPENICILLINE (SODIQUE),7980,J01CE,J,Beta-lactamase sensitive penicillins
BENZYLPENICILLINE (SODIQUE),BENZYLPENICILLINE (SODIQUE),7980,S01AA,S,Antibiotics
BENZYLPENICILLINE PROCAINE,BENZYLPENICILLINE PROCAINE,7983,J01CE,J,Beta-lactamase sensitive penicillins
BENZYLPENICILLINE PROCAINE,BENZYLPENICILLINE PROCAINE,7983,S01AA,S,Antibiotics
BESIFLOXACINE,BESIFLOXACINE,819911,S01AE,S,Fluoroquinolones
BETA SITOSTEROL,BETA SITOSTEROL,47070,,,
BETAHISTINE,BETAHISTINE,1511,N07CA,N,Antivertigo preparations
BETAHISTINE (DICHLORHYDRATE),BETAHISTINE (DICHLORHYDRATE),1511,N07CA,N,Antivertigo preparations
BETAINE,BETAINE,1512,A16AA,A,Amino acids and derivatives
BETAINE,BETAINE,1512,A09AB,A,Acid preparations
BETAMETHASONE,BETAMETHASONE,1514,A07EA,A,Corticosteroids acting locally
BETAMETHASONE,BETAMETHASONE,1514,C05AA,C,Corticosteroids
BETAMETHASONE,BETAMETHASONE,1514,D07AC,D,"Corticosteroids, potent (group III)"
BETAMETHASONE,BETAMETHASONE,1514,D07XC,D,"Corticosteroids, potent, other combinations"
BETAMETHASONE,BETAMETHASONE,1514,H02AB,H,Glucocorticoids
BETAMETHASONE,BETAMETHASONE,1514,R01AD,R,Corticosteroids
BETAMETHASONE,BETAMETHASONE,1514,R03BA,R,Glucocorticoids
BETAMETHASONE,BETAMETHASONE,1514,S01BA,S,"Corticosteroids, plain"
BETAMETHASONE,BETAMETHASONE,1514,S01CB,S,Corticosteroids/antiinfectives/mydriatics in combination
BETAMETHASONE,BETAMETHASONE,1514,S02BA,S,Corticosteroids
BETAMETHASONE,BETAMETHASONE,1514,S03BA,S,Corticosteroids
BETAMETHASONE (DIPROPIONATE),BETAMETHASONE (DIPROPIONATE),19254,A07EA,A,Corticosteroids acting locally
BETAMETHASONE (DIPROPIONATE),BETAMETHASONE (DIPROPIONATE),19254,C05AA,C,Corticosteroids
BETAMETHASONE (DIPROPIONATE),BETAMETHASONE (DIPROPIONATE),19254,D07AC,D,"Corticosteroids, potent (group III)"
BETAMETHASONE (DIPROPIONATE),BETAMETHASONE (DIPROPIONATE),19254,D07XC,D,"Corticosteroids, potent, other combinations"
BETAMETHASONE (DIPROPIONATE),BETAMETHASONE (DIPROPIONATE),19254,H02AB,H,Glucocorticoids
BETAMETHASONE (DIPROPIONATE),BETAMETHASONE (DIPROPIONATE),19254,R01AD,R,Corticosteroids
BETAMETHASONE (DIPROPIONATE),BETAMETHASONE (DIPROPIONATE),19254,R03BA,R,Glucocorticoids
BETAMETHASONE (DIPROPIONATE),BETAMETHASONE (DIPROPIONATE),19254,S01BA,S,"Corticosteroids, plain"
BETAMETHASONE (DIPROPIONATE),BETAMETHASONE (DIPROPIONATE),19254,S01CB,S,Corticosteroids/antiinfectives/mydriatics in combination
BETAMETHASONE (DIPROPIONATE),BETAMETHASONE (DIPROPIONATE),19254,S02BA,S,Corticosteroids
BETAMETHASONE (DIPROPIONATE),BETAMETHASONE (DIPROPIONATE),19254,S03BA,S,Corticosteroids
BETAMETHASONE (DIPROPIONATE) // ACIDE SALICYLIQUE,BETAMETHASONE (DIPROPIONATE) // ACIDE SALICYLIQUE,19254,A07EA,A,Corticosteroids acting locally
BETAMETHASONE (DIPROPIONATE) // ACIDE SALICYLIQUE,BETAMETHASONE (DIPROPIONATE) // ACIDE SALICYLIQUE,19254,C05AA,C,Corticosteroids
BETAMETHASONE (DIPROPIONATE) // ACIDE SALICYLIQUE,BETAMETHASONE (DIPROPIONATE) // ACIDE SALICYLIQUE,19254,D07AC,D,"Corticosteroids, potent (group III)"
BETAMETHASONE (DIPROPIONATE) // ACIDE SALICYLIQUE,BETAMETHASONE (DIPROPIONATE) // ACIDE SALICYLIQUE,19254,D07XC,D,"Corticosteroids, potent, other combinations"
BETAMETHASONE (DIPROPIONATE) // ACIDE SALICYLIQUE,BETAMETHASONE (DIPROPIONATE) // ACIDE SALICYLIQUE,19254,H02AB,H,Glucocorticoids
BETAMETHASONE (DIPROPIONATE) // ACIDE SALICYLIQUE,BETAMETHASONE (DIPROPIONATE) // ACIDE SALICYLIQUE,19254,R01AD,R,Corticosteroids
BETAMETHASONE (DIPROPIONATE) // ACIDE SALICYLIQUE,BETAMETHASONE (DIPROPIONATE) // ACIDE SALICYLIQUE,19254,R03BA,R,Glucocorticoids
BETAMETHASONE (DIPROPIONATE) // ACIDE SALICYLIQUE,BETAMETHASONE (DIPROPIONATE) // ACIDE SALICYLIQUE,19254,S01BA,S,"Corticosteroids, plain"
BETAMETHASONE (DIPROPIONATE) // ACIDE SALICYLIQUE,BETAMETHASONE (DIPROPIONATE) // ACIDE SALICYLIQUE,19254,S01CB,S,Corticosteroids/antiinfectives/mydriatics in combination
BETAMETHASONE (DIPROPIONATE) // ACIDE SALICYLIQUE,BETAMETHASONE (DIPROPIONATE) // ACIDE SALICYLIQUE,19254,S02BA,S,Corticosteroids
BETAMETHASONE (DIPROPIONATE) // ACIDE SALICYLIQUE,BETAMETHASONE (DIPROPIONATE) // ACIDE SALICYLIQUE,19254,S03BA,S,Corticosteroids
BETAMETHASONE (DIPROPIONATE) // BETAMETHASONE (PHOSPHATE DISODIQUE),BETAMETHASONE (DIPROPIONATE) // BETAMETHASONE (PHOSPHATE DISODIQUE),1007088,,,
BETAMETHASONE (PHOSPHATE DISODIQUE),BETAMETHASONE (PHOSPHATE DISODIQUE),203220,A07EA,A,Corticosteroids acting locally
BETAMETHASONE (PHOSPHATE DISODIQUE),BETAMETHASONE (PHOSPHATE DISODIQUE),203220,C05AA,C,Corticosteroids
BETAMETHASONE (PHOSPHATE DISODIQUE),BETAMETHASONE (PHOSPHATE DISODIQUE),203220,D07AC,D,"Corticosteroids, potent (group III)"
BETAMETHASONE (PHOSPHATE DISODIQUE),BETAMETHASONE (PHOSPHATE DISODIQUE),203220,D07XC,D,"Corticosteroids, potent, other combinations"
BETAMETHASONE (PHOSPHATE DISODIQUE),BETAMETHASONE (PHOSPHATE DISODIQUE),203220,H02AB,H,Glucocorticoids
BETAMETHASONE (PHOSPHATE DISODIQUE),BETAMETHASONE (PHOSPHATE DISODIQUE),203220,R01AD,R,Corticosteroids
BETAMETHASONE (PHOSPHATE DISODIQUE),BETAMETHASONE (PHOSPHATE DISODIQUE),203220,R03BA,R,Glucocorticoids
BETAMETHASONE (PHOSPHATE DISODIQUE),BETAMETHASONE (PHOSPHATE DISODIQUE),203220,S01BA,S,"Corticosteroids, plain"
BETAMETHASONE (PHOSPHATE DISODIQUE),BETAMETHASONE (PHOSPHATE DISODIQUE),203220,S01CB,S,Corticosteroids/antiinfectives/mydriatics in combination
BETAMETHASONE (PHOSPHATE DISODIQUE),BETAMETHASONE (PHOSPHATE DISODIQUE),203220,S02BA,S,Corticosteroids
BETAMETHASONE (PHOSPHATE DISODIQUE),BETAMETHASONE (PHOSPHATE DISODIQUE),203220,S03BA,S,Corticosteroids
BETAMETHASONE (VALERATE),BETAMETHASONE (VALERATE),227897,A07EA,A,Corticosteroids acting locally
BETAMETHASONE (VALERATE),BETAMETHASONE (VALERATE),227897,C05AA,C,Corticosteroids
BETAMETHASONE (VALERATE),BETAMETHASONE (VALERATE),227897,D07AC,D,"Corticosteroids, potent (group III)"
BETAMETHASONE (VALERATE),BETAMETHASONE (VALERATE),227897,D07XC,D,"Corticosteroids, potent, other combinations"
BETAMETHASONE (VALERATE),BETAMETHASONE (VALERATE),227897,H02AB,H,Glucocorticoids
BETAMETHASONE (VALERATE),BETAMETHASONE (VALERATE),227897,R01AD,R,Corticosteroids
BETAMETHASONE (VALERATE),BETAMETHASONE (VALERATE),227897,R03BA,R,Glucocorticoids
BETAMETHASONE (VALERATE),BETAMETHASONE (VALERATE),227897,S01BA,S,"Corticosteroids, plain"
BETAMETHASONE (VALERATE),BETAMETHASONE (VALERATE),227897,S01CB,S,Corticosteroids/antiinfectives/mydriatics in combination
BETAMETHASONE (VALERATE),BETAMETHASONE (VALERATE),227897,S02BA,S,Corticosteroids
BETAMETHASONE (VALERATE),BETAMETHASONE (VALERATE),227897,S03BA,S,Corticosteroids
BETAMETHASONE / ACIDE SALICYLIQUE,BETAMETHASONE,1514,A07EA,A,Corticosteroids acting locally
BETAMETHASONE / ACIDE SALICYLIQUE,BETAMETHASONE,1514,C05AA,C,Corticosteroids
BETAMETHASONE / ACIDE SALICYLIQUE,BETAMETHASONE,1514,D07AC,D,"Corticosteroids, potent (group III)"
BETAMETHASONE / ACIDE SALICYLIQUE,BETAMETHASONE,1514,D07XC,D,"Corticosteroids, potent, other combinations"
BETAMETHASONE / ACIDE SALICYLIQUE,BETAMETHASONE,1514,H02AB,H,Glucocorticoids
BETAMETHASONE / ACIDE SALICYLIQUE,BETAMETHASONE,1514,R01AD,R,Corticosteroids
BETAMETHASONE / ACIDE SALICYLIQUE,BETAMETHASONE,1514,R03BA,R,Glucocorticoids
BETAMETHASONE / ACIDE SALICYLIQUE,BETAMETHASONE,1514,S01BA,S,"Corticosteroids, plain"
BETAMETHASONE / ACIDE SALICYLIQUE,BETAMETHASONE,1514,S01CB,S,Corticosteroids/antiinfectives/mydriatics in combination
BETAMETHASONE / ACIDE SALICYLIQUE,BETAMETHASONE,1514,S02BA,S,Corticosteroids
BETAMETHASONE / ACIDE SALICYLIQUE,BETAMETHASONE,1514,S03BA,S,Corticosteroids
BETAMETHASONE / ACIDE SALICYLIQUE,ACIDE SALICYLIQUE,,,,
BETAMETHASONE / NEOMYCINE,BETAMETHASONE,1514,A07EA,A,Corticosteroids acting locally
BETAMETHASONE / NEOMYCINE,BETAMETHASONE,1514,C05AA,C,Corticosteroids
BETAMETHASONE / NEOMYCINE,BETAMETHASONE,1514,D07AC,D,"Corticosteroids, potent (group III)"
BETAMETHASONE / NEOMYCINE,BETAMETHASONE,1514,D07XC,D,"Corticosteroids, potent, other combinations"
BETAMETHASONE / NEOMYCINE,BETAMETHASONE,1514,H02AB,H,Glucocorticoids
BETAMETHASONE / NEOMYCINE,BETAMETHASONE,1514,R01AD,R,Corticosteroids
BETAMETHASONE / NEOMYCINE,BETAMETHASONE,1514,R03BA,R,Glucocorticoids
BETAMETHASONE / NEOMYCINE,BETAMETHASONE,1514,S01BA,S,"Corticosteroids, plain"
BETAMETHASONE / NEOMYCINE,BETAMETHASONE,1514,S01CB,S,Corticosteroids/antiinfectives/mydriatics in combination
BETAMETHASONE / NEOMYCINE,BETAMETHASONE,1514,S02BA,S,Corticosteroids
BETAMETHASONE / NEOMYCINE,BETAMETHASONE,1514,S03BA,S,Corticosteroids
BETAMETHASONE / NEOMYCINE,NEOMYCINE,7299,A01AB,A,Antiinfectives and antiseptics for local oral treatment
BETAMETHASONE / NEOMYCINE,NEOMYCINE,7299,A07AA,A,Antibiotics
BETAMETHASONE / NEOMYCINE,NEOMYCINE,7299,B05CA,B,Antiinfectives
BETAMETHASONE / NEOMYCINE,NEOMYCINE,7299,D06AX,D,Other antibiotics for topical use
BETAMETHASONE / NEOMYCINE,NEOMYCINE,7299,J01GB,J,Other aminoglycosides
BETAMETHASONE / NEOMYCINE,NEOMYCINE,7299,R02AB,R,Antibiotics
BETAMETHASONE / NEOMYCINE,NEOMYCINE,7299,S01AA,S,Antibiotics
BETAMETHASONE / NEOMYCINE,NEOMYCINE,7299,S02AA,S,Antiinfectives
BETAMETHASONE / NEOMYCINE,NEOMYCINE,7299,S03AA,S,Antiinfectives
BETAMETHASONE // NEOMYCINE,BETAMETHASONE,1514,A07EA,A,Corticosteroids acting locally
BETAMETHASONE // NEOMYCINE,BETAMETHASONE,1514,C05AA,C,Corticosteroids
BETAMETHASONE // NEOMYCINE,BETAMETHASONE,1514,D07AC,D,"Corticosteroids, potent (group III)"
BETAMETHASONE // NEOMYCINE,BETAMETHASONE,1514,D07XC,D,"Corticosteroids, potent, other combinations"
BETAMETHASONE // NEOMYCINE,BETAMETHASONE,1514,H02AB,H,Glucocorticoids
BETAMETHASONE // NEOMYCINE,BETAMETHASONE,1514,R01AD,R,Corticosteroids
BETAMETHASONE // NEOMYCINE,BETAMETHASONE,1514,R03BA,R,Glucocorticoids
BETAMETHASONE // NEOMYCINE,BETAMETHASONE,1514,S01BA,S,"Corticosteroids, plain"
BETAMETHASONE // NEOMYCINE,BETAMETHASONE,1514,S01CB,S,Corticosteroids/antiinfectives/mydriatics in combination
BETAMETHASONE // NEOMYCINE,BETAMETHASONE,1514,S02BA,S,Corticosteroids
BETAMETHASONE // NEOMYCINE,BETAMETHASONE,1514,S03BA,S,Corticosteroids
BETAMETHASONE // NEOMYCINE,NEOMYCINE,7299,A01AB,A,Antiinfectives and antiseptics for local oral treatment
BETAMETHASONE // NEOMYCINE,NEOMYCINE,7299,A07AA,A,Antibiotics
BETAMETHASONE // NEOMYCINE,NEOMYCINE,7299,B05CA,B,Antiinfectives
BETAMETHASONE // NEOMYCINE,NEOMYCINE,7299,D06AX,D,Other antibiotics for topical use
BETAMETHASONE // NEOMYCINE,NEOMYCINE,7299,J01GB,J,Other aminoglycosides
BETAMETHASONE // NEOMYCINE,NEOMYCINE,7299,R02AB,R,Antibiotics
BETAMETHASONE // NEOMYCINE,NEOMYCINE,7299,S01AA,S,Antibiotics
BETAMETHASONE // NEOMYCINE,NEOMYCINE,7299,S02AA,S,Antiinfectives
BETAMETHASONE // NEOMYCINE,NEOMYCINE,7299,S03AA,S,Antiinfectives
BETAXOLOL,BETAXOLOL,1520,C07AB,C,"Beta blocking agents, selective"
BETAXOLOL,BETAXOLOL,1520,S01ED,S,Beta blocking agents
BEVACIZUMAB,BEVACIZUMAB,253337,L01FG,L,VEGF/VEGFR (Vascular Endothelial Growth Factor / -Receptor) inhibitors
BEVACIZUMAB,BEVACIZUMAB,253337,S01LA,S,Antineovascularisation agents
BIBROCATHOL,BIBROCATHOL,,,,
BICALUTAMIDE,BICALUTAMIDE,83008,L02BB,L,Anti-androgens
BICARBONATE DE POTASSIUM,BICARBONATE DE POTASSIUM,34296,A12BA,A,Potassium
BICARBONATE DE SODIUM,BICARBONATE DE SODIUM,36676,B05CB,B,Salt solutions
BICARBONATE DE SODIUM,BICARBONATE DE SODIUM,36676,B05XA,B,Electrolyte solutions
BICARBONATE DE SODIUM / SULFATE DE SODIUM,BICARBONATE DE SODIUM,36676,B05CB,B,Salt solutions
BICARBONATE DE SODIUM / SULFATE DE SODIUM,BICARBONATE DE SODIUM,36676,B05XA,B,Electrolyte solutions
BICARBONATE DE SODIUM / SULFATE DE SODIUM,SULFATE DE SODIUM,9913,C05BB,C,Sclerosing agents for local injection
BICARBONATE DE SODIUM // CHLORURE DE SODIUM,BICARBONATE DE SODIUM,36676,B05CB,B,Salt solutions
BICARBONATE DE SODIUM // CHLORURE DE SODIUM,BICARBONATE DE SODIUM,36676,B05XA,B,Electrolyte solutions
BICARBONATE DE SODIUM // CHLORURE DE SODIUM,CHLORURE DE SODIUM,6878,V03AB,V,Antidotes
BICARBONATE DE SODIUM // CHLORURE DE SODIUM,CHLORURE DE SODIUM,6878,V04CG,V,Tests for gastric secretion
BICARBONATE DE SODIUM // EDETATE DISODIQUE // DIOXYDE DE CARBONE,BICARBONATE DE SODIUM,36676,B05CB,B,Salt solutions
BICARBONATE DE SODIUM // EDETATE DISODIQUE // DIOXYDE DE CARBONE,BICARBONATE DE SODIUM,36676,B05XA,B,Electrolyte solutions
BICARBONATE DE SODIUM // EDETATE DISODIQUE // DIOXYDE DE CARBONE,EDETATE DISODIQUE,3539,S01XA,S,Other ophthalmologicals
BICARBONATE DE SODIUM // EDETATE DISODIQUE // DIOXYDE DE CARBONE,DIOXYDE DE CARBONE,1897,A02AC,A,Calcium compounds
BICARBONATE DE SODIUM // EDETATE DISODIQUE // DIOXYDE DE CARBONE,DIOXYDE DE CARBONE,1897,A12AA,A,Calcium
BICARBONATE DE SODIUM // INOSITOL (MESO) // PHOSPHATE (DISODIQUE) // SULFATE (DE SODIUM),BICARBONATE DE SODIUM // INOSITOL (MESO) // PHOSPHATE (DISODIQUE) // SULFATE (DE SODIUM),9913,C05BB,C,Sclerosing agents for local injection
BICARBONATE DE SODIUM // SULFATE DE SODIUM // HYDROGENOPHOSPHATE (DE SODIUM),BICARBONATE DE SODIUM // SULFATE DE SODIUM // HYDROGENOPHOSPHATE (DE SODIUM),9913,C05BB,C,Sclerosing agents for local injection
BICARBONATE DE SODIUM ADULTE,BICARBONATE DE SODIUM ADULTE,36676,B05CB,B,Salt solutions
BICARBONATE DE SODIUM ADULTE,BICARBONATE DE SODIUM ADULTE,36676,B05XA,B,Electrolyte solutions
BICLOTHYMOL,BICLOTHYMOL,236268,,,
BICLOTHYMOL // CHLORPHENAMINE (MALEATE) // GUAIFENESINE // PHOLCODINE,BICLOTHYMOL // CHLORPHENAMINE (MALEATE) // GUAIFENESINE // PHOLCODINE,142429,R06AB,R,Substituted alkylamines
BICLOTHYMOL // EUCALYPTOL // PARACETAMOL // PHOLCODINE,BICLOTHYMOL,236268,,,
BICLOTHYMOL // EUCALYPTOL // PARACETAMOL // PHOLCODINE,EUCALYPTOL,21116,R05CA,R,Expectorants
BICLOTHYMOL // EUCALYPTOL // PARACETAMOL // PHOLCODINE,PARACETAMOL,161,N02BE,N,Anilides
BICLOTHYMOL // EUCALYPTOL // PARACETAMOL // PHOLCODINE,PARACETAMOL,161,N02AJ,N,Opioids in combination with non-opioid analgesics
BICLOTHYMOL // EUCALYPTOL // PARACETAMOL // PHOLCODINE,PHOLCODINE,33431,R05DA,R,Opium alkaloids and derivatives
BICLOTYMOL,BICLOTYMOL,236268,,,
BICTEGRAVIR // EMTRICITABINE // TENOFOVIR ALAFENAMIDE,BICTEGRAVIR,1999660,J05AR,J,"Antivirals for treatment of HIV infections, combinations"
BICTEGRAVIR // EMTRICITABINE // TENOFOVIR ALAFENAMIDE,EMTRICITABINE,276237,J05AR,J,"Antivirals for treatment of HIV infections, combinations"
BICTEGRAVIR // EMTRICITABINE // TENOFOVIR ALAFENAMIDE,EMTRICITABINE,276237,J05AF,J,Nucleoside and nucleotide reverse transcriptase inhibitors
BICTEGRAVIR // EMTRICITABINE // TENOFOVIR ALAFENAMIDE,TENOFOVIR ALAFENAMIDE,1721603,J05AF,J,Nucleoside and nucleotide reverse transcriptase inhibitors
BICTEGRAVIR // EMTRICITABINE // TENOFOVIR ALAFENAMIDE,TENOFOVIR ALAFENAMIDE,1721603,J05AR,J,"Antivirals for treatment of HIV infections, combinations"
BIFLUORURE (AMMONIUM) // ESTER BENZYLSALICYLIQUE,BIFLUORURE (AMMONIUM) // ESTER BENZYLSALICYLIQUE,709,,,
BIFLUORURE D'AMMONIUM,BIFLUORURE D'AMMONIUM,709,,,
BIFONAZOLE,BIFONAZOLE,19295,D01AC,D,Imidazole and triazole derivatives
BIFONAZOLE / UREE,BIFONAZOLE,19295,D01AC,D,Imidazole and triazole derivatives
BIFONAZOLE / UREE,UREE,,,,
BIFONAZOLE // UREE,BIFONAZOLE,19295,D01AC,D,Imidazole and triazole derivatives
BIFONAZOLE // UREE,UREE,,,,
BILASTINE,BILASTINE,,,,
BIMATOPROST,BIMATOPROST,283810,S01EE,S,Prostaglandin analogues
BIMATOPROST // TIMOLOL,BIMATOPROST,283810,S01EE,S,Prostaglandin analogues
BIMATOPROST // TIMOLOL,TIMOLOL,10600,C07AA,C,"Beta blocking agents, non-selective"
BIMATOPROST // TIMOLOL,TIMOLOL,10600,S01ED,S,Beta blocking agents
BINIMETINIB,BINIMETINIB,2049122,L01EE,L,Mitogen-activated protein kinase (MEK) inhibitors
BISACODYL,BISACODYL,1596,A06AB,A,Contact laxatives
BISACODYL,BISACODYL,1596,A06AG,A,Enemas
BISACODYL / PHOSPHATE DISODIQUE / PHOSPHATE MONOSODIQUE,BISACODYL,1596,A06AB,A,Contact laxatives
BISACODYL / PHOSPHATE DISODIQUE / PHOSPHATE MONOSODIQUE,BISACODYL,1596,A06AG,A,Enemas
BISACODYL / PHOSPHATE DISODIQUE / PHOSPHATE MONOSODIQUE,PHOSPHATE DISODIQUE,486961,,,
BISACODYL / PHOSPHATE DISODIQUE / PHOSPHATE MONOSODIQUE,PHOSPHATE MONOSODIQUE,2642192,,,
BISMUTH SUCCINATE,BISMUTH SUCCINATE,1599,,,
BISOPROLOL,BISOPROLOL,19484,C07AB,C,"Beta blocking agents, selective"
BISOPROLOL (FUMARATE),BISOPROLOL (FUMARATE),142146,C07AB,C,"Beta blocking agents, selective"
BISOPROLOL (HEMIFUMARATE),BISOPROLOL (HEMIFUMARATE),19484,C07AB,C,"Beta blocking agents, selective"
BISOPROLOL (HEMIFUMARATE) // HYDROCHLOROTHIAZIDE,BISOPROLOL (HEMIFUMARATE) // HYDROCHLOROTHIAZIDE,214317,C07AB,C,"Beta blocking agents, selective"
BISOPROLOL (HEMIFUMARATE) // HYDROCHLOROTHIAZIDE,BISOPROLOL (HEMIFUMARATE) // HYDROCHLOROTHIAZIDE,214317,C03AA,C,"Thiazides, plain"
BISOPROLOL / HYDROCHLOROTHIAZIDE,BISOPROLOL,19484,C07AB,C,"Beta blocking agents, selective"
BISOPROLOL / HYDROCHLOROTHIAZIDE,HYDROCHLOROTHIAZIDE,5487,C09XA,C,Renin-inhibitors
BISOPROLOL / HYDROCHLOROTHIAZIDE,HYDROCHLOROTHIAZIDE,5487,C03AA,C,"Thiazides, plain"
BISOPROLOL / HYDROCHLOROTHIAZIDE,HYDROCHLOROTHIAZIDE,5487,C09DX,C,"Angiotensin II receptor blockers (ARBs), other combinations"
BISOPROLOL // AMLODIPINE,BISOPROLOL,19484,C07AB,C,"Beta blocking agents, selective"
BISOPROLOL // AMLODIPINE,AMLODIPINE,17767,C09XA,C,Renin-inhibitors
BISOPROLOL // AMLODIPINE,AMLODIPINE,17767,C09BB,C,ACE inhibitors and calcium channel blockers
BISOPROLOL // AMLODIPINE,AMLODIPINE,17767,C08CA,C,Dihydropyridine derivatives
BISOPROLOL // AMLODIPINE,AMLODIPINE,17767,C10BX,C,Lipid modifying agents in combination with other drugs
BISOPROLOL // AMLODIPINE,AMLODIPINE,17767,C09DB,C,Angiotensin II receptor blockers (ARBs) and calcium channel blockers
BISOPROLOL // AMLODIPINE,AMLODIPINE,17767,C09DX,C,"Angiotensin II receptor blockers (ARBs), other combinations"
BLEOMYCINE,BLEOMYCINE,1622,L01DC,L,Other cytotoxic antibiotics
BLEOMYCINE (SULFATE),BLEOMYCINE (SULFATE),1621,L01DC,L,Other cytotoxic antibiotics
BLEU PATENTE,BLEU PATENTE,32950,,,
BLINATUMOMAB,BLINATUMOMAB,1597258,L01FX,L,Other monoclonal antibodies and antibody drug conjugates
BLOMIA TROPICALIS,BLOMIA TROPICALIS,967033,,,
BOCEPREVIR,BOCEPREVIR,1102129,J05AP,J,Antivirals for treatment of HCV infections
BOEHMITE,BOEHMITE,,,,
BORATE DE SODIUM,BORATE DE SODIUM,36680,S02AA,S,Antiinfectives
BORATE DE SODIUM,BORATE DE SODIUM,36680,S01AX,S,Other antiinfectives
BORAX,BORAX,36680,S02AA,S,Antiinfectives
BORAX,BORAX,36680,S01AX,S,Other antiinfectives
BORAX // ACIDE BORIQUE,BORAX,36680,S02AA,S,Antiinfectives
BORAX // ACIDE BORIQUE,BORAX,36680,S01AX,S,Other antiinfectives
BORAX // ACIDE BORIQUE,ACIDE BORIQUE,,,,
BORTEZOMIB,BORTEZOMIB,358258,L01XG,L,Proteasome inhibitors
BOSENTAN (MONOHYDRATE),BOSENTAN (MONOHYDRATE),498193,,,
BREXPIPRAZOLE,BREXPIPRAZOLE,1658314,N05AX,N,Other antipsychotics
BRIMONIDE,BRIMONIDE,134615,D11AX,D,Other dermatologicals
BRIMONIDE,BRIMONIDE,134615,S01EA,S,Sympathomimetics in glaucoma therapy
BRIMONIDE,BRIMONIDE,134615,S01GA,S,Sympathomimetics used as decongestants
BRIMONIDINE,BRIMONIDINE,134615,D11AX,D,Other dermatologicals
BRIMONIDINE,BRIMONIDINE,134615,S01EA,S,Sympathomimetics in glaucoma therapy
BRIMONIDINE,BRIMONIDINE,134615,S01GA,S,Sympathomimetics used as decongestants
BRIMONIDINE (TARTRATE),BRIMONIDINE (TARTRATE),39171,D11AX,D,Other dermatologicals
BRIMONIDINE (TARTRATE),BRIMONIDINE (TARTRATE),39171,S01EA,S,Sympathomimetics in glaucoma therapy
BRIMONIDINE (TARTRATE),BRIMONIDINE (TARTRATE),39171,S01GA,S,Sympathomimetics used as decongestants
BRIMONIDINE (TARTRATE) // TIMOLOL (MALEATE),BRIMONIDINE (TARTRATE) // TIMOLOL (MALEATE),2645553,C07AA,C,"Beta blocking agents, non-selective"
BRIMONIDINE (TARTRATE) // TIMOLOL (MALEATE),BRIMONIDINE (TARTRATE) // TIMOLOL (MALEATE),2645553,S01ED,S,Beta blocking agents
BRIMONIDINE (TARTRATE) // TIMOLOL (MALEATE),BRIMONIDINE (TARTRATE) // TIMOLOL (MALEATE),2645553,D11AX,D,Other dermatologicals
BRIMONIDINE (TARTRATE) // TIMOLOL (MALEATE),BRIMONIDINE (TARTRATE) // TIMOLOL (MALEATE),2645553,S01EA,S,Sympathomimetics in glaucoma therapy
BRIMONIDINE (TARTRATE) // TIMOLOL (MALEATE),BRIMONIDINE (TARTRATE) // TIMOLOL (MALEATE),2645553,S01GA,S,Sympathomimetics used as decongestants
BRINZOLAMIDE,BRINZOLAMIDE,194881,S01EC,S,Carbonic anhydrase inhibitors
BRINZOLAMIDE / TIMOLOL,BRINZOLAMIDE,194881,S01EC,S,Carbonic anhydrase inhibitors
BRINZOLAMIDE / TIMOLOL,TIMOLOL,10600,C07AA,C,"Beta blocking agents, non-selective"
BRINZOLAMIDE / TIMOLOL,TIMOLOL,10600,S01ED,S,Beta blocking agents
BRINZOLAMIDE // TIMOLOL (MALEATE),BRINZOLAMIDE // TIMOLOL (MALEATE),42933,C07AA,C,"Beta blocking agents, non-selective"
BRINZOLAMIDE // TIMOLOL (MALEATE),BRINZOLAMIDE // TIMOLOL (MALEATE),42933,S01ED,S,Beta blocking agents
BROLUCIZUMAB,BROLUCIZUMAB,2204915,S01LA,S,Antineovascularisation agents
BROMAZEPAM,BROMAZEPAM,1749,N05BA,N,Benzodiazepine derivatives
BROMFENAC,BROMFENAC,19737,S01BC,S,"Antiinflammatory agents, non-steroids"
BROMHEXINE,BROMHEXINE,1753,R05CB,R,Mucolytics
BROMHEXINE (CHLORHYDRATE),BROMHEXINE (CHLORHYDRATE),1753,R05CB,R,Mucolytics
BROMHEXINE (CHLORHYDRATE) // SULFOGAIACOLATE DE POTASSIUM,BROMHEXINE (CHLORHYDRATE) // SULFOGAIACOLATE DE POTASSIUM,1753,R05CB,R,Mucolytics
BROMHEXINE (CHLORHYDRATE) // TETRACYCLINE,BROMHEXINE (CHLORHYDRATE) // TETRACYCLINE,1753,R05CB,R,Mucolytics
BROMHEXINE / SULFOGAICOLE,BROMHEXINE,1753,R05CB,R,Mucolytics
BROMHEXINE / SULFOGAICOLE,SULFOGAICOLE,,,,
BROMHYDRATE DE FENOTEROL,BROMHYDRATE DE FENOTEROL,4333,G02CA,G,"Sympathomimetics, labour repressants"
BROMHYDRATE DE FENOTEROL,BROMHYDRATE DE FENOTEROL,4333,R03AC,R,Selective beta-2-adrenoreceptor agonists
BROMHYDRATE DE FENOTEROL,BROMHYDRATE DE FENOTEROL,4333,R03CC,R,Selective beta-2-adrenoreceptor agonists
BROMOCRIPTINE,BROMOCRIPTINE,1760,G02CB,G,Prolactine inhibitors
BROMOCRIPTINE,BROMOCRIPTINE,1760,N04BC,N,Dopamine agonists
BROMOCRIPTINE (MESILATE),BROMOCRIPTINE (MESILATE),142426,G02CB,G,Prolactine inhibitors
BROMOCRIPTINE (MESILATE),BROMOCRIPTINE (MESILATE),142426,N04BC,N,Dopamine agonists
BROMOGALACTOGLUCONATE DE CALCIUM,BROMOGALACTOGLUCONATE DE CALCIUM,1897,A02AC,A,Calcium compounds
BROMOGALACTOGLUCONATE DE CALCIUM,BROMOGALACTOGLUCONATE DE CALCIUM,1897,A12AA,A,Calcium
BROMOPRIDE,BROMOPRIDE,19768,A03FA,A,Propulsives
BROMPHENIRAMINE,BROMPHENIRAMINE,1767,R06AB,R,Substituted alkylamines
BROMPHENIRAMINE (MALEATE) // GUAIFENESINE // BENZOATE DE SODIUM,BROMPHENIRAMINE (MALEATE) // GUAIFENESINE // BENZOATE DE SODIUM,56455,V04CG,V,Tests for gastric secretion
BROMPHENIRAMINE (MALEATE) // GUAIFENESINE // BENZOATE DE SODIUM,BROMPHENIRAMINE (MALEATE) // GUAIFENESINE // BENZOATE DE SODIUM,56455,A16AX,A,Various alimentary tract and metabolism products
BROMPHENIRAMINE / PHENYLPROPANOLAMINE,BROMPHENIRAMINE,1767,R06AB,R,Substituted alkylamines
BROMPHENIRAMINE / PHENYLPROPANOLAMINE,PHENYLPROPANOLAMINE,8175,R01BA,R,Sympathomimetics
BROMURE D'IPRATROPIUM,BROMURE D'IPRATROPIUM,7213,R01AX,R,Other nasal preparations
BROMURE D'IPRATROPIUM,BROMURE D'IPRATROPIUM,7213,R03BB,R,Anticholinergics
BROMURE DE BENZODODECINIUM,BROMURE DE BENZODODECINIUM,48212,,,
BROMURE DE BENZODODECINIUM / BUTOXYDE DE PIPERONYLE,BROMURE DE BENZODODECINIUM,48212,,,
BROMURE DE BENZODODECINIUM / BUTOXYDE DE PIPERONYLE,BUTOXYDE DE PIPERONYLE,8345,,,
BROMURE DE CALCIUM,BROMURE DE CALCIUM,48212,,,
BROMURE DE CALCIUM / LACTATE DE CALCIUM,BROMURE DE CALCIUM,48212,,,
BROMURE DE CALCIUM / LACTATE DE CALCIUM,LACTATE DE CALCIUM,47622,A12AA,A,Calcium
BROMURE DE GLYCOPYRRONIUM,BROMURE DE GLYCOPYRRONIUM,48212,,,
BUCLIZINE,BUCLIZINE,59636,R06AE,R,Piperazine derivatives
BUDESONIDE,BUDESONIDE,19831,A07EA,A,Corticosteroids acting locally
BUDESONIDE,BUDESONIDE,19831,D07AC,D,"Corticosteroids, potent (group III)"
BUDESONIDE,BUDESONIDE,19831,R01AD,R,Corticosteroids
BUDESONIDE,BUDESONIDE,19831,R03BA,R,Glucocorticoids
BUDESONIDE,BUDESONIDE,19831,R03AK,R,"Adrenergics in combination with corticosteroids or other drugs, excl. anticholinergics"
BUDESONIDE / FORMOTEROL,BUDESONIDE,19831,A07EA,A,Corticosteroids acting locally
BUDESONIDE / FORMOTEROL,BUDESONIDE,19831,D07AC,D,"Corticosteroids, potent (group III)"
BUDESONIDE / FORMOTEROL,BUDESONIDE,19831,R01AD,R,Corticosteroids
BUDESONIDE / FORMOTEROL,BUDESONIDE,19831,R03BA,R,Glucocorticoids
BUDESONIDE / FORMOTEROL,BUDESONIDE,19831,R03AK,R,"Adrenergics in combination with corticosteroids or other drugs, excl. anticholinergics"
BUDESONIDE / FORMOTEROL,FORMOTEROL,25255,R03AK,R,"Adrenergics in combination with corticosteroids or other drugs, excl. anticholinergics"
BUDESONIDE / FORMOTEROL,FORMOTEROL,25255,R03AC,R,Selective beta-2-adrenoreceptor agonists
BUDESONIDE / FORMOTEROL,FORMOTEROL,25255,R03CC,R,Selective beta-2-adrenoreceptor agonists
BUDESONIDE // FORMOTEROL (FUMARATE DIHYDRATE),BUDESONIDE // FORMOTEROL (FUMARATE DIHYDRATE),998038,R03AC,R,Selective beta-2-adrenoreceptor agonists
BUDESONIDE // FORMOTEROL (FUMARATE DIHYDRATE),BUDESONIDE // FORMOTEROL (FUMARATE DIHYDRATE),998038,R03CC,R,Selective beta-2-adrenoreceptor agonists
BUDESONIDE // SALMETEROL,BUDESONIDE,19831,A07EA,A,Corticosteroids acting locally
BUDESONIDE // SALMETEROL,BUDESONIDE,19831,D07AC,D,"Corticosteroids, potent (group III)"
BUDESONIDE // SALMETEROL,BUDESONIDE,19831,R01AD,R,Corticosteroids
BUDESONIDE // SALMETEROL,BUDESONIDE,19831,R03BA,R,Glucocorticoids
BUDESONIDE // SALMETEROL,BUDESONIDE,19831,R03AK,R,"Adrenergics in combination with corticosteroids or other drugs, excl. anticholinergics"
BUDESONIDE // SALMETEROL,SALMETEROL,36117,R03AK,R,"Adrenergics in combination with corticosteroids or other drugs, excl. anticholinergics"
BUDESONIDE // SALMETEROL,SALMETEROL,36117,R03AC,R,Selective beta-2-adrenoreceptor agonists
BUFEXAMAC,BUFEXAMAC,1796,M01AB,M,Acetic acid derivatives and related substances
BUFEXAMAC,BUFEXAMAC,1796,M02AA,M,"Antiinflammatory preparations, non-steroids for topical use"
BUFLOMEDIL,BUFLOMEDIL,19836,C04AX,C,Other peripheral vasodilators
BUPIVACAINE,BUPIVACAINE,1815,N01BB,N,Amides
BUPIVACAINE (CHLORHYDRATE MONOHYDRATE),BUPIVACAINE (CHLORHYDRATE MONOHYDRATE),1815,N01BB,N,Amides
BUPRENORPHINE,BUPRENORPHINE,1819,N02AE,N,Oripavine derivatives
BUPRENORPHINE,BUPRENORPHINE,1819,N07BC,N,Drugs used in opioid dependence
BUPRENORPHINE (CHLORHYDRATE) // NALOXONE (CHLORHYDRATE DIHYDRATE),BUPRENORPHINE (CHLORHYDRATE) // NALOXONE (CHLORHYDRATE DIHYDRATE),352364,N02AE,N,Oripavine derivatives
BUPRENORPHINE (CHLORHYDRATE) // NALOXONE (CHLORHYDRATE DIHYDRATE),BUPRENORPHINE (CHLORHYDRATE) // NALOXONE (CHLORHYDRATE DIHYDRATE),352364,N07BC,N,Drugs used in opioid dependence
BUPRENORPHINE (CHLORHYDRATE) // NALOXONE (CHLORHYDRATE DIHYDRATE),BUPRENORPHINE (CHLORHYDRATE) // NALOXONE (CHLORHYDRATE DIHYDRATE),352364,A06AH,A,Peripheral opioid receptor antagonists
BUPRENORPHINE (CHLORHYDRATE) // NALOXONE (CHLORHYDRATE DIHYDRATE),BUPRENORPHINE (CHLORHYDRATE) // NALOXONE (CHLORHYDRATE DIHYDRATE),352364,V03AB,V,Antidotes
BUPROPION,BUPROPION,42347,A08AA,A,Centrally acting antiobesity products
BUPROPION,BUPROPION,42347,N06AX,N,Other antidepressants
BUPROPION (CHLORHYDRATE),BUPROPION (CHLORHYDRATE),42347,A08AA,A,Centrally acting antiobesity products
BUPROPION (CHLORHYDRATE),BUPROPION (CHLORHYDRATE),42347,N06AX,N,Other antidepressants
BUSULFAN,BUSULFAN,1828,L01AB,L,Alkyl sulfonates
BUTAMIRATE (CITRATE),BUTAMIRATE (CITRATE),382677,R05DB,R,Other cough suppressants
BUTOCONAZOLE,BUTOCONAZOLE,19884,G01AF,G,Imidazole derivatives
BUTOXYDE DE PIPERONYLE,BUTOXYDE DE PIPERONYLE,8345,,,
BUTOXYDE DE PIPERONYLE // BENZODODECINIUM (BROMURE) // BIOALLETHRINE,BUTOXYDE DE PIPERONYLE // BENZODODECINIUM (BROMURE) // BIOALLETHRINE,814380,P03AC,P,"Pyrethrines, incl. synthetic compounds"
BUTYLSCOPOLAMINE (BROMURE),BUTYLSCOPOLAMINE (BROMURE),1085787,A03BB,A,"Belladonna alkaloids, semisynthetic, quaternary ammonium compounds"
BUZEPIDE,BUZEPIDE,19943,,,
BUZEPIDE / CLOCINIZINE,BUZEPIDE,19943,,,
BUZEPIDE / CLOCINIZINE,CLOCINIZINE,402583,,,
CABAZITAXEL,CABAZITAXEL,996051,L01CD,L,Taxanes
CABERGOLINE,CABERGOLINE,47579,G02CB,G,Prolactine inhibitors
CABERGOLINE,CABERGOLINE,47579,N04BC,N,Dopamine agonists
CABOZANTINIB,CABOZANTINIB,1363268,L01EX,L,Other protein kinase inhibitors
CAFEINE,CAFEINE,1886,V04CG,V,Tests for gastric secretion
CAFEINE,CAFEINE,1886,D11AX,D,Other dermatologicals
CAFEINE,CAFEINE,1886,N06BC,N,Xanthine derivatives
CALCIPOTRIOL,CALCIPOTRIOL,29365,D05AX,D,Other antipsoriatics for topical use
CALCIPOTRIOL (MONOHYDRATE) // BETAMETHASONE (DIPROPIONATE),CALCIPOTRIOL (MONOHYDRATE) // BETAMETHASONE (DIPROPIONATE),19254,A07EA,A,Corticosteroids acting locally
CALCIPOTRIOL (MONOHYDRATE) // BETAMETHASONE (DIPROPIONATE),CALCIPOTRIOL (MONOHYDRATE) // BETAMETHASONE (DIPROPIONATE),19254,C05AA,C,Corticosteroids
CALCIPOTRIOL (MONOHYDRATE) // BETAMETHASONE (DIPROPIONATE),CALCIPOTRIOL (MONOHYDRATE) // BETAMETHASONE (DIPROPIONATE),19254,D07AC,D,"Corticosteroids, potent (group III)"
CALCIPOTRIOL (MONOHYDRATE) // BETAMETHASONE (DIPROPIONATE),CALCIPOTRIOL (MONOHYDRATE) // BETAMETHASONE (DIPROPIONATE),19254,D07XC,D,"Corticosteroids, potent, other combinations"
CALCIPOTRIOL (MONOHYDRATE) // BETAMETHASONE (DIPROPIONATE),CALCIPOTRIOL (MONOHYDRATE) // BETAMETHASONE (DIPROPIONATE),19254,H02AB,H,Glucocorticoids
CALCIPOTRIOL (MONOHYDRATE) // BETAMETHASONE (DIPROPIONATE),CALCIPOTRIOL (MONOHYDRATE) // BETAMETHASONE (DIPROPIONATE),19254,R01AD,R,Corticosteroids
CALCIPOTRIOL (MONOHYDRATE) // BETAMETHASONE (DIPROPIONATE),CALCIPOTRIOL (MONOHYDRATE) // BETAMETHASONE (DIPROPIONATE),19254,R03BA,R,Glucocorticoids
CALCIPOTRIOL (MONOHYDRATE) // BETAMETHASONE (DIPROPIONATE),CALCIPOTRIOL (MONOHYDRATE) // BETAMETHASONE (DIPROPIONATE),19254,S01BA,S,"Corticosteroids, plain"
CALCIPOTRIOL (MONOHYDRATE) // BETAMETHASONE (DIPROPIONATE),CALCIPOTRIOL (MONOHYDRATE) // BETAMETHASONE (DIPROPIONATE),19254,S01CB,S,Corticosteroids/antiinfectives/mydriatics in combination
CALCIPOTRIOL (MONOHYDRATE) // BETAMETHASONE (DIPROPIONATE),CALCIPOTRIOL (MONOHYDRATE) // BETAMETHASONE (DIPROPIONATE),19254,S02BA,S,Corticosteroids
CALCIPOTRIOL (MONOHYDRATE) // BETAMETHASONE (DIPROPIONATE),CALCIPOTRIOL (MONOHYDRATE) // BETAMETHASONE (DIPROPIONATE),19254,S03BA,S,Corticosteroids
CALCIPOTRIOL / BETAMETHASONE,CALCIPOTRIOL,29365,D05AX,D,Other antipsoriatics for topical use
CALCIPOTRIOL / BETAMETHASONE,BETAMETHASONE,1514,A07EA,A,Corticosteroids acting locally
CALCIPOTRIOL / BETAMETHASONE,BETAMETHASONE,1514,C05AA,C,Corticosteroids
CALCIPOTRIOL / BETAMETHASONE,BETAMETHASONE,1514,D07AC,D,"Corticosteroids, potent (group III)"
CALCIPOTRIOL / BETAMETHASONE,BETAMETHASONE,1514,D07XC,D,"Corticosteroids, potent, other combinations"
CALCIPOTRIOL / BETAMETHASONE,BETAMETHASONE,1514,H02AB,H,Glucocorticoids
CALCIPOTRIOL / BETAMETHASONE,BETAMETHASONE,1514,R01AD,R,Corticosteroids
CALCIPOTRIOL / BETAMETHASONE,BETAMETHASONE,1514,R03BA,R,Glucocorticoids
CALCIPOTRIOL / BETAMETHASONE,BETAMETHASONE,1514,S01BA,S,"Corticosteroids, plain"
CALCIPOTRIOL / BETAMETHASONE,BETAMETHASONE,1514,S01CB,S,Corticosteroids/antiinfectives/mydriatics in combination
CALCIPOTRIOL / BETAMETHASONE,BETAMETHASONE,1514,S02BA,S,Corticosteroids
CALCIPOTRIOL / BETAMETHASONE,BETAMETHASONE,1514,S03BA,S,Corticosteroids
CALCIPOTRIOL // BETAMETHASONE,CALCIPOTRIOL,29365,D05AX,D,Other antipsoriatics for topical use
CALCIPOTRIOL // BETAMETHASONE,BETAMETHASONE,1514,A07EA,A,Corticosteroids acting locally
CALCIPOTRIOL // BETAMETHASONE,BETAMETHASONE,1514,C05AA,C,Corticosteroids
CALCIPOTRIOL // BETAMETHASONE,BETAMETHASONE,1514,D07AC,D,"Corticosteroids, potent (group III)"
CALCIPOTRIOL // BETAMETHASONE,BETAMETHASONE,1514,D07XC,D,"Corticosteroids, potent, other combinations"
CALCIPOTRIOL // BETAMETHASONE,BETAMETHASONE,1514,H02AB,H,Glucocorticoids
CALCIPOTRIOL // BETAMETHASONE,BETAMETHASONE,1514,R01AD,R,Corticosteroids
CALCIPOTRIOL // BETAMETHASONE,BETAMETHASONE,1514,R03BA,R,Glucocorticoids
CALCIPOTRIOL // BETAMETHASONE,BETAMETHASONE,1514,S01BA,S,"Corticosteroids, plain"
CALCIPOTRIOL // BETAMETHASONE,BETAMETHASONE,1514,S01CB,S,Corticosteroids/antiinfectives/mydriatics in combination
CALCIPOTRIOL // BETAMETHASONE,BETAMETHASONE,1514,S02BA,S,Corticosteroids
CALCIPOTRIOL // BETAMETHASONE,BETAMETHASONE,1514,S03BA,S,Corticosteroids
CALCITONINE HUMAINE,CALCITONINE HUMAINE,235481,,,
CALCITONINE SYNTHETIQUE DE SAUMON,CALCITONINE SYNTHETIQUE DE SAUMON,36118,H05BA,H,Calcitonin preparations
CALCIUM,CALCIUM,1895,,,
CALCIUM (ACETATE),CALCIUM (ACETATE),214342,V03AE,V,Drugs for treatment of hyperkalemia and hyperphosphatemia
CALCIUM (BROMO GALACTO GLUCONATE),CALCIUM (BROMO GALACTO GLUCONATE),1908,A12AA,A,Calcium
CALCIUM (BROMO GALACTO GLUCONATE),CALCIUM (BROMO GALACTO GLUCONATE),1908,B05XA,B,Electrolyte solutions
CALCIUM (BROMO GALACTO GLUCONATE),CALCIUM (BROMO GALACTO GLUCONATE),1908,D11AX,D,Other dermatologicals
CALCIUM (BROMURE) // CALCIUM (LACTATE),CALCIUM (BROMURE) // CALCIUM (LACTATE),47622,A12AA,A,Calcium
CALCIUM (CARBONATE),CALCIUM (CARBONATE),1897,A02AC,A,Calcium compounds
CALCIUM (CARBONATE),CALCIUM (CARBONATE),1897,A12AA,A,Calcium
CALCIUM (CARBONATE) // CALCIUM (GLUCONOLACTATE),CALCIUM (CARBONATE) // CALCIUM (GLUCONOLACTATE),1897,A02AC,A,Calcium compounds
CALCIUM (CARBONATE) // CALCIUM (GLUCONOLACTATE),CALCIUM (CARBONATE) // CALCIUM (GLUCONOLACTATE),1897,A12AA,A,Calcium
CALCIUM (CARBONATE) // MAGNESIUM (CARBONATE),CALCIUM (CARBONATE) // MAGNESIUM (CARBONATE),214346,A02AC,A,Calcium compounds
CALCIUM (CARBONATE) // MAGNESIUM (CARBONATE),CALCIUM (CARBONATE) // MAGNESIUM (CARBONATE),214346,A12AA,A,Calcium
CALCIUM (CARBONATE) // MAGNESIUM (CARBONATE),CALCIUM (CARBONATE) // MAGNESIUM (CARBONATE),214346,A02AA,A,Magnesium compounds
CALCIUM (CARBONATE) // MAGNESIUM (CARBONATE),CALCIUM (CARBONATE) // MAGNESIUM (CARBONATE),214346,A06AD,A,Osmotically acting laxatives
CALCIUM (CARBONATE) // VITAMINE D3,CALCIUM (CARBONATE) // VITAMINE D3,608343,A02AC,A,Calcium compounds
CALCIUM (CARBONATE) // VITAMINE D3,CALCIUM (CARBONATE) // VITAMINE D3,608343,A12AA,A,Calcium
CALCIUM (CARBONATE) // VITAMINE D3,CALCIUM (CARBONATE) // VITAMINE D3,608343,A11CC,A,Vitamin D and analogues
CALCIUM (CARBONATE) // VITAMINE D3 (CHOLECALCIFEROL),CALCIUM (CARBONATE) // VITAMINE D3 (CHOLECALCIFEROL),608343,A02AC,A,Calcium compounds
CALCIUM (CARBONATE) // VITAMINE D3 (CHOLECALCIFEROL),CALCIUM (CARBONATE) // VITAMINE D3 (CHOLECALCIFEROL),608343,A12AA,A,Calcium
CALCIUM (CARBONATE) // VITAMINE D3 (CHOLECALCIFEROL),CALCIUM (CARBONATE) // VITAMINE D3 (CHOLECALCIFEROL),608343,A11CC,A,Vitamin D and analogues
CALCIUM (GLUCOHEPTONATE),CALCIUM (GLUCOHEPTONATE),47618,A12AA,A,Calcium
CALCIUM (GLUCOHEPTONATE) // CALCIUM (GLUCONATE),CALCIUM (GLUCOHEPTONATE) // CALCIUM (GLUCONATE),47618,A12AA,A,Calcium
CALCIUM (GLUCOHEPTONATE) // CALCIUM (GLUCONATE) // CALCIUM (CHLORURE),CALCIUM (GLUCOHEPTONATE) // CALCIUM (GLUCONATE) // CALCIUM (CHLORURE),47618,A12AA,A,Calcium
CALCIUM (GLUCONATE) // CALCIUM (LACTOBIONATE),CALCIUM (GLUCONATE) // CALCIUM (LACTOBIONATE),817172,A12AA,A,Calcium
CALCIUM (GLUCONATE) // CALCIUM (LACTOBIONATE),CALCIUM (GLUCONATE) // CALCIUM (LACTOBIONATE),817172,B05XA,B,Electrolyte solutions
CALCIUM (GLUCONATE) // CALCIUM (LACTOBIONATE),CALCIUM (GLUCONATE) // CALCIUM (LACTOBIONATE),817172,D11AX,D,Other dermatologicals
CALCIUM (PIDOLATE),CALCIUM (PIDOLATE),87393,,,
CALCIUM / COLECALCIFEROL (VITAMINE D3),CALCIUM / COLECALCIFEROL (VITAMINE D3),2418,A11CC,A,Vitamin D and analogues
CALCIUM / FER,CALCIUM,1895,,,
CALCIUM / FER,FER,90176,,,
CALCIUM // VITAMINE D3 (CHOLECALCIFEROL),CALCIUM // VITAMINE D3 (CHOLECALCIFEROL),2418,A11CC,A,Vitamin D and analogues
CALCIUM CARBASALATE,CALCIUM CARBASALATE,1895,,,
CALCIUM CARBONATE,CALCIUM CARBONATE,1897,A02AC,A,Calcium compounds
CALCIUM CARBONATE,CALCIUM CARBONATE,1897,A12AA,A,Calcium
CALCIUM CARBONATE / COLECALCIFEROL (VITAMINE D3),CALCIUM CARBONATE / COLECALCIFEROL (VITAMINE D3),2418,A11CC,A,Vitamin D and analogues
CALCIUM FOLINATE PENTAHYDRATE,CALCIUM FOLINATE PENTAHYDRATE,225852,V03AF,V,Detoxifying agents for antineoplastic treatment
CALCIUM POLYSTYRENE SULFONATE,CALCIUM POLYSTYRENE SULFONATE,47630,,,
CAMPHRE,CAMPHRE,2395761,,,
CAMPHRE OFFICINAL,CAMPHRE OFFICINAL,124150,,,
CAMPHRE RACEMIQUE,CAMPHRE RACEMIQUE,1430390,,,
CANAGLIFLOZINE,CANAGLIFLOZINE,1373458,A10BK,A,Sodium-glucose co-transporter 2 (SGLT2) inhibitors
CANAGLIFLOZINE,CANAGLIFLOZINE,1373458,A10BD,A,Combinations of oral blood glucose lowering drugs
CANDESARTAN,CANDESARTAN,214354,C09CA,C,"Angiotensin II receptor blockers (ARBs), plain"
CANDESARTAN / HYDROCHLOROTHIAZIDE,CANDESARTAN,214354,C09CA,C,"Angiotensin II receptor blockers (ARBs), plain"
CANDESARTAN / HYDROCHLOROTHIAZIDE,HYDROCHLOROTHIAZIDE,5487,C09XA,C,Renin-inhibitors
CANDESARTAN / HYDROCHLOROTHIAZIDE,HYDROCHLOROTHIAZIDE,5487,C03AA,C,"Thiazides, plain"
CANDESARTAN / HYDROCHLOROTHIAZIDE,HYDROCHLOROTHIAZIDE,5487,C09DX,C,"Angiotensin II receptor blockers (ARBs), other combinations"
CANDESARTAN // HYDROCHLOROTHIAZIDE,CANDESARTAN,214354,C09CA,C,"Angiotensin II receptor blockers (ARBs), plain"
CANDESARTAN // HYDROCHLOROTHIAZIDE,HYDROCHLOROTHIAZIDE,5487,C09XA,C,Renin-inhibitors
CANDESARTAN // HYDROCHLOROTHIAZIDE,HYDROCHLOROTHIAZIDE,5487,C03AA,C,"Thiazides, plain"
CANDESARTAN // HYDROCHLOROTHIAZIDE,HYDROCHLOROTHIAZIDE,5487,C09DX,C,"Angiotensin II receptor blockers (ARBs), other combinations"
CANDESARTAN CILEXETIL,CANDESARTAN CILEXETIL,135481,C09CA,C,"Angiotensin II receptor blockers (ARBs), plain"
CANDESARTAN CILEXETIL // AMLODIPINE (BESYLATE),CANDESARTAN CILEXETIL // AMLODIPINE (BESYLATE),135481,C09CA,C,"Angiotensin II receptor blockers (ARBs), plain"
CANDESARTAN CILEXETIL // HYDROCHLOROTHIAZIDE,CANDESARTAN CILEXETIL,135481,C09CA,C,"Angiotensin II receptor blockers (ARBs), plain"
CANDESARTAN CILEXETIL // HYDROCHLOROTHIAZIDE,HYDROCHLOROTHIAZIDE,5487,C09XA,C,Renin-inhibitors
CANDESARTAN CILEXETIL // HYDROCHLOROTHIAZIDE,HYDROCHLOROTHIAZIDE,5487,C03AA,C,"Thiazides, plain"
CANDESARTAN CILEXETIL // HYDROCHLOROTHIAZIDE,HYDROCHLOROTHIAZIDE,5487,C09DX,C,"Angiotensin II receptor blockers (ARBs), other combinations"
CANNABIDIOL,CANNABIDIOL,2045371,N03AX,N,Other antiepileptics
CAPECITABINE,CAPECITABINE,194000,L01BC,L,Pyrimidine analogues
CAPSICINE,CAPSICINE,1992,M02AB,M,Capsaicin and similar agents
CAPSICINE,CAPSICINE,1992,N01BX,N,Other local anesthetics
CAPSICINE / HISTAMINE / MEPHENESINE,CAPSICINE,1992,M02AB,M,Capsaicin and similar agents
CAPSICINE / HISTAMINE / MEPHENESINE,CAPSICINE,1992,N01BX,N,Other local anesthetics
CAPSICINE / HISTAMINE / MEPHENESINE,HISTAMINE,5333,L03AX,L,Other immunostimulants
CAPSICINE / HISTAMINE / MEPHENESINE,HISTAMINE,5333,V04CG,V,Tests for gastric secretion
CAPSICINE / HISTAMINE / MEPHENESINE,MEPHENESINE,6755,M03BX,M,Other centrally acting agents
CAPTOPRIL,CAPTOPRIL,1998,C09AA,C,"ACE inhibitors, plain"
CAPTOPRIL / HYDROCHLOROTHIAZIDE,CAPTOPRIL,1998,C09AA,C,"ACE inhibitors, plain"
CAPTOPRIL / HYDROCHLOROTHIAZIDE,HYDROCHLOROTHIAZIDE,5487,C09XA,C,Renin-inhibitors
CAPTOPRIL / HYDROCHLOROTHIAZIDE,HYDROCHLOROTHIAZIDE,5487,C03AA,C,"Thiazides, plain"
CAPTOPRIL / HYDROCHLOROTHIAZIDE,HYDROCHLOROTHIAZIDE,5487,C09DX,C,"Angiotensin II receptor blockers (ARBs), other combinations"
CARBAMAZEPINE,CARBAMAZEPINE,2002,N03AF,N,Carboxamide derivatives
CARBETOCINE,CARBETOCINE,,,,
CARBIDOPA,CARBIDOPA,2019,,,
CARBIMAZOLE,CARBIMAZOLE,2020,H03BB,H,Sulfur-containing imidazole derivatives
CARBOCISTEINE,CARBOCISTEINE,2023,R05CB,R,Mucolytics
CARBOCYSTEINE,CARBOCYSTEINE,2023,R05CB,R,Mucolytics
CARBOCYSTEINE / PROMETHAZINE,CARBOCYSTEINE,2023,R05CB,R,Mucolytics
CARBOCYSTEINE / PROMETHAZINE,PROMETHAZINE,8745,D04AA,D,Antihistamines for topical use
CARBOCYSTEINE / PROMETHAZINE,PROMETHAZINE,8745,R06AD,R,Phenothiazine derivatives
CARBOMERE 474 P,CARBOMERE 474 P,1363568,,,
CARBOMERE 974 P,CARBOMERE 974 P,1363568,,,
CARBOMERE 974P,CARBOMERE 974P,1363568,,,
CARBOMERE 980,CARBOMERE 980,1305738,,,
CARBONATE DE CALCIUM,CARBONATE DE CALCIUM,1897,A02AC,A,Calcium compounds
CARBONATE DE CALCIUM,CARBONATE DE CALCIUM,1897,A12AA,A,Calcium
CARBONATE DE CALCIUM / CARBONATE DE MAGNESIUM,CARBONATE DE CALCIUM,1897,A02AC,A,Calcium compounds
CARBONATE DE CALCIUM / CARBONATE DE MAGNESIUM,CARBONATE DE CALCIUM,1897,A12AA,A,Calcium
CARBONATE DE CALCIUM / CARBONATE DE MAGNESIUM,CARBONATE DE MAGNESIUM,29155,A02AD,A,"Combinations and complexes of aluminium, calcium and magnesium compounds"
CARBONATE DE CALCIUM / CARBONATE DE MAGNESIUM,CARBONATE DE MAGNESIUM,29155,V03AE,V,Drugs for treatment of hyperkalemia and hyperphosphatemia
CARBONATE DE CALCIUM / CARBONATE DE MAGNESIUM,CARBONATE DE MAGNESIUM,29155,A02AA,A,Magnesium compounds
CARBONATE DE CALCIUM / CARBONATE DE MAGNESIUM,CARBONATE DE MAGNESIUM,29155,A06AD,A,Osmotically acting laxatives
CARBONATE DE MAGNESIUM,CARBONATE DE MAGNESIUM,29155,A02AD,A,"Combinations and complexes of aluminium, calcium and magnesium compounds"
CARBONATE DE MAGNESIUM,CARBONATE DE MAGNESIUM,29155,V03AE,V,Drugs for treatment of hyperkalemia and hyperphosphatemia
CARBONATE DE MAGNESIUM,CARBONATE DE MAGNESIUM,29155,A02AA,A,Magnesium compounds
CARBONATE DE MAGNESIUM,CARBONATE DE MAGNESIUM,29155,A06AD,A,Osmotically acting laxatives
CARBOPLATINE,CARBOPLATINE,40048,L01XA,L,Platinum compounds
CARFILZOMIB,CARFILZOMIB,1302966,L01XG,L,Proteasome inhibitors
CARIPRAZINE (CHLORHYDRATE),CARIPRAZINE (CHLORHYDRATE),1667655,N05AX,N,Other antipsychotics
CARMELLOSE,CARMELLOSE,2062,,,
CARMELLOSE (SODIQUE),CARMELLOSE (SODIQUE),2062,,,
CARMUSTINE,CARMUSTINE,2105,L01AD,L,Nitrosoureas
CAROTENE,CAROTENE,19143,A11CA,A,"Vitamin A, plain"
CAROTENE,CAROTENE,19143,D02BB,D,Protectives against UV-radiation for systemic use
CARRAGHENATE // ZINC (OXYDE) // DIOXYDE DE TITANE,CARRAGHENATE // ZINC (OXYDE) // DIOXYDE DE TITANE,11423,,,
CARRAGHENATE // ZINC (OXYDE) // DIOXYDE DE TITANE // LIDOCAINE,CARRAGHENATE // ZINC (OXYDE) // DIOXYDE DE TITANE // LIDOCAINE,11423,,,
CARRAGHENATES,CARRAGHENATES,,,,
CARRAGHENATES / DIOXYDE DE TITANE,CARRAGHENATES,,,,
CARRAGHENATES / DIOXYDE DE TITANE,DIOXYDE DE TITANE,260039,,,
CARTEOLOL,CARTEOLOL,2116,C07AA,C,"Beta blocking agents, non-selective"
CARTEOLOL,CARTEOLOL,2116,S01ED,S,Beta blocking agents
CARTEOLOL (CHLORHYDRATE),CARTEOLOL (CHLORHYDRATE),2116,C07AA,C,"Beta blocking agents, non-selective"
CARTEOLOL (CHLORHYDRATE),CARTEOLOL (CHLORHYDRATE),2116,S01ED,S,Beta blocking agents
CARVEDILOL,CARVEDILOL,20352,C07AG,C,Alpha and beta blocking agents
CARVEDILOL // IVABRADINE,CARVEDILOL,20352,C07AG,C,Alpha and beta blocking agents
CARVEDILOL // IVABRADINE,IVABRADINE,1649480,C01EB,C,Other cardiac preparations
CASCARA,CASCARA,66869,A06AB,A,Contact laxatives
CASPOFUNGINE,CASPOFUNGINE,140108,J02AX,J,Other antimycotics for systemic use
CASPOFUNGINE (ACETATE),CASPOFUNGINE (ACETATE),282363,J02AX,J,Other antimycotics for systemic use
CATALASE,CATALASE,2133,,,
CATALASE / HEXAMIDINE,CATALASE,2133,,,
CATALASE / HEXAMIDINE,HEXAMIDINE,26849,D08AC,D,Biguanides and amidines
CATALASE / HEXAMIDINE,HEXAMIDINE,26849,R01AX,R,Other nasal preparations
CATALASE / HEXAMIDINE,HEXAMIDINE,26849,R02AA,R,Antiseptics
CATALASE / HEXAMIDINE,HEXAMIDINE,26849,S01AX,S,Other antiinfectives
CATALASE / HEXAMIDINE,HEXAMIDINE,26849,S03AA,S,Antiinfectives
CATALASE / NEOMYCINE,CATALASE,2133,,,
CATALASE / NEOMYCINE,NEOMYCINE,7299,A01AB,A,Antiinfectives and antiseptics for local oral treatment
CATALASE / NEOMYCINE,NEOMYCINE,7299,A07AA,A,Antibiotics
CATALASE / NEOMYCINE,NEOMYCINE,7299,B05CA,B,Antiinfectives
CATALASE / NEOMYCINE,NEOMYCINE,7299,D06AX,D,Other antibiotics for topical use
CATALASE / NEOMYCINE,NEOMYCINE,7299,J01GB,J,Other aminoglycosides
CATALASE / NEOMYCINE,NEOMYCINE,7299,R02AB,R,Antibiotics
CATALASE / NEOMYCINE,NEOMYCINE,7299,S01AA,S,Antibiotics
CATALASE / NEOMYCINE,NEOMYCINE,7299,S02AA,S,Antiinfectives
CATALASE / NEOMYCINE,NEOMYCINE,7299,S03AA,S,Antiinfectives
CATALASE DE FOIE DE CHEVAL // NEOMYCINE,CATALASE DE FOIE DE CHEVAL,3390,G03CB,G,"Synthetic estrogens, plain"
CATALASE DE FOIE DE CHEVAL // NEOMYCINE,CATALASE DE FOIE DE CHEVAL,3390,G03CC,G,"Estrogens, combinations with other drugs"
CATALASE DE FOIE DE CHEVAL // NEOMYCINE,CATALASE DE FOIE DE CHEVAL,3390,L02AA,L,Estrogens
CATALASE DE FOIE DE CHEVAL // NEOMYCINE,NEOMYCINE,7299,A01AB,A,Antiinfectives and antiseptics for local oral treatment
CATALASE DE FOIE DE CHEVAL // NEOMYCINE,NEOMYCINE,7299,A07AA,A,Antibiotics
CATALASE DE FOIE DE CHEVAL // NEOMYCINE,NEOMYCINE,7299,B05CA,B,Antiinfectives
CATALASE DE FOIE DE CHEVAL // NEOMYCINE,NEOMYCINE,7299,D06AX,D,Other antibiotics for topical use
CATALASE DE FOIE DE CHEVAL // NEOMYCINE,NEOMYCINE,7299,J01GB,J,Other aminoglycosides
CATALASE DE FOIE DE CHEVAL // NEOMYCINE,NEOMYCINE,7299,R02AB,R,Antibiotics
CATALASE DE FOIE DE CHEVAL // NEOMYCINE,NEOMYCINE,7299,S01AA,S,Antibiotics
CATALASE DE FOIE DE CHEVAL // NEOMYCINE,NEOMYCINE,7299,S02AA,S,Antiinfectives
CATALASE DE FOIE DE CHEVAL // NEOMYCINE,NEOMYCINE,7299,S03AA,S,Antiinfectives
CEFACLOR,CEFACLOR,2176,J01DC,J,Second-generation cephalosporins
CEFADROXIL,CEFADROXIL,2177,J01DB,J,First-generation cephalosporins
CEFALEXINE,CEFALEXINE,2231,J01DB,J,First-generation cephalosporins
CEFALOTINE,CEFALOTINE,2236,J01DB,J,First-generation cephalosporins
CEFALOTINE (SODIQUE),CEFALOTINE (SODIQUE),2236,J01DB,J,First-generation cephalosporins
CEFATRIZINE,CEFATRIZINE,2179,J01DB,J,First-generation cephalosporins
CEFAZOLINE,CEFAZOLINE,2180,J01DB,J,First-generation cephalosporins
CEFDITOREN PIVOXIL,CEFDITOREN PIVOXIL,72611,J01DD,J,Third-generation cephalosporins
CEFEPIME,CEFEPIME,20481,J01DE,J,Fourth-generation cephalosporins
CEFIXIME,CEFIXIME,25033,J01DD,J,Third-generation cephalosporins
CEFIXIME (TRIHYDRATE),CEFIXIME (TRIHYDRATE),25033,J01DD,J,Third-generation cephalosporins
CEFOTAXIME,CEFOTAXIME,2186,J01DD,J,Third-generation cephalosporins
CEFOTAXIME (SODIQUE),CEFOTAXIME (SODIQUE),2186,J01DD,J,Third-generation cephalosporins
CEFOTETAN,CEFOTETAN,2187,J01DC,J,Second-generation cephalosporins
CEFPODOXIME,CEFPODOXIME,20489,J01DD,J,Third-generation cephalosporins
CEFPODOXIME PROXETIL,CEFPODOXIME PROXETIL,47835,J01DD,J,Third-generation cephalosporins
CEFTAROLINE FOSAMIL,CEFTAROLINE FOSAMIL,1040004,J01DI,J,Other cephalosporins and penems
CEFTAZIDIME,CEFTAZIDIME,2191,J01DD,J,Third-generation cephalosporins
CEFTAZIDIME (PENTAHYDRATE),CEFTAZIDIME (PENTAHYDRATE),235552,J01DD,J,Third-generation cephalosporins
CEFTAZIDIME (PENTAHYDRATEE),CEFTAZIDIME (PENTAHYDRATEE),235552,J01DD,J,Third-generation cephalosporins
CEFTAZIDIME // AVIBACTAM,CEFTAZIDIME,2191,J01DD,J,Third-generation cephalosporins
CEFTAZIDIME // AVIBACTAM,AVIBACTAM,1603834,,,
CEFTOBIPROLE MEDOCARIL,CEFTOBIPROLE MEDOCARIL,2691334,,,
CEFTOLOZANE // TAZOBACTAM,CEFTOLOZANE,1597609,,,
CEFTOLOZANE // TAZOBACTAM,TAZOBACTAM,37617,J01CG,J,Beta-lactamase inhibitors
CEFTRIAXONE,CEFTRIAXONE,2193,J01DD,J,Third-generation cephalosporins
CEFTRIAXONE (SODIQUE),CEFTRIAXONE (SODIQUE),2193,J01DD,J,Third-generation cephalosporins
CEFUROXIME,CEFUROXIME,2194,J01DC,J,Second-generation cephalosporins
CEFUROXIME,CEFUROXIME,2194,S01AA,S,Antibiotics
CEFUROXIME (SODIQUE),CEFUROXIME (SODIQUE),2194,J01DC,J,Second-generation cephalosporins
CEFUROXIME (SODIQUE),CEFUROXIME (SODIQUE),2194,S01AA,S,Antibiotics
CEFUROXIME AXETIL,CEFUROXIME AXETIL,20493,J01DC,J,Second-generation cephalosporins
CEFUROXIME AXETIL,CEFUROXIME AXETIL,20493,S01AA,S,Antibiotics
CELECOXIB,CELECOXIB,140587,L01XX,L,Other antineoplastic agents
CELECOXIB,CELECOXIB,140587,M01AH,M,Coxibs
CELECOXIB,CELECOXIB,140587,C08CA,C,Dihydropyridine derivatives
CELECOXIB,CELECOXIB,140587,N02AJ,N,Opioids in combination with non-opioid analgesics
CELLULOSE OXYDEE,CELLULOSE OXYDEE,2221,B02BC,B,Local hemostatics
CELLULOSE OXYDEE,CELLULOSE OXYDEE,2221,V03AG,V,Drugs for treatment of hypercalcemia
CENTELLA ASIATICA,CENTELLA ASIATICA,1310164,,,
CERTOLIZUMAB PEGOL,CERTOLIZUMAB PEGOL,709271,L04AB,L,Tumor necrosis factor alpha (TNF-alpha) inhibitors
CERTOPARINE,CERTOPARINE,152610,,,
CETIRIZINE,CETIRIZINE,20610,R06AE,R,Piperazine derivatives
CETIRIZINE,CETIRIZINE,20610,S01GX,S,Other antiallergics
CETIRIZINE (DICHLORHYDRATE),CETIRIZINE (DICHLORHYDRATE),20610,R06AE,R,Piperazine derivatives
CETIRIZINE (DICHLORHYDRATE),CETIRIZINE (DICHLORHYDRATE),20610,S01GX,S,Other antiallergics
CETRIMIDE,CETRIMIDE,2284,,,
CETRORELIX,CETRORELIX,68147,H01CC,H,Anti-gonadotropin-releasing hormones
CETRORELIX ACETATE,CETRORELIX ACETATE,259338,H01CC,H,Anti-gonadotropin-releasing hormones
CETUXIMAB,CETUXIMAB,318341,L01FE,L,EGFR (Epidermal Growth Factor Receptor) inhibitors
CETYLLPYRIDINIUM,CETYLLPYRIDINIUM,2286,B05CA,B,Antiinfectives
CETYLLPYRIDINIUM,CETYLLPYRIDINIUM,2286,D08AJ,D,Quaternary ammonium compounds
CETYLLPYRIDINIUM,CETYLLPYRIDINIUM,2286,D09AA,D,Medicated dressings with antiinfectives
CETYLLPYRIDINIUM,CETYLLPYRIDINIUM,2286,R02AA,R,Antiseptics
CETYLLPYRIDINIUM / CHLOROBUTANOL HEMYDRATE,CETYLLPYRIDINIUM,2286,B05CA,B,Antiinfectives
CETYLLPYRIDINIUM / CHLOROBUTANOL HEMYDRATE,CETYLLPYRIDINIUM,2286,D08AJ,D,Quaternary ammonium compounds
CETYLLPYRIDINIUM / CHLOROBUTANOL HEMYDRATE,CETYLLPYRIDINIUM,2286,D09AA,D,Medicated dressings with antiinfectives
CETYLLPYRIDINIUM / CHLOROBUTANOL HEMYDRATE,CETYLLPYRIDINIUM,2286,R02AA,R,Antiseptics
CETYLLPYRIDINIUM / CHLOROBUTANOL HEMYDRATE,CHLOROBUTANOL HEMYDRATE,1309399,A04AD,A,Other antiemetics
CETYLPYRIDINIUM,CETYLPYRIDINIUM,2286,B05CA,B,Antiinfectives
CETYLPYRIDINIUM,CETYLPYRIDINIUM,2286,D08AJ,D,Quaternary ammonium compounds
CETYLPYRIDINIUM,CETYLPYRIDINIUM,2286,D09AA,D,Medicated dressings with antiinfectives
CETYLPYRIDINIUM,CETYLPYRIDINIUM,2286,R02AA,R,Antiseptics
CHARBON ACTIVE,CHARBON ACTIVE,272,A07BA,A,Charcoal preparations
CHARBON ACTIVE / DIMETICONE,CHARBON ACTIVE,272,A07BA,A,Charcoal preparations
CHARBON ACTIVE / DIMETICONE,DIMETICONE,324072,P03AX,P,"Other ectoparasiticides, incl. scabicides"
CHARBON ACTIVE / PAPAVERINE,CHARBON ACTIVE,272,A07BA,A,Charcoal preparations
CHARBON ACTIVE / PAPAVERINE,PAPAVERINE,7895,A03AD,A,Papaverine and derivatives
CHARBON ACTIVE / PAPAVERINE,PAPAVERINE,7895,G04BE,G,Drugs used in erectile dysfunction
CHARBON ACTIVE // DIMETICONE,CHARBON ACTIVE,272,A07BA,A,Charcoal preparations
CHARBON ACTIVE // DIMETICONE,DIMETICONE,324072,P03AX,P,"Other ectoparasiticides, incl. scabicides"
CHARBON ACTIVE // PAPAVERINE (CHLORHYDRATE ),CHARBON ACTIVE // PAPAVERINE (CHLORHYDRATE ),1008206,A07BA,A,Charcoal preparations
CHARBON ACTIVE // PAPAVERINE (CHLORHYDRATE ),CHARBON ACTIVE // PAPAVERINE (CHLORHYDRATE ),1008206,A03AD,A,Papaverine and derivatives
CHARBON ACTIVE // PAPAVERINE (CHLORHYDRATE ),CHARBON ACTIVE // PAPAVERINE (CHLORHYDRATE ),1008206,G04BE,G,Drugs used in erectile dysfunction
CHARBON VEGETAL,CHARBON VEGETAL,1309225,,,
CHARBON VEGETAL // EXTRAIT DE RHUBARBE // FEUILLES DE SENE // SOUFRE,CHARBON VEGETAL,1309225,,,
CHARBON VEGETAL // EXTRAIT DE RHUBARBE // FEUILLES DE SENE // SOUFRE,EXTRAIT DE RHUBARBE,91266,,,
CHARBON VEGETAL // EXTRAIT DE RHUBARBE // FEUILLES DE SENE // SOUFRE,FEUILLES DE SENE,260039,,,
CHARBON VEGETAL // EXTRAIT DE RHUBARBE // FEUILLES DE SENE // SOUFRE,SOUFRE,,,,
CHLORAMPHENICOL,CHLORAMPHENICOL,2348,D06AX,D,Other antibiotics for topical use
CHLORAMPHENICOL,CHLORAMPHENICOL,2348,D10AF,D,Antiinfectives for treatment of acne
CHLORAMPHENICOL,CHLORAMPHENICOL,2348,G01AA,G,Antibiotics
CHLORAMPHENICOL,CHLORAMPHENICOL,2348,J01BA,J,Amphenicols
CHLORAMPHENICOL,CHLORAMPHENICOL,2348,S01AA,S,Antibiotics
CHLORAMPHENICOL,CHLORAMPHENICOL,2348,S02AA,S,Antiinfectives
CHLORAMPHENICOL,CHLORAMPHENICOL,2348,S03AA,S,Antiinfectives
CHLORAMPHENICOL / BISMUTH SUCCINATE,CHLORAMPHENICOL,2348,D06AX,D,Other antibiotics for topical use
CHLORAMPHENICOL / BISMUTH SUCCINATE,CHLORAMPHENICOL,2348,D10AF,D,Antiinfectives for treatment of acne
CHLORAMPHENICOL / BISMUTH SUCCINATE,CHLORAMPHENICOL,2348,G01AA,G,Antibiotics
CHLORAMPHENICOL / BISMUTH SUCCINATE,CHLORAMPHENICOL,2348,J01BA,J,Amphenicols
CHLORAMPHENICOL / BISMUTH SUCCINATE,CHLORAMPHENICOL,2348,S01AA,S,Antibiotics
CHLORAMPHENICOL / BISMUTH SUCCINATE,CHLORAMPHENICOL,2348,S02AA,S,Antiinfectives
CHLORAMPHENICOL / BISMUTH SUCCINATE,CHLORAMPHENICOL,2348,S03AA,S,Antiinfectives
CHLORAMPHENICOL / BISMUTH SUCCINATE,BISMUTH SUCCINATE,1599,,,
CHLORBUTANOL,CHLORBUTANOL,2378,A04AD,A,Other antiemetics
CHLORDIAZEPOXIDE,CHLORDIAZEPOXIDE,2356,N05BA,N,Benzodiazepine derivatives
CHLORDIAZEPOXIDE // CLIDINIUM (BROMURE),CHLORDIAZEPOXIDE // CLIDINIUM (BROMURE),48212,,,
CHLORHEXIDINE,CHLORHEXIDINE,2358,A01AB,A,Antiinfectives and antiseptics for local oral treatment
CHLORHEXIDINE,CHLORHEXIDINE,2358,B05CA,B,Antiinfectives
CHLORHEXIDINE,CHLORHEXIDINE,2358,D08AC,D,Biguanides and amidines
CHLORHEXIDINE,CHLORHEXIDINE,2358,D09AA,D,Medicated dressings with antiinfectives
CHLORHEXIDINE,CHLORHEXIDINE,2358,R02AA,R,Antiseptics
CHLORHEXIDINE,CHLORHEXIDINE,2358,S01AX,S,Other antiinfectives
CHLORHEXIDINE,CHLORHEXIDINE,2358,S02AA,S,Antiinfectives
CHLORHEXIDINE,CHLORHEXIDINE,2358,S03AA,S,Antiinfectives
CHLORHEXIDINE (DIGLUCONATE),CHLORHEXIDINE (DIGLUCONATE),20791,A01AB,A,Antiinfectives and antiseptics for local oral treatment
CHLORHEXIDINE (DIGLUCONATE),CHLORHEXIDINE (DIGLUCONATE),20791,B05CA,B,Antiinfectives
CHLORHEXIDINE (DIGLUCONATE),CHLORHEXIDINE (DIGLUCONATE),20791,D08AC,D,Biguanides and amidines
CHLORHEXIDINE (DIGLUCONATE),CHLORHEXIDINE (DIGLUCONATE),20791,D09AA,D,Medicated dressings with antiinfectives
CHLORHEXIDINE (DIGLUCONATE),CHLORHEXIDINE (DIGLUCONATE),20791,R02AA,R,Antiseptics
CHLORHEXIDINE (DIGLUCONATE),CHLORHEXIDINE (DIGLUCONATE),20791,S01AX,S,Other antiinfectives
CHLORHEXIDINE (DIGLUCONATE),CHLORHEXIDINE (DIGLUCONATE),20791,S02AA,S,Antiinfectives
CHLORHEXIDINE (DIGLUCONATE),CHLORHEXIDINE (DIGLUCONATE),20791,S03AA,S,Antiinfectives
CHLORHEXIDINE (DIGLUCONATE) // BENZALKONIUM (CHLORURE),CHLORHEXIDINE (DIGLUCONATE) // BENZALKONIUM (CHLORURE),20791,A01AB,A,Antiinfectives and antiseptics for local oral treatment
CHLORHEXIDINE (DIGLUCONATE) // BENZALKONIUM (CHLORURE),CHLORHEXIDINE (DIGLUCONATE) // BENZALKONIUM (CHLORURE),20791,B05CA,B,Antiinfectives
CHLORHEXIDINE (DIGLUCONATE) // BENZALKONIUM (CHLORURE),CHLORHEXIDINE (DIGLUCONATE) // BENZALKONIUM (CHLORURE),20791,D08AC,D,Biguanides and amidines
CHLORHEXIDINE (DIGLUCONATE) // BENZALKONIUM (CHLORURE),CHLORHEXIDINE (DIGLUCONATE) // BENZALKONIUM (CHLORURE),20791,D09AA,D,Medicated dressings with antiinfectives
CHLORHEXIDINE (DIGLUCONATE) // BENZALKONIUM (CHLORURE),CHLORHEXIDINE (DIGLUCONATE) // BENZALKONIUM (CHLORURE),20791,R02AA,R,Antiseptics
CHLORHEXIDINE (DIGLUCONATE) // BENZALKONIUM (CHLORURE),CHLORHEXIDINE (DIGLUCONATE) // BENZALKONIUM (CHLORURE),20791,S01AX,S,Other antiinfectives
CHLORHEXIDINE (DIGLUCONATE) // BENZALKONIUM (CHLORURE),CHLORHEXIDINE (DIGLUCONATE) // BENZALKONIUM (CHLORURE),20791,S02AA,S,Antiinfectives
CHLORHEXIDINE (DIGLUCONATE) // BENZALKONIUM (CHLORURE),CHLORHEXIDINE (DIGLUCONATE) // BENZALKONIUM (CHLORURE),20791,S03AA,S,Antiinfectives
CHLORHEXIDINE (DIGLUCONATE) // CHLOROCRESOL // HEXAMIDINE (DI-ISETHIONATE),CHLORHEXIDINE (DIGLUCONATE) // CHLOROCRESOL // HEXAMIDINE (DI-ISETHIONATE),1939371,D08AC,D,Biguanides and amidines
CHLORHEXIDINE (DIGLUCONATE) // CHLOROCRESOL // HEXAMIDINE (DI-ISETHIONATE),CHLORHEXIDINE (DIGLUCONATE) // CHLOROCRESOL // HEXAMIDINE (DI-ISETHIONATE),1939371,R01AX,R,Other nasal preparations
CHLORHEXIDINE (DIGLUCONATE) // CHLOROCRESOL // HEXAMIDINE (DI-ISETHIONATE),CHLORHEXIDINE (DIGLUCONATE) // CHLOROCRESOL // HEXAMIDINE (DI-ISETHIONATE),1939371,R02AA,R,Antiseptics
CHLORHEXIDINE (DIGLUCONATE) // CHLOROCRESOL // HEXAMIDINE (DI-ISETHIONATE),CHLORHEXIDINE (DIGLUCONATE) // CHLOROCRESOL // HEXAMIDINE (DI-ISETHIONATE),1939371,S01AX,S,Other antiinfectives
CHLORHEXIDINE (DIGLUCONATE) // CHLOROCRESOL // HEXAMIDINE (DI-ISETHIONATE),CHLORHEXIDINE (DIGLUCONATE) // CHLOROCRESOL // HEXAMIDINE (DI-ISETHIONATE),1939371,S03AA,S,Antiinfectives
CHLORHEXIDINE (DIGLUCONATE) // TETRACAINE (CHLORHYDRATE),CHLORHEXIDINE (DIGLUCONATE) // TETRACAINE (CHLORHYDRATE),20791,A01AB,A,Antiinfectives and antiseptics for local oral treatment
CHLORHEXIDINE (DIGLUCONATE) // TETRACAINE (CHLORHYDRATE),CHLORHEXIDINE (DIGLUCONATE) // TETRACAINE (CHLORHYDRATE),20791,B05CA,B,Antiinfectives
CHLORHEXIDINE (DIGLUCONATE) // TETRACAINE (CHLORHYDRATE),CHLORHEXIDINE (DIGLUCONATE) // TETRACAINE (CHLORHYDRATE),20791,D08AC,D,Biguanides and amidines
CHLORHEXIDINE (DIGLUCONATE) // TETRACAINE (CHLORHYDRATE),CHLORHEXIDINE (DIGLUCONATE) // TETRACAINE (CHLORHYDRATE),20791,D09AA,D,Medicated dressings with antiinfectives
CHLORHEXIDINE (DIGLUCONATE) // TETRACAINE (CHLORHYDRATE),CHLORHEXIDINE (DIGLUCONATE) // TETRACAINE (CHLORHYDRATE),20791,R02AA,R,Antiseptics
CHLORHEXIDINE (DIGLUCONATE) // TETRACAINE (CHLORHYDRATE),CHLORHEXIDINE (DIGLUCONATE) // TETRACAINE (CHLORHYDRATE),20791,S01AX,S,Other antiinfectives
CHLORHEXIDINE (DIGLUCONATE) // TETRACAINE (CHLORHYDRATE),CHLORHEXIDINE (DIGLUCONATE) // TETRACAINE (CHLORHYDRATE),20791,S02AA,S,Antiinfectives
CHLORHEXIDINE (DIGLUCONATE) // TETRACAINE (CHLORHYDRATE),CHLORHEXIDINE (DIGLUCONATE) // TETRACAINE (CHLORHYDRATE),20791,S03AA,S,Antiinfectives
CHLORHEXIDINE / BENZALKONIUM,CHLORHEXIDINE,2358,A01AB,A,Antiinfectives and antiseptics for local oral treatment
CHLORHEXIDINE / BENZALKONIUM,CHLORHEXIDINE,2358,B05CA,B,Antiinfectives
CHLORHEXIDINE / BENZALKONIUM,CHLORHEXIDINE,2358,D08AC,D,Biguanides and amidines
CHLORHEXIDINE / BENZALKONIUM,CHLORHEXIDINE,2358,D09AA,D,Medicated dressings with antiinfectives
CHLORHEXIDINE / BENZALKONIUM,CHLORHEXIDINE,2358,R02AA,R,Antiseptics
CHLORHEXIDINE / BENZALKONIUM,CHLORHEXIDINE,2358,S01AX,S,Other antiinfectives
CHLORHEXIDINE / BENZALKONIUM,CHLORHEXIDINE,2358,S02AA,S,Antiinfectives
CHLORHEXIDINE / BENZALKONIUM,CHLORHEXIDINE,2358,S03AA,S,Antiinfectives
CHLORHEXIDINE / BENZALKONIUM,BENZALKONIUM,1378,D08AJ,D,Quaternary ammonium compounds
CHLORHEXIDINE / BENZALKONIUM,BENZALKONIUM,1378,D09AA,D,Medicated dressings with antiinfectives
CHLORHEXIDINE / BENZALKONIUM,BENZALKONIUM,1378,R02AA,R,Antiseptics
CHLORHEXIDINE / CHLORBUTANOL,CHLORHEXIDINE,2358,A01AB,A,Antiinfectives and antiseptics for local oral treatment
CHLORHEXIDINE / CHLORBUTANOL,CHLORHEXIDINE,2358,B05CA,B,Antiinfectives
CHLORHEXIDINE / CHLORBUTANOL,CHLORHEXIDINE,2358,D08AC,D,Biguanides and amidines
CHLORHEXIDINE / CHLORBUTANOL,CHLORHEXIDINE,2358,D09AA,D,Medicated dressings with antiinfectives
CHLORHEXIDINE / CHLORBUTANOL,CHLORHEXIDINE,2358,R02AA,R,Antiseptics
CHLORHEXIDINE / CHLORBUTANOL,CHLORHEXIDINE,2358,S01AX,S,Other antiinfectives
CHLORHEXIDINE / CHLORBUTANOL,CHLORHEXIDINE,2358,S02AA,S,Antiinfectives
CHLORHEXIDINE / CHLORBUTANOL,CHLORHEXIDINE,2358,S03AA,S,Antiinfectives
CHLORHEXIDINE / CHLORBUTANOL,CHLORBUTANOL,2378,A04AD,A,Other antiemetics
CHLORHEXIDINE / HEXAMIDINE / CHLOROCRESOL,CHLORHEXIDINE,2358,A01AB,A,Antiinfectives and antiseptics for local oral treatment
CHLORHEXIDINE / HEXAMIDINE / CHLOROCRESOL,CHLORHEXIDINE,2358,B05CA,B,Antiinfectives
CHLORHEXIDINE / HEXAMIDINE / CHLOROCRESOL,CHLORHEXIDINE,2358,D08AC,D,Biguanides and amidines
CHLORHEXIDINE / HEXAMIDINE / CHLOROCRESOL,CHLORHEXIDINE,2358,D09AA,D,Medicated dressings with antiinfectives
CHLORHEXIDINE / HEXAMIDINE / CHLOROCRESOL,CHLORHEXIDINE,2358,R02AA,R,Antiseptics
CHLORHEXIDINE / HEXAMIDINE / CHLOROCRESOL,CHLORHEXIDINE,2358,S01AX,S,Other antiinfectives
CHLORHEXIDINE / HEXAMIDINE / CHLOROCRESOL,CHLORHEXIDINE,2358,S02AA,S,Antiinfectives
CHLORHEXIDINE / HEXAMIDINE / CHLOROCRESOL,CHLORHEXIDINE,2358,S03AA,S,Antiinfectives
CHLORHEXIDINE / HEXAMIDINE / CHLOROCRESOL,HEXAMIDINE,26849,D08AC,D,Biguanides and amidines
CHLORHEXIDINE / HEXAMIDINE / CHLOROCRESOL,HEXAMIDINE,26849,R01AX,R,Other nasal preparations
CHLORHEXIDINE / HEXAMIDINE / CHLOROCRESOL,HEXAMIDINE,26849,R02AA,R,Antiseptics
CHLORHEXIDINE / HEXAMIDINE / CHLOROCRESOL,HEXAMIDINE,26849,S01AX,S,Other antiinfectives
CHLORHEXIDINE / HEXAMIDINE / CHLOROCRESOL,HEXAMIDINE,26849,S03AA,S,Antiinfectives
CHLORHEXIDINE / HEXAMIDINE / CHLOROCRESOL,CHLOROCRESOL,20823,,,
CHLORHEXIDINE / TETRACAINE,CHLORHEXIDINE,2358,A01AB,A,Antiinfectives and antiseptics for local oral treatment
CHLORHEXIDINE / TETRACAINE,CHLORHEXIDINE,2358,B05CA,B,Antiinfectives
CHLORHEXIDINE / TETRACAINE,CHLORHEXIDINE,2358,D08AC,D,Biguanides and amidines
CHLORHEXIDINE / TETRACAINE,CHLORHEXIDINE,2358,D09AA,D,Medicated dressings with antiinfectives
CHLORHEXIDINE / TETRACAINE,CHLORHEXIDINE,2358,R02AA,R,Antiseptics
CHLORHEXIDINE / TETRACAINE,CHLORHEXIDINE,2358,S01AX,S,Other antiinfectives
CHLORHEXIDINE / TETRACAINE,CHLORHEXIDINE,2358,S02AA,S,Antiinfectives
CHLORHEXIDINE / TETRACAINE,CHLORHEXIDINE,2358,S03AA,S,Antiinfectives
CHLORHEXIDINE / TETRACAINE,TETRACAINE,10391,C05AD,C,Local anesthetics
CHLORHEXIDINE / TETRACAINE,TETRACAINE,10391,D04AB,D,Anesthetics for topical use
CHLORHEXIDINE / TETRACAINE,TETRACAINE,10391,N01BA,N,Esters of aminobenzoic acid
CHLORHEXIDINE / TETRACAINE,TETRACAINE,10391,S01HA,S,Local anesthetics
CHLORHEXIDINE // CHLOROBUTANOL,CHLORHEXIDINE,2358,A01AB,A,Antiinfectives and antiseptics for local oral treatment
CHLORHEXIDINE // CHLOROBUTANOL,CHLORHEXIDINE,2358,B05CA,B,Antiinfectives
CHLORHEXIDINE // CHLOROBUTANOL,CHLORHEXIDINE,2358,D08AC,D,Biguanides and amidines
CHLORHEXIDINE // CHLOROBUTANOL,CHLORHEXIDINE,2358,D09AA,D,Medicated dressings with antiinfectives
CHLORHEXIDINE // CHLOROBUTANOL,CHLORHEXIDINE,2358,R02AA,R,Antiseptics
CHLORHEXIDINE // CHLOROBUTANOL,CHLORHEXIDINE,2358,S01AX,S,Other antiinfectives
CHLORHEXIDINE // CHLOROBUTANOL,CHLORHEXIDINE,2358,S02AA,S,Antiinfectives
CHLORHEXIDINE // CHLOROBUTANOL,CHLORHEXIDINE,2358,S03AA,S,Antiinfectives
CHLORHEXIDINE // CHLOROBUTANOL,CHLOROBUTANOL,2378,A04AD,A,Other antiemetics
CHLORHEXIDINE // SALICYLATE DE CHOLINE // CHLOROBUTANOL HEMIHYDRATE,CHLORHEXIDINE,2358,A01AB,A,Antiinfectives and antiseptics for local oral treatment
CHLORHEXIDINE // SALICYLATE DE CHOLINE // CHLOROBUTANOL HEMIHYDRATE,CHLORHEXIDINE,2358,B05CA,B,Antiinfectives
CHLORHEXIDINE // SALICYLATE DE CHOLINE // CHLOROBUTANOL HEMIHYDRATE,CHLORHEXIDINE,2358,D08AC,D,Biguanides and amidines
CHLORHEXIDINE // SALICYLATE DE CHOLINE // CHLOROBUTANOL HEMIHYDRATE,CHLORHEXIDINE,2358,D09AA,D,Medicated dressings with antiinfectives
CHLORHEXIDINE // SALICYLATE DE CHOLINE // CHLOROBUTANOL HEMIHYDRATE,CHLORHEXIDINE,2358,R02AA,R,Antiseptics
CHLORHEXIDINE // SALICYLATE DE CHOLINE // CHLOROBUTANOL HEMIHYDRATE,CHLORHEXIDINE,2358,S01AX,S,Other antiinfectives
CHLORHEXIDINE // SALICYLATE DE CHOLINE // CHLOROBUTANOL HEMIHYDRATE,CHLORHEXIDINE,2358,S02AA,S,Antiinfectives
CHLORHEXIDINE // SALICYLATE DE CHOLINE // CHLOROBUTANOL HEMIHYDRATE,CHLORHEXIDINE,2358,S03AA,S,Antiinfectives
CHLORHEXIDINE // SALICYLATE DE CHOLINE // CHLOROBUTANOL HEMIHYDRATE,SALICYLATE DE CHOLINE,20974,N02BA,N,Salicylic acid and derivatives
CHLORHEXIDINE // SALICYLATE DE CHOLINE // CHLOROBUTANOL HEMIHYDRATE,CHLOROBUTANOL HEMIHYDRATE,1309399,A04AD,A,Other antiemetics
CHLORHEXIDINE DIGLUCONATE,CHLORHEXIDINE DIGLUCONATE,20791,A01AB,A,Antiinfectives and antiseptics for local oral treatment
CHLORHEXIDINE DIGLUCONATE,CHLORHEXIDINE DIGLUCONATE,20791,B05CA,B,Antiinfectives
CHLORHEXIDINE DIGLUCONATE,CHLORHEXIDINE DIGLUCONATE,20791,D08AC,D,Biguanides and amidines
CHLORHEXIDINE DIGLUCONATE,CHLORHEXIDINE DIGLUCONATE,20791,D09AA,D,Medicated dressings with antiinfectives
CHLORHEXIDINE DIGLUCONATE,CHLORHEXIDINE DIGLUCONATE,20791,R02AA,R,Antiseptics
CHLORHEXIDINE DIGLUCONATE,CHLORHEXIDINE DIGLUCONATE,20791,S01AX,S,Other antiinfectives
CHLORHEXIDINE DIGLUCONATE,CHLORHEXIDINE DIGLUCONATE,20791,S02AA,S,Antiinfectives
CHLORHEXIDINE DIGLUCONATE,CHLORHEXIDINE DIGLUCONATE,20791,S03AA,S,Antiinfectives
CHLORHYDRATE DE LIDOCAINE,CHLORHYDRATE DE LIDOCAINE,260039,,,
CHLORHYDRATE DE LIDOCAINE / CHLORURE DE BENZALKONIUM,CHLORHYDRATE DE LIDOCAINE,260039,,,
CHLORHYDRATE DE LIDOCAINE / CHLORURE DE BENZALKONIUM,CHLORURE DE BENZALKONIUM,6878,V03AB,V,Antidotes
CHLORHYDRATE DE LIDOCAINE / CHLORURE DE BENZALKONIUM,CHLORURE DE BENZALKONIUM,6878,V04CG,V,Tests for gastric secretion
CHLORHYDRATE DE NALOXONE ANHYDRE,CHLORHYDRATE DE NALOXONE ANHYDRE,2102410,D09AA,D,Medicated dressings with antiinfectives
CHLORHYDRATE DE NALOXONE ANHYDRE,CHLORHYDRATE DE NALOXONE ANHYDRE,2102410,M05BX,M,Other drugs affecting bone structure and mineralization
CHLORHYDRATE DE PIVMECILLINAM,CHLORHYDRATE DE PIVMECILLINAM,260039,,,
CHLORHYDRATE DE PROGUANIL,CHLORHYDRATE DE PROGUANIL,2382,P01BB,P,Biguanides
CHLORHYDRATE DE TAMSULOSINE,CHLORHYDRATE DE TAMSULOSINE,77492,G04CA,G,Alpha-adrenoreceptor antagonists
CHLORMADINONE,CHLORMADINONE,78904,G03DB,G,Pregnadien derivatives
CHLORMADINONE (ACETATE) // ETHINYLESTRADIOL,CHLORMADINONE (ACETATE) // ETHINYLESTRADIOL,2369,G03DB,G,Pregnadien derivatives
CHLORMADINONE (ACETATE) // ETHINYLESTRADIOL (MICRONISE),CHLORMADINONE (ACETATE) // ETHINYLESTRADIOL (MICRONISE),2369,G03DB,G,Pregnadien derivatives
CHLORMADINONE // ETHINYLESTRADIOL,CHLORMADINONE,78904,G03DB,G,Pregnadien derivatives
CHLORMADINONE // ETHINYLESTRADIOL,ETHINYLESTRADIOL,4124,G03AA,G,"Progestogens and estrogens, fixed combinations"
CHLORMADINONE // ETHINYLESTRADIOL,ETHINYLESTRADIOL,4124,G03AB,G,"Progestogens and estrogens, sequential preparations"
CHLORMADINONE // ETHINYLESTRADIOL,ETHINYLESTRADIOL,4124,G03CA,G,"Natural and semisynthetic estrogens, plain"
CHLORMADINONE // ETHINYLESTRADIOL,ETHINYLESTRADIOL,4124,L02AA,L,Estrogens
CHLORMEZANONE,CHLORMEZANONE,2373,M03BB,M,"Oxazol, thiazine, and triazine derivatives"
CHLORMEZANONE // IBUPROFENE,CHLORMEZANONE,2373,M03BB,M,"Oxazol, thiazine, and triazine derivatives"
CHLORMEZANONE // IBUPROFENE,IBUPROFENE,5640,N02AJ,N,Opioids in combination with non-opioid analgesics
CHLORMEZANONE // IBUPROFENE,IBUPROFENE,5640,C01EB,C,Other cardiac preparations
CHLORMEZANONE // IBUPROFENE,IBUPROFENE,5640,G02CC,G,Antiinflammatory products for vaginal administration
CHLORMEZANONE // IBUPROFENE,IBUPROFENE,5640,M01AE,M,Propionic acid derivatives
CHLORMEZANONE // IBUPROFENE,IBUPROFENE,5640,M02AA,M,"Antiinflammatory preparations, non-steroids for topical use"
CHLORMEZANONE // IBUPROFENE,IBUPROFENE,5640,R02AX,R,Other throat preparations
CHLOROBUTANOL HEMYDRATE,CHLOROBUTANOL HEMYDRATE,1309399,A04AD,A,Other antiemetics
CHLOROCRESOL,CHLOROCRESOL,20823,,,
CHLOROQUINE,CHLOROQUINE,2393,P01BB,P,Biguanides
CHLOROQUINE,CHLOROQUINE,2393,P01BA,P,Aminoquinolines
CHLOROQUINE (SULFATE),CHLOROQUINE (SULFATE),203119,P01BA,P,Aminoquinolines
CHLOROXYDANT,CHLOROXYDANT,,,,
CHLOROXYDANT / ELECTROLYTIQUE,CHLOROXYDANT,,,,
CHLOROXYDANT / ELECTROLYTIQUE,ELECTROLYTIQUE,,,,
CHLORPHENAMINE,CHLORPHENAMINE,20881,D04AA,D,Antihistamines for topical use
CHLORPHENAMINE,CHLORPHENAMINE,20881,R06AA,R,Aminoalkyl ethers
CHLORPHENAMINE (MALEATE) // PARACETAMOL // VITAMINE C (ACIDE ASCORBIQUE),CHLORPHENAMINE (MALEATE) // PARACETAMOL // VITAMINE C (ACIDE ASCORBIQUE),1151,A11GA,A,"Ascorbic acid (vitamin C), plain"
CHLORPHENAMINE (MALEATE) // PARACETAMOL // VITAMINE C (ACIDE ASCORBIQUE),CHLORPHENAMINE (MALEATE) // PARACETAMOL // VITAMINE C (ACIDE ASCORBIQUE),1151,G01AD,G,Organic acids
CHLORPHENAMINE (MALEATE) // PARACETAMOL // VITAMINE C (ACIDE ASCORBIQUE),CHLORPHENAMINE (MALEATE) // PARACETAMOL // VITAMINE C (ACIDE ASCORBIQUE),1151,S01XA,S,Other ophthalmologicals
CHLORPHENOXAMINE,CHLORPHENOXAMINE,20881,D04AA,D,Antihistamines for topical use
CHLORPHENOXAMINE,CHLORPHENOXAMINE,20881,R06AA,R,Aminoalkyl ethers
CHLORPHENOXAMINE (CHLORHYDRATE),CHLORPHENOXAMINE (CHLORHYDRATE),20881,D04AA,D,Antihistamines for topical use
CHLORPHENOXAMINE (CHLORHYDRATE),CHLORPHENOXAMINE (CHLORHYDRATE),20881,R06AA,R,Aminoalkyl ethers
CHLORPHENOXAMINE (CHLORHYDRATE) // CAFEINE,CHLORPHENOXAMINE (CHLORHYDRATE) // CAFEINE,1008211,D11AX,D,Other dermatologicals
CHLORPHENOXAMINE (CHLORHYDRATE) // CAFEINE,CHLORPHENOXAMINE (CHLORHYDRATE) // CAFEINE,1008211,N06BC,N,Xanthine derivatives
CHLORPHENOXAMINE (CHLORHYDRATE) // CAFEINE,CHLORPHENOXAMINE (CHLORHYDRATE) // CAFEINE,1008211,D04AA,D,Antihistamines for topical use
CHLORPHENOXAMINE (CHLORHYDRATE) // CAFEINE,CHLORPHENOXAMINE (CHLORHYDRATE) // CAFEINE,1008211,R06AA,R,Aminoalkyl ethers
CHLORPHENOXAMINE (CHLORHYDRATE) // SULFOGAIACOLATE DE POTASSIUM // BENZOATE DE SODIUM // PARACETAMOL,CHLORPHENOXAMINE (CHLORHYDRATE) // SULFOGAIACOLATE DE POTASSIUM // BENZOATE DE SODIUM // PARACETAMOL,19044,P03AX,P,"Other ectoparasiticides, incl. scabicides"
CHLORPHENOXAMINE / CAFEINE,CHLORPHENOXAMINE,20881,D04AA,D,Antihistamines for topical use
CHLORPHENOXAMINE / CAFEINE,CHLORPHENOXAMINE,20881,R06AA,R,Aminoalkyl ethers
CHLORPHENOXAMINE / CAFEINE,CAFEINE,1886,V04CG,V,Tests for gastric secretion
CHLORPHENOXAMINE / CAFEINE,CAFEINE,1886,D11AX,D,Other dermatologicals
CHLORPHENOXAMINE / CAFEINE,CAFEINE,1886,N06BC,N,Xanthine derivatives
CHLORPHENOXAMINE / SULFOGAICOLE,CHLORPHENOXAMINE,20881,D04AA,D,Antihistamines for topical use
CHLORPHENOXAMINE / SULFOGAICOLE,CHLORPHENOXAMINE,20881,R06AA,R,Aminoalkyl ethers
CHLORPHENOXAMINE / SULFOGAICOLE,SULFOGAICOLE,,,,
CHLORPROMAZINE,CHLORPROMAZINE,2403,N05AA,N,Phenothiazines with aliphatic side-chain
CHLORPROMAZINE (CHLORHYDRATE),CHLORPROMAZINE (CHLORHYDRATE),2403,N05AA,N,Phenothiazines with aliphatic side-chain
CHLORQUINALDOL,CHLORQUINALDOL,2407,D08AH,D,Quinoline derivatives
CHLORQUINALDOL,CHLORQUINALDOL,2407,G01AC,G,Quinoline derivatives
CHLORQUINALDOL,CHLORQUINALDOL,2407,P01AA,P,Hydroxyquinoline derivatives
CHLORQUINALDOL,CHLORQUINALDOL,2407,R02AA,R,Antiseptics
CHLORQUINALDOL / PROMESTRIENE,CHLORQUINALDOL,2407,D08AH,D,Quinoline derivatives
CHLORQUINALDOL / PROMESTRIENE,CHLORQUINALDOL,2407,G01AC,G,Quinoline derivatives
CHLORQUINALDOL / PROMESTRIENE,CHLORQUINALDOL,2407,P01AA,P,Hydroxyquinoline derivatives
CHLORQUINALDOL / PROMESTRIENE,CHLORQUINALDOL,2407,R02AA,R,Antiseptics
CHLORQUINALDOL / PROMESTRIENE,PROMESTRIENE,34625,G03CA,G,"Natural and semisynthetic estrogens, plain"
CHLORQUINALDOL // PROMESTRIENE,CHLORQUINALDOL,2407,D08AH,D,Quinoline derivatives
CHLORQUINALDOL // PROMESTRIENE,CHLORQUINALDOL,2407,G01AC,G,Quinoline derivatives
CHLORQUINALDOL // PROMESTRIENE,CHLORQUINALDOL,2407,P01AA,P,Hydroxyquinoline derivatives
CHLORQUINALDOL // PROMESTRIENE,CHLORQUINALDOL,2407,R02AA,R,Antiseptics
CHLORQUINALDOL // PROMESTRIENE,PROMESTRIENE,34625,G03CA,G,"Natural and semisynthetic estrogens, plain"
CHLORTALIDONE,CHLORTALIDONE,2409,C03BA,C,"Sulfonamides, plain"
CHLORTETRACYCLINE,CHLORTETRACYCLINE,2408,A01AB,A,Antiinfectives and antiseptics for local oral treatment
CHLORTETRACYCLINE,CHLORTETRACYCLINE,2408,D06AA,D,Tetracycline and derivatives
CHLORTETRACYCLINE,CHLORTETRACYCLINE,2408,J01AA,J,Tetracyclines
CHLORTETRACYCLINE,CHLORTETRACYCLINE,2408,S01AA,S,Antibiotics
CHLORTETRACYCLINE (CHLORHYDRATE),CHLORTETRACYCLINE (CHLORHYDRATE),2408,A01AB,A,Antiinfectives and antiseptics for local oral treatment
CHLORTETRACYCLINE (CHLORHYDRATE),CHLORTETRACYCLINE (CHLORHYDRATE),2408,D06AA,D,Tetracycline and derivatives
CHLORTETRACYCLINE (CHLORHYDRATE),CHLORTETRACYCLINE (CHLORHYDRATE),2408,J01AA,J,Tetracyclines
CHLORTETRACYCLINE (CHLORHYDRATE),CHLORTETRACYCLINE (CHLORHYDRATE),2408,S01AA,S,Antibiotics
CHLORURE DE BENZALKONIUM,CHLORURE DE BENZALKONIUM,6878,V03AB,V,Antidotes
CHLORURE DE BENZALKONIUM,CHLORURE DE BENZALKONIUM,6878,V04CG,V,Tests for gastric secretion
CHLORURE DE BENZALKONIUM / DIGLUCONATE DE CHLORHEXIDINE,CHLORURE DE BENZALKONIUM,6878,V03AB,V,Antidotes
CHLORURE DE BENZALKONIUM / DIGLUCONATE DE CHLORHEXIDINE,CHLORURE DE BENZALKONIUM,6878,V04CG,V,Tests for gastric secretion
CHLORURE DE BENZALKONIUM / DIGLUCONATE DE CHLORHEXIDINE,DIGLUCONATE DE CHLORHEXIDINE,20791,A01AB,A,Antiinfectives and antiseptics for local oral treatment
CHLORURE DE BENZALKONIUM / DIGLUCONATE DE CHLORHEXIDINE,DIGLUCONATE DE CHLORHEXIDINE,20791,B05CA,B,Antiinfectives
CHLORURE DE BENZALKONIUM / DIGLUCONATE DE CHLORHEXIDINE,DIGLUCONATE DE CHLORHEXIDINE,20791,D08AC,D,Biguanides and amidines
CHLORURE DE BENZALKONIUM / DIGLUCONATE DE CHLORHEXIDINE,DIGLUCONATE DE CHLORHEXIDINE,20791,D09AA,D,Medicated dressings with antiinfectives
CHLORURE DE BENZALKONIUM / DIGLUCONATE DE CHLORHEXIDINE,DIGLUCONATE DE CHLORHEXIDINE,20791,R02AA,R,Antiseptics
CHLORURE DE BENZALKONIUM / DIGLUCONATE DE CHLORHEXIDINE,DIGLUCONATE DE CHLORHEXIDINE,20791,S01AX,S,Other antiinfectives
CHLORURE DE BENZALKONIUM / DIGLUCONATE DE CHLORHEXIDINE,DIGLUCONATE DE CHLORHEXIDINE,20791,S02AA,S,Antiinfectives
CHLORURE DE BENZALKONIUM / DIGLUCONATE DE CHLORHEXIDINE,DIGLUCONATE DE CHLORHEXIDINE,20791,S03AA,S,Antiinfectives
CHLORURE DE CALCIUM DIHYDRATE // CHLORURE DE MAGNESIUM HEXAHYDRATE // ACIDE LACTIQUE // BICARBONATE DE SODIUM // CHLORURE DE SODIUM,CHLORURE DE CALCIUM DIHYDRATE,6878,V03AB,V,Antidotes
CHLORURE DE CALCIUM DIHYDRATE // CHLORURE DE MAGNESIUM HEXAHYDRATE // ACIDE LACTIQUE // BICARBONATE DE SODIUM // CHLORURE DE SODIUM,CHLORURE DE CALCIUM DIHYDRATE,6878,V04CG,V,Tests for gastric secretion
CHLORURE DE CALCIUM DIHYDRATE // CHLORURE DE MAGNESIUM HEXAHYDRATE // ACIDE LACTIQUE // BICARBONATE DE SODIUM // CHLORURE DE SODIUM,CHLORURE DE MAGNESIUM HEXAHYDRATE,6878,V03AB,V,Antidotes
CHLORURE DE CALCIUM DIHYDRATE // CHLORURE DE MAGNESIUM HEXAHYDRATE // ACIDE LACTIQUE // BICARBONATE DE SODIUM // CHLORURE DE SODIUM,CHLORURE DE MAGNESIUM HEXAHYDRATE,6878,V04CG,V,Tests for gastric secretion
CHLORURE DE CALCIUM DIHYDRATE // CHLORURE DE MAGNESIUM HEXAHYDRATE // ACIDE LACTIQUE // BICARBONATE DE SODIUM // CHLORURE DE SODIUM,ACIDE LACTIQUE,,,,
CHLORURE DE CALCIUM DIHYDRATE // CHLORURE DE MAGNESIUM HEXAHYDRATE // ACIDE LACTIQUE // BICARBONATE DE SODIUM // CHLORURE DE SODIUM,BICARBONATE DE SODIUM,36676,B05CB,B,Salt solutions
CHLORURE DE CALCIUM DIHYDRATE // CHLORURE DE MAGNESIUM HEXAHYDRATE // ACIDE LACTIQUE // BICARBONATE DE SODIUM // CHLORURE DE SODIUM,BICARBONATE DE SODIUM,36676,B05XA,B,Electrolyte solutions
CHLORURE DE CALCIUM DIHYDRATE // CHLORURE DE MAGNESIUM HEXAHYDRATE // ACIDE LACTIQUE // BICARBONATE DE SODIUM // CHLORURE DE SODIUM,CHLORURE DE SODIUM,6878,V03AB,V,Antidotes
CHLORURE DE CALCIUM DIHYDRATE // CHLORURE DE MAGNESIUM HEXAHYDRATE // ACIDE LACTIQUE // BICARBONATE DE SODIUM // CHLORURE DE SODIUM,CHLORURE DE SODIUM,6878,V04CG,V,Tests for gastric secretion
CHLORURE DE CETALKONIUM,CHLORURE DE CETALKONIUM,6878,V03AB,V,Antidotes
CHLORURE DE CETALKONIUM,CHLORURE DE CETALKONIUM,6878,V04CG,V,Tests for gastric secretion
CHLORURE DE FLUOROCHOLINE (18F),CHLORURE DE FLUOROCHOLINE (18F),6878,V03AB,V,Antidotes
CHLORURE DE FLUOROCHOLINE (18F),CHLORURE DE FLUOROCHOLINE (18F),6878,V04CG,V,Tests for gastric secretion
CHLORURE DE MONOPHOSPHOTHIAMINE,CHLORURE DE MONOPHOSPHOTHIAMINE,6878,V03AB,V,Antidotes
CHLORURE DE MONOPHOSPHOTHIAMINE,CHLORURE DE MONOPHOSPHOTHIAMINE,6878,V04CG,V,Tests for gastric secretion
CHLORURE DE POTASSIUM,CHLORURE DE POTASSIUM,6878,V03AB,V,Antidotes
CHLORURE DE POTASSIUM,CHLORURE DE POTASSIUM,6878,V04CG,V,Tests for gastric secretion
CHLORURE DE SODIUM,CHLORURE DE SODIUM,6878,V03AB,V,Antidotes
CHLORURE DE SODIUM,CHLORURE DE SODIUM,6878,V04CG,V,Tests for gastric secretion
CHLORURE DE SODIUM / CHLORURE DE POTASSIUM,CHLORURE DE SODIUM,6878,V03AB,V,Antidotes
CHLORURE DE SODIUM / CHLORURE DE POTASSIUM,CHLORURE DE SODIUM,6878,V04CG,V,Tests for gastric secretion
CHLORURE DE SODIUM / CHLORURE DE POTASSIUM,CHLORURE DE POTASSIUM,6878,V03AB,V,Antidotes
CHLORURE DE SODIUM / CHLORURE DE POTASSIUM,CHLORURE DE POTASSIUM,6878,V04CG,V,Tests for gastric secretion
CHLORURE DE SODIUM / CITRATE TRISODIQUE,CHLORURE DE SODIUM,6878,V03AB,V,Antidotes
CHLORURE DE SODIUM / CITRATE TRISODIQUE,CHLORURE DE SODIUM,6878,V04CG,V,Tests for gastric secretion
CHLORURE DE SODIUM / CITRATE TRISODIQUE,CITRATE TRISODIQUE,253204,,,
CHLORURE DE SODIUM // BICARBONATE DE SODIUM,CHLORURE DE SODIUM,6878,V03AB,V,Antidotes
CHLORURE DE SODIUM // BICARBONATE DE SODIUM,CHLORURE DE SODIUM,6878,V04CG,V,Tests for gastric secretion
CHLORURE DE SODIUM // BICARBONATE DE SODIUM,BICARBONATE DE SODIUM,36676,B05CB,B,Salt solutions
CHLORURE DE SODIUM // BICARBONATE DE SODIUM,BICARBONATE DE SODIUM,36676,B05XA,B,Electrolyte solutions
CHLORURE DE SODIUM // CARBONATE D'HYDROXYDE DE SODIUM // CHLORURE DE CALCIUM DIHYDRATE // CHLORURE DE MAGNESIUM HEXAHYDRATE // GLUCOSE MONOHYDRATE,CHLORURE DE SODIUM,6878,V03AB,V,Antidotes
CHLORURE DE SODIUM // CARBONATE D'HYDROXYDE DE SODIUM // CHLORURE DE CALCIUM DIHYDRATE // CHLORURE DE MAGNESIUM HEXAHYDRATE // GLUCOSE MONOHYDRATE,CHLORURE DE SODIUM,6878,V04CG,V,Tests for gastric secretion
CHLORURE DE SODIUM // CARBONATE D'HYDROXYDE DE SODIUM // CHLORURE DE CALCIUM DIHYDRATE // CHLORURE DE MAGNESIUM HEXAHYDRATE // GLUCOSE MONOHYDRATE,CARBONATE D'HYDROXYDE DE SODIUM,34311,,,
CHLORURE DE SODIUM // CARBONATE D'HYDROXYDE DE SODIUM // CHLORURE DE CALCIUM DIHYDRATE // CHLORURE DE MAGNESIUM HEXAHYDRATE // GLUCOSE MONOHYDRATE,CHLORURE DE CALCIUM DIHYDRATE,6878,V03AB,V,Antidotes
CHLORURE DE SODIUM // CARBONATE D'HYDROXYDE DE SODIUM // CHLORURE DE CALCIUM DIHYDRATE // CHLORURE DE MAGNESIUM HEXAHYDRATE // GLUCOSE MONOHYDRATE,CHLORURE DE CALCIUM DIHYDRATE,6878,V04CG,V,Tests for gastric secretion
CHLORURE DE SODIUM // CARBONATE D'HYDROXYDE DE SODIUM // CHLORURE DE CALCIUM DIHYDRATE // CHLORURE DE MAGNESIUM HEXAHYDRATE // GLUCOSE MONOHYDRATE,CHLORURE DE MAGNESIUM HEXAHYDRATE,6878,V03AB,V,Antidotes
CHLORURE DE SODIUM // CARBONATE D'HYDROXYDE DE SODIUM // CHLORURE DE CALCIUM DIHYDRATE // CHLORURE DE MAGNESIUM HEXAHYDRATE // GLUCOSE MONOHYDRATE,CHLORURE DE MAGNESIUM HEXAHYDRATE,6878,V04CG,V,Tests for gastric secretion
CHLORURE DE SODIUM // CARBONATE D'HYDROXYDE DE SODIUM // CHLORURE DE CALCIUM DIHYDRATE // CHLORURE DE MAGNESIUM HEXAHYDRATE // GLUCOSE MONOHYDRATE,GLUCOSE MONOHYDRATE,1299920,B05CX,B,Other irrigating solutions
CHLORURE DE SODIUM // CARBONATE D'HYDROXYDE DE SODIUM // CHLORURE DE CALCIUM DIHYDRATE // CHLORURE DE MAGNESIUM HEXAHYDRATE // GLUCOSE MONOHYDRATE,GLUCOSE MONOHYDRATE,1299920,V04CA,V,Tests for diabetes
CHLORURE DE SODIUM // CARBONATE D'HYDROXYDE DE SODIUM // CHLORURE DE CALCIUM DIHYDRATE // CHLORURE DE MAGNESIUM HEXAHYDRATE // GLUCOSE MONOHYDRATE,GLUCOSE MONOHYDRATE,1299920,V06DC,V,Carbohydrates
CHLORURE DE SODIUM // CHLORHEXIDINE DIGLUCONATE // CHLORURE DE MAGNESIUM HEXAHYDRATE // CHLORURE DE POTASSIUM,CHLORURE DE SODIUM,6878,V03AB,V,Antidotes
CHLORURE DE SODIUM // CHLORHEXIDINE DIGLUCONATE // CHLORURE DE MAGNESIUM HEXAHYDRATE // CHLORURE DE POTASSIUM,CHLORURE DE SODIUM,6878,V04CG,V,Tests for gastric secretion
CHLORURE DE SODIUM // CHLORHEXIDINE DIGLUCONATE // CHLORURE DE MAGNESIUM HEXAHYDRATE // CHLORURE DE POTASSIUM,CHLORHEXIDINE DIGLUCONATE,20791,A01AB,A,Antiinfectives and antiseptics for local oral treatment
CHLORURE DE SODIUM // CHLORHEXIDINE DIGLUCONATE // CHLORURE DE MAGNESIUM HEXAHYDRATE // CHLORURE DE POTASSIUM,CHLORHEXIDINE DIGLUCONATE,20791,B05CA,B,Antiinfectives
CHLORURE DE SODIUM // CHLORHEXIDINE DIGLUCONATE // CHLORURE DE MAGNESIUM HEXAHYDRATE // CHLORURE DE POTASSIUM,CHLORHEXIDINE DIGLUCONATE,20791,D08AC,D,Biguanides and amidines
CHLORURE DE SODIUM // CHLORHEXIDINE DIGLUCONATE // CHLORURE DE MAGNESIUM HEXAHYDRATE // CHLORURE DE POTASSIUM,CHLORHEXIDINE DIGLUCONATE,20791,D09AA,D,Medicated dressings with antiinfectives
CHLORURE DE SODIUM // CHLORHEXIDINE DIGLUCONATE // CHLORURE DE MAGNESIUM HEXAHYDRATE // CHLORURE DE POTASSIUM,CHLORHEXIDINE DIGLUCONATE,20791,R02AA,R,Antiseptics
CHLORURE DE SODIUM // CHLORHEXIDINE DIGLUCONATE // CHLORURE DE MAGNESIUM HEXAHYDRATE // CHLORURE DE POTASSIUM,CHLORHEXIDINE DIGLUCONATE,20791,S01AX,S,Other antiinfectives
CHLORURE DE SODIUM // CHLORHEXIDINE DIGLUCONATE // CHLORURE DE MAGNESIUM HEXAHYDRATE // CHLORURE DE POTASSIUM,CHLORHEXIDINE DIGLUCONATE,20791,S02AA,S,Antiinfectives
CHLORURE DE SODIUM // CHLORHEXIDINE DIGLUCONATE // CHLORURE DE MAGNESIUM HEXAHYDRATE // CHLORURE DE POTASSIUM,CHLORHEXIDINE DIGLUCONATE,20791,S03AA,S,Antiinfectives
CHLORURE DE SODIUM // CHLORHEXIDINE DIGLUCONATE // CHLORURE DE MAGNESIUM HEXAHYDRATE // CHLORURE DE POTASSIUM,CHLORURE DE MAGNESIUM HEXAHYDRATE,6878,V03AB,V,Antidotes
CHLORURE DE SODIUM // CHLORHEXIDINE DIGLUCONATE // CHLORURE DE MAGNESIUM HEXAHYDRATE // CHLORURE DE POTASSIUM,CHLORURE DE MAGNESIUM HEXAHYDRATE,6878,V04CG,V,Tests for gastric secretion
CHLORURE DE SODIUM // CHLORHEXIDINE DIGLUCONATE // CHLORURE DE MAGNESIUM HEXAHYDRATE // CHLORURE DE POTASSIUM,CHLORURE DE POTASSIUM,6878,V03AB,V,Antidotes
CHLORURE DE SODIUM // CHLORHEXIDINE DIGLUCONATE // CHLORURE DE MAGNESIUM HEXAHYDRATE // CHLORURE DE POTASSIUM,CHLORURE DE POTASSIUM,6878,V04CG,V,Tests for gastric secretion
CHLORURE DE SODIUM // CHLORHEXIDINE DIGLUCONATE // CHLORURE DE MAGNESIUM HEXAHYDRATE // CHLORURE DE POTASSIUM // ACETATE DE SODIUM 3H2O,CHLORURE DE SODIUM // CHLORHEXIDINE DIGLUCONATE // CHLORURE DE MAGNESIUM HEXAHYDRATE // CHLORURE DE POTASSIUM // ACETATE DE SODIUM 3H2O,6878,V03AB,V,Antidotes
CHLORURE DE SODIUM // CHLORHEXIDINE DIGLUCONATE // CHLORURE DE MAGNESIUM HEXAHYDRATE // CHLORURE DE POTASSIUM // ACETATE DE SODIUM 3H2O,CHLORURE DE SODIUM // CHLORHEXIDINE DIGLUCONATE // CHLORURE DE MAGNESIUM HEXAHYDRATE // CHLORURE DE POTASSIUM // ACETATE DE SODIUM 3H2O,6878,V04CG,V,Tests for gastric secretion
CHLORURE DE SODIUM // CHLORHEXIDINE DIGLUCONATE // CHLORURE DE MAGNESIUM HEXAHYDRATE // CHLORURE DE POTASSIUM // SOLUTION D'ACIDE ACETIQUE,CHLORURE DE SODIUM,6878,V03AB,V,Antidotes
CHLORURE DE SODIUM // CHLORHEXIDINE DIGLUCONATE // CHLORURE DE MAGNESIUM HEXAHYDRATE // CHLORURE DE POTASSIUM // SOLUTION D'ACIDE ACETIQUE,CHLORURE DE SODIUM,6878,V04CG,V,Tests for gastric secretion
CHLORURE DE SODIUM // CHLORHEXIDINE DIGLUCONATE // CHLORURE DE MAGNESIUM HEXAHYDRATE // CHLORURE DE POTASSIUM // SOLUTION D'ACIDE ACETIQUE,CHLORHEXIDINE DIGLUCONATE,20791,A01AB,A,Antiinfectives and antiseptics for local oral treatment
CHLORURE DE SODIUM // CHLORHEXIDINE DIGLUCONATE // CHLORURE DE MAGNESIUM HEXAHYDRATE // CHLORURE DE POTASSIUM // SOLUTION D'ACIDE ACETIQUE,CHLORHEXIDINE DIGLUCONATE,20791,B05CA,B,Antiinfectives
CHLORURE DE SODIUM // CHLORHEXIDINE DIGLUCONATE // CHLORURE DE MAGNESIUM HEXAHYDRATE // CHLORURE DE POTASSIUM // SOLUTION D'ACIDE ACETIQUE,CHLORHEXIDINE DIGLUCONATE,20791,D08AC,D,Biguanides and amidines
CHLORURE DE SODIUM // CHLORHEXIDINE DIGLUCONATE // CHLORURE DE MAGNESIUM HEXAHYDRATE // CHLORURE DE POTASSIUM // SOLUTION D'ACIDE ACETIQUE,CHLORHEXIDINE DIGLUCONATE,20791,D09AA,D,Medicated dressings with antiinfectives
CHLORURE DE SODIUM // CHLORHEXIDINE DIGLUCONATE // CHLORURE DE MAGNESIUM HEXAHYDRATE // CHLORURE DE POTASSIUM // SOLUTION D'ACIDE ACETIQUE,CHLORHEXIDINE DIGLUCONATE,20791,R02AA,R,Antiseptics
CHLORURE DE SODIUM // CHLORHEXIDINE DIGLUCONATE // CHLORURE DE MAGNESIUM HEXAHYDRATE // CHLORURE DE POTASSIUM // SOLUTION D'ACIDE ACETIQUE,CHLORHEXIDINE DIGLUCONATE,20791,S01AX,S,Other antiinfectives
CHLORURE DE SODIUM // CHLORHEXIDINE DIGLUCONATE // CHLORURE DE MAGNESIUM HEXAHYDRATE // CHLORURE DE POTASSIUM // SOLUTION D'ACIDE ACETIQUE,CHLORHEXIDINE DIGLUCONATE,20791,S02AA,S,Antiinfectives
CHLORURE DE SODIUM // CHLORHEXIDINE DIGLUCONATE // CHLORURE DE MAGNESIUM HEXAHYDRATE // CHLORURE DE POTASSIUM // SOLUTION D'ACIDE ACETIQUE,CHLORHEXIDINE DIGLUCONATE,20791,S03AA,S,Antiinfectives
CHLORURE DE SODIUM // CHLORHEXIDINE DIGLUCONATE // CHLORURE DE MAGNESIUM HEXAHYDRATE // CHLORURE DE POTASSIUM // SOLUTION D'ACIDE ACETIQUE,CHLORURE DE MAGNESIUM HEXAHYDRATE,6878,V03AB,V,Antidotes
CHLORURE DE SODIUM // CHLORHEXIDINE DIGLUCONATE // CHLORURE DE MAGNESIUM HEXAHYDRATE // CHLORURE DE POTASSIUM // SOLUTION D'ACIDE ACETIQUE,CHLORURE DE MAGNESIUM HEXAHYDRATE,6878,V04CG,V,Tests for gastric secretion
CHLORURE DE SODIUM // CHLORHEXIDINE DIGLUCONATE // CHLORURE DE MAGNESIUM HEXAHYDRATE // CHLORURE DE POTASSIUM // SOLUTION D'ACIDE ACETIQUE,CHLORURE DE POTASSIUM,6878,V03AB,V,Antidotes
CHLORURE DE SODIUM // CHLORHEXIDINE DIGLUCONATE // CHLORURE DE MAGNESIUM HEXAHYDRATE // CHLORURE DE POTASSIUM // SOLUTION D'ACIDE ACETIQUE,CHLORURE DE POTASSIUM,6878,V04CG,V,Tests for gastric secretion
CHLORURE DE SODIUM // CHLORHEXIDINE DIGLUCONATE // CHLORURE DE MAGNESIUM HEXAHYDRATE // CHLORURE DE POTASSIUM // SOLUTION D'ACIDE ACETIQUE,SOLUTION D'ACIDE ACETIQUE,314584,,,
CHLORURE DE SODIUM // CHLORHEXIDINE DIGLUCONATE // LACTATE SODIUM,CHLORURE DE SODIUM,6878,V03AB,V,Antidotes
CHLORURE DE SODIUM // CHLORHEXIDINE DIGLUCONATE // LACTATE SODIUM,CHLORURE DE SODIUM,6878,V04CG,V,Tests for gastric secretion
CHLORURE DE SODIUM // CHLORHEXIDINE DIGLUCONATE // LACTATE SODIUM,CHLORHEXIDINE DIGLUCONATE,20791,A01AB,A,Antiinfectives and antiseptics for local oral treatment
CHLORURE DE SODIUM // CHLORHEXIDINE DIGLUCONATE // LACTATE SODIUM,CHLORHEXIDINE DIGLUCONATE,20791,B05CA,B,Antiinfectives
CHLORURE DE SODIUM // CHLORHEXIDINE DIGLUCONATE // LACTATE SODIUM,CHLORHEXIDINE DIGLUCONATE,20791,D08AC,D,Biguanides and amidines
CHLORURE DE SODIUM // CHLORHEXIDINE DIGLUCONATE // LACTATE SODIUM,CHLORHEXIDINE DIGLUCONATE,20791,D09AA,D,Medicated dressings with antiinfectives
CHLORURE DE SODIUM // CHLORHEXIDINE DIGLUCONATE // LACTATE SODIUM,CHLORHEXIDINE DIGLUCONATE,20791,R02AA,R,Antiseptics
CHLORURE DE SODIUM // CHLORHEXIDINE DIGLUCONATE // LACTATE SODIUM,CHLORHEXIDINE DIGLUCONATE,20791,S01AX,S,Other antiinfectives
CHLORURE DE SODIUM // CHLORHEXIDINE DIGLUCONATE // LACTATE SODIUM,CHLORHEXIDINE DIGLUCONATE,20791,S02AA,S,Antiinfectives
CHLORURE DE SODIUM // CHLORHEXIDINE DIGLUCONATE // LACTATE SODIUM,CHLORHEXIDINE DIGLUCONATE,20791,S03AA,S,Antiinfectives
CHLORURE DE SODIUM // CHLORHEXIDINE DIGLUCONATE // LACTATE SODIUM,LACTATE SODIUM,56489,,,
CHLORURE DE SODIUM // CHLORURE DE MAGNESIUM // CHLORURE DE CALCIUM DIHYDRATE // CHLORURE DE POTASSIUM // GLUCOSE MONOHYDRATE,CHLORURE DE SODIUM,6878,V03AB,V,Antidotes
CHLORURE DE SODIUM // CHLORURE DE MAGNESIUM // CHLORURE DE CALCIUM DIHYDRATE // CHLORURE DE POTASSIUM // GLUCOSE MONOHYDRATE,CHLORURE DE SODIUM,6878,V04CG,V,Tests for gastric secretion
CHLORURE DE SODIUM // CHLORURE DE MAGNESIUM // CHLORURE DE CALCIUM DIHYDRATE // CHLORURE DE POTASSIUM // GLUCOSE MONOHYDRATE,CHLORURE DE MAGNESIUM,6878,V03AB,V,Antidotes
CHLORURE DE SODIUM // CHLORURE DE MAGNESIUM // CHLORURE DE CALCIUM DIHYDRATE // CHLORURE DE POTASSIUM // GLUCOSE MONOHYDRATE,CHLORURE DE MAGNESIUM,6878,V04CG,V,Tests for gastric secretion
CHLORURE DE SODIUM // CHLORURE DE MAGNESIUM // CHLORURE DE CALCIUM DIHYDRATE // CHLORURE DE POTASSIUM // GLUCOSE MONOHYDRATE,CHLORURE DE CALCIUM DIHYDRATE,6878,V03AB,V,Antidotes
CHLORURE DE SODIUM // CHLORURE DE MAGNESIUM // CHLORURE DE CALCIUM DIHYDRATE // CHLORURE DE POTASSIUM // GLUCOSE MONOHYDRATE,CHLORURE DE CALCIUM DIHYDRATE,6878,V04CG,V,Tests for gastric secretion
CHLORURE DE SODIUM // CHLORURE DE MAGNESIUM // CHLORURE DE CALCIUM DIHYDRATE // CHLORURE DE POTASSIUM // GLUCOSE MONOHYDRATE,CHLORURE DE POTASSIUM,6878,V03AB,V,Antidotes
CHLORURE DE SODIUM // CHLORURE DE MAGNESIUM // CHLORURE DE CALCIUM DIHYDRATE // CHLORURE DE POTASSIUM // GLUCOSE MONOHYDRATE,CHLORURE DE POTASSIUM,6878,V04CG,V,Tests for gastric secretion
CHLORURE DE SODIUM // CHLORURE DE MAGNESIUM // CHLORURE DE CALCIUM DIHYDRATE // CHLORURE DE POTASSIUM // GLUCOSE MONOHYDRATE,GLUCOSE MONOHYDRATE,1299920,B05CX,B,Other irrigating solutions
CHLORURE DE SODIUM // CHLORURE DE MAGNESIUM // CHLORURE DE CALCIUM DIHYDRATE // CHLORURE DE POTASSIUM // GLUCOSE MONOHYDRATE,GLUCOSE MONOHYDRATE,1299920,V04CA,V,Tests for diabetes
CHLORURE DE SODIUM // CHLORURE DE MAGNESIUM // CHLORURE DE CALCIUM DIHYDRATE // CHLORURE DE POTASSIUM // GLUCOSE MONOHYDRATE,GLUCOSE MONOHYDRATE,1299920,V06DC,V,Carbohydrates
CHLORURE DE SODIUM // CHLORURE DE POTASSIUM,CHLORURE DE SODIUM,6878,V03AB,V,Antidotes
CHLORURE DE SODIUM // CHLORURE DE POTASSIUM,CHLORURE DE SODIUM,6878,V04CG,V,Tests for gastric secretion
CHLORURE DE SODIUM // CHLORURE DE POTASSIUM,CHLORURE DE POTASSIUM,6878,V03AB,V,Antidotes
CHLORURE DE SODIUM // CHLORURE DE POTASSIUM,CHLORURE DE POTASSIUM,6878,V04CG,V,Tests for gastric secretion
CHLORURE DE SODIUM // CHLORURE DE POTASSIUM // CHLORURE DE CALCIUM // CHLORURE DE MAGNESIUM // ACETATE DE SODIUM,CHLORURE DE SODIUM,6878,V03AB,V,Antidotes
CHLORURE DE SODIUM // CHLORURE DE POTASSIUM // CHLORURE DE CALCIUM // CHLORURE DE MAGNESIUM // ACETATE DE SODIUM,CHLORURE DE SODIUM,6878,V04CG,V,Tests for gastric secretion
CHLORURE DE SODIUM // CHLORURE DE POTASSIUM // CHLORURE DE CALCIUM // CHLORURE DE MAGNESIUM // ACETATE DE SODIUM,CHLORURE DE POTASSIUM,6878,V03AB,V,Antidotes
CHLORURE DE SODIUM // CHLORURE DE POTASSIUM // CHLORURE DE CALCIUM // CHLORURE DE MAGNESIUM // ACETATE DE SODIUM,CHLORURE DE POTASSIUM,6878,V04CG,V,Tests for gastric secretion
CHLORURE DE SODIUM // CHLORURE DE POTASSIUM // CHLORURE DE CALCIUM // CHLORURE DE MAGNESIUM // ACETATE DE SODIUM,CHLORURE DE CALCIUM,6878,V03AB,V,Antidotes
CHLORURE DE SODIUM // CHLORURE DE POTASSIUM // CHLORURE DE CALCIUM // CHLORURE DE MAGNESIUM // ACETATE DE SODIUM,CHLORURE DE CALCIUM,6878,V04CG,V,Tests for gastric secretion
CHLORURE DE SODIUM // CHLORURE DE POTASSIUM // CHLORURE DE CALCIUM // CHLORURE DE MAGNESIUM // ACETATE DE SODIUM,CHLORURE DE MAGNESIUM,6878,V03AB,V,Antidotes
CHLORURE DE SODIUM // CHLORURE DE POTASSIUM // CHLORURE DE CALCIUM // CHLORURE DE MAGNESIUM // ACETATE DE SODIUM,CHLORURE DE MAGNESIUM,6878,V04CG,V,Tests for gastric secretion
CHLORURE DE SODIUM // CHLORURE DE POTASSIUM // CHLORURE DE CALCIUM // CHLORURE DE MAGNESIUM // ACETATE DE SODIUM,ACETATE DE SODIUM,56443,B05XA,B,Electrolyte solutions
CHLORURE DE SODIUM // CHLORURE DE POTASSIUM // CHLORURE DE CALCIUM // CHLORURE DE MAGNESIUM // ACIDE ACETIQUE,CHLORURE DE SODIUM,6878,V03AB,V,Antidotes
CHLORURE DE SODIUM // CHLORURE DE POTASSIUM // CHLORURE DE CALCIUM // CHLORURE DE MAGNESIUM // ACIDE ACETIQUE,CHLORURE DE SODIUM,6878,V04CG,V,Tests for gastric secretion
CHLORURE DE SODIUM // CHLORURE DE POTASSIUM // CHLORURE DE CALCIUM // CHLORURE DE MAGNESIUM // ACIDE ACETIQUE,CHLORURE DE POTASSIUM,6878,V03AB,V,Antidotes
CHLORURE DE SODIUM // CHLORURE DE POTASSIUM // CHLORURE DE CALCIUM // CHLORURE DE MAGNESIUM // ACIDE ACETIQUE,CHLORURE DE POTASSIUM,6878,V04CG,V,Tests for gastric secretion
CHLORURE DE SODIUM // CHLORURE DE POTASSIUM // CHLORURE DE CALCIUM // CHLORURE DE MAGNESIUM // ACIDE ACETIQUE,CHLORURE DE CALCIUM,6878,V03AB,V,Antidotes
CHLORURE DE SODIUM // CHLORURE DE POTASSIUM // CHLORURE DE CALCIUM // CHLORURE DE MAGNESIUM // ACIDE ACETIQUE,CHLORURE DE CALCIUM,6878,V04CG,V,Tests for gastric secretion
CHLORURE DE SODIUM // CHLORURE DE POTASSIUM // CHLORURE DE CALCIUM // CHLORURE DE MAGNESIUM // ACIDE ACETIQUE,CHLORURE DE MAGNESIUM,6878,V03AB,V,Antidotes
CHLORURE DE SODIUM // CHLORURE DE POTASSIUM // CHLORURE DE CALCIUM // CHLORURE DE MAGNESIUM // ACIDE ACETIQUE,CHLORURE DE MAGNESIUM,6878,V04CG,V,Tests for gastric secretion
CHLORURE DE SODIUM // CHLORURE DE POTASSIUM // CHLORURE DE CALCIUM // CHLORURE DE MAGNESIUM // ACIDE ACETIQUE,ACIDE ACETIQUE,168,G01AD,G,Organic acids
CHLORURE DE SODIUM // CHLORURE DE POTASSIUM // CHLORURE DE CALCIUM // CHLORURE DE MAGNESIUM // ACIDE ACETIQUE,ACIDE ACETIQUE,168,S02AA,S,Antiinfectives
CHLORURE DE SODIUM // CHLORURE DE POTASSIUM // CHLORURE DE CALCIUM // CHLORURE DE MAGNESIUM // ACIDE CHLORHYDRIQUE,CHLORURE DE SODIUM,6878,V03AB,V,Antidotes
CHLORURE DE SODIUM // CHLORURE DE POTASSIUM // CHLORURE DE CALCIUM // CHLORURE DE MAGNESIUM // ACIDE CHLORHYDRIQUE,CHLORURE DE SODIUM,6878,V04CG,V,Tests for gastric secretion
CHLORURE DE SODIUM // CHLORURE DE POTASSIUM // CHLORURE DE CALCIUM // CHLORURE DE MAGNESIUM // ACIDE CHLORHYDRIQUE,CHLORURE DE POTASSIUM,6878,V03AB,V,Antidotes
CHLORURE DE SODIUM // CHLORURE DE POTASSIUM // CHLORURE DE CALCIUM // CHLORURE DE MAGNESIUM // ACIDE CHLORHYDRIQUE,CHLORURE DE POTASSIUM,6878,V04CG,V,Tests for gastric secretion
CHLORURE DE SODIUM // CHLORURE DE POTASSIUM // CHLORURE DE CALCIUM // CHLORURE DE MAGNESIUM // ACIDE CHLORHYDRIQUE,CHLORURE DE CALCIUM,6878,V03AB,V,Antidotes
CHLORURE DE SODIUM // CHLORURE DE POTASSIUM // CHLORURE DE CALCIUM // CHLORURE DE MAGNESIUM // ACIDE CHLORHYDRIQUE,CHLORURE DE CALCIUM,6878,V04CG,V,Tests for gastric secretion
CHLORURE DE SODIUM // CHLORURE DE POTASSIUM // CHLORURE DE CALCIUM // CHLORURE DE MAGNESIUM // ACIDE CHLORHYDRIQUE,CHLORURE DE MAGNESIUM,6878,V03AB,V,Antidotes
CHLORURE DE SODIUM // CHLORURE DE POTASSIUM // CHLORURE DE CALCIUM // CHLORURE DE MAGNESIUM // ACIDE CHLORHYDRIQUE,CHLORURE DE MAGNESIUM,6878,V04CG,V,Tests for gastric secretion
CHLORURE DE SODIUM // CHLORURE DE POTASSIUM // CHLORURE DE CALCIUM // CHLORURE DE MAGNESIUM // ACIDE CHLORHYDRIQUE,ACIDE CHLORHYDRIQUE,,,,
CHLORURE DE SODIUM // CHLORURE DE POTASSIUM // CHLORURE DE CALCIUM // CHLORURE DE MAGNESIUM X 6H2O // ACIDE ACETIQUE,CHLORURE DE SODIUM // CHLORURE DE POTASSIUM // CHLORURE DE CALCIUM // CHLORURE DE MAGNESIUM X 6H2O // ACIDE ACETIQUE,6878,V03AB,V,Antidotes
CHLORURE DE SODIUM // CHLORURE DE POTASSIUM // CHLORURE DE CALCIUM // CHLORURE DE MAGNESIUM X 6H2O // ACIDE ACETIQUE,CHLORURE DE SODIUM // CHLORURE DE POTASSIUM // CHLORURE DE CALCIUM // CHLORURE DE MAGNESIUM X 6H2O // ACIDE ACETIQUE,6878,V04CG,V,Tests for gastric secretion
CHLORURE DE SODIUM // CHLORURE DE POTASSIUM // CHLORURE DE CALCIUM // CHLORURE DE MAGNESIUM X 6H2O // ACIDE ACETIQUE // ACETATE DE SODIUM,CHLORURE DE SODIUM // CHLORURE DE POTASSIUM // CHLORURE DE CALCIUM // CHLORURE DE MAGNESIUM X 6H2O // ACIDE ACETIQUE // ACETATE DE SODIUM,6878,V03AB,V,Antidotes
CHLORURE DE SODIUM // CHLORURE DE POTASSIUM // CHLORURE DE CALCIUM // CHLORURE DE MAGNESIUM X 6H2O // ACIDE ACETIQUE // ACETATE DE SODIUM,CHLORURE DE SODIUM // CHLORURE DE POTASSIUM // CHLORURE DE CALCIUM // CHLORURE DE MAGNESIUM X 6H2O // ACIDE ACETIQUE // ACETATE DE SODIUM,6878,V04CG,V,Tests for gastric secretion
CHLORURE DE SODIUM // CHLORURE DE POTASSIUM // CHLORURE DE CALCIUM // SODIUM LACTATE,CHLORURE DE SODIUM,6878,V03AB,V,Antidotes
CHLORURE DE SODIUM // CHLORURE DE POTASSIUM // CHLORURE DE CALCIUM // SODIUM LACTATE,CHLORURE DE SODIUM,6878,V04CG,V,Tests for gastric secretion
CHLORURE DE SODIUM // CHLORURE DE POTASSIUM // CHLORURE DE CALCIUM // SODIUM LACTATE,CHLORURE DE POTASSIUM,6878,V03AB,V,Antidotes
CHLORURE DE SODIUM // CHLORURE DE POTASSIUM // CHLORURE DE CALCIUM // SODIUM LACTATE,CHLORURE DE POTASSIUM,6878,V04CG,V,Tests for gastric secretion
CHLORURE DE SODIUM // CHLORURE DE POTASSIUM // CHLORURE DE CALCIUM // SODIUM LACTATE,CHLORURE DE CALCIUM,6878,V03AB,V,Antidotes
CHLORURE DE SODIUM // CHLORURE DE POTASSIUM // CHLORURE DE CALCIUM // SODIUM LACTATE,CHLORURE DE CALCIUM,6878,V04CG,V,Tests for gastric secretion
CHLORURE DE SODIUM // CHLORURE DE POTASSIUM // CHLORURE DE CALCIUM // SODIUM LACTATE,SODIUM LACTATE,56489,,,
CHLORURE DE SODIUM // CHLORURE DE POTASSIUM // CHLORURE DE CALCIUM DIHYDRATE // CHLORURE DE MAGNESIUM HEXAHYDRATE // ACETATE DE SODIUM // ACIDE L-MALIQUE,CHLORURE DE SODIUM,6878,V03AB,V,Antidotes
CHLORURE DE SODIUM // CHLORURE DE POTASSIUM // CHLORURE DE CALCIUM DIHYDRATE // CHLORURE DE MAGNESIUM HEXAHYDRATE // ACETATE DE SODIUM // ACIDE L-MALIQUE,CHLORURE DE SODIUM,6878,V04CG,V,Tests for gastric secretion
CHLORURE DE SODIUM // CHLORURE DE POTASSIUM // CHLORURE DE CALCIUM DIHYDRATE // CHLORURE DE MAGNESIUM HEXAHYDRATE // ACETATE DE SODIUM // ACIDE L-MALIQUE,CHLORURE DE POTASSIUM,6878,V03AB,V,Antidotes
CHLORURE DE SODIUM // CHLORURE DE POTASSIUM // CHLORURE DE CALCIUM DIHYDRATE // CHLORURE DE MAGNESIUM HEXAHYDRATE // ACETATE DE SODIUM // ACIDE L-MALIQUE,CHLORURE DE POTASSIUM,6878,V04CG,V,Tests for gastric secretion
CHLORURE DE SODIUM // CHLORURE DE POTASSIUM // CHLORURE DE CALCIUM DIHYDRATE // CHLORURE DE MAGNESIUM HEXAHYDRATE // ACETATE DE SODIUM // ACIDE L-MALIQUE,CHLORURE DE CALCIUM DIHYDRATE,6878,V03AB,V,Antidotes
CHLORURE DE SODIUM // CHLORURE DE POTASSIUM // CHLORURE DE CALCIUM DIHYDRATE // CHLORURE DE MAGNESIUM HEXAHYDRATE // ACETATE DE SODIUM // ACIDE L-MALIQUE,CHLORURE DE CALCIUM DIHYDRATE,6878,V04CG,V,Tests for gastric secretion
CHLORURE DE SODIUM // CHLORURE DE POTASSIUM // CHLORURE DE CALCIUM DIHYDRATE // CHLORURE DE MAGNESIUM HEXAHYDRATE // ACETATE DE SODIUM // ACIDE L-MALIQUE,CHLORURE DE MAGNESIUM HEXAHYDRATE,6878,V03AB,V,Antidotes
CHLORURE DE SODIUM // CHLORURE DE POTASSIUM // CHLORURE DE CALCIUM DIHYDRATE // CHLORURE DE MAGNESIUM HEXAHYDRATE // ACETATE DE SODIUM // ACIDE L-MALIQUE,CHLORURE DE MAGNESIUM HEXAHYDRATE,6878,V04CG,V,Tests for gastric secretion
CHLORURE DE SODIUM // CHLORURE DE POTASSIUM // CHLORURE DE CALCIUM DIHYDRATE // CHLORURE DE MAGNESIUM HEXAHYDRATE // ACETATE DE SODIUM // ACIDE L-MALIQUE,ACETATE DE SODIUM,56443,B05XA,B,Electrolyte solutions
CHLORURE DE SODIUM // CHLORURE DE POTASSIUM // CHLORURE DE CALCIUM DIHYDRATE // CHLORURE DE MAGNESIUM HEXAHYDRATE // ACETATE DE SODIUM // ACIDE L-MALIQUE,ACIDE L-MALIQUE,25916,,,
CHLORURE DE SODIUM // CHLORURE DE POTASSIUM // CHLORURE DE CALCIUM X 2H2O // CHLORURE DE MAGNESIUM X 6H2O // ACIDE ACETIQUE // GLUCOSE,CHLORURE DE SODIUM // CHLORURE DE POTASSIUM // CHLORURE DE CALCIUM X 2H2O // CHLORURE DE MAGNESIUM X 6H2O // ACIDE ACETIQUE // GLUCOSE,6878,V03AB,V,Antidotes
CHLORURE DE SODIUM // CHLORURE DE POTASSIUM // CHLORURE DE CALCIUM X 2H2O // CHLORURE DE MAGNESIUM X 6H2O // ACIDE ACETIQUE // GLUCOSE,CHLORURE DE SODIUM // CHLORURE DE POTASSIUM // CHLORURE DE CALCIUM X 2H2O // CHLORURE DE MAGNESIUM X 6H2O // ACIDE ACETIQUE // GLUCOSE,6878,V04CG,V,Tests for gastric secretion
CHLORURE DE SODIUM // CHLORURE DE POTASSIUM // CHLORURE DE MAGNESIUM // CHLORURE DE CALCIUM // ACIDE ACETIQUE,CHLORURE DE SODIUM,6878,V03AB,V,Antidotes
CHLORURE DE SODIUM // CHLORURE DE POTASSIUM // CHLORURE DE MAGNESIUM // CHLORURE DE CALCIUM // ACIDE ACETIQUE,CHLORURE DE SODIUM,6878,V04CG,V,Tests for gastric secretion
CHLORURE DE SODIUM // CHLORURE DE POTASSIUM // CHLORURE DE MAGNESIUM // CHLORURE DE CALCIUM // ACIDE ACETIQUE,CHLORURE DE POTASSIUM,6878,V03AB,V,Antidotes
CHLORURE DE SODIUM // CHLORURE DE POTASSIUM // CHLORURE DE MAGNESIUM // CHLORURE DE CALCIUM // ACIDE ACETIQUE,CHLORURE DE POTASSIUM,6878,V04CG,V,Tests for gastric secretion
CHLORURE DE SODIUM // CHLORURE DE POTASSIUM // CHLORURE DE MAGNESIUM // CHLORURE DE CALCIUM // ACIDE ACETIQUE,CHLORURE DE MAGNESIUM,6878,V03AB,V,Antidotes
CHLORURE DE SODIUM // CHLORURE DE POTASSIUM // CHLORURE DE MAGNESIUM // CHLORURE DE CALCIUM // ACIDE ACETIQUE,CHLORURE DE MAGNESIUM,6878,V04CG,V,Tests for gastric secretion
CHLORURE DE SODIUM // CHLORURE DE POTASSIUM // CHLORURE DE MAGNESIUM // CHLORURE DE CALCIUM // ACIDE ACETIQUE,CHLORURE DE CALCIUM,6878,V03AB,V,Antidotes
CHLORURE DE SODIUM // CHLORURE DE POTASSIUM // CHLORURE DE MAGNESIUM // CHLORURE DE CALCIUM // ACIDE ACETIQUE,CHLORURE DE CALCIUM,6878,V04CG,V,Tests for gastric secretion
CHLORURE DE SODIUM // CHLORURE DE POTASSIUM // CHLORURE DE MAGNESIUM // CHLORURE DE CALCIUM // ACIDE ACETIQUE,ACIDE ACETIQUE,168,G01AD,G,Organic acids
CHLORURE DE SODIUM // CHLORURE DE POTASSIUM // CHLORURE DE MAGNESIUM // CHLORURE DE CALCIUM // ACIDE ACETIQUE,ACIDE ACETIQUE,168,S02AA,S,Antiinfectives
CHLORURE DE SODIUM // CHLORURE DE POTASSIUM // CHLORURE DE MAGNESIUM // CHLORURE DE CALCIUM // ACIDE ACETIQUE // ACIDE ACETIQUE,CHLORURE DE SODIUM,6878,V03AB,V,Antidotes
CHLORURE DE SODIUM // CHLORURE DE POTASSIUM // CHLORURE DE MAGNESIUM // CHLORURE DE CALCIUM // ACIDE ACETIQUE // ACIDE ACETIQUE,CHLORURE DE SODIUM,6878,V04CG,V,Tests for gastric secretion
CHLORURE DE SODIUM // CHLORURE DE POTASSIUM // CHLORURE DE MAGNESIUM // CHLORURE DE CALCIUM // ACIDE ACETIQUE // ACIDE ACETIQUE,CHLORURE DE POTASSIUM,6878,V03AB,V,Antidotes
CHLORURE DE SODIUM // CHLORURE DE POTASSIUM // CHLORURE DE MAGNESIUM // CHLORURE DE CALCIUM // ACIDE ACETIQUE // ACIDE ACETIQUE,CHLORURE DE POTASSIUM,6878,V04CG,V,Tests for gastric secretion
CHLORURE DE SODIUM // CHLORURE DE POTASSIUM // CHLORURE DE MAGNESIUM // CHLORURE DE CALCIUM // ACIDE ACETIQUE // ACIDE ACETIQUE,CHLORURE DE MAGNESIUM,6878,V03AB,V,Antidotes
CHLORURE DE SODIUM // CHLORURE DE POTASSIUM // CHLORURE DE MAGNESIUM // CHLORURE DE CALCIUM // ACIDE ACETIQUE // ACIDE ACETIQUE,CHLORURE DE MAGNESIUM,6878,V04CG,V,Tests for gastric secretion
CHLORURE DE SODIUM // CHLORURE DE POTASSIUM // CHLORURE DE MAGNESIUM // CHLORURE DE CALCIUM // ACIDE ACETIQUE // ACIDE ACETIQUE,CHLORURE DE CALCIUM,6878,V03AB,V,Antidotes
CHLORURE DE SODIUM // CHLORURE DE POTASSIUM // CHLORURE DE MAGNESIUM // CHLORURE DE CALCIUM // ACIDE ACETIQUE // ACIDE ACETIQUE,CHLORURE DE CALCIUM,6878,V04CG,V,Tests for gastric secretion
CHLORURE DE SODIUM // CHLORURE DE POTASSIUM // CHLORURE DE MAGNESIUM // CHLORURE DE CALCIUM // ACIDE ACETIQUE // ACIDE ACETIQUE,ACIDE ACETIQUE,168,G01AD,G,Organic acids
CHLORURE DE SODIUM // CHLORURE DE POTASSIUM // CHLORURE DE MAGNESIUM // CHLORURE DE CALCIUM // ACIDE ACETIQUE // ACIDE ACETIQUE,ACIDE ACETIQUE,168,S02AA,S,Antiinfectives
CHLORURE DE SODIUM // CHLORURE DE POTASSIUM // CHLORURE DE MAGNESIUM // CHLORURE DE CALCIUM // ACIDE ACETIQUE // ACIDE ACETIQUE,ACIDE ACETIQUE,168,G01AD,G,Organic acids
CHLORURE DE SODIUM // CHLORURE DE POTASSIUM // CHLORURE DE MAGNESIUM // CHLORURE DE CALCIUM // ACIDE ACETIQUE // ACIDE ACETIQUE,ACIDE ACETIQUE,168,S02AA,S,Antiinfectives
CHLORURE DE SODIUM // CHLORURE DE POTASSIUM // CHLORURE DE MAGNESIUM // CHLORURE DE CALCIUM // ACIDE ACETIQUE // GLUCOSE MONOHYDRATE,CHLORURE DE SODIUM,6878,V03AB,V,Antidotes
CHLORURE DE SODIUM // CHLORURE DE POTASSIUM // CHLORURE DE MAGNESIUM // CHLORURE DE CALCIUM // ACIDE ACETIQUE // GLUCOSE MONOHYDRATE,CHLORURE DE SODIUM,6878,V04CG,V,Tests for gastric secretion
CHLORURE DE SODIUM // CHLORURE DE POTASSIUM // CHLORURE DE MAGNESIUM // CHLORURE DE CALCIUM // ACIDE ACETIQUE // GLUCOSE MONOHYDRATE,CHLORURE DE POTASSIUM,6878,V03AB,V,Antidotes
CHLORURE DE SODIUM // CHLORURE DE POTASSIUM // CHLORURE DE MAGNESIUM // CHLORURE DE CALCIUM // ACIDE ACETIQUE // GLUCOSE MONOHYDRATE,CHLORURE DE POTASSIUM,6878,V04CG,V,Tests for gastric secretion
CHLORURE DE SODIUM // CHLORURE DE POTASSIUM // CHLORURE DE MAGNESIUM // CHLORURE DE CALCIUM // ACIDE ACETIQUE // GLUCOSE MONOHYDRATE,CHLORURE DE MAGNESIUM,6878,V03AB,V,Antidotes
CHLORURE DE SODIUM // CHLORURE DE POTASSIUM // CHLORURE DE MAGNESIUM // CHLORURE DE CALCIUM // ACIDE ACETIQUE // GLUCOSE MONOHYDRATE,CHLORURE DE MAGNESIUM,6878,V04CG,V,Tests for gastric secretion
CHLORURE DE SODIUM // CHLORURE DE POTASSIUM // CHLORURE DE MAGNESIUM // CHLORURE DE CALCIUM // ACIDE ACETIQUE // GLUCOSE MONOHYDRATE,CHLORURE DE CALCIUM,6878,V03AB,V,Antidotes
CHLORURE DE SODIUM // CHLORURE DE POTASSIUM // CHLORURE DE MAGNESIUM // CHLORURE DE CALCIUM // ACIDE ACETIQUE // GLUCOSE MONOHYDRATE,CHLORURE DE CALCIUM,6878,V04CG,V,Tests for gastric secretion
CHLORURE DE SODIUM // CHLORURE DE POTASSIUM // CHLORURE DE MAGNESIUM // CHLORURE DE CALCIUM // ACIDE ACETIQUE // GLUCOSE MONOHYDRATE,ACIDE ACETIQUE,168,G01AD,G,Organic acids
CHLORURE DE SODIUM // CHLORURE DE POTASSIUM // CHLORURE DE MAGNESIUM // CHLORURE DE CALCIUM // ACIDE ACETIQUE // GLUCOSE MONOHYDRATE,ACIDE ACETIQUE,168,S02AA,S,Antiinfectives
CHLORURE DE SODIUM // CHLORURE DE POTASSIUM // CHLORURE DE MAGNESIUM // CHLORURE DE CALCIUM // ACIDE ACETIQUE // GLUCOSE MONOHYDRATE,GLUCOSE MONOHYDRATE,1299920,B05CX,B,Other irrigating solutions
CHLORURE DE SODIUM // CHLORURE DE POTASSIUM // CHLORURE DE MAGNESIUM // CHLORURE DE CALCIUM // ACIDE ACETIQUE // GLUCOSE MONOHYDRATE,GLUCOSE MONOHYDRATE,1299920,V04CA,V,Tests for diabetes
CHLORURE DE SODIUM // CHLORURE DE POTASSIUM // CHLORURE DE MAGNESIUM // CHLORURE DE CALCIUM // ACIDE ACETIQUE // GLUCOSE MONOHYDRATE,GLUCOSE MONOHYDRATE,1299920,V06DC,V,Carbohydrates
CHLORURE DE SODIUM // CHLORURE DE POTASSIUM // CITRATE DE SODIUM TRISODIQUE // GLUCOSE ANHYDRE,CHLORURE DE SODIUM,6878,V03AB,V,Antidotes
CHLORURE DE SODIUM // CHLORURE DE POTASSIUM // CITRATE DE SODIUM TRISODIQUE // GLUCOSE ANHYDRE,CHLORURE DE SODIUM,6878,V04CG,V,Tests for gastric secretion
CHLORURE DE SODIUM // CHLORURE DE POTASSIUM // CITRATE DE SODIUM TRISODIQUE // GLUCOSE ANHYDRE,CHLORURE DE POTASSIUM,6878,V03AB,V,Antidotes
CHLORURE DE SODIUM // CHLORURE DE POTASSIUM // CITRATE DE SODIUM TRISODIQUE // GLUCOSE ANHYDRE,CHLORURE DE POTASSIUM,6878,V04CG,V,Tests for gastric secretion
CHLORURE DE SODIUM // CHLORURE DE POTASSIUM // CITRATE DE SODIUM TRISODIQUE // GLUCOSE ANHYDRE,CITRATE DE SODIUM TRISODIQUE,56466,B05CB,B,Salt solutions
CHLORURE DE SODIUM // CHLORURE DE POTASSIUM // CITRATE DE SODIUM TRISODIQUE // GLUCOSE ANHYDRE,GLUCOSE ANHYDRE,349730,B05CX,B,Other irrigating solutions
CHLORURE DE SODIUM // CHLORURE DE POTASSIUM // CITRATE DE SODIUM TRISODIQUE // GLUCOSE ANHYDRE,GLUCOSE ANHYDRE,349730,V04CA,V,Tests for diabetes
CHLORURE DE SODIUM // CHLORURE DE POTASSIUM // CITRATE DE SODIUM TRISODIQUE // GLUCOSE ANHYDRE,GLUCOSE ANHYDRE,349730,V06DC,V,Carbohydrates
CHLORURE DE SODIUM // CITRATE TRISODIQUE DIHYDRATE // CHLORURE DE POTASSIUM // GLUCOSE ANHYDRE,CHLORURE DE SODIUM,6878,V03AB,V,Antidotes
CHLORURE DE SODIUM // CITRATE TRISODIQUE DIHYDRATE // CHLORURE DE POTASSIUM // GLUCOSE ANHYDRE,CHLORURE DE SODIUM,6878,V04CG,V,Tests for gastric secretion
CHLORURE DE SODIUM // CITRATE TRISODIQUE DIHYDRATE // CHLORURE DE POTASSIUM // GLUCOSE ANHYDRE,CITRATE TRISODIQUE DIHYDRATE,221163,A09AB,A,Acid preparations
CHLORURE DE SODIUM // CITRATE TRISODIQUE DIHYDRATE // CHLORURE DE POTASSIUM // GLUCOSE ANHYDRE,CHLORURE DE POTASSIUM,6878,V03AB,V,Antidotes
CHLORURE DE SODIUM // CITRATE TRISODIQUE DIHYDRATE // CHLORURE DE POTASSIUM // GLUCOSE ANHYDRE,CHLORURE DE POTASSIUM,6878,V04CG,V,Tests for gastric secretion
CHLORURE DE SODIUM // CITRATE TRISODIQUE DIHYDRATE // CHLORURE DE POTASSIUM // GLUCOSE ANHYDRE,GLUCOSE ANHYDRE,349730,B05CX,B,Other irrigating solutions
CHLORURE DE SODIUM // CITRATE TRISODIQUE DIHYDRATE // CHLORURE DE POTASSIUM // GLUCOSE ANHYDRE,GLUCOSE ANHYDRE,349730,V04CA,V,Tests for diabetes
CHLORURE DE SODIUM // CITRATE TRISODIQUE DIHYDRATE // CHLORURE DE POTASSIUM // GLUCOSE ANHYDRE,GLUCOSE ANHYDRE,349730,V06DC,V,Carbohydrates
CHLORURE DE SODIUM // GLUCOSE MONOHYDRATE // CHLORURE DE POTASSIUM // CHLORURE DE CALCIUM // CHLORURE DE MAGNESIUM // ACIDE ACETIQUE,CHLORURE DE SODIUM,6878,V03AB,V,Antidotes
CHLORURE DE SODIUM // GLUCOSE MONOHYDRATE // CHLORURE DE POTASSIUM // CHLORURE DE CALCIUM // CHLORURE DE MAGNESIUM // ACIDE ACETIQUE,CHLORURE DE SODIUM,6878,V04CG,V,Tests for gastric secretion
CHLORURE DE SODIUM // GLUCOSE MONOHYDRATE // CHLORURE DE POTASSIUM // CHLORURE DE CALCIUM // CHLORURE DE MAGNESIUM // ACIDE ACETIQUE,GLUCOSE MONOHYDRATE,1299920,B05CX,B,Other irrigating solutions
CHLORURE DE SODIUM // GLUCOSE MONOHYDRATE // CHLORURE DE POTASSIUM // CHLORURE DE CALCIUM // CHLORURE DE MAGNESIUM // ACIDE ACETIQUE,GLUCOSE MONOHYDRATE,1299920,V04CA,V,Tests for diabetes
CHLORURE DE SODIUM // GLUCOSE MONOHYDRATE // CHLORURE DE POTASSIUM // CHLORURE DE CALCIUM // CHLORURE DE MAGNESIUM // ACIDE ACETIQUE,GLUCOSE MONOHYDRATE,1299920,V06DC,V,Carbohydrates
CHLORURE DE SODIUM // GLUCOSE MONOHYDRATE // CHLORURE DE POTASSIUM // CHLORURE DE CALCIUM // CHLORURE DE MAGNESIUM // ACIDE ACETIQUE,CHLORURE DE POTASSIUM,6878,V03AB,V,Antidotes
CHLORURE DE SODIUM // GLUCOSE MONOHYDRATE // CHLORURE DE POTASSIUM // CHLORURE DE CALCIUM // CHLORURE DE MAGNESIUM // ACIDE ACETIQUE,CHLORURE DE POTASSIUM,6878,V04CG,V,Tests for gastric secretion
CHLORURE DE SODIUM // GLUCOSE MONOHYDRATE // CHLORURE DE POTASSIUM // CHLORURE DE CALCIUM // CHLORURE DE MAGNESIUM // ACIDE ACETIQUE,CHLORURE DE CALCIUM,6878,V03AB,V,Antidotes
CHLORURE DE SODIUM // GLUCOSE MONOHYDRATE // CHLORURE DE POTASSIUM // CHLORURE DE CALCIUM // CHLORURE DE MAGNESIUM // ACIDE ACETIQUE,CHLORURE DE CALCIUM,6878,V04CG,V,Tests for gastric secretion
CHLORURE DE SODIUM // GLUCOSE MONOHYDRATE // CHLORURE DE POTASSIUM // CHLORURE DE CALCIUM // CHLORURE DE MAGNESIUM // ACIDE ACETIQUE,CHLORURE DE MAGNESIUM,6878,V03AB,V,Antidotes
CHLORURE DE SODIUM // GLUCOSE MONOHYDRATE // CHLORURE DE POTASSIUM // CHLORURE DE CALCIUM // CHLORURE DE MAGNESIUM // ACIDE ACETIQUE,CHLORURE DE MAGNESIUM,6878,V04CG,V,Tests for gastric secretion
CHLORURE DE SODIUM // GLUCOSE MONOHYDRATE // CHLORURE DE POTASSIUM // CHLORURE DE CALCIUM // CHLORURE DE MAGNESIUM // ACIDE ACETIQUE,ACIDE ACETIQUE,168,G01AD,G,Organic acids
CHLORURE DE SODIUM // GLUCOSE MONOHYDRATE // CHLORURE DE POTASSIUM // CHLORURE DE CALCIUM // CHLORURE DE MAGNESIUM // ACIDE ACETIQUE,ACIDE ACETIQUE,168,S02AA,S,Antiinfectives
"CHLORURE DE SODIUM // LACTATE DE SODIUM // CHLORURE DE CALCIUM // CHLORURE DE MAGNESIUM HEXAHYDRATE // GLUCOSE MONOHYDRATE (: 15,00G DE GLUCOSE ANHYDRE )","CHLORURE DE SODIUM // LACTATE DE SODIUM // CHLORURE DE CALCIUM // CHLORURE DE MAGNESIUM HEXAHYDRATE // GLUCOSE MONOHYDRATE (: 15,00G DE GLUCOSE ANHYDRE )",6878,V03AB,V,Antidotes
"CHLORURE DE SODIUM // LACTATE DE SODIUM // CHLORURE DE CALCIUM // CHLORURE DE MAGNESIUM HEXAHYDRATE // GLUCOSE MONOHYDRATE (: 15,00G DE GLUCOSE ANHYDRE )","CHLORURE DE SODIUM // LACTATE DE SODIUM // CHLORURE DE CALCIUM // CHLORURE DE MAGNESIUM HEXAHYDRATE // GLUCOSE MONOHYDRATE (: 15,00G DE GLUCOSE ANHYDRE )",6878,V04CG,V,Tests for gastric secretion
"CHLORURE DE SODIUM // LACTATE DE SODIUM // CHLORURE DE CALCIUM // CHLORURE DE MAGNESIUM HEXAHYDRATE // GLUCOSE MONOHYDRATE : (42,50G DE GLUCOSE ANHYDRE)","CHLORURE DE SODIUM // LACTATE DE SODIUM // CHLORURE DE CALCIUM // CHLORURE DE MAGNESIUM HEXAHYDRATE // GLUCOSE MONOHYDRATE : (42,50G DE GLUCOSE ANHYDRE)",6878,V03AB,V,Antidotes
"CHLORURE DE SODIUM // LACTATE DE SODIUM // CHLORURE DE CALCIUM // CHLORURE DE MAGNESIUM HEXAHYDRATE // GLUCOSE MONOHYDRATE : (42,50G DE GLUCOSE ANHYDRE)","CHLORURE DE SODIUM // LACTATE DE SODIUM // CHLORURE DE CALCIUM // CHLORURE DE MAGNESIUM HEXAHYDRATE // GLUCOSE MONOHYDRATE : (42,50G DE GLUCOSE ANHYDRE)",6878,V04CG,V,Tests for gastric secretion
"CHLORURE DE SODIUM // LACTATE DE SODIUM // CHLORURE DE CALCIUM // CHLORURE DE MAGNESIUM HEXAHYDRATE // GLUCOSE MONOHYDRATE: (22,73G DE GLUCOSE ANHYDRE )","CHLORURE DE SODIUM // LACTATE DE SODIUM // CHLORURE DE CALCIUM // CHLORURE DE MAGNESIUM HEXAHYDRATE // GLUCOSE MONOHYDRATE: (22,73G DE GLUCOSE ANHYDRE )",6878,V03AB,V,Antidotes
"CHLORURE DE SODIUM // LACTATE DE SODIUM // CHLORURE DE CALCIUM // CHLORURE DE MAGNESIUM HEXAHYDRATE // GLUCOSE MONOHYDRATE: (22,73G DE GLUCOSE ANHYDRE )","CHLORURE DE SODIUM // LACTATE DE SODIUM // CHLORURE DE CALCIUM // CHLORURE DE MAGNESIUM HEXAHYDRATE // GLUCOSE MONOHYDRATE: (22,73G DE GLUCOSE ANHYDRE )",6878,V04CG,V,Tests for gastric secretion
CHLORURE THALLEUX,CHLORURE THALLEUX,1311633,V09GX,V,Other cardiovascular system diagnostic radiopharmaceuticals
CHOLECALCIFEROL (VITAMINE D3),CHOLECALCIFEROL (VITAMINE D3),2418,A11CC,A,Vitamin D and analogues
CHOLINE SALICYLATE,CHOLINE SALICYLATE,20974,N02BA,N,Salicylic acid and derivatives
CHONDROITINE,CHONDROITINE,2473,M01AX,M,"Other antiinflammatory and antirheumatic agents, non-steroids"
CHONDROITINE SULFATE SODIQUE,CHONDROITINE SULFATE SODIQUE,2473,M01AX,M,"Other antiinflammatory and antirheumatic agents, non-steroids"
CHORIOGONADOTROPINE ALFA,CHORIOGONADOTROPINE ALFA,283550,G03GA,G,Gonadotropins
CHRONDROITINE,CHRONDROITINE,2473,M01AX,M,"Other antiinflammatory and antirheumatic agents, non-steroids"
CHYMOTRYPSINE // ESTER NICOTINIQUE,CHYMOTRYPSINE,2530,B06AA,B,Enzymes
CHYMOTRYPSINE // ESTER NICOTINIQUE,CHYMOTRYPSINE,2530,S01KX,S,Other surgical aids
CHYMOTRYPSINE // ESTER NICOTINIQUE,ESTER NICOTINIQUE,259462,,,
CHYMOTRYPSINE // PHENYLBUTAZONE,CHYMOTRYPSINE,2530,B06AA,B,Enzymes
CHYMOTRYPSINE // PHENYLBUTAZONE,CHYMOTRYPSINE,2530,S01KX,S,Other surgical aids
CHYMOTRYPSINE // PHENYLBUTAZONE,PHENYLBUTAZONE,8160,M01AA,M,Butylpyrazolidines
CHYMOTRYPSINE // PHENYLBUTAZONE,PHENYLBUTAZONE,8160,M02AA,M,"Antiinflammatory preparations, non-steroids for topical use"
CICLOPIROXOLAMINE,CICLOPIROXOLAMINE,52172,D01AE,D,Other antifungals for topical use
CICLOPIROXOLAMINE,CICLOPIROXOLAMINE,52172,G01AX,G,Other antiinfectives and antiseptics
CICLOSENIDE MICRONISE,CICLOSENIDE MICRONISE,274964,R01AD,R,Corticosteroids
CICLOSENIDE MICRONISE,CICLOSENIDE MICRONISE,274964,R03BA,R,Glucocorticoids
CICLOSPORINE,CICLOSPORINE,3008,L04AD,L,Calcineurin inhibitors
CICLOSPORINE,CICLOSPORINE,3008,S01XA,S,Other ophthalmologicals
CILASTATINE,CILASTATINE,2540,J01DH,J,Carbapenems
CILAZAPRIL,CILAZAPRIL,21102,C09AA,C,"ACE inhibitors, plain"
CIMETIDINE,CIMETIDINE,2541,A02BA,A,H2-receptor antagonists
CINACALCET,CINACALCET,407990,H05BX,H,Other anti-parathyroid agents
CINCHOCAINE CHLORHYDRATE,CINCHOCAINE CHLORHYDRATE,3339,C05AD,C,Local anesthetics
CINCHOCAINE CHLORHYDRATE,CINCHOCAINE CHLORHYDRATE,3339,D04AB,D,Anesthetics for topical use
CINCHOCAINE CHLORHYDRATE,CINCHOCAINE CHLORHYDRATE,3339,N01BB,N,Amides
CINCHOCAINE CHLORHYDRATE,CINCHOCAINE CHLORHYDRATE,3339,S01HA,S,Local anesthetics
CINCHOCAINE CHLORHYDRATE,CINCHOCAINE CHLORHYDRATE,3339,S02DA,S,Analgesics and anesthetics
CINEOL,CINEOL,21116,R05CA,R,Expectorants
CINEOLE,CINEOLE,21116,R05CA,R,Expectorants
CINEOLE / CODEINE,CINEOLE,21116,R05CA,R,Expectorants
CINEOLE / CODEINE,CODEINE,2670,N02AJ,N,Opioids in combination with non-opioid analgesics
CINEOLE / CODEINE,CODEINE,2670,R05DA,R,Opium alkaloids and derivatives
CINEOLE // CODEINE,CINEOLE,21116,R05CA,R,Expectorants
CINEOLE // CODEINE,CODEINE,2670,N02AJ,N,Opioids in combination with non-opioid analgesics
CINEOLE // CODEINE,CODEINE,2670,R05DA,R,Opium alkaloids and derivatives
CIPROFIBRATE,CIPROFIBRATE,21149,C10AB,C,Fibrates
CIPROFLOXACINE,CIPROFLOXACINE,2551,J01MA,J,Fluoroquinolones
CIPROFLOXACINE,CIPROFLOXACINE,2551,S01AE,S,Fluoroquinolones
CIPROFLOXACINE,CIPROFLOXACINE,2551,S02AA,S,Antiinfectives
CIPROFLOXACINE,CIPROFLOXACINE,2551,S03AA,S,Antiinfectives
CIPROFLOXACINE (CHLORHYDRATE),CIPROFLOXACINE (CHLORHYDRATE),2551,J01MA,J,Fluoroquinolones
CIPROFLOXACINE (CHLORHYDRATE),CIPROFLOXACINE (CHLORHYDRATE),2551,S01AE,S,Fluoroquinolones
CIPROFLOXACINE (CHLORHYDRATE),CIPROFLOXACINE (CHLORHYDRATE),2551,S02AA,S,Antiinfectives
CIPROFLOXACINE (CHLORHYDRATE),CIPROFLOXACINE (CHLORHYDRATE),2551,S03AA,S,Antiinfectives
CIPROFLOXACINE // FLUCINOLONE,CIPROFLOXACINE,2551,J01MA,J,Fluoroquinolones
CIPROFLOXACINE // FLUCINOLONE,CIPROFLOXACINE,2551,S01AE,S,Fluoroquinolones
CIPROFLOXACINE // FLUCINOLONE,CIPROFLOXACINE,2551,S02AA,S,Antiinfectives
CIPROFLOXACINE // FLUCINOLONE,CIPROFLOXACINE,2551,S03AA,S,Antiinfectives
CIPROFLOXACINE // FLUCINOLONE,FLUCINOLONE,25126,C05AA,C,Corticosteroids
CIPROFLOXACINE // FLUCINOLONE,FLUCINOLONE,25126,D07AC,D,"Corticosteroids, potent (group III)"
CIPROFLOXACINE // FLUCINOLONE,FLUCINOLONE,25126,S01BA,S,"Corticosteroids, plain"
CIPROFLOXACINE // FLUCINOLONE,FLUCINOLONE,25126,S02BA,S,Corticosteroids
CISATRACURIUM,CISATRACURIUM,319864,M03AC,M,Other quaternary ammonium compounds
CISATRACURIUM (BESILATE),CISATRACURIUM (BESILATE),136561,M03AC,M,Other quaternary ammonium compounds
CISPLATINE,CISPLATINE,2555,L01XA,L,Platinum compounds
CITRATE DE CAFEINE,CITRATE DE CAFEINE,20033,D11AX,D,Other dermatologicals
CITRATE DE CAFEINE,CITRATE DE CAFEINE,20033,N06BC,N,Xanthine derivatives
CITRATE DE SODIUM,CITRATE DE SODIUM,56466,B05CB,B,Salt solutions
CITRATE TRISODIQUE,CITRATE TRISODIQUE,253204,,,
CITRULINE MALEATE,CITRULINE MALEATE,1426331,,,
CITRULLINE (MALEATE),CITRULLINE (MALEATE),2707558,,,
CLADRIBINE,CLADRIBINE,44157,L01BB,L,Purine analogues
CLADRIBINE,CLADRIBINE,44157,L04AA,L,Selective immunosuppressants
CLARITHROMYCINE,CLARITHROMYCINE,21212,J01FA,J,Macrolides
CLIDINIUM,CLIDINIUM,21232,,,
CLIDINIUM / CHLORDIAZEPOXIDE,CLIDINIUM,21232,,,
CLIDINIUM / CHLORDIAZEPOXIDE,CHLORDIAZEPOXIDE,2356,N05BA,N,Benzodiazepine derivatives
CLINDAMYCINE,CLINDAMYCINE,2582,D10AF,D,Antiinfectives for treatment of acne
CLINDAMYCINE,CLINDAMYCINE,2582,G01AA,G,Antibiotics
CLINDAMYCINE,CLINDAMYCINE,2582,J01FF,J,Lincosamides
CLINDAMYCINE (PHOSPHATE),CLINDAMYCINE (PHOSPHATE),797272,D10AF,D,Antiinfectives for treatment of acne
CLINDAMYCINE (PHOSPHATE),CLINDAMYCINE (PHOSPHATE),797272,G01AA,G,Antibiotics
CLINDAMYCINE (PHOSPHATE),CLINDAMYCINE (PHOSPHATE),797272,J01FF,J,Lincosamides
CLINDAMYCINE PHOSPHATE,CLINDAMYCINE PHOSPHATE,797272,D10AF,D,Antiinfectives for treatment of acne
CLINDAMYCINE PHOSPHATE,CLINDAMYCINE PHOSPHATE,797272,G01AA,G,Antibiotics
CLINDAMYCINE PHOSPHATE,CLINDAMYCINE PHOSPHATE,797272,J01FF,J,Lincosamides
CLOBAZAM,CLOBAZAM,21241,N05BA,N,Benzodiazepine derivatives
CLOBETASOL,CLOBETASOL,2590,D07AD,D,"Corticosteroids, very potent (group IV)"
CLOBETASOL,CLOBETASOL,2590,S01BA,S,"Corticosteroids, plain"
CLOBETASOL (PROPIONATE),CLOBETASOL (PROPIONATE),21245,D07AD,D,"Corticosteroids, very potent (group IV)"
CLOBETASOL (PROPIONATE),CLOBETASOL (PROPIONATE),21245,S01BA,S,"Corticosteroids, plain"
CLOBETASONE (BUTYRATE),CLOBETASONE (BUTYRATE),21246,D07AB,D,"Corticosteroids, moderately potent (group II)"
CLOBETASONE (BUTYRATE),CLOBETASONE (BUTYRATE),21246,S01BA,S,"Corticosteroids, plain"
CLOBETASONE BUTYRATE,CLOBETASONE BUTYRATE,21246,D07AB,D,"Corticosteroids, moderately potent (group II)"
CLOBETASONE BUTYRATE,CLOBETASONE BUTYRATE,21246,S01BA,S,"Corticosteroids, plain"
CLOCINIZINE,CLOCINIZINE,402583,,,
CLODRONATE (DISODIQUE),CLODRONATE (DISODIQUE),1546871,M05BA,M,Bisphosphonates
CLODRONATE DISODIQUE,CLODRONATE DISODIQUE,1546871,M05BA,M,Bisphosphonates
CLOFAZIMINE,CLOFAZIMINE,2592,J04BA,J,Drugs for treatment of lepra
CLOMIFENE,CLOMIFENE,2596,G03GB,G,"Ovulation stimulants, synthetic"
CLOMIFENE CITRATE,CLOMIFENE CITRATE,142431,G03GB,G,"Ovulation stimulants, synthetic"
CLOMIPRAMINE,CLOMIPRAMINE,2597,N06AA,N,Non-selective monoamine reuptake inhibitors
CLOMIPRAMINE (CHLORHYDRATE),CLOMIPRAMINE (CHLORHYDRATE),2597,N06AA,N,Non-selective monoamine reuptake inhibitors
CLONAZEPAM,CLONAZEPAM,2598,N03AE,N,Benzodiazepine derivatives
CLONIDINE,CLONIDINE,2599,C02AC,C,Imidazoline receptor agonists
CLONIDINE,CLONIDINE,2599,N02CX,N,Other antimigraine preparations
CLONIDINE,CLONIDINE,2599,S01EA,S,Sympathomimetics in glaucoma therapy
CLOPIDOGREL,CLOPIDOGREL,32968,B01AC,B,Platelet aggregation inhibitors excl. heparin
CLOPIDOGREL // ACIDE ACETYLSALICYLIQUE,CLOPIDOGREL,32968,B01AC,B,Platelet aggregation inhibitors excl. heparin
CLOPIDOGREL // ACIDE ACETYLSALICYLIQUE,ACIDE ACETYLSALICYLIQUE,1191,A01AD,A,Other agents for local oral treatment
CLOPIDOGREL // ACIDE ACETYLSALICYLIQUE,ACIDE ACETYLSALICYLIQUE,1191,B01AC,B,Platelet aggregation inhibitors excl. heparin
CLOPIDOGREL // ACIDE ACETYLSALICYLIQUE,ACIDE ACETYLSALICYLIQUE,1191,N02BA,N,Salicylic acid and derivatives
CLOPIDOGREL // ACIDE ACETYLSALICYLIQUE,ACIDE ACETYLSALICYLIQUE,1191,N02AJ,N,Opioids in combination with non-opioid analgesics
CLORAZEPATE,CLORAZEPATE,2353,N05BA,N,Benzodiazepine derivatives
CLORAZEPATE (DIPOTASSIQUE),CLORAZEPATE (DIPOTASSIQUE),2607,N05BA,N,Benzodiazepine derivatives
CLOSTRIDIUM BOTULINUM TYPE A,CLOSTRIDIUM BOTULINUM TYPE A,1811178,,,
CLOTRIMAZOLE,CLOTRIMAZOLE,2623,A01AB,A,Antiinfectives and antiseptics for local oral treatment
CLOTRIMAZOLE,CLOTRIMAZOLE,2623,D01AC,D,Imidazole and triazole derivatives
CLOTRIMAZOLE,CLOTRIMAZOLE,2623,G01AF,G,Imidazole derivatives
CLOTRIMAZOLE / DEXAMETHASONE,CLOTRIMAZOLE,2623,A01AB,A,Antiinfectives and antiseptics for local oral treatment
CLOTRIMAZOLE / DEXAMETHASONE,CLOTRIMAZOLE,2623,D01AC,D,Imidazole and triazole derivatives
CLOTRIMAZOLE / DEXAMETHASONE,CLOTRIMAZOLE,2623,G01AF,G,Imidazole derivatives
CLOTRIMAZOLE / DEXAMETHASONE,DEXAMETHASONE,3264,A01AC,A,Corticosteroids for local oral treatment
CLOTRIMAZOLE / DEXAMETHASONE,DEXAMETHASONE,3264,C05AA,C,Corticosteroids
CLOTRIMAZOLE / DEXAMETHASONE,DEXAMETHASONE,3264,D07AB,D,"Corticosteroids, moderately potent (group II)"
CLOTRIMAZOLE / DEXAMETHASONE,DEXAMETHASONE,3264,D07XB,D,"Corticosteroids, moderately potent, other combinations"
CLOTRIMAZOLE / DEXAMETHASONE,DEXAMETHASONE,3264,D10AA,D,"Corticosteroids, combinations for treatment of acne"
CLOTRIMAZOLE / DEXAMETHASONE,DEXAMETHASONE,3264,H02AB,H,Glucocorticoids
CLOTRIMAZOLE / DEXAMETHASONE,DEXAMETHASONE,3264,R01AD,R,Corticosteroids
CLOTRIMAZOLE / DEXAMETHASONE,DEXAMETHASONE,3264,S01BA,S,"Corticosteroids, plain"
CLOTRIMAZOLE / DEXAMETHASONE,DEXAMETHASONE,3264,S01CB,S,Corticosteroids/antiinfectives/mydriatics in combination
CLOTRIMAZOLE / DEXAMETHASONE,DEXAMETHASONE,3264,S02BA,S,Corticosteroids
CLOTRIMAZOLE / DEXAMETHASONE,DEXAMETHASONE,3264,S03BA,S,Corticosteroids
CLOTRIMAZOLE // DEXAMETHASONE,CLOTRIMAZOLE,2623,A01AB,A,Antiinfectives and antiseptics for local oral treatment
CLOTRIMAZOLE // DEXAMETHASONE,CLOTRIMAZOLE,2623,D01AC,D,Imidazole and triazole derivatives
CLOTRIMAZOLE // DEXAMETHASONE,CLOTRIMAZOLE,2623,G01AF,G,Imidazole derivatives
CLOTRIMAZOLE // DEXAMETHASONE,DEXAMETHASONE,3264,A01AC,A,Corticosteroids for local oral treatment
CLOTRIMAZOLE // DEXAMETHASONE,DEXAMETHASONE,3264,C05AA,C,Corticosteroids
CLOTRIMAZOLE // DEXAMETHASONE,DEXAMETHASONE,3264,D07AB,D,"Corticosteroids, moderately potent (group II)"
CLOTRIMAZOLE // DEXAMETHASONE,DEXAMETHASONE,3264,D07XB,D,"Corticosteroids, moderately potent, other combinations"
CLOTRIMAZOLE // DEXAMETHASONE,DEXAMETHASONE,3264,D10AA,D,"Corticosteroids, combinations for treatment of acne"
CLOTRIMAZOLE // DEXAMETHASONE,DEXAMETHASONE,3264,H02AB,H,Glucocorticoids
CLOTRIMAZOLE // DEXAMETHASONE,DEXAMETHASONE,3264,R01AD,R,Corticosteroids
CLOTRIMAZOLE // DEXAMETHASONE,DEXAMETHASONE,3264,S01BA,S,"Corticosteroids, plain"
CLOTRIMAZOLE // DEXAMETHASONE,DEXAMETHASONE,3264,S01CB,S,Corticosteroids/antiinfectives/mydriatics in combination
CLOTRIMAZOLE // DEXAMETHASONE,DEXAMETHASONE,3264,S02BA,S,Corticosteroids
CLOTRIMAZOLE // DEXAMETHASONE,DEXAMETHASONE,3264,S03BA,S,Corticosteroids
CLOZAPINE,CLOZAPINE,2626,N05AH,N,"Diazepines, oxazepines, thiazepines and oxepines"
COAL TAR,COAL TAR,2635,,,
COAL TAR / ACIDE SALICYLIQUE,COAL TAR,2635,,,
COAL TAR / ACIDE SALICYLIQUE,ACIDE SALICYLIQUE,,,,
COAL TAR // ACIDE SALICYLIQUE,COAL TAR,2635,,,
COAL TAR // ACIDE SALICYLIQUE,ACIDE SALICYLIQUE,,,,
COBIMETINIB,COBIMETINIB,1722365,L01EE,L,Mitogen-activated protein kinase (MEK) inhibitors
CODEINE,CODEINE,2670,N02AJ,N,Opioids in combination with non-opioid analgesics
CODEINE,CODEINE,2670,R05DA,R,Opium alkaloids and derivatives
CODEINE / ERYSIMUM,CODEINE,2670,N02AJ,N,Opioids in combination with non-opioid analgesics
CODEINE / ERYSIMUM,CODEINE,2670,R05DA,R,Opium alkaloids and derivatives
CODEINE / ERYSIMUM,ERYSIMUM,319799,,,
CODEINE // EXTRAIT D'ERYSIMUM OFFICINALE,CODEINE,2670,N02AJ,N,Opioids in combination with non-opioid analgesics
CODEINE // EXTRAIT D'ERYSIMUM OFFICINALE,CODEINE,2670,R05DA,R,Opium alkaloids and derivatives
CODEINE // EXTRAIT D'ERYSIMUM OFFICINALE,EXTRAIT D'ERYSIMUM OFFICINALE,319799,,,
CODEINE CAMPHOSULFONATE,CODEINE CAMPHOSULFONATE,2670,N02AJ,N,Opioids in combination with non-opioid analgesics
CODEINE CAMPHOSULFONATE,CODEINE CAMPHOSULFONATE,2670,R05DA,R,Opium alkaloids and derivatives
CODEINE CAMPHOSULFONATE // BENZOATE DE SODIUM,CODEINE CAMPHOSULFONATE,2670,N02AJ,N,Opioids in combination with non-opioid analgesics
CODEINE CAMPHOSULFONATE // BENZOATE DE SODIUM,CODEINE CAMPHOSULFONATE,2670,R05DA,R,Opium alkaloids and derivatives
CODEINE CAMPHOSULFONATE // BENZOATE DE SODIUM,BENZOATE DE SODIUM,56455,V04CG,V,Tests for gastric secretion
CODEINE CAMPHOSULFONATE // BENZOATE DE SODIUM,BENZOATE DE SODIUM,56455,A16AX,A,Various alimentary tract and metabolism products
CODEINE CAMPHOSULFONATE // SULFOGAIACOL // GRINDELIA,CODEINE CAMPHOSULFONATE,2670,N02AJ,N,Opioids in combination with non-opioid analgesics
CODEINE CAMPHOSULFONATE // SULFOGAIACOL // GRINDELIA,CODEINE CAMPHOSULFONATE,2670,R05DA,R,Opium alkaloids and derivatives
CODEINE CAMPHOSULFONATE // SULFOGAIACOL // GRINDELIA,SULFOGAIACOL,,,,
CODEINE CAMPHOSULFONATE // SULFOGAIACOL // GRINDELIA,GRINDELIA,2043451,,,
CODEINE CAMPHOSULFONATE // VITAMINE C (ACIDE ASCORBIQUE),CODEINE CAMPHOSULFONATE // VITAMINE C (ACIDE ASCORBIQUE),1151,A11GA,A,"Ascorbic acid (vitamin C), plain"
CODEINE CAMPHOSULFONATE // VITAMINE C (ACIDE ASCORBIQUE),CODEINE CAMPHOSULFONATE // VITAMINE C (ACIDE ASCORBIQUE),1151,G01AD,G,Organic acids
CODEINE CAMPHOSULFONATE // VITAMINE C (ACIDE ASCORBIQUE),CODEINE CAMPHOSULFONATE // VITAMINE C (ACIDE ASCORBIQUE),1151,S01XA,S,Other ophthalmologicals
CODEINE PHOSPHATE,CODEINE PHOSPHATE,2672,N02AJ,N,Opioids in combination with non-opioid analgesics
CODEINE PHOSPHATE,CODEINE PHOSPHATE,2672,R05DA,R,Opium alkaloids and derivatives
COLCHICINE,COLCHICINE,2683,M04AC,M,Preparations with no effect on uric acid metabolism
COLCHICINE CRISTALLISEE,COLCHICINE CRISTALLISEE,2683,M04AC,M,Preparations with no effect on uric acid metabolism
COLECALCIFEROL (VITAMINE D3),COLECALCIFEROL (VITAMINE D3),2418,A11CC,A,Vitamin D and analogues
COLISTIMETHATE,COLISTIMETHATE,2708,A07AA,A,Antibiotics
COLISTIMETHATE,COLISTIMETHATE,2708,J01XB,J,Polymyxins
COLISTIMETHATE SODIQUE,COLISTIMETHATE SODIQUE,2708,A07AA,A,Antibiotics
COLISTIMETHATE SODIQUE,COLISTIMETHATE SODIQUE,2708,J01XB,J,Polymyxins
COLISTIMETHATE SODIQUE // BACITRACINE // HYDROCORTISONE,COLISTIMETHATE SODIQUE,2708,A07AA,A,Antibiotics
COLISTIMETHATE SODIQUE // BACITRACINE // HYDROCORTISONE,COLISTIMETHATE SODIQUE,2708,J01XB,J,Polymyxins
COLISTIMETHATE SODIQUE // BACITRACINE // HYDROCORTISONE,BACITRACINE,1291,D06AX,D,Other antibiotics for topical use
COLISTIMETHATE SODIQUE // BACITRACINE // HYDROCORTISONE,BACITRACINE,1291,J01XX,J,Other antibacterials
COLISTIMETHATE SODIQUE // BACITRACINE // HYDROCORTISONE,BACITRACINE,1291,R02AB,R,Antibiotics
COLISTIMETHATE SODIQUE // BACITRACINE // HYDROCORTISONE,BACITRACINE,1291,S01AA,S,Antibiotics
COLISTIMETHATE SODIQUE // BACITRACINE // HYDROCORTISONE,HYDROCORTISONE,5492,D07AB,D,"Corticosteroids, moderately potent (group II)"
COLISTIMETHATE SODIQUE // BACITRACINE // HYDROCORTISONE,HYDROCORTISONE,5492,D07AC,D,"Corticosteroids, potent (group III)"
COLISTIMETHATE SODIQUE // BACITRACINE // HYDROCORTISONE,HYDROCORTISONE,5492,A01AC,A,Corticosteroids for local oral treatment
COLISTIMETHATE SODIQUE // BACITRACINE // HYDROCORTISONE,HYDROCORTISONE,5492,A07EA,A,Corticosteroids acting locally
COLISTIMETHATE SODIQUE // BACITRACINE // HYDROCORTISONE,HYDROCORTISONE,5492,C05AA,C,Corticosteroids
COLISTIMETHATE SODIQUE // BACITRACINE // HYDROCORTISONE,HYDROCORTISONE,5492,D07AA,D,"Corticosteroids, weak (group I)"
COLISTIMETHATE SODIQUE // BACITRACINE // HYDROCORTISONE,HYDROCORTISONE,5492,D07XA,D,"Corticosteroids, weak, other combinations"
COLISTIMETHATE SODIQUE // BACITRACINE // HYDROCORTISONE,HYDROCORTISONE,5492,H02AB,H,Glucocorticoids
COLISTIMETHATE SODIQUE // BACITRACINE // HYDROCORTISONE,HYDROCORTISONE,5492,S01BA,S,"Corticosteroids, plain"
COLISTIMETHATE SODIQUE // BACITRACINE // HYDROCORTISONE,HYDROCORTISONE,5492,S01CB,S,Corticosteroids/antiinfectives/mydriatics in combination
COLISTIMETHATE SODIQUE // BACITRACINE // HYDROCORTISONE,HYDROCORTISONE,5492,S02BA,S,Corticosteroids
COLISTINE,COLISTINE,2709,A07AA,A,Antibiotics
COLISTINE,COLISTINE,2709,J01XB,J,Polymyxins
COLLARGOL,COLLARGOL,,,,
COMPLEXE CHYMOTRYPSINE,COMPLEXE CHYMOTRYPSINE,2530,B06AA,B,Enzymes
COMPLEXE CHYMOTRYPSINE,COMPLEXE CHYMOTRYPSINE,2530,S01KX,S,Other surgical aids
COMPLEXE CHYMOTRYPSINE / PHENYLBUTAZONE,COMPLEXE CHYMOTRYPSINE,2530,B06AA,B,Enzymes
COMPLEXE CHYMOTRYPSINE / PHENYLBUTAZONE,COMPLEXE CHYMOTRYPSINE,2530,S01KX,S,Other surgical aids
COMPLEXE CHYMOTRYPSINE / PHENYLBUTAZONE,PHENYLBUTAZONE,8160,M01AA,M,Butylpyrazolidines
COMPLEXE CHYMOTRYPSINE / PHENYLBUTAZONE,PHENYLBUTAZONE,8160,M02AA,M,"Antiinflammatory preparations, non-steroids for topical use"
COMPLEXE D'HYDROXYDE FERRIQUE-SACCHAROSE,COMPLEXE D'HYDROXYDE FERRIQUE-SACCHAROSE,1358998,R01BA,R,Sympathomimetics
COMPLEXE OSSEINE HYDROXYAPATITE,COMPLEXE OSSEINE HYDROXYAPATITE,314661,,,
CONCENTRE HEMODIALYSE (BICARBONATE DE SODIUM),CONCENTRE HEMODIALYSE (BICARBONATE DE SODIUM),36676,B05CB,B,Salt solutions
CONCENTRE HEMODIALYSE (BICARBONATE DE SODIUM),CONCENTRE HEMODIALYSE (BICARBONATE DE SODIUM),36676,B05XA,B,Electrolyte solutions
CONCENTRE HEMODIALYSE (CHLORURE DE SODIUM // BICARBONATE DE SODIUM),CONCENTRE HEMODIALYSE (CHLORURE DE SODIUM // BICARBONATE DE SODIUM),6878,V03AB,V,Antidotes
CONCENTRE HEMODIALYSE (CHLORURE DE SODIUM // BICARBONATE DE SODIUM),CONCENTRE HEMODIALYSE (CHLORURE DE SODIUM // BICARBONATE DE SODIUM),6878,V04CG,V,Tests for gastric secretion
CONCENTRE HEMODIALYSE (CHLORURE DE SODIUM // CHLORURE DE POTASSIUM // CHLORURE DE CALCIUM // CHLORURE DE MAGNESIUM // ACIDE ACETIQUE GLACIAL // DEXTROSE),CONCENTRE HEMODIALYSE (CHLORURE DE SODIUM // CHLORURE DE POTASSIUM // CHLORURE DE CALCIUM // CHLORURE DE MAGNESIUM // ACIDE ACETIQUE GLACIAL // DEXTROSE),6878,V03AB,V,Antidotes
CONCENTRE HEMODIALYSE (CHLORURE DE SODIUM // CHLORURE DE POTASSIUM // CHLORURE DE CALCIUM // CHLORURE DE MAGNESIUM // ACIDE ACETIQUE GLACIAL // DEXTROSE),CONCENTRE HEMODIALYSE (CHLORURE DE SODIUM // CHLORURE DE POTASSIUM // CHLORURE DE CALCIUM // CHLORURE DE MAGNESIUM // ACIDE ACETIQUE GLACIAL // DEXTROSE),6878,V04CG,V,Tests for gastric secretion
CONCENTRE HEMODIALYSE (CHLORURE DE SODIUM // CHLORURE DE POTASSIUM // CHLORURE DE CALCIUM // CHLORURE DE MAGNESIUM // ACIDE ACETIQUE GLACIAL),CONCENTRE HEMODIALYSE (CHLORURE DE SODIUM // CHLORURE DE POTASSIUM // CHLORURE DE CALCIUM // CHLORURE DE MAGNESIUM // ACIDE ACETIQUE GLACIAL),6878,V03AB,V,Antidotes
CONCENTRE HEMODIALYSE (CHLORURE DE SODIUM // CHLORURE DE POTASSIUM // CHLORURE DE CALCIUM // CHLORURE DE MAGNESIUM // ACIDE ACETIQUE GLACIAL),CONCENTRE HEMODIALYSE (CHLORURE DE SODIUM // CHLORURE DE POTASSIUM // CHLORURE DE CALCIUM // CHLORURE DE MAGNESIUM // ACIDE ACETIQUE GLACIAL),6878,V04CG,V,Tests for gastric secretion
CONCENTRE HEMODIALYSE (CHLORURE DE SODIUM // CHLORURE DE POTASSIUM // CHLORURE DE CALCIUM // CHLORURE DE MAGNESIUM // ACIDE ACETIQUE GLACIAL°,CONCENTRE HEMODIALYSE (CHLORURE DE SODIUM // CHLORURE DE POTASSIUM // CHLORURE DE CALCIUM // CHLORURE DE MAGNESIUM // ACIDE ACETIQUE GLACIAL°,6878,V03AB,V,Antidotes
CONCENTRE HEMODIALYSE (CHLORURE DE SODIUM // CHLORURE DE POTASSIUM // CHLORURE DE CALCIUM // CHLORURE DE MAGNESIUM // ACIDE ACETIQUE GLACIAL°,CONCENTRE HEMODIALYSE (CHLORURE DE SODIUM // CHLORURE DE POTASSIUM // CHLORURE DE CALCIUM // CHLORURE DE MAGNESIUM // ACIDE ACETIQUE GLACIAL°,6878,V04CG,V,Tests for gastric secretion
CONCENTRE HEMODIALYSE (CHLORURE DE SODIUM // CHLORURE DE POTASSIUM // CHLORURE DE CALCIUM),CONCENTRE HEMODIALYSE (CHLORURE DE SODIUM // CHLORURE DE POTASSIUM // CHLORURE DE CALCIUM),6878,V03AB,V,Antidotes
CONCENTRE HEMODIALYSE (CHLORURE DE SODIUM // CHLORURE DE POTASSIUM // CHLORURE DE CALCIUM),CONCENTRE HEMODIALYSE (CHLORURE DE SODIUM // CHLORURE DE POTASSIUM // CHLORURE DE CALCIUM),6878,V04CG,V,Tests for gastric secretion
"CONCENTRE HEMODIALYSE (EM 103 (SOLUTE CONCENTRE ACIDE A 103 MMOL / L DE SODIUM); EM 103 CA2 + 1,5 (SOLUTE CONCENTRE ACIDE A 103 MMOL / L DE SODIUM ET A 1,50 MMOL / L DE CALCIUM); EM 80 (SOLUTE CONCENTRE ACIDE A 80 MMOL / L DE SODIUM); EM 80 CA2 + 1,31 (SOLUTE CONCENTRE ACIDE A 80 MMOL / L DE SODIUM ET A 1,31 MMOL / L DE CALCIUM) EM 80 CA2 + 1,5 (SOLUTE CONCENTRE ACIDE A 80 MMOL / L DE SODIUM ET A 1,50 MMOL / L DE CALCIUM))","CONCENTRE HEMODIALYSE (EM 103 (SOLUTE CONCENTRE ACIDE A 103 MMOL / L DE SODIUM); EM 103 CA2 + 1,5 (SOLUTE CONCENTRE ACIDE A 103 MMOL / L DE SODIUM ET A 1,50 MMOL / L DE CALCIUM); EM 80 (SOLUTE CONCENTRE ACIDE A 80 MMOL / L DE SODIUM); EM 80 CA2 + 1,31 (SOLUTE CONCENTRE ACIDE A 80 MMOL / L DE SODIUM ET A 1,31 MMOL / L DE CALCIUM) EM 80 CA2 + 1,5 (SOLUTE CONCENTRE ACIDE A 80 MMOL / L DE SODIUM ET A 1,50 MMOL / L DE CALCIUM))",2397251,B05CB,B,Salt solutions
"CONCENTRE HEMODIALYSE (EM 103 (SOLUTE CONCENTRE ACIDE A 103 MMOL / L DE SODIUM); EM 103 CA2 + 1,5 (SOLUTE CONCENTRE ACIDE A 103 MMOL / L DE SODIUM ET A 1,50 MMOL / L DE CALCIUM); EM 80 (SOLUTE CONCENTRE ACIDE A 80 MMOL / L DE SODIUM); EM 80 CA2 + 1,31 (SOLUTE CONCENTRE ACIDE A 80 MMOL / L DE SODIUM ET A 1,31 MMOL / L DE CALCIUM) EM 80 CA2 + 1,5 (SOLUTE CONCENTRE ACIDE A 80 MMOL / L DE SODIUM ET A 1,50 MMOL / L DE CALCIUM))","CONCENTRE HEMODIALYSE (EM 103 (SOLUTE CONCENTRE ACIDE A 103 MMOL / L DE SODIUM); EM 103 CA2 + 1,5 (SOLUTE CONCENTRE ACIDE A 103 MMOL / L DE SODIUM ET A 1,50 MMOL / L DE CALCIUM); EM 80 (SOLUTE CONCENTRE ACIDE A 80 MMOL / L DE SODIUM); EM 80 CA2 + 1,31 (SOLUTE CONCENTRE ACIDE A 80 MMOL / L DE SODIUM ET A 1,31 MMOL / L DE CALCIUM) EM 80 CA2 + 1,5 (SOLUTE CONCENTRE ACIDE A 80 MMOL / L DE SODIUM ET A 1,50 MMOL / L DE CALCIUM))",2397251,A12CA,A,Sodium
"CONCENTRE HEMODIALYSE (EM 103 (SOLUTE CONCENTRE ACIDE A 103 MMOL / L DE SODIUM); EM 103 CA2 + 1,5 (SOLUTE CONCENTRE ACIDE A 103 MMOL / L DE SODIUM ET A 1,50 MMOL / L DE CALCIUM); EM 80 (SOLUTE CONCENTRE ACIDE A 80 MMOL / L DE SODIUM); EM 80 CA2 + 1,31 (SOLUTE CONCENTRE ACIDE A 80 MMOL / L DE SODIUM ET A 1,31 MMOL / L DE CALCIUM) EM 80 CA2 + 1,5 (SOLUTE CONCENTRE ACIDE A 80 MMOL / L DE SODIUM ET A 1,50 MMOL / L DE CALCIUM))","CONCENTRE HEMODIALYSE (EM 103 (SOLUTE CONCENTRE ACIDE A 103 MMOL / L DE SODIUM); EM 103 CA2 + 1,5 (SOLUTE CONCENTRE ACIDE A 103 MMOL / L DE SODIUM ET A 1,50 MMOL / L DE CALCIUM); EM 80 (SOLUTE CONCENTRE ACIDE A 80 MMOL / L DE SODIUM); EM 80 CA2 + 1,31 (SOLUTE CONCENTRE ACIDE A 80 MMOL / L DE SODIUM ET A 1,31 MMOL / L DE CALCIUM) EM 80 CA2 + 1,5 (SOLUTE CONCENTRE ACIDE A 80 MMOL / L DE SODIUM ET A 1,50 MMOL / L DE CALCIUM))",2397251,B05XA,B,Electrolyte solutions
CONCENTRE POUR DIALYSE PERITONEALE,CONCENTRE POUR DIALYSE PERITONEALE,,,,
CONCENTRE POUR HEMODIALYSE,CONCENTRE POUR HEMODIALYSE,,,,
CORBONATE MONOSODIQUE,CORBONATE MONOSODIQUE,1311588,,,
CORBONATE MONOSODIQUE / SULFATE DE SODIUM,CORBONATE MONOSODIQUE,1311588,,,
CORBONATE MONOSODIQUE / SULFATE DE SODIUM,SULFATE DE SODIUM,9913,C05BB,C,Sclerosing agents for local injection
CORIFOLLITROPINE ALPHA,CORIFOLLITROPINE ALPHA,237099,,,
CORTIVAZOL,CORTIVAZOL,21660,H02AB,H,Glucocorticoids
CORTIVAZOL MICRONISE,CORTIVAZOL MICRONISE,21660,H02AB,H,Glucocorticoids
CRIZOTINIB,CRIZOTINIB,1148495,L01ED,L,Anaplastic lymphoma kinase (ALK) inhibitors
CROMOGLICATE DE SODIUM,CROMOGLICATE DE SODIUM,3538,A07EB,A,"Antiallergic agents, excl. corticosteroids"
CROMOGLICATE DE SODIUM,CROMOGLICATE DE SODIUM,3538,D11AH,D,"Agents for dermatitis, excluding corticosteroids"
CROMOGLICATE DE SODIUM,CROMOGLICATE DE SODIUM,3538,R01AC,R,"Antiallergic agents, excl. corticosteroids"
CROMOGLICATE DE SODIUM,CROMOGLICATE DE SODIUM,3538,R03BC,R,"Antiallergic agents, excl. corticosteroids"
CROMOGLICATE DE SODIUM,CROMOGLICATE DE SODIUM,3538,S01GX,S,Other antiallergics
CROMOGLYCATE DE SODIUM,CROMOGLYCATE DE SODIUM,2921,,,
CROTAMITON,CROTAMITON,21766,,,
CUIVRE,CUIVRE,2837,,,
CUIVRE (SULFATE) // ZINC (SULFATE) // ZINC (OXYDE DE) // CAMPHRE RACEMIQUE,CUIVRE (SULFATE) // ZINC (SULFATE) // ZINC (OXYDE DE) // CAMPHRE RACEMIQUE,11423,,,
CUPRESSACEES,CUPRESSACEES,,,,
CYANOCOBALAMINE,CYANOCOBALAMINE,11248,B03BA,B,Vitamin B12 (cyanocobalamin and analogues)
CYCLOBENZAPRINE,CYCLOBENZAPRINE,21949,M03BX,M,Other centrally acting agents
CYCLOPENTOLATE,CYCLOPENTOLATE,3001,S01FA,S,Anticholinergics
CYCLOPENTOLATE (CHLORHYDRATE),CYCLOPENTOLATE (CHLORHYDRATE),3001,S01FA,S,Anticholinergics
CYCLOPHOSPHAMIDE,CYCLOPHOSPHAMIDE,3002,L01AA,L,Nitrogen mustard analogues
CYPROHEPTADINE,CYPROHEPTADINE,3013,R06AX,R,Other antihistamines for systemic use
CYPROHEPTADINE / THIAMINE (VITAMINE B1),CYPROHEPTADINE / THIAMINE (VITAMINE B1),10454,A11DA,A,"Vitamin B1, plain"
CYPROHEPTADINE / VITAMINES,CYPROHEPTADINE,3013,R06AX,R,Other antihistamines for systemic use
CYPROHEPTADINE / VITAMINES,VITAMINES,11246,A11CA,A,"Vitamin A, plain"
CYPROHEPTADINE / VITAMINES,VITAMINES,11246,D10AD,D,Retinoids for topical use in acne
CYPROHEPTADINE / VITAMINES,VITAMINES,11246,R01AX,R,Other nasal preparations
CYPROHEPTADINE / VITAMINES,VITAMINES,11246,S01XA,S,Other ophthalmologicals
CYPROHEPTADINE // CARNITINE // LYSINE // VITAMINE B12,CYPROHEPTADINE // CARNITINE // LYSINE // VITAMINE B12,1007688,B03BA,B,Vitamin B12 (cyanocobalamin and analogues)
CYPROHEPTADINE // CARNITINE // LYSINE // VITAMINE B12,CYPROHEPTADINE // CARNITINE // LYSINE // VITAMINE B12,1007688,R06AX,R,Other antihistamines for systemic use
CYPROHEPTADINE // CARNITINE // LYSINE // VITAMINE B12 // VITAMINE B1 // VITAMINE B6,CYPROHEPTADINE // CARNITINE // LYSINE // VITAMINE B12 // VITAMINE B1 // VITAMINE B6,1007688,B03BA,B,Vitamin B12 (cyanocobalamin and analogues)
CYPROHEPTADINE // CARNITINE // LYSINE // VITAMINE B12 // VITAMINE B1 // VITAMINE B6,CYPROHEPTADINE // CARNITINE // LYSINE // VITAMINE B12 // VITAMINE B1 // VITAMINE B6,1007688,R06AX,R,Other antihistamines for systemic use
CYPROHEPTADINE // VITAMINE B1 (THIAMINE) // VITAMINE B6 (PYRIDOXINE CHLORHYDRATE) // VITAMINE B3 (NICOTINAMIDE) // VITAMINE B2 (RIBOFLAVINE) // VITAMINE C (ACIDE ASCORBIQUE),CYPROHEPTADINE // VITAMINE B1 (THIAMINE) // VITAMINE B6 (PYRIDOXINE CHLORHYDRATE) // VITAMINE B3 (NICOTINAMIDE) // VITAMINE B2 (RIBOFLAVINE) // VITAMINE C (ACIDE ASCORBIQUE),9346,A11HA,A,Other plain vitamin preparations
CYPROHEPTADINE // VITAMINE B1 (THIAMINE) // VITAMINE B6 (PYRIDOXINE CHLORHYDRATE) // VITAMINE B3 (NICOTINAMIDE) // VITAMINE B2 (RIBOFLAVINE) // VITAMINE C (ACIDE ASCORBIQUE),CYPROHEPTADINE // VITAMINE B1 (THIAMINE) // VITAMINE B6 (PYRIDOXINE CHLORHYDRATE) // VITAMINE B3 (NICOTINAMIDE) // VITAMINE B2 (RIBOFLAVINE) // VITAMINE C (ACIDE ASCORBIQUE),9346,S01XA,S,Other ophthalmologicals
CYPROHEPTADINE // VITAMINES,CYPROHEPTADINE,3013,R06AX,R,Other antihistamines for systemic use
CYPROHEPTADINE // VITAMINES,VITAMINES,11246,A11CA,A,"Vitamin A, plain"
CYPROHEPTADINE // VITAMINES,VITAMINES,11246,D10AD,D,Retinoids for topical use in acne
CYPROHEPTADINE // VITAMINES,VITAMINES,11246,R01AX,R,Other nasal preparations
CYPROHEPTADINE // VITAMINES,VITAMINES,11246,S01XA,S,Other ophthalmologicals
CYPROTERONE,CYPROTERONE,3014,G03HA,G,"Antiandrogens, plain"
CYPROTERONE (ACETATE),CYPROTERONE (ACETATE),22054,G03HA,G,"Antiandrogens, plain"
CYPROTERONE (ACETATE) // ETHINYLESTRADIOL,CYPROTERONE (ACETATE) // ETHINYLESTRADIOL,22054,G03HA,G,"Antiandrogens, plain"
CYPROTERONE / ETHINYLESTRADIOL,CYPROTERONE,3014,G03HA,G,"Antiandrogens, plain"
CYPROTERONE / ETHINYLESTRADIOL,ETHINYLESTRADIOL,4124,G03AA,G,"Progestogens and estrogens, fixed combinations"
CYPROTERONE / ETHINYLESTRADIOL,ETHINYLESTRADIOL,4124,G03AB,G,"Progestogens and estrogens, sequential preparations"
CYPROTERONE / ETHINYLESTRADIOL,ETHINYLESTRADIOL,4124,G03CA,G,"Natural and semisynthetic estrogens, plain"
CYPROTERONE / ETHINYLESTRADIOL,ETHINYLESTRADIOL,4124,L02AA,L,Estrogens
CYTARABINE,CYTARABINE,3041,L01XY,L,Combinations of antineoplastic agents
CYTARABINE,CYTARABINE,3041,L01BC,L,Pyrimidine analogues
DABIGATRAN ETEXILATE,DABIGATRAN ETEXILATE,1037042,B01AE,B,Direct thrombin inhibitors
DABIGATRAN ETEXILATE (MESILATE),DABIGATRAN ETEXILATE (MESILATE),1037041,B01AE,B,Direct thrombin inhibitors
DACARBAZINE,DACARBAZINE,3098,L01AX,L,Other alkylating agents
DACLATASVIR,DACLATASVIR,1606218,J05AP,J,Antivirals for treatment of HCV infections
DACTINOMYCINE,DACTINOMYCINE,3100,L01DA,L,Actinomycines
DALTEPARINE,DALTEPARINE,67109,B01AB,B,Heparin group
DAMOCTOCOG ALFA PEGOL,DAMOCTOCOG ALFA PEGOL,2055655,,,
DANAZOL,DANAZOL,3102,G03XA,G,Antigonadotropins and similar agents
DANTROLENE,DANTROLENE,3105,M03CA,M,Dantrolene and derivatives
DANTROLENE SODIQUE,DANTROLENE SODIQUE,3105,M03CA,M,Dantrolene and derivatives
DAPAGLIFLOZINE,DAPAGLIFLOZINE,1488564,A10BD,A,Combinations of oral blood glucose lowering drugs
DAPAGLIFLOZINE,DAPAGLIFLOZINE,1488564,A10BK,A,Sodium-glucose co-transporter 2 (SGLT2) inhibitors
DAPOXETINE,DAPOXETINE,72625,N06AX,N,Other antidepressants
DAPOXETINE HYDROCHLORIDE,DAPOXETINE HYDROCHLORIDE,476250,N06AX,N,Other antidepressants
DAPSONE // FER OXALATE,DAPSONE,3108,D10AX,D,Other anti-acne preparations for topical use
DAPSONE // FER OXALATE,DAPSONE,3108,J04BA,J,Drugs for treatment of lepra
DAPSONE // FER OXALATE,FER OXALATE,1441660,,,
DAPTOMYCINE,DAPTOMYCINE,22299,J01XX,J,Other antibacterials
DARATUMUMAB,DARATUMUMAB,1721947,L01FC,L,CD38 (Clusters of Differentiation 38) inhibitors
DARBEPOEITINE ALFA,DARBEPOEITINE ALFA,283838,B03XA,B,Other antianemic preparations
DARBEPOETIN ALFA,DARBEPOETIN ALFA,283838,B03XA,B,Other antianemic preparations
DARBEPOETINE,DARBEPOETINE,283838,B03XA,B,Other antianemic preparations
DAROLUTAMIDE,DAROLUTAMIDE,2180325,L02BB,L,Anti-androgens
DASABUVIR,DASABUVIR,1597381,J05AP,J,Antivirals for treatment of HCV infections
DASATINIB MONOHYDRATE,DASATINIB MONOHYDRATE,475342,L01EA,L,BCR-ABL tyrosine kinase inhibitors
DAUNORUBICINE,DAUNORUBICINE,3109,L01XY,L,Combinations of antineoplastic agents
DAUNORUBICINE,DAUNORUBICINE,3109,L01DB,L,Anthracyclines and related substances
DAUNORUBICINE HYDROCHLORIDE,DAUNORUBICINE HYDROCHLORIDE,81992,L01DB,L,Anthracyclines and related substances
DEANOL / MAGNESIUM,DEANOL,3116,N06BX,N,Other psychostimulants and nootropics
DEANOL / MAGNESIUM,MAGNESIUM,6574,,,
DEANOL PIDOLATE // MAGNESIUM PARAAMINOBENZOATE // VITAMINE C (ACIDE ASCORBIQUE),DEANOL PIDOLATE // MAGNESIUM PARAAMINOBENZOATE // VITAMINE C (ACIDE ASCORBIQUE),236195,N06BX,N,Other psychostimulants and nootropics
DECITABINE,DECITABINE,15657,L01BC,L,Pyrimidine analogues
DEFERASIROX,DEFERASIROX,614373,V03AC,V,Iron chelating agents
DEFERIPRONE,DEFERIPRONE,11645,V03AC,V,Iron chelating agents
DEFEROXAMINE,DEFEROXAMINE,3131,V03AC,V,Iron chelating agents
DEFEROXAMINE METHANE (SULFONATE),DEFEROXAMINE METHANE (SULFONATE),2598120,,,
DEFLAZACORT,DEFLAZACORT,22396,H02AB,H,Glucocorticoids
DEFLAZACORTE,DEFLAZACORTE,22396,H02AB,H,Glucocorticoids
DEGARELIX,DEGARELIX,475230,L02BX,L,Other hormone antagonists and related agents
DELAFLOXACINE (MEGLUMINE),DELAFLOXACINE (MEGLUMINE),1927662,J01MA,J,Fluoroquinolones
DELAMANIDE,DELAMANIDE,,,,
DELAPRIL,DELAPRIL,,,,
DELAPRIL / INDAPAMIDE,DELAPRIL,,,,
DELAPRIL / INDAPAMIDE,INDAPAMIDE,5764,C03BA,C,"Sulfonamides, plain"
DELAPRIL // INDAPAMIDE,DELAPRIL,,,,
DELAPRIL // INDAPAMIDE,INDAPAMIDE,5764,C03BA,C,"Sulfonamides, plain"
DELAPRIL // MANIDIPINE (DICHLORHYDRATE),DELAPRIL // MANIDIPINE (DICHLORHYDRATE),29275,C08CA,C,Dihydropyridine derivatives
DENOSUMAB,DENOSUMAB,993449,M05BX,M,Other drugs affecting bone structure and mineralization
DEPALLETHRINE,DEPALLETHRINE,19338,P03AC,P,"Pyrethrines, incl. synthetic compounds"
DEPALLETHRINE / BUTOXYDE DE PIPERONYLE,DEPALLETHRINE,19338,P03AC,P,"Pyrethrines, incl. synthetic compounds"
DEPALLETHRINE / BUTOXYDE DE PIPERONYLE,BUTOXYDE DE PIPERONYLE,8345,,,
DEQUALINIUM (CHLORHYDRATE),DEQUALINIUM (CHLORHYDRATE),3226,D08AH,D,Quinoline derivatives
DEQUALINIUM (CHLORHYDRATE),DEQUALINIUM (CHLORHYDRATE),3226,G01AC,G,Quinoline derivatives
DEQUALINIUM (CHLORHYDRATE),DEQUALINIUM (CHLORHYDRATE),3226,R02AA,R,Antiseptics
DERMATOPHAGOIDES FARINAE,DERMATOPHAGOIDES FARINAE,1116977,,,
DERMATOPHAGOIDES PTERONYSSINUS,DERMATOPHAGOIDES PTERONYSSINUS,1116979,,,
DESFLURANE,DESFLURANE,27340,N01AB,N,Halogenated hydrocarbons
DESLORATADINE,DESLORATADINE,275635,R06AX,R,Other antihistamines for systemic use
DESMOPRESSINE,DESMOPRESSINE,3251,H01BA,H,Vasopressin and analogues
DESMOPRESSINE (ACETATE),DESMOPRESSINE (ACETATE),42634,H01BA,H,Vasopressin and analogues
DESOGESTREL,DESOGESTREL,22656,G03AC,G,Progestogens
DESOGESTREL,DESOGESTREL,22656,G03AA,G,"Progestogens and estrogens, fixed combinations"
DESOGESTREL,DESOGESTREL,22656,G03AB,G,"Progestogens and estrogens, sequential preparations"
DESOGESTREL / ETHINYLESTRADIOL,DESOGESTREL,22656,G03AC,G,Progestogens
DESOGESTREL / ETHINYLESTRADIOL,DESOGESTREL,22656,G03AA,G,"Progestogens and estrogens, fixed combinations"
DESOGESTREL / ETHINYLESTRADIOL,DESOGESTREL,22656,G03AB,G,"Progestogens and estrogens, sequential preparations"
DESOGESTREL / ETHINYLESTRADIOL,ETHINYLESTRADIOL,4124,G03AA,G,"Progestogens and estrogens, fixed combinations"
DESOGESTREL / ETHINYLESTRADIOL,ETHINYLESTRADIOL,4124,G03AB,G,"Progestogens and estrogens, sequential preparations"
DESOGESTREL / ETHINYLESTRADIOL,ETHINYLESTRADIOL,4124,G03CA,G,"Natural and semisynthetic estrogens, plain"
DESOGESTREL / ETHINYLESTRADIOL,ETHINYLESTRADIOL,4124,L02AA,L,Estrogens
DESOGESTREL // ETHINYLESTRADIOL,DESOGESTREL,22656,G03AC,G,Progestogens
DESOGESTREL // ETHINYLESTRADIOL,DESOGESTREL,22656,G03AA,G,"Progestogens and estrogens, fixed combinations"
DESOGESTREL // ETHINYLESTRADIOL,DESOGESTREL,22656,G03AB,G,"Progestogens and estrogens, sequential preparations"
DESOGESTREL // ETHINYLESTRADIOL,ETHINYLESTRADIOL,4124,G03AA,G,"Progestogens and estrogens, fixed combinations"
DESOGESTREL // ETHINYLESTRADIOL,ETHINYLESTRADIOL,4124,G03AB,G,"Progestogens and estrogens, sequential preparations"
DESOGESTREL // ETHINYLESTRADIOL,ETHINYLESTRADIOL,4124,G03CA,G,"Natural and semisynthetic estrogens, plain"
DESOGESTREL // ETHINYLESTRADIOL,ETHINYLESTRADIOL,4124,L02AA,L,Estrogens
DESONIDE,DESONIDE,3254,D07AB,D,"Corticosteroids, moderately potent (group II)"
DESONIDE,DESONIDE,3254,S01BA,S,"Corticosteroids, plain"
DESOXIMETASONE,DESOXIMETASONE,3255,D07AC,D,"Corticosteroids, potent (group III)"
DESOXIMETASONE,DESOXIMETASONE,3255,D07XC,D,"Corticosteroids, potent, other combinations"
DEXAMETHASONE,DEXAMETHASONE,3264,A01AC,A,Corticosteroids for local oral treatment
DEXAMETHASONE,DEXAMETHASONE,3264,C05AA,C,Corticosteroids
DEXAMETHASONE,DEXAMETHASONE,3264,D07AB,D,"Corticosteroids, moderately potent (group II)"
DEXAMETHASONE,DEXAMETHASONE,3264,D07XB,D,"Corticosteroids, moderately potent, other combinations"
DEXAMETHASONE,DEXAMETHASONE,3264,D10AA,D,"Corticosteroids, combinations for treatment of acne"
DEXAMETHASONE,DEXAMETHASONE,3264,H02AB,H,Glucocorticoids
DEXAMETHASONE,DEXAMETHASONE,3264,R01AD,R,Corticosteroids
DEXAMETHASONE,DEXAMETHASONE,3264,S01BA,S,"Corticosteroids, plain"
DEXAMETHASONE,DEXAMETHASONE,3264,S01CB,S,Corticosteroids/antiinfectives/mydriatics in combination
DEXAMETHASONE,DEXAMETHASONE,3264,S02BA,S,Corticosteroids
DEXAMETHASONE,DEXAMETHASONE,3264,S03BA,S,Corticosteroids
DEXAMETHASONE (ACETATE),DEXAMETHASONE (ACETATE),22690,A01AC,A,Corticosteroids for local oral treatment
DEXAMETHASONE (ACETATE),DEXAMETHASONE (ACETATE),22690,C05AA,C,Corticosteroids
DEXAMETHASONE (ACETATE),DEXAMETHASONE (ACETATE),22690,D07AB,D,"Corticosteroids, moderately potent (group II)"
DEXAMETHASONE (ACETATE),DEXAMETHASONE (ACETATE),22690,D07XB,D,"Corticosteroids, moderately potent, other combinations"
DEXAMETHASONE (ACETATE),DEXAMETHASONE (ACETATE),22690,D10AA,D,"Corticosteroids, combinations for treatment of acne"
DEXAMETHASONE (ACETATE),DEXAMETHASONE (ACETATE),22690,H02AB,H,Glucocorticoids
DEXAMETHASONE (ACETATE),DEXAMETHASONE (ACETATE),22690,R01AD,R,Corticosteroids
DEXAMETHASONE (ACETATE),DEXAMETHASONE (ACETATE),22690,S01BA,S,"Corticosteroids, plain"
DEXAMETHASONE (ACETATE),DEXAMETHASONE (ACETATE),22690,S01CB,S,Corticosteroids/antiinfectives/mydriatics in combination
DEXAMETHASONE (ACETATE),DEXAMETHASONE (ACETATE),22690,S02BA,S,Corticosteroids
DEXAMETHASONE (ACETATE),DEXAMETHASONE (ACETATE),22690,S03BA,S,Corticosteroids
DEXAMETHASONE (PHOSPHATE SODIQUE),DEXAMETHASONE (PHOSPHATE SODIQUE),235486,A01AC,A,Corticosteroids for local oral treatment
DEXAMETHASONE (PHOSPHATE SODIQUE),DEXAMETHASONE (PHOSPHATE SODIQUE),235486,C05AA,C,Corticosteroids
DEXAMETHASONE (PHOSPHATE SODIQUE),DEXAMETHASONE (PHOSPHATE SODIQUE),235486,D07AB,D,"Corticosteroids, moderately potent (group II)"
DEXAMETHASONE (PHOSPHATE SODIQUE),DEXAMETHASONE (PHOSPHATE SODIQUE),235486,D07XB,D,"Corticosteroids, moderately potent, other combinations"
DEXAMETHASONE (PHOSPHATE SODIQUE),DEXAMETHASONE (PHOSPHATE SODIQUE),235486,D10AA,D,"Corticosteroids, combinations for treatment of acne"
DEXAMETHASONE (PHOSPHATE SODIQUE),DEXAMETHASONE (PHOSPHATE SODIQUE),235486,H02AB,H,Glucocorticoids
DEXAMETHASONE (PHOSPHATE SODIQUE),DEXAMETHASONE (PHOSPHATE SODIQUE),235486,R01AD,R,Corticosteroids
DEXAMETHASONE (PHOSPHATE SODIQUE),DEXAMETHASONE (PHOSPHATE SODIQUE),235486,S01BA,S,"Corticosteroids, plain"
DEXAMETHASONE (PHOSPHATE SODIQUE),DEXAMETHASONE (PHOSPHATE SODIQUE),235486,S01CB,S,Corticosteroids/antiinfectives/mydriatics in combination
DEXAMETHASONE (PHOSPHATE SODIQUE),DEXAMETHASONE (PHOSPHATE SODIQUE),235486,S02BA,S,Corticosteroids
DEXAMETHASONE (PHOSPHATE SODIQUE),DEXAMETHASONE (PHOSPHATE SODIQUE),235486,S03BA,S,Corticosteroids
DEXAMETHASONE / FRAMYCETINE,DEXAMETHASONE,3264,A01AC,A,Corticosteroids for local oral treatment
DEXAMETHASONE / FRAMYCETINE,DEXAMETHASONE,3264,C05AA,C,Corticosteroids
DEXAMETHASONE / FRAMYCETINE,DEXAMETHASONE,3264,D07AB,D,"Corticosteroids, moderately potent (group II)"
DEXAMETHASONE / FRAMYCETINE,DEXAMETHASONE,3264,D07XB,D,"Corticosteroids, moderately potent, other combinations"
DEXAMETHASONE / FRAMYCETINE,DEXAMETHASONE,3264,D10AA,D,"Corticosteroids, combinations for treatment of acne"
DEXAMETHASONE / FRAMYCETINE,DEXAMETHASONE,3264,H02AB,H,Glucocorticoids
DEXAMETHASONE / FRAMYCETINE,DEXAMETHASONE,3264,R01AD,R,Corticosteroids
DEXAMETHASONE / FRAMYCETINE,DEXAMETHASONE,3264,S01BA,S,"Corticosteroids, plain"
DEXAMETHASONE / FRAMYCETINE,DEXAMETHASONE,3264,S01CB,S,Corticosteroids/antiinfectives/mydriatics in combination
DEXAMETHASONE / FRAMYCETINE,DEXAMETHASONE,3264,S02BA,S,Corticosteroids
DEXAMETHASONE / FRAMYCETINE,DEXAMETHASONE,3264,S03BA,S,Corticosteroids
DEXAMETHASONE / FRAMYCETINE,FRAMYCETINE,4556,D09AA,D,Medicated dressings with antiinfectives
DEXAMETHASONE / FRAMYCETINE,FRAMYCETINE,4556,R01AX,R,Other nasal preparations
DEXAMETHASONE / FRAMYCETINE,FRAMYCETINE,4556,S01AA,S,Antibiotics
DEXAMETHASONE / GENTAMICINE,DEXAMETHASONE,3264,A01AC,A,Corticosteroids for local oral treatment
DEXAMETHASONE / GENTAMICINE,DEXAMETHASONE,3264,C05AA,C,Corticosteroids
DEXAMETHASONE / GENTAMICINE,DEXAMETHASONE,3264,D07AB,D,"Corticosteroids, moderately potent (group II)"
DEXAMETHASONE / GENTAMICINE,DEXAMETHASONE,3264,D07XB,D,"Corticosteroids, moderately potent, other combinations"
DEXAMETHASONE / GENTAMICINE,DEXAMETHASONE,3264,D10AA,D,"Corticosteroids, combinations for treatment of acne"
DEXAMETHASONE / GENTAMICINE,DEXAMETHASONE,3264,H02AB,H,Glucocorticoids
DEXAMETHASONE / GENTAMICINE,DEXAMETHASONE,3264,R01AD,R,Corticosteroids
DEXAMETHASONE / GENTAMICINE,DEXAMETHASONE,3264,S01BA,S,"Corticosteroids, plain"
DEXAMETHASONE / GENTAMICINE,DEXAMETHASONE,3264,S01CB,S,Corticosteroids/antiinfectives/mydriatics in combination
DEXAMETHASONE / GENTAMICINE,DEXAMETHASONE,3264,S02BA,S,Corticosteroids
DEXAMETHASONE / GENTAMICINE,DEXAMETHASONE,3264,S03BA,S,Corticosteroids
DEXAMETHASONE / GENTAMICINE,GENTAMICINE,1596450,D06AX,D,Other antibiotics for topical use
DEXAMETHASONE / GENTAMICINE,GENTAMICINE,1596450,J01GB,J,Other aminoglycosides
DEXAMETHASONE / GENTAMICINE,GENTAMICINE,1596450,S01AA,S,Antibiotics
DEXAMETHASONE / GENTAMICINE,GENTAMICINE,1596450,S02AA,S,Antiinfectives
DEXAMETHASONE / GENTAMICINE,GENTAMICINE,1596450,S03AA,S,Antiinfectives
DEXAMETHASONE / NANDROLONE,DEXAMETHASONE,3264,A01AC,A,Corticosteroids for local oral treatment
DEXAMETHASONE / NANDROLONE,DEXAMETHASONE,3264,C05AA,C,Corticosteroids
DEXAMETHASONE / NANDROLONE,DEXAMETHASONE,3264,D07AB,D,"Corticosteroids, moderately potent (group II)"
DEXAMETHASONE / NANDROLONE,DEXAMETHASONE,3264,D07XB,D,"Corticosteroids, moderately potent, other combinations"
DEXAMETHASONE / NANDROLONE,DEXAMETHASONE,3264,D10AA,D,"Corticosteroids, combinations for treatment of acne"
DEXAMETHASONE / NANDROLONE,DEXAMETHASONE,3264,H02AB,H,Glucocorticoids
DEXAMETHASONE / NANDROLONE,DEXAMETHASONE,3264,R01AD,R,Corticosteroids
DEXAMETHASONE / NANDROLONE,DEXAMETHASONE,3264,S01BA,S,"Corticosteroids, plain"
DEXAMETHASONE / NANDROLONE,DEXAMETHASONE,3264,S01CB,S,Corticosteroids/antiinfectives/mydriatics in combination
DEXAMETHASONE / NANDROLONE,DEXAMETHASONE,3264,S02BA,S,Corticosteroids
DEXAMETHASONE / NANDROLONE,DEXAMETHASONE,3264,S03BA,S,Corticosteroids
DEXAMETHASONE / NANDROLONE,NANDROLONE,7244,A14AB,A,Estren derivatives
DEXAMETHASONE / NANDROLONE,NANDROLONE,7244,S01XA,S,Other ophthalmologicals
DEXAMETHASONE / NEOMYCINE,DEXAMETHASONE,3264,A01AC,A,Corticosteroids for local oral treatment
DEXAMETHASONE / NEOMYCINE,DEXAMETHASONE,3264,C05AA,C,Corticosteroids
DEXAMETHASONE / NEOMYCINE,DEXAMETHASONE,3264,D07AB,D,"Corticosteroids, moderately potent (group II)"
DEXAMETHASONE / NEOMYCINE,DEXAMETHASONE,3264,D07XB,D,"Corticosteroids, moderately potent, other combinations"
DEXAMETHASONE / NEOMYCINE,DEXAMETHASONE,3264,D10AA,D,"Corticosteroids, combinations for treatment of acne"
DEXAMETHASONE / NEOMYCINE,DEXAMETHASONE,3264,H02AB,H,Glucocorticoids
DEXAMETHASONE / NEOMYCINE,DEXAMETHASONE,3264,R01AD,R,Corticosteroids
DEXAMETHASONE / NEOMYCINE,DEXAMETHASONE,3264,S01BA,S,"Corticosteroids, plain"
DEXAMETHASONE / NEOMYCINE,DEXAMETHASONE,3264,S01CB,S,Corticosteroids/antiinfectives/mydriatics in combination
DEXAMETHASONE / NEOMYCINE,DEXAMETHASONE,3264,S02BA,S,Corticosteroids
DEXAMETHASONE / NEOMYCINE,DEXAMETHASONE,3264,S03BA,S,Corticosteroids
DEXAMETHASONE / NEOMYCINE,NEOMYCINE,7299,A01AB,A,Antiinfectives and antiseptics for local oral treatment
DEXAMETHASONE / NEOMYCINE,NEOMYCINE,7299,A07AA,A,Antibiotics
DEXAMETHASONE / NEOMYCINE,NEOMYCINE,7299,B05CA,B,Antiinfectives
DEXAMETHASONE / NEOMYCINE,NEOMYCINE,7299,D06AX,D,Other antibiotics for topical use
DEXAMETHASONE / NEOMYCINE,NEOMYCINE,7299,J01GB,J,Other aminoglycosides
DEXAMETHASONE / NEOMYCINE,NEOMYCINE,7299,R02AB,R,Antibiotics
DEXAMETHASONE / NEOMYCINE,NEOMYCINE,7299,S01AA,S,Antibiotics
DEXAMETHASONE / NEOMYCINE,NEOMYCINE,7299,S02AA,S,Antiinfectives
DEXAMETHASONE / NEOMYCINE,NEOMYCINE,7299,S03AA,S,Antiinfectives
DEXAMETHASONE / OXYTETRACYCLINE,DEXAMETHASONE,3264,A01AC,A,Corticosteroids for local oral treatment
DEXAMETHASONE / OXYTETRACYCLINE,DEXAMETHASONE,3264,C05AA,C,Corticosteroids
DEXAMETHASONE / OXYTETRACYCLINE,DEXAMETHASONE,3264,D07AB,D,"Corticosteroids, moderately potent (group II)"
DEXAMETHASONE / OXYTETRACYCLINE,DEXAMETHASONE,3264,D07XB,D,"Corticosteroids, moderately potent, other combinations"
DEXAMETHASONE / OXYTETRACYCLINE,DEXAMETHASONE,3264,D10AA,D,"Corticosteroids, combinations for treatment of acne"
DEXAMETHASONE / OXYTETRACYCLINE,DEXAMETHASONE,3264,H02AB,H,Glucocorticoids
DEXAMETHASONE / OXYTETRACYCLINE,DEXAMETHASONE,3264,R01AD,R,Corticosteroids
DEXAMETHASONE / OXYTETRACYCLINE,DEXAMETHASONE,3264,S01BA,S,"Corticosteroids, plain"
DEXAMETHASONE / OXYTETRACYCLINE,DEXAMETHASONE,3264,S01CB,S,Corticosteroids/antiinfectives/mydriatics in combination
DEXAMETHASONE / OXYTETRACYCLINE,DEXAMETHASONE,3264,S02BA,S,Corticosteroids
DEXAMETHASONE / OXYTETRACYCLINE,DEXAMETHASONE,3264,S03BA,S,Corticosteroids
DEXAMETHASONE / OXYTETRACYCLINE,OXYTETRACYCLINE,7821,A01AB,A,Antiinfectives and antiseptics for local oral treatment
DEXAMETHASONE / OXYTETRACYCLINE,OXYTETRACYCLINE,7821,D06AA,D,Tetracycline and derivatives
DEXAMETHASONE / OXYTETRACYCLINE,OXYTETRACYCLINE,7821,G01AA,G,Antibiotics
DEXAMETHASONE / OXYTETRACYCLINE,OXYTETRACYCLINE,7821,J01AA,J,Tetracyclines
DEXAMETHASONE / OXYTETRACYCLINE,OXYTETRACYCLINE,7821,S01AA,S,Antibiotics
DEXAMETHASONE / SALICYLAMIDE,DEXAMETHASONE,3264,A01AC,A,Corticosteroids for local oral treatment
DEXAMETHASONE / SALICYLAMIDE,DEXAMETHASONE,3264,C05AA,C,Corticosteroids
DEXAMETHASONE / SALICYLAMIDE,DEXAMETHASONE,3264,D07AB,D,"Corticosteroids, moderately potent (group II)"
DEXAMETHASONE / SALICYLAMIDE,DEXAMETHASONE,3264,D07XB,D,"Corticosteroids, moderately potent, other combinations"
DEXAMETHASONE / SALICYLAMIDE,DEXAMETHASONE,3264,D10AA,D,"Corticosteroids, combinations for treatment of acne"
DEXAMETHASONE / SALICYLAMIDE,DEXAMETHASONE,3264,H02AB,H,Glucocorticoids
DEXAMETHASONE / SALICYLAMIDE,DEXAMETHASONE,3264,R01AD,R,Corticosteroids
DEXAMETHASONE / SALICYLAMIDE,DEXAMETHASONE,3264,S01BA,S,"Corticosteroids, plain"
DEXAMETHASONE / SALICYLAMIDE,DEXAMETHASONE,3264,S01CB,S,Corticosteroids/antiinfectives/mydriatics in combination
DEXAMETHASONE / SALICYLAMIDE,DEXAMETHASONE,3264,S02BA,S,Corticosteroids
DEXAMETHASONE / SALICYLAMIDE,DEXAMETHASONE,3264,S03BA,S,Corticosteroids
DEXAMETHASONE / SALICYLAMIDE,SALICYLAMIDE,9518,N02BA,N,Salicylic acid and derivatives
DEXAMETHASONE // GENTAMICINE SODIUM SULFATE,DEXAMETHASONE,3264,A01AC,A,Corticosteroids for local oral treatment
DEXAMETHASONE // GENTAMICINE SODIUM SULFATE,DEXAMETHASONE,3264,C05AA,C,Corticosteroids
DEXAMETHASONE // GENTAMICINE SODIUM SULFATE,DEXAMETHASONE,3264,D07AB,D,"Corticosteroids, moderately potent (group II)"
DEXAMETHASONE // GENTAMICINE SODIUM SULFATE,DEXAMETHASONE,3264,D07XB,D,"Corticosteroids, moderately potent, other combinations"
DEXAMETHASONE // GENTAMICINE SODIUM SULFATE,DEXAMETHASONE,3264,D10AA,D,"Corticosteroids, combinations for treatment of acne"
DEXAMETHASONE // GENTAMICINE SODIUM SULFATE,DEXAMETHASONE,3264,H02AB,H,Glucocorticoids
DEXAMETHASONE // GENTAMICINE SODIUM SULFATE,DEXAMETHASONE,3264,R01AD,R,Corticosteroids
DEXAMETHASONE // GENTAMICINE SODIUM SULFATE,DEXAMETHASONE,3264,S01BA,S,"Corticosteroids, plain"
DEXAMETHASONE // GENTAMICINE SODIUM SULFATE,DEXAMETHASONE,3264,S01CB,S,Corticosteroids/antiinfectives/mydriatics in combination
DEXAMETHASONE // GENTAMICINE SODIUM SULFATE,DEXAMETHASONE,3264,S02BA,S,Corticosteroids
DEXAMETHASONE // GENTAMICINE SODIUM SULFATE,DEXAMETHASONE,3264,S03BA,S,Corticosteroids
DEXAMETHASONE // GENTAMICINE SODIUM SULFATE,GENTAMICINE SODIUM SULFATE,1870193,D06AX,D,Other antibiotics for topical use
DEXAMETHASONE // GENTAMICINE SODIUM SULFATE,GENTAMICINE SODIUM SULFATE,1870193,J01GB,J,Other aminoglycosides
DEXAMETHASONE // GENTAMICINE SODIUM SULFATE,GENTAMICINE SODIUM SULFATE,1870193,S01AA,S,Antibiotics
DEXAMETHASONE // GENTAMICINE SODIUM SULFATE,GENTAMICINE SODIUM SULFATE,1870193,S02AA,S,Antiinfectives
DEXAMETHASONE // GENTAMICINE SODIUM SULFATE,GENTAMICINE SODIUM SULFATE,1870193,S03AA,S,Antiinfectives
DEXAMETHASONE // NEOMYCINE,DEXAMETHASONE,3264,A01AC,A,Corticosteroids for local oral treatment
DEXAMETHASONE // NEOMYCINE,DEXAMETHASONE,3264,C05AA,C,Corticosteroids
DEXAMETHASONE // NEOMYCINE,DEXAMETHASONE,3264,D07AB,D,"Corticosteroids, moderately potent (group II)"
DEXAMETHASONE // NEOMYCINE,DEXAMETHASONE,3264,D07XB,D,"Corticosteroids, moderately potent, other combinations"
DEXAMETHASONE // NEOMYCINE,DEXAMETHASONE,3264,D10AA,D,"Corticosteroids, combinations for treatment of acne"
DEXAMETHASONE // NEOMYCINE,DEXAMETHASONE,3264,H02AB,H,Glucocorticoids
DEXAMETHASONE // NEOMYCINE,DEXAMETHASONE,3264,R01AD,R,Corticosteroids
DEXAMETHASONE // NEOMYCINE,DEXAMETHASONE,3264,S01BA,S,"Corticosteroids, plain"
DEXAMETHASONE // NEOMYCINE,DEXAMETHASONE,3264,S01CB,S,Corticosteroids/antiinfectives/mydriatics in combination
DEXAMETHASONE // NEOMYCINE,DEXAMETHASONE,3264,S02BA,S,Corticosteroids
DEXAMETHASONE // NEOMYCINE,DEXAMETHASONE,3264,S03BA,S,Corticosteroids
DEXAMETHASONE // NEOMYCINE,NEOMYCINE,7299,A01AB,A,Antiinfectives and antiseptics for local oral treatment
DEXAMETHASONE // NEOMYCINE,NEOMYCINE,7299,A07AA,A,Antibiotics
DEXAMETHASONE // NEOMYCINE,NEOMYCINE,7299,B05CA,B,Antiinfectives
DEXAMETHASONE // NEOMYCINE,NEOMYCINE,7299,D06AX,D,Other antibiotics for topical use
DEXAMETHASONE // NEOMYCINE,NEOMYCINE,7299,J01GB,J,Other aminoglycosides
DEXAMETHASONE // NEOMYCINE,NEOMYCINE,7299,R02AB,R,Antibiotics
DEXAMETHASONE // NEOMYCINE,NEOMYCINE,7299,S01AA,S,Antibiotics
DEXAMETHASONE // NEOMYCINE,NEOMYCINE,7299,S02AA,S,Antiinfectives
DEXAMETHASONE // NEOMYCINE,NEOMYCINE,7299,S03AA,S,Antiinfectives
DEXAMETHASONE // NEOMYCINE // POLYMYXINE B,DEXAMETHASONE,3264,A01AC,A,Corticosteroids for local oral treatment
DEXAMETHASONE // NEOMYCINE // POLYMYXINE B,DEXAMETHASONE,3264,C05AA,C,Corticosteroids
DEXAMETHASONE // NEOMYCINE // POLYMYXINE B,DEXAMETHASONE,3264,D07AB,D,"Corticosteroids, moderately potent (group II)"
DEXAMETHASONE // NEOMYCINE // POLYMYXINE B,DEXAMETHASONE,3264,D07XB,D,"Corticosteroids, moderately potent, other combinations"
DEXAMETHASONE // NEOMYCINE // POLYMYXINE B,DEXAMETHASONE,3264,D10AA,D,"Corticosteroids, combinations for treatment of acne"
DEXAMETHASONE // NEOMYCINE // POLYMYXINE B,DEXAMETHASONE,3264,H02AB,H,Glucocorticoids
DEXAMETHASONE // NEOMYCINE // POLYMYXINE B,DEXAMETHASONE,3264,R01AD,R,Corticosteroids
DEXAMETHASONE // NEOMYCINE // POLYMYXINE B,DEXAMETHASONE,3264,S01BA,S,"Corticosteroids, plain"
DEXAMETHASONE // NEOMYCINE // POLYMYXINE B,DEXAMETHASONE,3264,S01CB,S,Corticosteroids/antiinfectives/mydriatics in combination
DEXAMETHASONE // NEOMYCINE // POLYMYXINE B,DEXAMETHASONE,3264,S02BA,S,Corticosteroids
DEXAMETHASONE // NEOMYCINE // POLYMYXINE B,DEXAMETHASONE,3264,S03BA,S,Corticosteroids
DEXAMETHASONE // NEOMYCINE // POLYMYXINE B,NEOMYCINE,7299,A01AB,A,Antiinfectives and antiseptics for local oral treatment
DEXAMETHASONE // NEOMYCINE // POLYMYXINE B,NEOMYCINE,7299,A07AA,A,Antibiotics
DEXAMETHASONE // NEOMYCINE // POLYMYXINE B,NEOMYCINE,7299,B05CA,B,Antiinfectives
DEXAMETHASONE // NEOMYCINE // POLYMYXINE B,NEOMYCINE,7299,D06AX,D,Other antibiotics for topical use
DEXAMETHASONE // NEOMYCINE // POLYMYXINE B,NEOMYCINE,7299,J01GB,J,Other aminoglycosides
DEXAMETHASONE // NEOMYCINE // POLYMYXINE B,NEOMYCINE,7299,R02AB,R,Antibiotics
DEXAMETHASONE // NEOMYCINE // POLYMYXINE B,NEOMYCINE,7299,S01AA,S,Antibiotics
DEXAMETHASONE // NEOMYCINE // POLYMYXINE B,NEOMYCINE,7299,S02AA,S,Antiinfectives
DEXAMETHASONE // NEOMYCINE // POLYMYXINE B,NEOMYCINE,7299,S03AA,S,Antiinfectives
DEXAMETHASONE // NEOMYCINE // POLYMYXINE B,POLYMYXINE B,8536,A07AA,A,Antibiotics
DEXAMETHASONE // NEOMYCINE // POLYMYXINE B,POLYMYXINE B,8536,J01XB,J,Polymyxins
DEXAMETHASONE // NEOMYCINE // POLYMYXINE B,POLYMYXINE B,8536,S01AA,S,Antibiotics
DEXAMETHASONE // NEOMYCINE // POLYMYXINE B,POLYMYXINE B,8536,S02AA,S,Antiinfectives
DEXAMETHASONE // NEOMYCINE // POLYMYXINE B,POLYMYXINE B,8536,S03AA,S,Antiinfectives
DEXAMETHASONE // OXYTETRACYCLINE,DEXAMETHASONE,3264,A01AC,A,Corticosteroids for local oral treatment
DEXAMETHASONE // OXYTETRACYCLINE,DEXAMETHASONE,3264,C05AA,C,Corticosteroids
DEXAMETHASONE // OXYTETRACYCLINE,DEXAMETHASONE,3264,D07AB,D,"Corticosteroids, moderately potent (group II)"
DEXAMETHASONE // OXYTETRACYCLINE,DEXAMETHASONE,3264,D07XB,D,"Corticosteroids, moderately potent, other combinations"
DEXAMETHASONE // OXYTETRACYCLINE,DEXAMETHASONE,3264,D10AA,D,"Corticosteroids, combinations for treatment of acne"
DEXAMETHASONE // OXYTETRACYCLINE,DEXAMETHASONE,3264,H02AB,H,Glucocorticoids
DEXAMETHASONE // OXYTETRACYCLINE,DEXAMETHASONE,3264,R01AD,R,Corticosteroids
DEXAMETHASONE // OXYTETRACYCLINE,DEXAMETHASONE,3264,S01BA,S,"Corticosteroids, plain"
DEXAMETHASONE // OXYTETRACYCLINE,DEXAMETHASONE,3264,S01CB,S,Corticosteroids/antiinfectives/mydriatics in combination
DEXAMETHASONE // OXYTETRACYCLINE,DEXAMETHASONE,3264,S02BA,S,Corticosteroids
DEXAMETHASONE // OXYTETRACYCLINE,DEXAMETHASONE,3264,S03BA,S,Corticosteroids
DEXAMETHASONE // OXYTETRACYCLINE,OXYTETRACYCLINE,7821,A01AB,A,Antiinfectives and antiseptics for local oral treatment
DEXAMETHASONE // OXYTETRACYCLINE,OXYTETRACYCLINE,7821,D06AA,D,Tetracycline and derivatives
DEXAMETHASONE // OXYTETRACYCLINE,OXYTETRACYCLINE,7821,G01AA,G,Antibiotics
DEXAMETHASONE // OXYTETRACYCLINE,OXYTETRACYCLINE,7821,J01AA,J,Tetracyclines
DEXAMETHASONE // OXYTETRACYCLINE,OXYTETRACYCLINE,7821,S01AA,S,Antibiotics
DEXAMETHASONE // SALICYLAMIDE // SALICYLATE DE GLYCOL,DEXAMETHASONE,3264,A01AC,A,Corticosteroids for local oral treatment
DEXAMETHASONE // SALICYLAMIDE // SALICYLATE DE GLYCOL,DEXAMETHASONE,3264,C05AA,C,Corticosteroids
DEXAMETHASONE // SALICYLAMIDE // SALICYLATE DE GLYCOL,DEXAMETHASONE,3264,D07AB,D,"Corticosteroids, moderately potent (group II)"
DEXAMETHASONE // SALICYLAMIDE // SALICYLATE DE GLYCOL,DEXAMETHASONE,3264,D07XB,D,"Corticosteroids, moderately potent, other combinations"
DEXAMETHASONE // SALICYLAMIDE // SALICYLATE DE GLYCOL,DEXAMETHASONE,3264,D10AA,D,"Corticosteroids, combinations for treatment of acne"
DEXAMETHASONE // SALICYLAMIDE // SALICYLATE DE GLYCOL,DEXAMETHASONE,3264,H02AB,H,Glucocorticoids
DEXAMETHASONE // SALICYLAMIDE // SALICYLATE DE GLYCOL,DEXAMETHASONE,3264,R01AD,R,Corticosteroids
DEXAMETHASONE // SALICYLAMIDE // SALICYLATE DE GLYCOL,DEXAMETHASONE,3264,S01BA,S,"Corticosteroids, plain"
DEXAMETHASONE // SALICYLAMIDE // SALICYLATE DE GLYCOL,DEXAMETHASONE,3264,S01CB,S,Corticosteroids/antiinfectives/mydriatics in combination
DEXAMETHASONE // SALICYLAMIDE // SALICYLATE DE GLYCOL,DEXAMETHASONE,3264,S02BA,S,Corticosteroids
DEXAMETHASONE // SALICYLAMIDE // SALICYLATE DE GLYCOL,DEXAMETHASONE,3264,S03BA,S,Corticosteroids
DEXAMETHASONE // SALICYLAMIDE // SALICYLATE DE GLYCOL,SALICYLAMIDE,9518,N02BA,N,Salicylic acid and derivatives
DEXAMETHASONE // SALICYLAMIDE // SALICYLATE DE GLYCOL,SALICYLATE DE GLYCOL,26051,,,
DEXAMETHASONE // TOBRAMYCINE,DEXAMETHASONE,3264,A01AC,A,Corticosteroids for local oral treatment
DEXAMETHASONE // TOBRAMYCINE,DEXAMETHASONE,3264,C05AA,C,Corticosteroids
DEXAMETHASONE // TOBRAMYCINE,DEXAMETHASONE,3264,D07AB,D,"Corticosteroids, moderately potent (group II)"
DEXAMETHASONE // TOBRAMYCINE,DEXAMETHASONE,3264,D07XB,D,"Corticosteroids, moderately potent, other combinations"
DEXAMETHASONE // TOBRAMYCINE,DEXAMETHASONE,3264,D10AA,D,"Corticosteroids, combinations for treatment of acne"
DEXAMETHASONE // TOBRAMYCINE,DEXAMETHASONE,3264,H02AB,H,Glucocorticoids
DEXAMETHASONE // TOBRAMYCINE,DEXAMETHASONE,3264,R01AD,R,Corticosteroids
DEXAMETHASONE // TOBRAMYCINE,DEXAMETHASONE,3264,S01BA,S,"Corticosteroids, plain"
DEXAMETHASONE // TOBRAMYCINE,DEXAMETHASONE,3264,S01CB,S,Corticosteroids/antiinfectives/mydriatics in combination
DEXAMETHASONE // TOBRAMYCINE,DEXAMETHASONE,3264,S02BA,S,Corticosteroids
DEXAMETHASONE // TOBRAMYCINE,DEXAMETHASONE,3264,S03BA,S,Corticosteroids
DEXAMETHASONE // TOBRAMYCINE,TOBRAMYCINE,10627,J01GB,J,Other aminoglycosides
DEXAMETHASONE // TOBRAMYCINE,TOBRAMYCINE,10627,S01AA,S,Antibiotics
DEXCHLORPHENIRAMINE,DEXCHLORPHENIRAMINE,22697,R06AB,R,Substituted alkylamines
DEXKETOPROFENE,DEXKETOPROFENE,237162,M01AE,M,Propionic acid derivatives
DEXKETOPROFENE,DEXKETOPROFENE,237162,M02AA,M,"Antiinflammatory preparations, non-steroids for topical use"
DEXKETOPROFENE TROMETAMOL,DEXKETOPROFENE TROMETAMOL,233386,M01AE,M,Propionic acid derivatives
DEXKETOPROFENE TROMETAMOL,DEXKETOPROFENE TROMETAMOL,233386,M02AA,M,"Antiinflammatory preparations, non-steroids for topical use"
DEXLANSOPRAZOLE,DEXLANSOPRAZOLE,816346,A02BC,A,Proton pump inhibitors
DEXMEDETOMIDINE (CHLORHYDRATE),DEXMEDETOMIDINE (CHLORHYDRATE),48937,N05CM,N,Other hypnotics and sedatives
DEXMEDETOMIDINE BASE,DEXMEDETOMIDINE BASE,48937,N05CM,N,Other hypnotics and sedatives
DEXPANTHENOL,DEXPANTHENOL,22701,A11HA,A,Other plain vitamin preparations
DEXPANTHENOL,DEXPANTHENOL,22701,D03AX,D,Other cicatrizants
DEXPANTHENOL,DEXPANTHENOL,22701,S01XA,S,Other ophthalmologicals
DEXPANTHENOL / ALCOOL POLYVINYLIQUE,DEXPANTHENOL,22701,A11HA,A,Other plain vitamin preparations
DEXPANTHENOL / ALCOOL POLYVINYLIQUE,DEXPANTHENOL,22701,D03AX,D,Other cicatrizants
DEXPANTHENOL / ALCOOL POLYVINYLIQUE,DEXPANTHENOL,22701,S01XA,S,Other ophthalmologicals
DEXPANTHENOL / ALCOOL POLYVINYLIQUE,ALCOOL POLYVINYLIQUE,581662,D08AX,D,Other antiseptics and disinfectants
DEXPANTHENOL / ALCOOL POLYVINYLIQUE,ALCOOL POLYVINYLIQUE,581662,V03AB,V,Antidotes
DEXPANTHENOL / ALCOOL POLYVINYLIQUE,ALCOOL POLYVINYLIQUE,581662,V03AZ,V,Nerve depressants
DEXPANTHENOL // ALCOOL POLYVINYLIQUE,DEXPANTHENOL,22701,A11HA,A,Other plain vitamin preparations
DEXPANTHENOL // ALCOOL POLYVINYLIQUE,DEXPANTHENOL,22701,D03AX,D,Other cicatrizants
DEXPANTHENOL // ALCOOL POLYVINYLIQUE,DEXPANTHENOL,22701,S01XA,S,Other ophthalmologicals
DEXPANTHENOL // ALCOOL POLYVINYLIQUE,ALCOOL POLYVINYLIQUE,581662,D08AX,D,Other antiseptics and disinfectants
DEXPANTHENOL // ALCOOL POLYVINYLIQUE,ALCOOL POLYVINYLIQUE,581662,V03AB,V,Antidotes
DEXPANTHENOL // ALCOOL POLYVINYLIQUE,ALCOOL POLYVINYLIQUE,581662,V03AZ,V,Nerve depressants
DEXTRAN,DEXTRAN,42635,B05AA,B,Blood substitutes and plasma protein fractions
DEXTRAN / CHLORHEXIDINE,DEXTRAN,42635,B05AA,B,Blood substitutes and plasma protein fractions
DEXTRAN / CHLORHEXIDINE,CHLORHEXIDINE,2358,A01AB,A,Antiinfectives and antiseptics for local oral treatment
DEXTRAN / CHLORHEXIDINE,CHLORHEXIDINE,2358,B05CA,B,Antiinfectives
DEXTRAN / CHLORHEXIDINE,CHLORHEXIDINE,2358,D08AC,D,Biguanides and amidines
DEXTRAN / CHLORHEXIDINE,CHLORHEXIDINE,2358,D09AA,D,Medicated dressings with antiinfectives
DEXTRAN / CHLORHEXIDINE,CHLORHEXIDINE,2358,R02AA,R,Antiseptics
DEXTRAN / CHLORHEXIDINE,CHLORHEXIDINE,2358,S01AX,S,Other antiinfectives
DEXTRAN / CHLORHEXIDINE,CHLORHEXIDINE,2358,S02AA,S,Antiinfectives
DEXTRAN / CHLORHEXIDINE,CHLORHEXIDINE,2358,S03AA,S,Antiinfectives
DEXTROMETHORPHANE,DEXTROMETHORPHANE,3289,N06AX,N,Other antidepressants
DEXTROMETHORPHANE,DEXTROMETHORPHANE,3289,R05DA,R,Opium alkaloids and derivatives
DEXTROMETHORPHANE (BROMHYDRATE),DEXTROMETHORPHANE (BROMHYDRATE),3289,N06AX,N,Other antidepressants
DEXTROMETHORPHANE (BROMHYDRATE),DEXTROMETHORPHANE (BROMHYDRATE),3289,R05DA,R,Opium alkaloids and derivatives
DEXTROPROPOXYPHENE / PARACETAMOL,DEXTROPROPOXYPHENE,8785,N02AC,N,Diphenylpropylamine derivatives
DEXTROPROPOXYPHENE / PARACETAMOL,PARACETAMOL,161,N02BE,N,Anilides
DEXTROPROPOXYPHENE / PARACETAMOL,PARACETAMOL,161,N02AJ,N,Opioids in combination with non-opioid analgesics
DIACERHEINE,DIACERHEINE,,,,
DIACERRHEINE,DIACERRHEINE,,,,
DIAZEPAM,DIAZEPAM,3322,N05BA,N,Benzodiazepine derivatives
DICLOFENAC,DICLOFENAC,3355,D11AX,D,Other dermatologicals
DICLOFENAC,DICLOFENAC,3355,M01AB,M,Acetic acid derivatives and related substances
DICLOFENAC,DICLOFENAC,3355,M02AA,M,"Antiinflammatory preparations, non-steroids for topical use"
DICLOFENAC,DICLOFENAC,3355,S01BC,S,"Antiinflammatory agents, non-steroids"
DICLOFENAC (DIETHYLAMINE),DICLOFENAC (DIETHYLAMINE),236125,D11AX,D,Other dermatologicals
DICLOFENAC (DIETHYLAMINE),DICLOFENAC (DIETHYLAMINE),236125,M01AB,M,Acetic acid derivatives and related substances
DICLOFENAC (DIETHYLAMINE),DICLOFENAC (DIETHYLAMINE),236125,M02AA,M,"Antiinflammatory preparations, non-steroids for topical use"
DICLOFENAC (DIETHYLAMINE),DICLOFENAC (DIETHYLAMINE),236125,S01BC,S,"Antiinflammatory agents, non-steroids"
DICLOFENAC (EPOLAMINE),DICLOFENAC (EPOLAMINE),40968,D11AX,D,Other dermatologicals
DICLOFENAC (EPOLAMINE),DICLOFENAC (EPOLAMINE),40968,M01AB,M,Acetic acid derivatives and related substances
DICLOFENAC (EPOLAMINE),DICLOFENAC (EPOLAMINE),40968,M02AA,M,"Antiinflammatory preparations, non-steroids for topical use"
DICLOFENAC (EPOLAMINE),DICLOFENAC (EPOLAMINE),40968,S01BC,S,"Antiinflammatory agents, non-steroids"
DICLOFENAC (POTASSIQUE),DICLOFENAC (POTASSIQUE),81997,D11AX,D,Other dermatologicals
DICLOFENAC (POTASSIQUE),DICLOFENAC (POTASSIQUE),81997,M01AB,M,Acetic acid derivatives and related substances
DICLOFENAC (POTASSIQUE),DICLOFENAC (POTASSIQUE),81997,M02AA,M,"Antiinflammatory preparations, non-steroids for topical use"
DICLOFENAC (POTASSIQUE),DICLOFENAC (POTASSIQUE),81997,S01BC,S,"Antiinflammatory agents, non-steroids"
DICLOFENAC (SODIQUE),DICLOFENAC (SODIQUE),3355,D11AX,D,Other dermatologicals
DICLOFENAC (SODIQUE),DICLOFENAC (SODIQUE),3355,M01AB,M,Acetic acid derivatives and related substances
DICLOFENAC (SODIQUE),DICLOFENAC (SODIQUE),3355,M02AA,M,"Antiinflammatory preparations, non-steroids for topical use"
DICLOFENAC (SODIQUE),DICLOFENAC (SODIQUE),3355,S01BC,S,"Antiinflammatory agents, non-steroids"
DICLOFENAC / MISOPROSTOL,DICLOFENAC,3355,D11AX,D,Other dermatologicals
DICLOFENAC / MISOPROSTOL,DICLOFENAC,3355,M01AB,M,Acetic acid derivatives and related substances
DICLOFENAC / MISOPROSTOL,DICLOFENAC,3355,M02AA,M,"Antiinflammatory preparations, non-steroids for topical use"
DICLOFENAC / MISOPROSTOL,DICLOFENAC,3355,S01BC,S,"Antiinflammatory agents, non-steroids"
DICLOFENAC / MISOPROSTOL,MISOPROSTOL,42331,M01AE,M,Propionic acid derivatives
DICLOFENAC / MISOPROSTOL,MISOPROSTOL,42331,A02BB,A,Prostaglandins
DICLOFENAC / MISOPROSTOL,MISOPROSTOL,42331,G02AD,G,Prostaglandins
DICLOFENAC // MISOPROSTOL,DICLOFENAC,3355,D11AX,D,Other dermatologicals
DICLOFENAC // MISOPROSTOL,DICLOFENAC,3355,M01AB,M,Acetic acid derivatives and related substances
DICLOFENAC // MISOPROSTOL,DICLOFENAC,3355,M02AA,M,"Antiinflammatory preparations, non-steroids for topical use"
DICLOFENAC // MISOPROSTOL,DICLOFENAC,3355,S01BC,S,"Antiinflammatory agents, non-steroids"
DICLOFENAC // MISOPROSTOL,MISOPROSTOL,42331,M01AE,M,Propionic acid derivatives
DICLOFENAC // MISOPROSTOL,MISOPROSTOL,42331,A02BB,A,Prostaglandins
DICLOFENAC // MISOPROSTOL,MISOPROSTOL,42331,G02AD,G,Prostaglandins
DIDANOSINE,DIDANOSINE,3364,J05AF,J,Nucleoside and nucleotide reverse transcriptase inhibitors
DIENOGEST,DIENOGEST,22968,G03DB,G,Pregnadien derivatives
DIENOGEST,DIENOGEST,22968,G03AB,G,"Progestogens and estrogens, sequential preparations"
DIENOGEST // ESTRADIOL,DIENOGEST,22968,G03DB,G,Pregnadien derivatives
DIENOGEST // ESTRADIOL,DIENOGEST,22968,G03AB,G,"Progestogens and estrogens, sequential preparations"
DIENOGEST // ESTRADIOL,ESTRADIOL,4083,G03CA,G,"Natural and semisynthetic estrogens, plain"
DIENOGEST // ESTRADIOL,ESTRADIOL,4083,G03AA,G,"Progestogens and estrogens, fixed combinations"
DIENOGEST // ESTRADIOL,ESTRADIOL,4083,G03AB,G,"Progestogens and estrogens, sequential preparations"
DIENOGEST // VALERTAE D'ESTRADIOL,DIENOGEST,22968,G03DB,G,Pregnadien derivatives
DIENOGEST // VALERTAE D'ESTRADIOL,DIENOGEST,22968,G03AB,G,"Progestogens and estrogens, sequential preparations"
DIENOGEST // VALERTAE D'ESTRADIOL,VALERTAE D'ESTRADIOL,24395,G03CA,G,"Natural and semisynthetic estrogens, plain"
DIENOGEST // VALERTAE D'ESTRADIOL,VALERTAE D'ESTRADIOL,24395,G03AA,G,"Progestogens and estrogens, fixed combinations"
DIENOGEST // VALERTAE D'ESTRADIOL,VALERTAE D'ESTRADIOL,24395,G03AB,G,"Progestogens and estrogens, sequential preparations"
DIETHYLENE TRIAMINEPENTAACETATE DE SODIUM MONOHYDRATE,DIETHYLENE TRIAMINEPENTAACETATE DE SODIUM MONOHYDRATE,1429928,,,
DIGLUCONATE DE CHLORHEXIDINE,DIGLUCONATE DE CHLORHEXIDINE,20791,A01AB,A,Antiinfectives and antiseptics for local oral treatment
DIGLUCONATE DE CHLORHEXIDINE,DIGLUCONATE DE CHLORHEXIDINE,20791,B05CA,B,Antiinfectives
DIGLUCONATE DE CHLORHEXIDINE,DIGLUCONATE DE CHLORHEXIDINE,20791,D08AC,D,Biguanides and amidines
DIGLUCONATE DE CHLORHEXIDINE,DIGLUCONATE DE CHLORHEXIDINE,20791,D09AA,D,Medicated dressings with antiinfectives
DIGLUCONATE DE CHLORHEXIDINE,DIGLUCONATE DE CHLORHEXIDINE,20791,R02AA,R,Antiseptics
DIGLUCONATE DE CHLORHEXIDINE,DIGLUCONATE DE CHLORHEXIDINE,20791,S01AX,S,Other antiinfectives
DIGLUCONATE DE CHLORHEXIDINE,DIGLUCONATE DE CHLORHEXIDINE,20791,S02AA,S,Antiinfectives
DIGLUCONATE DE CHLORHEXIDINE,DIGLUCONATE DE CHLORHEXIDINE,20791,S03AA,S,Antiinfectives
DIGOXINE,DIGOXINE,3407,C01AA,C,Digitalis glycosides
DIHYDROERGOCRYPTINE,DIHYDROERGOCRYPTINE,3417,N04BC,N,Dopamine agonists
DIHYDROERGOTAMINE,DIHYDROERGOTAMINE,3418,N02CA,N,Ergot alkaloids
DIHYDROERGOTAMINE / RAUBASINE,DIHYDROERGOTAMINE,3418,N02CA,N,Ergot alkaloids
DIHYDROERGOTAMINE / RAUBASINE,RAUBASINE,17205,,,
DIHYDROERGOTOXINE,DIHYDROERGOTOXINE,3419,,,
DIHYDROGENOPHOSPHATE DE SODIUM HYDRATE,DIHYDROGENOPHOSPHATE DE SODIUM HYDRATE,2469330,B02BX,B,Other systemic hemostatics
DILTIAZEM,DILTIAZEM,3443,C05AE,C,Muscle relaxants
DILTIAZEM,DILTIAZEM,3443,C08DB,C,Benzothiazepine derivatives
DILTIAZEM (CHLORHYDRATE),DILTIAZEM (CHLORHYDRATE),3443,C05AE,C,Muscle relaxants
DILTIAZEM (CHLORHYDRATE),DILTIAZEM (CHLORHYDRATE),3443,C08DB,C,Benzothiazepine derivatives
DIMENHYDRINATE,DIMENHYDRINATE,3444,R06AA,R,Aminoalkyl ethers
DIMETHYL FUMARATE,DIMETHYL FUMARATE,1373478,L04AX,L,Other immunosuppressants
DIMETICONE,DIMETICONE,324072,P03AX,P,"Other ectoparasiticides, incl. scabicides"
DINOPROSTONE,DINOPROSTONE,3478,G02AD,G,Prostaglandins
DIOSMECTITE,DIOSMECTITE,,,,
DIOSMINE,DIOSMINE,3489,C05CA,C,Bioflavonoids
DIOXYDE DE TITANE,DIOXYDE DE TITANE,260039,,,
DIOXYDE DE TITANE / OXYDE DE ZINC,DIOXYDE DE TITANE,260039,,,
DIOXYDE DE TITANE / OXYDE DE ZINC,OXYDE DE ZINC,11423,,,
DIPHENHYDRAMINE,DIPHENHYDRAMINE,3498,M01AE,M,Propionic acid derivatives
DIPHENHYDRAMINE,DIPHENHYDRAMINE,3498,D04AA,D,Antihistamines for topical use
DIPHENHYDRAMINE,DIPHENHYDRAMINE,3498,R06AA,R,Aminoalkyl ethers
DIPYRIDAMOL,DIPYRIDAMOL,3521,B01AC,B,Platelet aggregation inhibitors excl. heparin
DIPYRIDAMOLE,DIPYRIDAMOLE,3521,B01AC,B,Platelet aggregation inhibitors excl. heparin
DIVALPROATE DE SODIUM,DIVALPROATE DE SODIUM,36679,,,
DOBUTAMINE,DOBUTAMINE,3616,C01CA,C,Adrenergic and dopaminergic agents
DOBUTAMINE (CHLORHYDRATE),DOBUTAMINE (CHLORHYDRATE),3616,C01CA,C,Adrenergic and dopaminergic agents
DOCETAXEL,DOCETAXEL,72962,L01CD,L,Taxanes
DOCETAXEL (TRIHYDRATE),DOCETAXEL (TRIHYDRATE),72962,L01CD,L,Taxanes
DOLASETRON,DOLASETRON,68091,A04AA,A,Serotonin (5HT3) antagonists
DOLUTEGRAVIR,DOLUTEGRAVIR,1433868,J05AJ,J,Integrase inhibitors
DOLUTEGRAVIR,DOLUTEGRAVIR,1433868,J05AR,J,"Antivirals for treatment of HIV infections, combinations"
DOLUTEGRAVIR // LAMIVUDINE // ABACAVIR,DOLUTEGRAVIR,1433868,J05AJ,J,Integrase inhibitors
DOLUTEGRAVIR // LAMIVUDINE // ABACAVIR,DOLUTEGRAVIR,1433868,J05AR,J,"Antivirals for treatment of HIV infections, combinations"
DOLUTEGRAVIR // LAMIVUDINE // ABACAVIR,LAMIVUDINE,68244,J05AR,J,"Antivirals for treatment of HIV infections, combinations"
DOLUTEGRAVIR // LAMIVUDINE // ABACAVIR,LAMIVUDINE,68244,J05AF,J,Nucleoside and nucleotide reverse transcriptase inhibitors
DOLUTEGRAVIR // LAMIVUDINE // ABACAVIR,ABACAVIR,190521,J05AR,J,"Antivirals for treatment of HIV infections, combinations"
DOLUTEGRAVIR // LAMIVUDINE // ABACAVIR,ABACAVIR,190521,J05AF,J,Nucleoside and nucleotide reverse transcriptase inhibitors
DOLUTEGRAVIR SODIQUE,DOLUTEGRAVIR SODIQUE,1433868,J05AJ,J,Integrase inhibitors
DOLUTEGRAVIR SODIQUE,DOLUTEGRAVIR SODIQUE,1433868,J05AR,J,"Antivirals for treatment of HIV infections, combinations"
DOLUTEGRAVIR SODIQUE // LAMIVUDINE // TENOFOVIR DISPROXIL FUMARATE,DOLUTEGRAVIR SODIQUE,1433868,J05AJ,J,Integrase inhibitors
DOLUTEGRAVIR SODIQUE // LAMIVUDINE // TENOFOVIR DISPROXIL FUMARATE,DOLUTEGRAVIR SODIQUE,1433868,J05AR,J,"Antivirals for treatment of HIV infections, combinations"
DOLUTEGRAVIR SODIQUE // LAMIVUDINE // TENOFOVIR DISPROXIL FUMARATE,LAMIVUDINE,68244,J05AR,J,"Antivirals for treatment of HIV infections, combinations"
DOLUTEGRAVIR SODIQUE // LAMIVUDINE // TENOFOVIR DISPROXIL FUMARATE,LAMIVUDINE,68244,J05AF,J,Nucleoside and nucleotide reverse transcriptase inhibitors
DOLUTEGRAVIR SODIQUE // LAMIVUDINE // TENOFOVIR DISPROXIL FUMARATE,TENOFOVIR DISPROXIL FUMARATE,322248,J05AR,J,"Antivirals for treatment of HIV infections, combinations"
DOLUTEGRAVIR SODIQUE // LAMIVUDINE // TENOFOVIR DISPROXIL FUMARATE,TENOFOVIR DISPROXIL FUMARATE,322248,J05AF,J,Nucleoside and nucleotide reverse transcriptase inhibitors
DOMPERIDONE,DOMPERIDONE,3626,A03FA,A,Propulsives
DONEPEZIL,DONEPEZIL,135447,N06DA,N,Anticholinesterases
DONEPEZIL (CHLORHYDRATE),DONEPEZIL (CHLORHYDRATE),135447,N06DA,N,Anticholinesterases
DOPAMINE,DOPAMINE,3628,C01CA,C,Adrenergic and dopaminergic agents
DORZOLAMIDE,DORZOLAMIDE,60207,S01EC,S,Carbonic anhydrase inhibitors
DORZOLAMIDE (CHLORHYDRATE),DORZOLAMIDE (CHLORHYDRATE),60207,S01EC,S,Carbonic anhydrase inhibitors
DORZOLAMIDE (CHLORHYDRATE) // TIMOLOL (MALEATE),DORZOLAMIDE (CHLORHYDRATE) // TIMOLOL (MALEATE),662263,C07AA,C,"Beta blocking agents, non-selective"
DORZOLAMIDE (CHLORHYDRATE) // TIMOLOL (MALEATE),DORZOLAMIDE (CHLORHYDRATE) // TIMOLOL (MALEATE),662263,S01ED,S,Beta blocking agents
DORZOLAMIDE (CHLORHYDRATE) // TIMOLOL (MALEATE),DORZOLAMIDE (CHLORHYDRATE) // TIMOLOL (MALEATE),662263,S01EC,S,Carbonic anhydrase inhibitors
DORZOLAMIDE / TIMOLOL,DORZOLAMIDE,60207,S01EC,S,Carbonic anhydrase inhibitors
DORZOLAMIDE / TIMOLOL,TIMOLOL,10600,C07AA,C,"Beta blocking agents, non-selective"
DORZOLAMIDE / TIMOLOL,TIMOLOL,10600,S01ED,S,Beta blocking agents
DORZOLAMIDE // TIMOLOL,DORZOLAMIDE,60207,S01EC,S,Carbonic anhydrase inhibitors
DORZOLAMIDE // TIMOLOL,TIMOLOL,10600,C07AA,C,"Beta blocking agents, non-selective"
DORZOLAMIDE // TIMOLOL,TIMOLOL,10600,S01ED,S,Beta blocking agents
DORZOLAMIDE // TIMOLOL (MALEATE),DORZOLAMIDE // TIMOLOL (MALEATE),662263,C07AA,C,"Beta blocking agents, non-selective"
DORZOLAMIDE // TIMOLOL (MALEATE),DORZOLAMIDE // TIMOLOL (MALEATE),662263,S01ED,S,Beta blocking agents
DORZOLAMIDE // TIMOLOL (MALEATE),DORZOLAMIDE // TIMOLOL (MALEATE),662263,S01EC,S,Carbonic anhydrase inhibitors
DOXAZOSINE,DOXAZOSINE,49276,C02CA,C,Alpha-adrenoreceptor antagonists
DOXORUBICINE,DOXORUBICINE,3639,L01DB,L,Anthracyclines and related substances
DOXORUBICINE (CHLORHYDRATE LIPOSOMALE),DOXORUBICINE (CHLORHYDRATE LIPOSOMALE),214525,L01DB,L,Anthracyclines and related substances
DOXORUBICINE (CHLORHYDRATE),DOXORUBICINE (CHLORHYDRATE),3639,L01DB,L,Anthracyclines and related substances
DOXYCYCLINE,DOXYCYCLINE,3640,A01AB,A,Antiinfectives and antiseptics for local oral treatment
DOXYCYCLINE,DOXYCYCLINE,3640,J01AA,J,Tetracyclines
DOXYLAMINE SUCCINATE,DOXYLAMINE SUCCINATE,23665,R06AA,R,Aminoalkyl ethers
DOXYLAMINE SUCCINATE // VITAMINE B6 (PYRIDOXINE CHLORHYDRATE),DOXYLAMINE SUCCINATE // VITAMINE B6 (PYRIDOXINE CHLORHYDRATE),2661291,,,
DRONEDARONE,DRONEDARONE,233698,C01BD,C,"Antiarrhythmics, class III"
DROPERIDOL,DROPERIDOL,3648,N05AD,N,Butyrophenone derivatives
DROSPIRENONE,DROSPIRENONE,11636,G03AC,G,Progestogens
DROSPIRENONE,DROSPIRENONE,11636,G03AA,G,"Progestogens and estrogens, fixed combinations"
DROSPIRENONE / ETHINYLESTRADIOL,DROSPIRENONE,11636,G03AC,G,Progestogens
DROSPIRENONE / ETHINYLESTRADIOL,DROSPIRENONE,11636,G03AA,G,"Progestogens and estrogens, fixed combinations"
DROSPIRENONE / ETHINYLESTRADIOL,ETHINYLESTRADIOL,4124,G03AA,G,"Progestogens and estrogens, fixed combinations"
DROSPIRENONE / ETHINYLESTRADIOL,ETHINYLESTRADIOL,4124,G03AB,G,"Progestogens and estrogens, sequential preparations"
DROSPIRENONE / ETHINYLESTRADIOL,ETHINYLESTRADIOL,4124,G03CA,G,"Natural and semisynthetic estrogens, plain"
DROSPIRENONE / ETHINYLESTRADIOL,ETHINYLESTRADIOL,4124,L02AA,L,Estrogens
DROSPIRENONE // ETHINYLESTRADIOL,DROSPIRENONE,11636,G03AC,G,Progestogens
DROSPIRENONE // ETHINYLESTRADIOL,DROSPIRENONE,11636,G03AA,G,"Progestogens and estrogens, fixed combinations"
DROSPIRENONE // ETHINYLESTRADIOL,ETHINYLESTRADIOL,4124,G03AA,G,"Progestogens and estrogens, fixed combinations"
DROSPIRENONE // ETHINYLESTRADIOL,ETHINYLESTRADIOL,4124,G03AB,G,"Progestogens and estrogens, sequential preparations"
DROSPIRENONE // ETHINYLESTRADIOL,ETHINYLESTRADIOL,4124,G03CA,G,"Natural and semisynthetic estrogens, plain"
DROSPIRENONE // ETHINYLESTRADIOL,ETHINYLESTRADIOL,4124,L02AA,L,Estrogens
DROTAVERINE,DROTAVERINE,23684,A03AD,A,Papaverine and derivatives
DROTAVERINE (CHLORHYDRATE),DROTAVERINE (CHLORHYDRATE),23684,A03AD,A,Papaverine and derivatives
DULAGLUTIDE,DULAGLUTIDE,1551291,A10BJ,A,Glucagon-like peptide-1 (GLP-1) analogues
DULOXETINE,DULOXETINE,72625,N06AX,N,Other antidepressants
DULOXETINE (CHLORHYDRATE),DULOXETINE (CHLORHYDRATE),72625,N06AX,N,Other antidepressants
DURVALUMAB,DURVALUMAB,1919503,L01FF,L,PD-1/PD-L1 (Programmed cell death protein 1/death ligand 1) inhibitors
DUTASTERIDE,DUTASTERIDE,228790,G04CA,G,Alpha-adrenoreceptor antagonists
DUTASTERIDE,DUTASTERIDE,228790,G04CB,G,Testosterone-5-alpha reductase inhibitors
DUTASTERIDE // TAMSULOSINE (CHLORHYDRATE),DUTASTERIDE // TAMSULOSINE (CHLORHYDRATE),1001472,G04CA,G,Alpha-adrenoreceptor antagonists
DUTASTERIDE // TAMSULOSINE (CHLORHYDRATE),DUTASTERIDE // TAMSULOSINE (CHLORHYDRATE),1001472,G04CB,G,Testosterone-5-alpha reductase inhibitors
DYDROGESTERONE,DYDROGESTERONE,3706,G03DB,G,Pregnadien derivatives
EAU POUR PREPARATION INJECTABLE,EAU POUR PREPARATION INJECTABLE,543687,,,
EAU POUR PREPARATIONS INJECTABLES,EAU POUR PREPARATIONS INJECTABLES,543687,,,
EBASTINE,EBASTINE,23796,R06AX,R,Other antihistamines for systemic use
ECONAZOLE,ECONAZOLE,3743,D01AC,D,Imidazole and triazole derivatives
ECONAZOLE,ECONAZOLE,3743,G01AF,G,Imidazole derivatives
ECONAZOLE (NITRATE),ECONAZOLE (NITRATE),142434,D01AC,D,Imidazole and triazole derivatives
ECONAZOLE (NITRATE),ECONAZOLE (NITRATE),142434,G01AF,G,Imidazole derivatives
ECULIZUMAB,ECULIZUMAB,591781,L04AJ,L,Complement inhibitors
EFAVIRENZ,EFAVIRENZ,195085,J05AR,J,"Antivirals for treatment of HIV infections, combinations"
EFAVIRENZ,EFAVIRENZ,195085,J05AG,J,Non-nucleoside reverse transcriptase inhibitors
ELBASVIR // GRAZOPREVIR,ELBASVIR,1734628,J05AP,J,Antivirals for treatment of HCV infections
ELBASVIR // GRAZOPREVIR,GRAZOPREVIR,1734630,J05AP,J,Antivirals for treatment of HCV infections
ELECTROLYTIQUE,ELECTROLYTIQUE,,,,
ELETRIPTAN,ELETRIPTAN,231049,N02CC,N,Selective serotonin (5HT1) agonists
ELTROMBOPAG,ELTROMBOPAG,711942,B02BX,B,Other systemic hemostatics
ELTROMBOPAQ OLAMINE,ELTROMBOPAQ OLAMINE,735651,B02BX,B,Other systemic hemostatics
EMEDASTINE,EMEDASTINE,28144,S01GX,S,Other antiallergics
EMEDASTINE (DIFUMARATE),EMEDASTINE (DIFUMARATE),221094,S01GX,S,Other antiallergics
EMICIZUMAB,EMICIZUMAB,1989794,B02BX,B,Other systemic hemostatics
EMPAGLIFLOZINE,EMPAGLIFLOZINE,1545653,A10BK,A,Sodium-glucose co-transporter 2 (SGLT2) inhibitors
EMPAGLIFLOZINE,EMPAGLIFLOZINE,1545653,A10BD,A,Combinations of oral blood glucose lowering drugs
EMPAGLIFLOZINE // METFORMINE,EMPAGLIFLOZINE,1545653,A10BK,A,Sodium-glucose co-transporter 2 (SGLT2) inhibitors
EMPAGLIFLOZINE // METFORMINE,EMPAGLIFLOZINE,1545653,A10BD,A,Combinations of oral blood glucose lowering drugs
EMPAGLIFLOZINE // METFORMINE,METFORMINE,6809,A10BD,A,Combinations of oral blood glucose lowering drugs
EMPAGLIFLOZINE // METFORMINE,METFORMINE,6809,A10BA,A,Biguanides
ENALAPRIL,ENALAPRIL,3827,C09AA,C,"ACE inhibitors, plain"
ENALAPRIL (MALEATE),ENALAPRIL (MALEATE),203123,C09AA,C,"ACE inhibitors, plain"
ENALAPRIL (MALEATE) // HYDROCHLOROTHIAZIDE,ENALAPRIL (MALEATE) // HYDROCHLOROTHIAZIDE,214536,C09AA,C,"ACE inhibitors, plain"
ENALAPRIL (MALEATE) // HYDROCHLOROTHIAZIDE,ENALAPRIL (MALEATE) // HYDROCHLOROTHIAZIDE,214536,C03AA,C,"Thiazides, plain"
ENALAPRIL / HYDROCHLOROTHIAZIDE,ENALAPRIL,3827,C09AA,C,"ACE inhibitors, plain"
ENALAPRIL / HYDROCHLOROTHIAZIDE,HYDROCHLOROTHIAZIDE,5487,C09XA,C,Renin-inhibitors
ENALAPRIL / HYDROCHLOROTHIAZIDE,HYDROCHLOROTHIAZIDE,5487,C03AA,C,"Thiazides, plain"
ENALAPRIL / HYDROCHLOROTHIAZIDE,HYDROCHLOROTHIAZIDE,5487,C09DX,C,"Angiotensin II receptor blockers (ARBs), other combinations"
ENCORAFENIB,ENCORAFENIB,2049106,L01EC,L,B-Raf serine-threonine kinase (BRAF) inhibitors
ENOXACINE,ENOXACINE,3925,J01MA,J,Fluoroquinolones
ENOXAPARINE,ENOXAPARINE,67108,B01AB,B,Heparin group
ENOXAPARINE (SODIQUE),ENOXAPARINE (SODIQUE),67108,B01AB,B,Heparin group
ENOXOLONE,ENOXOLONE,1311506,D03AX,D,Other cicatrizants
ENTACAPONE,ENTACAPONE,60307,N04BX,N,Other dopaminergic agents
ENTACAPONE / LEVODOPA / CARBIDOPA,ENTACAPONE,60307,N04BX,N,Other dopaminergic agents
ENTACAPONE / LEVODOPA / CARBIDOPA,LEVODOPA,6375,N04BA,N,Dopa and dopa derivatives
ENTACAPONE / LEVODOPA / CARBIDOPA,CARBIDOPA,2019,,,
ENTACAPONE // LEVODOPA // CARBIDOPA,ENTACAPONE,60307,N04BX,N,Other dopaminergic agents
ENTACAPONE // LEVODOPA // CARBIDOPA,LEVODOPA,6375,N04BA,N,Dopa and dopa derivatives
ENTACAPONE // LEVODOPA // CARBIDOPA,CARBIDOPA,2019,,,
ENTECAVIR,ENTECAVIR,306266,J05AF,J,Nucleoside and nucleotide reverse transcriptase inhibitors
ENTRECTINIB,ENTRECTINIB,2197862,L01EX,L,Other protein kinase inhibitors
ENZALUTAMIDE,ENZALUTAMIDE,1307298,L02BB,L,Anti-androgens
EOSINE,EOSINE,1310593,D08AX,D,Other antiseptics and disinfectants
EOSINE (DISODIQUE),EOSINE (DISODIQUE),1310593,D08AX,D,Other antiseptics and disinfectants
EPHEDRINE,EPHEDRINE,3966,C01CA,C,Adrenergic and dopaminergic agents
EPHEDRINE,EPHEDRINE,3966,R01AA,R,"Sympathomimetics, plain"
EPHEDRINE,EPHEDRINE,3966,R01AB,R,"Sympathomimetics, combinations excl. corticosteroids"
EPHEDRINE,EPHEDRINE,3966,R03CA,R,Alpha- and beta-adrenoreceptor agonists
EPHEDRINE,EPHEDRINE,3966,S01FB,S,Sympathomimetics excl. antiglaucoma preparations
EPHEDRINE (CHLORHYDRATE),EPHEDRINE (CHLORHYDRATE),3966,C01CA,C,Adrenergic and dopaminergic agents
EPHEDRINE (CHLORHYDRATE),EPHEDRINE (CHLORHYDRATE),3966,R01AA,R,"Sympathomimetics, plain"
EPHEDRINE (CHLORHYDRATE),EPHEDRINE (CHLORHYDRATE),3966,R01AB,R,"Sympathomimetics, combinations excl. corticosteroids"
EPHEDRINE (CHLORHYDRATE),EPHEDRINE (CHLORHYDRATE),3966,R03CA,R,Alpha- and beta-adrenoreceptor agonists
EPHEDRINE (CHLORHYDRATE),EPHEDRINE (CHLORHYDRATE),3966,S01FB,S,Sympathomimetics excl. antiglaucoma preparations
EPHEDRINE (CHLORHYDRATE) // LIDOCAINE ANHYDRE ARSENIEUX,EPHEDRINE (CHLORHYDRATE) // LIDOCAINE ANHYDRE ARSENIEUX,1299236,C01BB,C,"Antiarrhythmics, class Ib"
EPHEDRINE (CHLORHYDRATE) // LIDOCAINE ANHYDRE ARSENIEUX,EPHEDRINE (CHLORHYDRATE) // LIDOCAINE ANHYDRE ARSENIEUX,1299236,C05AD,C,Local anesthetics
EPHEDRINE (CHLORHYDRATE) // LIDOCAINE ANHYDRE ARSENIEUX,EPHEDRINE (CHLORHYDRATE) // LIDOCAINE ANHYDRE ARSENIEUX,1299236,D04AB,D,Anesthetics for topical use
EPHEDRINE (CHLORHYDRATE) // LIDOCAINE ANHYDRE ARSENIEUX,EPHEDRINE (CHLORHYDRATE) // LIDOCAINE ANHYDRE ARSENIEUX,1299236,N01BB,N,Amides
EPHEDRINE (CHLORHYDRATE) // LIDOCAINE ANHYDRE ARSENIEUX,EPHEDRINE (CHLORHYDRATE) // LIDOCAINE ANHYDRE ARSENIEUX,1299236,R02AD,R,"Anesthetics, local"
EPHEDRINE (CHLORHYDRATE) // LIDOCAINE ANHYDRE ARSENIEUX,EPHEDRINE (CHLORHYDRATE) // LIDOCAINE ANHYDRE ARSENIEUX,1299236,S01HA,S,Local anesthetics
EPHEDRINE (CHLORHYDRATE) // LIDOCAINE ANHYDRE ARSENIEUX,EPHEDRINE (CHLORHYDRATE) // LIDOCAINE ANHYDRE ARSENIEUX,1299236,S02DA,S,Analgesics and anesthetics
EPINEPHRINE,EPINEPHRINE,3992,A01AD,A,Other agents for local oral treatment
EPINEPHRINE,EPINEPHRINE,3992,B02BC,B,Local hemostatics
EPINEPHRINE,EPINEPHRINE,3992,C01CA,C,Adrenergic and dopaminergic agents
EPINEPHRINE,EPINEPHRINE,3992,R01AA,R,"Sympathomimetics, plain"
EPINEPHRINE,EPINEPHRINE,3992,R03AA,R,Alpha- and beta-adrenoreceptor agonists
EPINEPHRINE,EPINEPHRINE,3992,S01EA,S,Sympathomimetics in glaucoma therapy
EPIRUBICINE,EPIRUBICINE,3995,L01DB,L,Anthracyclines and related substances
EPIRUBICINE (CHLORHYDRATE),EPIRUBICINE (CHLORHYDRATE),3995,L01DB,L,Anthracyclines and related substances
EPLERENONE,EPLERENONE,298869,C03DA,C,Aldosterone antagonists
EPOETINE ALFA,EPOETINE ALFA,105694,,,
EPOETINE BETA,EPOETINE BETA,105695,,,
EPROSARTAN,EPROSARTAN,83515,C09CA,C,"Angiotensin II receptor blockers (ARBs), plain"
EPROSARTAN // HYDROCHLOROTHIAZIDE,EPROSARTAN,83515,C09CA,C,"Angiotensin II receptor blockers (ARBs), plain"
EPROSARTAN // HYDROCHLOROTHIAZIDE,HYDROCHLOROTHIAZIDE,5487,C09XA,C,Renin-inhibitors
EPROSARTAN // HYDROCHLOROTHIAZIDE,HYDROCHLOROTHIAZIDE,5487,C03AA,C,"Thiazides, plain"
EPROSARTAN // HYDROCHLOROTHIAZIDE,HYDROCHLOROTHIAZIDE,5487,C09DX,C,"Angiotensin II receptor blockers (ARBs), other combinations"
EPTACOG ALFA,EPTACOG ALFA,253149,B02BD,B,Blood coagulation factors
EPTACOG ALFA ACTIV (R F VII),EPTACOG ALFA ACTIV (R F VII),253149,B02BD,B,Blood coagulation factors
EPTACOG ALPHA ACTIVE ( R FVII),EPTACOG ALPHA ACTIVE ( R FVII),1876508,,,
ERGOCALCIFEROL (VITAMINE D2),ERGOCALCIFEROL (VITAMINE D2),4018,A11CC,A,Vitamin D and analogues
ERGOTAMINE,ERGOTAMINE,4025,N02CA,N,Ergot alkaloids
ERGOTAMINE / CAFEINE,ERGOTAMINE,4025,N02CA,N,Ergot alkaloids
ERGOTAMINE / CAFEINE,CAFEINE,1886,V04CG,V,Tests for gastric secretion
ERGOTAMINE / CAFEINE,CAFEINE,1886,D11AX,D,Other dermatologicals
ERGOTAMINE / CAFEINE,CAFEINE,1886,N06BC,N,Xanthine derivatives
ERGOTAMINE // CAFEINE,ERGOTAMINE,4025,N02CA,N,Ergot alkaloids
ERGOTAMINE // CAFEINE,CAFEINE,1886,V04CG,V,Tests for gastric secretion
ERGOTAMINE // CAFEINE,CAFEINE,1886,D11AX,D,Other dermatologicals
ERGOTAMINE // CAFEINE,CAFEINE,1886,N06BC,N,Xanthine derivatives
ERIBYLINE MESILATE,ERIBYLINE MESILATE,1045452,L01XX,L,Other antineoplastic agents
ERLOTINIB,ERLOTINIB,337525,L01EB,L,Epidermal growth factor receptor (EGFR) tyrosine kinase inhibitors
ERLOTINIB (CHLORHYDRATE),ERLOTINIB (CHLORHYDRATE),337525,L01EB,L,Epidermal growth factor receptor (EGFR) tyrosine kinase inhibitors
ERTAPENEM,ERTAPENEM,325642,J01DH,J,Carbapenems
ERTAPENEME,ERTAPENEME,325642,J01DH,J,Carbapenems
ERTUGLIFLOZIN (L-PGA) // METFORMINE (CHLORHYDRATE),ERTUGLIFLOZIN (L-PGA) // METFORMINE (CHLORHYDRATE),1992684,A10BK,A,Sodium-glucose co-transporter 2 (SGLT2) inhibitors
ERTUGLIFLOZIN (L-PGA) // METFORMINE (CHLORHYDRATE),ERTUGLIFLOZIN (L-PGA) // METFORMINE (CHLORHYDRATE),1992684,A10BD,A,Combinations of oral blood glucose lowering drugs
ERTUGLIFLOZIN (L-PGA) // METFORMINE (CHLORHYDRATE),ERTUGLIFLOZIN (L-PGA) // METFORMINE (CHLORHYDRATE),1992684,A10BA,A,Biguanides
ERTUGLIFLOZIN // SITAGLIPTINE (PHOSPHATE),ERTUGLIFLOZIN // SITAGLIPTINE (PHOSPHATE),1992825,A10BK,A,Sodium-glucose co-transporter 2 (SGLT2) inhibitors
ERTUGLIFLOZIN // SITAGLIPTINE (PHOSPHATE),ERTUGLIFLOZIN // SITAGLIPTINE (PHOSPHATE),1992825,A10BD,A,Combinations of oral blood glucose lowering drugs
ERTUGLIFLOZIN // SITAGLIPTINE (PHOSPHATE),ERTUGLIFLOZIN // SITAGLIPTINE (PHOSPHATE),1992825,A10BH,A,Dipeptidyl peptidase 4 (DPP-4) inhibitors
ERTUGLIFLOZINE,ERTUGLIFLOZINE,1992672,A10BK,A,Sodium-glucose co-transporter 2 (SGLT2) inhibitors
ERTUGLIFLOZINE,ERTUGLIFLOZINE,1992672,A10BD,A,Combinations of oral blood glucose lowering drugs
ERYSIMUM,ERYSIMUM,319799,,,
ERYSIMUM / PHOLCODINE,ERYSIMUM,319799,,,
ERYSIMUM / PHOLCODINE,PHOLCODINE,33431,R05DA,R,Opium alkaloids and derivatives
ERYTHROMYCINE,ERYTHROMYCINE,4053,D10AF,D,Antiinfectives for treatment of acne
ERYTHROMYCINE,ERYTHROMYCINE,4053,J01FA,J,Macrolides
ERYTHROMYCINE,ERYTHROMYCINE,4053,S01AA,S,Antibiotics
ERYTHROMYCINE (ETHYLSUCCINATE),ERYTHROMYCINE (ETHYLSUCCINATE),4056,D10AF,D,Antiinfectives for treatment of acne
ERYTHROMYCINE (ETHYLSUCCINATE),ERYTHROMYCINE (ETHYLSUCCINATE),4056,J01FA,J,Macrolides
ERYTHROMYCINE (ETHYLSUCCINATE),ERYTHROMYCINE (ETHYLSUCCINATE),4056,S01AA,S,Antibiotics
ERYTHROMYCINE / SULFAFURAZOLE,ERYTHROMYCINE,4053,D10AF,D,Antiinfectives for treatment of acne
ERYTHROMYCINE / SULFAFURAZOLE,ERYTHROMYCINE,4053,J01FA,J,Macrolides
ERYTHROMYCINE / SULFAFURAZOLE,ERYTHROMYCINE,4053,S01AA,S,Antibiotics
ERYTHROMYCINE / SULFAFURAZOLE,SULFAFURAZOLE,10207,J01EB,J,Short-acting sulfonamides
ERYTHROMYCINE / SULFAFURAZOLE,SULFAFURAZOLE,10207,S01AB,S,Sulfonamides
ERYTHROPOETINE,ERYTHROPOETINE,105694,,,
ERYTHROPOIETINE HUMAINE,ERYTHROPOIETINE HUMAINE,105694,,,
ESCITALOPRAM,ESCITALOPRAM,321988,N06AB,N,Selective serotonin reuptake inhibitors
ESCITALOPRAM (OXALATE),ESCITALOPRAM (OXALATE),353108,N06AB,N,Selective serotonin reuptake inhibitors
ESCULOSIDE,ESCULOSIDE,1314351,,,
ESDEPALLETHRINE,ESDEPALLETHRINE,,,,
ESDEPALLETHRINE / BUTOXYDE DE PIPERONYLE,ESDEPALLETHRINE,,,,
ESDEPALLETHRINE / BUTOXYDE DE PIPERONYLE,BUTOXYDE DE PIPERONYLE,8345,,,
ESDEPALLETHRINE // PIPERONYLE BUTOXYDE,ESDEPALLETHRINE,,,,
ESDEPALLETHRINE // PIPERONYLE BUTOXYDE,PIPERONYLE BUTOXYDE,8345,,,
ESKETAMINE (CHLORHYDRATE),ESKETAMINE (CHLORHYDRATE),2119365,N01AX,N,Other general anesthetics
ESKETAMINE (CHLORHYDRATE),ESKETAMINE (CHLORHYDRATE),2119365,N06AX,N,Other antidepressants
ESOMEPRAZOLE,ESOMEPRAZOLE,283742,A02BC,A,Proton pump inhibitors
ESOMEPRAZOLE,ESOMEPRAZOLE,283742,M01AE,M,Propionic acid derivatives
ESOMEPRAZOLE MAGNESIUM,ESOMEPRAZOLE MAGNESIUM,283562,A02BC,A,Proton pump inhibitors
ESSENCE DE NIAOULI // EXTRAIT HYDROALCOOLIQUE MOU DE GRINDELIA // EXTRAIT HYDROALCOOLIQUE MOU DE GELSEMIUM,ESSENCE DE NIAOULI,1309375,,,
ESSENCE DE NIAOULI // EXTRAIT HYDROALCOOLIQUE MOU DE GRINDELIA // EXTRAIT HYDROALCOOLIQUE MOU DE GELSEMIUM,EXTRAIT HYDROALCOOLIQUE MOU DE GRINDELIA,2043451,,,
ESSENCE DE NIAOULI // EXTRAIT HYDROALCOOLIQUE MOU DE GRINDELIA // EXTRAIT HYDROALCOOLIQUE MOU DE GELSEMIUM,EXTRAIT HYDROALCOOLIQUE MOU DE GELSEMIUM,1493692,,,
ESTER BENZYLSALICYLIQUE,ESTER BENZYLSALICYLIQUE,259462,,,
ESTER BENZYLSALICYLIQUE / BIFLUORURE D'AMMONIUM,ESTER BENZYLSALICYLIQUE,259462,,,
ESTER BENZYLSALICYLIQUE / BIFLUORURE D'AMMONIUM,BIFLUORURE D'AMMONIUM,709,,,
ESTERS ETHYLIQUES D'ACIDES GRAS IODES DE L'HUILE D'OEILLETTE,ESTERS ETHYLIQUES D'ACIDES GRAS IODES DE L'HUILE D'OEILLETTE,1441546,,,
ESTERS ETHYLIQUES D'ACIDES OMEGA-3,ESTERS ETHYLIQUES D'ACIDES OMEGA-3,484348,,,
ESTERS ETHYLIQUES D'ACIDES OMEGA-3 / ALPHA TOCOPHEROL,ESTERS ETHYLIQUES D'ACIDES OMEGA-3 / ALPHA TOCOPHEROL,484348,,,
ESTRADIOL,ESTRADIOL,4083,G03CA,G,"Natural and semisynthetic estrogens, plain"
ESTRADIOL,ESTRADIOL,4083,G03AA,G,"Progestogens and estrogens, fixed combinations"
ESTRADIOL,ESTRADIOL,4083,G03AB,G,"Progestogens and estrogens, sequential preparations"
ESTRADIOL / CYPROTERONE,ESTRADIOL,4083,G03CA,G,"Natural and semisynthetic estrogens, plain"
ESTRADIOL / CYPROTERONE,ESTRADIOL,4083,G03AA,G,"Progestogens and estrogens, fixed combinations"
ESTRADIOL / CYPROTERONE,ESTRADIOL,4083,G03AB,G,"Progestogens and estrogens, sequential preparations"
ESTRADIOL / CYPROTERONE,CYPROTERONE,3014,G03HA,G,"Antiandrogens, plain"
ESTRADIOL / DYDROGESTERONE,ESTRADIOL,4083,G03CA,G,"Natural and semisynthetic estrogens, plain"
ESTRADIOL / DYDROGESTERONE,ESTRADIOL,4083,G03AA,G,"Progestogens and estrogens, fixed combinations"
ESTRADIOL / DYDROGESTERONE,ESTRADIOL,4083,G03AB,G,"Progestogens and estrogens, sequential preparations"
ESTRADIOL / DYDROGESTERONE,DYDROGESTERONE,3706,G03DB,G,Pregnadien derivatives
ESTRADIOL / MEDROXYPROGESTERONE,ESTRADIOL,4083,G03CA,G,"Natural and semisynthetic estrogens, plain"
ESTRADIOL / MEDROXYPROGESTERONE,ESTRADIOL,4083,G03AA,G,"Progestogens and estrogens, fixed combinations"
ESTRADIOL / MEDROXYPROGESTERONE,ESTRADIOL,4083,G03AB,G,"Progestogens and estrogens, sequential preparations"
ESTRADIOL / MEDROXYPROGESTERONE,MEDROXYPROGESTERONE,6691,G03AA,G,"Progestogens and estrogens, fixed combinations"
ESTRADIOL / MEDROXYPROGESTERONE,MEDROXYPROGESTERONE,6691,G03AC,G,Progestogens
ESTRADIOL / MEDROXYPROGESTERONE,MEDROXYPROGESTERONE,6691,G03DA,G,Pregnen (4) derivatives
ESTRADIOL / MEDROXYPROGESTERONE,MEDROXYPROGESTERONE,6691,L02AB,L,Progestogens
ESTRADIOL / NORETHISTERONE,ESTRADIOL,4083,G03CA,G,"Natural and semisynthetic estrogens, plain"
ESTRADIOL / NORETHISTERONE,ESTRADIOL,4083,G03AA,G,"Progestogens and estrogens, fixed combinations"
ESTRADIOL / NORETHISTERONE,ESTRADIOL,4083,G03AB,G,"Progestogens and estrogens, sequential preparations"
ESTRADIOL / NORETHISTERONE,NORETHISTERONE,4129,G03DC,G,Estren derivatives
ESTRADIOL / PROGESTERONE,ESTRADIOL,4083,G03CA,G,"Natural and semisynthetic estrogens, plain"
ESTRADIOL / PROGESTERONE,ESTRADIOL,4083,G03AA,G,"Progestogens and estrogens, fixed combinations"
ESTRADIOL / PROGESTERONE,ESTRADIOL,4083,G03AB,G,"Progestogens and estrogens, sequential preparations"
ESTRADIOL / PROGESTERONE,PROGESTERONE,8727,G03DA,G,Pregnen (4) derivatives
ESTRADIOL // CYPROTERONE (ACETATE),ESTRADIOL // CYPROTERONE (ACETATE),22054,G03HA,G,"Antiandrogens, plain"
ESTRADIOL // DYDROGESTERONE,ESTRADIOL,4083,G03CA,G,"Natural and semisynthetic estrogens, plain"
ESTRADIOL // DYDROGESTERONE,ESTRADIOL,4083,G03AA,G,"Progestogens and estrogens, fixed combinations"
ESTRADIOL // DYDROGESTERONE,ESTRADIOL,4083,G03AB,G,"Progestogens and estrogens, sequential preparations"
ESTRADIOL // DYDROGESTERONE,DYDROGESTERONE,3706,G03DB,G,Pregnadien derivatives
ESTRADIOL // NORETHISTERONE,ESTRADIOL,4083,G03CA,G,"Natural and semisynthetic estrogens, plain"
ESTRADIOL // NORETHISTERONE,ESTRADIOL,4083,G03AA,G,"Progestogens and estrogens, fixed combinations"
ESTRADIOL // NORETHISTERONE,ESTRADIOL,4083,G03AB,G,"Progestogens and estrogens, sequential preparations"
ESTRADIOL // NORETHISTERONE,NORETHISTERONE,4129,G03DC,G,Estren derivatives
ESTRAMUSTINE (PHOSPHATE),ESTRAMUSTINE (PHOSPHATE),105556,L01XX,L,Other antineoplastic agents
ESTRIOL,ESTRIOL,4094,G03CA,G,"Natural and semisynthetic estrogens, plain"
ESTRIOL,ESTRIOL,4094,G03CC,G,"Estrogens, combinations with other drugs"
ETAMSYLATE,ETAMSYLATE,4112,B02BX,B,Other systemic hemostatics
ETANERCEPT,ETANERCEPT,214555,L04AB,L,Tumor necrosis factor alpha (TNF-alpha) inhibitors
ETHAMBUTOL,ETHAMBUTOL,4110,J04AK,J,Other drugs for treatment of tuberculosis
ETHAMBUTOL,ETHAMBUTOL,4110,J04AM,J,Combinations of drugs for treatment of tuberculosis
ETHINYLESTRADIOL,ETHINYLESTRADIOL,4124,G03AA,G,"Progestogens and estrogens, fixed combinations"
ETHINYLESTRADIOL,ETHINYLESTRADIOL,4124,G03AB,G,"Progestogens and estrogens, sequential preparations"
ETHINYLESTRADIOL,ETHINYLESTRADIOL,4124,G03CA,G,"Natural and semisynthetic estrogens, plain"
ETHINYLESTRADIOL,ETHINYLESTRADIOL,4124,L02AA,L,Estrogens
ETHINYLESTRADIOL / DROSPIRENONE,ETHINYLESTRADIOL,4124,G03AA,G,"Progestogens and estrogens, fixed combinations"
ETHINYLESTRADIOL / DROSPIRENONE,ETHINYLESTRADIOL,4124,G03AB,G,"Progestogens and estrogens, sequential preparations"
ETHINYLESTRADIOL / DROSPIRENONE,ETHINYLESTRADIOL,4124,G03CA,G,"Natural and semisynthetic estrogens, plain"
ETHINYLESTRADIOL / DROSPIRENONE,ETHINYLESTRADIOL,4124,L02AA,L,Estrogens
ETHINYLESTRADIOL / DROSPIRENONE,DROSPIRENONE,11636,G03AC,G,Progestogens
ETHINYLESTRADIOL / DROSPIRENONE,DROSPIRENONE,11636,G03AA,G,"Progestogens and estrogens, fixed combinations"
ETHINYLESTRADIOL // DIENOGEST,ETHINYLESTRADIOL,4124,G03AA,G,"Progestogens and estrogens, fixed combinations"
ETHINYLESTRADIOL // DIENOGEST,ETHINYLESTRADIOL,4124,G03AB,G,"Progestogens and estrogens, sequential preparations"
ETHINYLESTRADIOL // DIENOGEST,ETHINYLESTRADIOL,4124,G03CA,G,"Natural and semisynthetic estrogens, plain"
ETHINYLESTRADIOL // DIENOGEST,ETHINYLESTRADIOL,4124,L02AA,L,Estrogens
ETHINYLESTRADIOL // DIENOGEST,DIENOGEST,22968,G03DB,G,Pregnadien derivatives
ETHINYLESTRADIOL // DIENOGEST,DIENOGEST,22968,G03AB,G,"Progestogens and estrogens, sequential preparations"
ETHINYLESTRADIOL // LEVONORGESTREL,ETHINYLESTRADIOL,4124,G03AA,G,"Progestogens and estrogens, fixed combinations"
ETHINYLESTRADIOL // LEVONORGESTREL,ETHINYLESTRADIOL,4124,G03AB,G,"Progestogens and estrogens, sequential preparations"
ETHINYLESTRADIOL // LEVONORGESTREL,ETHINYLESTRADIOL,4124,G03CA,G,"Natural and semisynthetic estrogens, plain"
ETHINYLESTRADIOL // LEVONORGESTREL,ETHINYLESTRADIOL,4124,L02AA,L,Estrogens
ETHINYLESTRADIOL // LEVONORGESTREL,LEVONORGESTREL,6373,G03AA,G,"Progestogens and estrogens, fixed combinations"
ETHINYLESTRADIOL // LEVONORGESTREL,LEVONORGESTREL,6373,G03AB,G,"Progestogens and estrogens, sequential preparations"
ETHINYLESTRADIOL // LEVONORGESTREL,LEVONORGESTREL,6373,G03AC,G,Progestogens
ETHINYLESTRADIOL // LEVONORGESTREL,LEVONORGESTREL,6373,G03AD,G,Emergency contraceptives
ETHIONAMIDE,ETHIONAMIDE,4127,J04AD,J,Thiocarbamide derivatives
ETIDRONATE,ETIDRONATE,42682,M05BA,M,Bisphosphonates
ETIFOXINE (CHLORHYDRATE),ETIFOXINE (CHLORHYDRATE),24441,N05BX,N,Other anxiolytics
ETILEFRINE,ETILEFRINE,4169,C01CA,C,Adrenergic and dopaminergic agents
ETILEFRINE (CHLORHYDRATE),ETILEFRINE (CHLORHYDRATE),4169,C01CA,C,Adrenergic and dopaminergic agents
ETOFENAMATE,ETOFENAMATE,24608,M02AA,M,"Antiinflammatory preparations, non-steroids for topical use"
ETOMIDATE,ETOMIDATE,4177,N01AX,N,Other general anesthetics
ETONOGESTREL,ETONOGESTREL,14584,G03AC,G,Progestogens
ETONOGESTREL // ETHINYLESTRADIOL,ETONOGESTREL,14584,G03AC,G,Progestogens
ETONOGESTREL // ETHINYLESTRADIOL,ETHINYLESTRADIOL,4124,G03AA,G,"Progestogens and estrogens, fixed combinations"
ETONOGESTREL // ETHINYLESTRADIOL,ETHINYLESTRADIOL,4124,G03AB,G,"Progestogens and estrogens, sequential preparations"
ETONOGESTREL // ETHINYLESTRADIOL,ETHINYLESTRADIOL,4124,G03CA,G,"Natural and semisynthetic estrogens, plain"
ETONOGESTREL // ETHINYLESTRADIOL,ETHINYLESTRADIOL,4124,L02AA,L,Estrogens
ETOPOSIDE,ETOPOSIDE,4179,L01CB,L,Podophyllotoxin derivatives
ETORICOXIB,ETORICOXIB,307296,M01AH,M,Coxibs
EUGENOL // LIDOCAINE,EUGENOL,4186,,,
EUGENOL // LIDOCAINE,LIDOCAINE,6387,C01BB,C,"Antiarrhythmics, class Ib"
EUGENOL // LIDOCAINE,LIDOCAINE,6387,C05AD,C,Local anesthetics
EUGENOL // LIDOCAINE,LIDOCAINE,6387,D04AB,D,Anesthetics for topical use
EUGENOL // LIDOCAINE,LIDOCAINE,6387,N01BB,N,Amides
EUGENOL // LIDOCAINE,LIDOCAINE,6387,R02AD,R,"Anesthetics, local"
EUGENOL // LIDOCAINE,LIDOCAINE,6387,S01HA,S,Local anesthetics
EUGENOL // LIDOCAINE,LIDOCAINE,6387,S02DA,S,Analgesics and anesthetics
EVEROLIMUS,EVEROLIMUS,141704,L01EG,L,Mammalian target of rapamycin (mTOR) kinase inhibitors
EVEROLIMUS,EVEROLIMUS,141704,L04AH,L,Mammalian target of rapamycin (mTOR) kinase inhibitors
EVOLOCUMAB,EVOLOCUMAB,1665684,C10AX,C,Other lipid modifying agents
EXEMESTANE,EXEMESTANE,258494,L02BG,L,Aromatase inhibitors
EXTRAIT ALLERGENIQUE,EXTRAIT ALLERGENIQUE,,,,
EXTRAIT ALLERGENIQUE STANDARISE,EXTRAIT ALLERGENIQUE STANDARISE,248123,,,
EXTRAIT ANTHOCYANOSIDIQUE DE MYRTILLE,EXTRAIT ANTHOCYANOSIDIQUE DE MYRTILLE,260039,,,
EXTRAIT ANTHOCYANOSIDIQUE DE MYRTILLE / ACETATE D'ALPHA-TOCOPHEROL,EXTRAIT ANTHOCYANOSIDIQUE DE MYRTILLE,260039,,,
EXTRAIT ANTHOCYANOSIDIQUE DE MYRTILLE / ACETATE D'ALPHA-TOCOPHEROL,ACETATE D'ALPHA-TOCOPHEROL,1441649,A11HA,A,Other plain vitamin preparations
EXTRAIT ANTHOCYANOSIDIQUE DE MYRTILLE / CAROTENE,EXTRAIT ANTHOCYANOSIDIQUE DE MYRTILLE,260039,,,
EXTRAIT ANTHOCYANOSIDIQUE DE MYRTILLE / CAROTENE,CAROTENE,19143,A11CA,A,"Vitamin A, plain"
EXTRAIT ANTHOCYANOSIDIQUE DE MYRTILLE / CAROTENE,CAROTENE,19143,D02BB,D,Protectives against UV-radiation for systemic use
EXTRAIT ANTHOCYANOSIDIQUE DE MYRTILLE // BETA-CAROTENE,EXTRAIT ANTHOCYANOSIDIQUE DE MYRTILLE,260039,,,
EXTRAIT ANTHOCYANOSIDIQUE DE MYRTILLE // BETA-CAROTENE,BETA-CAROTENE,19143,A11CA,A,"Vitamin A, plain"
EXTRAIT ANTHOCYANOSIDIQUE DE MYRTILLE // BETA-CAROTENE,BETA-CAROTENE,19143,D02BB,D,Protectives against UV-radiation for systemic use
EXTRAIT ANTHOCYANOSIDIQUE DE MYRTILLE // TOCOPHEROL,EXTRAIT ANTHOCYANOSIDIQUE DE MYRTILLE,260039,,,
EXTRAIT ANTHOCYANOSIDIQUE DE MYRTILLE // TOCOPHEROL,TOCOPHEROL,1236136,,,
EXTRAIT ANTHOCYANOSIDIQUE DE VACCINIUM MYRTILLUS B CAROTENE,EXTRAIT ANTHOCYANOSIDIQUE DE VACCINIUM MYRTILLUS B CAROTENE,1926519,,,
EXTRAIT DE GINKGO BILOBA,EXTRAIT DE GINKGO BILOBA,236809,,,
EXTRAIT DE GINKGO BILOBA / HEPTAMINOL,EXTRAIT DE GINKGO BILOBA,236809,,,
EXTRAIT DE GINKGO BILOBA / HEPTAMINOL,HEPTAMINOL,5254,C01DX,C,Other vasodilators used in cardiac diseases
EXTRAIT DE GINKGO BILOBA / HEPTAMINOL / TROXERUTINE,EXTRAIT DE GINKGO BILOBA,236809,,,
EXTRAIT DE GINKGO BILOBA / HEPTAMINOL / TROXERUTINE,HEPTAMINOL,5254,C01DX,C,Other vasodilators used in cardiac diseases
EXTRAIT DE GINKGO BILOBA / HEPTAMINOL / TROXERUTINE,TROXERUTINE,38893,C05CA,C,Bioflavonoids
EXTRAIT DE LIERRE GRIMPANT,EXTRAIT DE LIERRE GRIMPANT,260039,,,
EXTRAIT DE RUSCUS ACULEATUS,EXTRAIT DE RUSCUS ACULEATUS,1309509,,,
EXTRAIT DE RUSCUS ACULEATUS / HESPERIDINE METHYL CHALCONE,EXTRAIT DE RUSCUS ACULEATUS,1309509,,,
EXTRAIT DE RUSCUS ACULEATUS / HESPERIDINE METHYL CHALCONE,HESPERIDINE METHYL CHALCONE,72086,,,
EXTRAIT DE RUSCUS ACULEATUS // HESPERIDINE METHYLCHALCONE // VITAMINE C (ACIDE ASCORBIQUE),EXTRAIT DE RUSCUS ACULEATUS // HESPERIDINE METHYLCHALCONE // VITAMINE C (ACIDE ASCORBIQUE),1309509,,,
EXTRAIT FLUIDE D'ERYSIMUM CODEINE,EXTRAIT FLUIDE D'ERYSIMUM CODEINE,1008954,R05DA,R,Opium alkaloids and derivatives
EXTRAIT FLUIDE DE FUMETTERE,EXTRAIT FLUIDE DE FUMETTERE,66869,A06AB,A,Contact laxatives
EXTRAIT FLUIDE DE MELILOT,EXTRAIT FLUIDE DE MELILOT,66869,A06AB,A,Contact laxatives
EXTRAIT SEC DE FEUILLE DE LIERRE,EXTRAIT SEC DE FEUILLE DE LIERRE,3390,G03CB,G,"Synthetic estrogens, plain"
EXTRAIT SEC DE FEUILLE DE LIERRE,EXTRAIT SEC DE FEUILLE DE LIERRE,3390,G03CC,G,"Estrogens, combinations with other drugs"
EXTRAIT SEC DE FEUILLE DE LIERRE,EXTRAIT SEC DE FEUILLE DE LIERRE,3390,L02AA,L,Estrogens
EXTRAIT SEC DE RUSCUS ACULEATUS,EXTRAIT SEC DE RUSCUS ACULEATUS,1309509,,,
EXTRAIT SEC DE RUSCUS ACULEATUS / EXTRAIT FLUIDE DE MELILOT,EXTRAIT SEC DE RUSCUS ACULEATUS,1309509,,,
EXTRAIT SEC DE RUSCUS ACULEATUS / EXTRAIT FLUIDE DE MELILOT,EXTRAIT FLUIDE DE MELILOT,66869,A06AB,A,Contact laxatives
EXTRAIT SEC DE RUSCUS ACULEATUS // EXTRAIT FLUIDE DE MELILOT,EXTRAIT SEC DE RUSCUS ACULEATUS,1309509,,,
EXTRAIT SEC DE RUSCUS ACULEATUS // EXTRAIT FLUIDE DE MELILOT,EXTRAIT FLUIDE DE MELILOT,66869,A06AB,A,Contact laxatives
EXTRAIT TITRE DE CENTELLA ASIATICA,EXTRAIT TITRE DE CENTELLA ASIATICA,1310164,,,
EXTRAITS D'AUBEPINE PASSIFLORE VALERIANE BALLOTE,EXTRAITS D'AUBEPINE PASSIFLORE VALERIANE BALLOTE,253206,N05CM,N,Other hypnotics and sedatives
EZETIMIB,EZETIMIB,341248,C10BA,C,Combinations of various lipid modifying agents
EZETIMIB,EZETIMIB,341248,C10AX,C,Other lipid modifying agents
EZETIMIBE,EZETIMIBE,341248,C10BA,C,Combinations of various lipid modifying agents
EZETIMIBE,EZETIMIBE,341248,C10AX,C,Other lipid modifying agents
FACTEUR DE CROISSANCE EPIDERMIQUE HUMAIN RECOMBINANT,FACTEUR DE CROISSANCE EPIDERMIQUE HUMAIN RECOMBINANT,70057,B02BD,B,Blood coagulation factors
FACTEUR DE WILLBRAND,FACTEUR DE WILLBRAND,260039,,,
FACTEUR DE WILLEBRAND,FACTEUR DE WILLEBRAND,11274,B02BD,B,Blood coagulation factors
FACTEUR II,FACTEUR II,1999003,C01CX,C,Other cardiac stimulants
FACTEUR II DE COAGULATION HUMAIN // FACTEUR VII DE COAGULATION HUMAIN // FACTEUR IX DE COAGULATION HUMAIN // FACTEUR X DE COAGULATION HUMAIN // PROTEINE C // PROTEINE S,FACTEUR II DE COAGULATION HUMAIN,1441688,,,
FACTEUR II DE COAGULATION HUMAIN // FACTEUR VII DE COAGULATION HUMAIN // FACTEUR IX DE COAGULATION HUMAIN // FACTEUR X DE COAGULATION HUMAIN // PROTEINE C // PROTEINE S,FACTEUR VII DE COAGULATION HUMAIN,4254,B02BD,B,Blood coagulation factors
FACTEUR II DE COAGULATION HUMAIN // FACTEUR VII DE COAGULATION HUMAIN // FACTEUR IX DE COAGULATION HUMAIN // FACTEUR X DE COAGULATION HUMAIN // PROTEINE C // PROTEINE S,FACTEUR IX DE COAGULATION HUMAIN,4249,B02BD,B,Blood coagulation factors
FACTEUR II DE COAGULATION HUMAIN // FACTEUR VII DE COAGULATION HUMAIN // FACTEUR IX DE COAGULATION HUMAIN // FACTEUR X DE COAGULATION HUMAIN // PROTEINE C // PROTEINE S,FACTEUR X DE COAGULATION HUMAIN,4262,B02BD,B,Blood coagulation factors
FACTEUR II DE COAGULATION HUMAIN // FACTEUR VII DE COAGULATION HUMAIN // FACTEUR IX DE COAGULATION HUMAIN // FACTEUR X DE COAGULATION HUMAIN // PROTEINE C // PROTEINE S,PROTEINE C,8834,B01AD,B,Enzymes
FACTEUR II DE COAGULATION HUMAIN // FACTEUR VII DE COAGULATION HUMAIN // FACTEUR IX DE COAGULATION HUMAIN // FACTEUR X DE COAGULATION HUMAIN // PROTEINE C // PROTEINE S,PROTEINE S,34822,,,
FACTEUR IX,FACTEUR IX,4249,B02BD,B,Blood coagulation factors
FACTEUR IX DE COAGULATION HUMAIN,FACTEUR IX DE COAGULATION HUMAIN,4249,B02BD,B,Blood coagulation factors
FACTEUR IX DE COAGULATION HUMAINE,FACTEUR IX DE COAGULATION HUMAINE,4249,B02BD,B,Blood coagulation factors
FACTEUR VII,FACTEUR VII,4254,B02BD,B,Blood coagulation factors
FACTEUR VIII,FACTEUR VIII,4257,B02BD,B,Blood coagulation factors
FACTEUR VIII DE COAGULATION,FACTEUR VIII DE COAGULATION,4257,B02BD,B,Blood coagulation factors
FACTEUR VIII DE COAGULATION // FACTEUR WILLEBRAND HUMAIN (VWF),FACTEUR VIII DE COAGULATION // FACTEUR WILLEBRAND HUMAIN (VWF),226623,B02BD,B,Blood coagulation factors
FACTEUR VIII DE COAGULATION SANGUINE HUMAIN,FACTEUR VIII DE COAGULATION SANGUINE HUMAIN,4257,B02BD,B,Blood coagulation factors
FACTEUR WILLEBRAND HUMAIN,FACTEUR WILLEBRAND HUMAIN,11274,B02BD,B,Blood coagulation factors
FACTEUR X,FACTEUR X,217263,,,
FACTEURS DE COAGULATION AYANT ACTIVITE COURT-CIRCUITANT L'INHIBITEUR DU FACTEUR VIII,FACTEURS DE COAGULATION AYANT ACTIVITE COURT-CIRCUITANT L'INHIBITEUR DU FACTEUR VIII,4257,B02BD,B,Blood coagulation factors
FAMOTIDINE,FAMOTIDINE,4278,A02BA,A,H2-receptor antagonists
FAMPRIDINE,FAMPRIDINE,897018,N07XX,N,Other nervous system drugs
FARICIMAB,FARICIMAB,2591519,S01LA,S,Antineovascularisation agents
FEBUXOSTAT,FEBUXOSTAT,73689,M04AA,M,Preparations inhibiting uric acid production
FELODIPINE,FELODIPINE,4316,C07FB,C,Beta blocking agents and calcium channel blockers
FELODIPINE,FELODIPINE,4316,C09BB,C,ACE inhibitors and calcium channel blockers
FELODIPINE,FELODIPINE,4316,C08CA,C,Dihydropyridine derivatives
FENOFIBRATE,FENOFIBRATE,8703,C10BA,C,Combinations of various lipid modifying agents
FENOFIBRATE,FENOFIBRATE,8703,C10AB,C,Fibrates
FENOFIBRATE MICRONISE,FENOFIBRATE MICRONISE,221100,C10AB,C,Fibrates
FENOPROFENE,FENOPROFENE,4331,M01AE,M,Propionic acid derivatives
FENSPIRIDE (CHLORHYDRATE),FENSPIRIDE (CHLORHYDRATE),4335,R03BX,R,"Other drugs for obstructive airway diseases, inhalants"
FENSPIRIDE (CHLORHYDRATE),FENSPIRIDE (CHLORHYDRATE),4335,R03DX,R,Other systemic drugs for obstructive airway diseases
FENTANYL,FENTANYL,4337,N01AH,N,Opioid anesthetics
FENTANYL,FENTANYL,4337,N02AB,N,Phenylpiperidine derivatives
FENTICONAZOLE,FENTICONAZOLE,24876,D01AC,D,Imidazole and triazole derivatives
FENTICONAZOLE,FENTICONAZOLE,24876,G01AF,G,Imidazole derivatives
FER,FER,90176,,,
FER (CHLORURE FERREUX),FER (CHLORURE FERREUX),217093,B03AA,B,"Iron bivalent, oral preparations"
FER (COMPLEXE D'HYDROXIDE - SACCHAROSE),FER (COMPLEXE D'HYDROXIDE - SACCHAROSE),217093,B03AA,B,"Iron bivalent, oral preparations"
FER (COMPLEXE D'HYDROXYDE - POLYMALTOSE),FER (COMPLEXE D'HYDROXYDE - POLYMALTOSE),217093,B03AA,B,"Iron bivalent, oral preparations"
FER (COMPLEXE D'HYDROXYDE - POLYMALTOSE) // VITAMINE B9 (ACIDE FOLIQUE),FER (COMPLEXE D'HYDROXYDE - POLYMALTOSE) // VITAMINE B9 (ACIDE FOLIQUE),37744,,,
FER (COMPLEXE DE POLYSACCHRATE),FER (COMPLEXE DE POLYSACCHRATE),217093,B03AA,B,"Iron bivalent, oral preparations"
FER (COMPLEXE DE SUCROSE),FER (COMPLEXE DE SUCROSE),24909,B03AB,B,"Iron trivalent, oral preparations"
FER (FUMARATE FERREUX),FER (FUMARATE FERREUX),217093,B03AA,B,"Iron bivalent, oral preparations"
FER (GLUCONATE) // GLUCONATE DE CUIVRE // GLUCONATE DE MANGANESE // GLUCONATE DE ZINC // FLUORURE DE SODIUM // GLUCONATE DE COBALTE // SELENITE DE SODIUM // IODURE DE SODIUM // MOLIBDATE D AMMONIUM QUADRIHYDRATE HEXAHYDRATE,FER (GLUCONATE) // GLUCONATE DE CUIVRE // GLUCONATE DE MANGANESE // GLUCONATE DE ZINC // FLUORURE DE SODIUM // GLUCONATE DE COBALTE // SELENITE DE SODIUM // IODURE DE SODIUM // MOLIBDATE D AMMONIUM QUADRIHYDRATE HEXAHYDRATE,36679,,,
FER (GLUCONATE) // GLUCONATE DE MANGANESE // GLUCONATE DE CUIVRE,FER (GLUCONATE) // GLUCONATE DE MANGANESE // GLUCONATE DE CUIVRE,52403,,,
FER (GLUCONATE) // ZINC (GLUCONATE DE) // CUIVRE (GLUCONATE DE),FER (GLUCONATE) // ZINC (GLUCONATE DE) // CUIVRE (GLUCONATE DE),58300,A12CB,A,Zinc
FER (HYDROXIDE),FER (HYDROXIDE),90176,,,
FER (PROTEINE SUCCINYLATE),FER (PROTEINE SUCCINYLATE),27823,,,
FER (PROTEINSUCCINYLATE FERRIQUE),FER (PROTEINSUCCINYLATE FERRIQUE),217093,B03AA,B,"Iron bivalent, oral preparations"
FER (SULFATE FERREUX HEPTAHYDRATE),FER (SULFATE FERREUX HEPTAHYDRATE),236741,,,
FER (SULFATE FERREUX SESQUIHYDRATE),FER (SULFATE FERREUX SESQUIHYDRATE),364758,B03AA,B,"Iron bivalent, oral preparations"
FER (SULFATE FERREUX SESQUIHYDRATE) // VITAMINE B9 (ACIDE FOLIQUE),FER (SULFATE FERREUX SESQUIHYDRATE) // VITAMINE B9 (ACIDE FOLIQUE),4511,B03AD,B,Iron in combination with folic acid
FER (SULFATE FERREUX SESQUIHYDRATE) // VITAMINE B9 (ACIDE FOLIQUE),FER (SULFATE FERREUX SESQUIHYDRATE) // VITAMINE B9 (ACIDE FOLIQUE),4511,B03BB,B,Folic acid and derivatives
FER (SULFATE FERREUX SESQUIHYDRATE) // VITAMINE B9 (ACIDE FOLIQUE),FER (SULFATE FERREUX SESQUIHYDRATE) // VITAMINE B9 (ACIDE FOLIQUE),4511,V04CX,V,Other diagnostic agents
FER (SULFATE FERREUX) // VITAMINE B9 (ACIDE FOLIQUE),FER (SULFATE FERREUX) // VITAMINE B9 (ACIDE FOLIQUE),4511,B03AD,B,Iron in combination with folic acid
FER (SULFATE FERREUX) // VITAMINE B9 (ACIDE FOLIQUE),FER (SULFATE FERREUX) // VITAMINE B9 (ACIDE FOLIQUE),4511,B03BB,B,Folic acid and derivatives
FER (SULFATE FERREUX) // VITAMINE B9 (ACIDE FOLIQUE),FER (SULFATE FERREUX) // VITAMINE B9 (ACIDE FOLIQUE),4511,V04CX,V,Other diagnostic agents
FER / MANGANESE,FER,90176,,,
FER / MANGANESE,MANGANESE,6623,,,
FER PROTEINE SUCCINYLATE,FER PROTEINE SUCCINYLATE,27823,,,
FIBRINOGENE,FIBRINOGENE,4385,B02BB,B,Fibrinogen
FIBRINOGENE,FIBRINOGENE,4385,V09GB,V,Iodine (125I) compounds
FIBRINOGENE HUMAIN,FIBRINOGENE HUMAIN,4385,B02BB,B,Fibrinogen
FIBRINOGENE HUMAIN,FIBRINOGENE HUMAIN,4385,V09GB,V,Iodine (125I) compounds
FILGRASTIM,FILGRASTIM,68442,L03AA,L,Colony stimulating factors
FILODEPINE,FILODEPINE,4316,C07FB,C,Beta blocking agents and calcium channel blockers
FILODEPINE,FILODEPINE,4316,C09BB,C,ACE inhibitors and calcium channel blockers
FILODEPINE,FILODEPINE,4316,C08CA,C,Dihydropyridine derivatives
FINASTERIDE,FINASTERIDE,25025,D11AX,D,Other dermatologicals
FINASTERIDE,FINASTERIDE,25025,G04CB,G,Testosterone-5-alpha reductase inhibitors
FINERENONE,FINERENONE,2562811,C03DA,C,Aldosterone antagonists
FINGOLIMOD,FINGOLIMOD,1012892,L04AE,L,Sphingosine-1-phosphate (S1P) receptor modulators
FINGOLIMOD (CHLORHYDRATE),FINGOLIMOD (CHLORHYDRATE),1012892,L04AE,L,Sphingosine-1-phosphate (S1P) receptor modulators
FLAVONOIDES MICRONISES,FLAVONOIDES MICRONISES,,,,
FLAVOXATE,FLAVOXATE,4440,G04BD,G,Drugs for urinary frequency and incontinence
FLAVOXATE (CHLORHYDRATE ),FLAVOXATE (CHLORHYDRATE ),4440,G04BD,G,Drugs for urinary frequency and incontinence
FLECAINIDE,FLECAINIDE,4441,C01BC,C,"Antiarrhythmics, class Ic"
FLECAINIDE (ACETATE),FLECAINIDE (ACETATE),42686,C01BC,C,"Antiarrhythmics, class Ic"
FLOCTAFENINE,FLOCTAFENINE,4444,N02BG,N,Other analgesics and antipyretics
FLUCINOLONE,FLUCINOLONE,25126,C05AA,C,Corticosteroids
FLUCINOLONE,FLUCINOLONE,25126,D07AC,D,"Corticosteroids, potent (group III)"
FLUCINOLONE,FLUCINOLONE,25126,S01BA,S,"Corticosteroids, plain"
FLUCINOLONE,FLUCINOLONE,25126,S02BA,S,Corticosteroids
FLUCLOXACILLINE,FLUCLOXACILLINE,4448,J01CF,J,Beta-lactamase resistant penicillins
FLUCONAZOLE,FLUCONAZOLE,4450,D01AC,D,Imidazole and triazole derivatives
FLUCONAZOLE,FLUCONAZOLE,4450,J02AC,J,Triazole and tetrazole derivatives
FLUCYTOSINE,FLUCYTOSINE,4451,D01AE,D,Other antifungals for topical use
FLUCYTOSINE,FLUCYTOSINE,4451,J02AX,J,Other antimycotics for systemic use
FLUDARABINE,FLUDARABINE,24698,L01BB,L,Purine analogues
FLUDARABINE (PHOSPHATE),FLUDARABINE (PHOSPHATE),25102,L01BB,L,Purine analogues
FLUDESOXYGLUCOSE (18F),FLUDESOXYGLUCOSE (18F),1362737,V09IX,V,Other diagnostic radiopharmaceuticals for tumour detection
FLUMAZENIL,FLUMAZENIL,4457,V03AB,V,Antidotes
FLUMEQUINE,FLUMEQUINE,25112,J01MB,J,Other quinolones
FLUNITRAZEPAM,FLUNITRAZEPAM,4460,N05CD,N,Benzodiazepine derivatives
FLUOCINOLONE,FLUOCINOLONE,25126,C05AA,C,Corticosteroids
FLUOCINOLONE,FLUOCINOLONE,25126,D07AC,D,"Corticosteroids, potent (group III)"
FLUOCINOLONE,FLUOCINOLONE,25126,S01BA,S,"Corticosteroids, plain"
FLUOCINOLONE,FLUOCINOLONE,25126,S02BA,S,Corticosteroids
FLUOCINOLONE // GENTAMICINE,FLUOCINOLONE,25126,C05AA,C,Corticosteroids
FLUOCINOLONE // GENTAMICINE,FLUOCINOLONE,25126,D07AC,D,"Corticosteroids, potent (group III)"
FLUOCINOLONE // GENTAMICINE,FLUOCINOLONE,25126,S01BA,S,"Corticosteroids, plain"
FLUOCINOLONE // GENTAMICINE,FLUOCINOLONE,25126,S02BA,S,Corticosteroids
FLUOCINOLONE // GENTAMICINE,GENTAMICINE,1596450,D06AX,D,Other antibiotics for topical use
FLUOCINOLONE // GENTAMICINE,GENTAMICINE,1596450,J01GB,J,Other aminoglycosides
FLUOCINOLONE // GENTAMICINE,GENTAMICINE,1596450,S01AA,S,Antibiotics
FLUOCINOLONE // GENTAMICINE,GENTAMICINE,1596450,S02AA,S,Antiinfectives
FLUOCINOLONE // GENTAMICINE,GENTAMICINE,1596450,S03AA,S,Antiinfectives
FLUOCINONIDE,FLUOCINONIDE,4462,C05AA,C,Corticosteroids
FLUOCINONIDE,FLUOCINONIDE,4462,D07AC,D,"Corticosteroids, potent (group III)"
FLUOCINONIDE / NEOMYCINE,FLUOCINONIDE,4462,C05AA,C,Corticosteroids
FLUOCINONIDE / NEOMYCINE,FLUOCINONIDE,4462,D07AC,D,"Corticosteroids, potent (group III)"
FLUOCINONIDE / NEOMYCINE,NEOMYCINE,7299,A01AB,A,Antiinfectives and antiseptics for local oral treatment
FLUOCINONIDE / NEOMYCINE,NEOMYCINE,7299,A07AA,A,Antibiotics
FLUOCINONIDE / NEOMYCINE,NEOMYCINE,7299,B05CA,B,Antiinfectives
FLUOCINONIDE / NEOMYCINE,NEOMYCINE,7299,D06AX,D,Other antibiotics for topical use
FLUOCINONIDE / NEOMYCINE,NEOMYCINE,7299,J01GB,J,Other aminoglycosides
FLUOCINONIDE / NEOMYCINE,NEOMYCINE,7299,R02AB,R,Antibiotics
FLUOCINONIDE / NEOMYCINE,NEOMYCINE,7299,S01AA,S,Antibiotics
FLUOCINONIDE / NEOMYCINE,NEOMYCINE,7299,S02AA,S,Antiinfectives
FLUOCINONIDE / NEOMYCINE,NEOMYCINE,7299,S03AA,S,Antiinfectives
FLUOCINONIDE / POLYMYXINE B,FLUOCINONIDE,4462,C05AA,C,Corticosteroids
FLUOCINONIDE / POLYMYXINE B,FLUOCINONIDE,4462,D07AC,D,"Corticosteroids, potent (group III)"
FLUOCINONIDE / POLYMYXINE B,POLYMYXINE B,8536,A07AA,A,Antibiotics
FLUOCINONIDE / POLYMYXINE B,POLYMYXINE B,8536,J01XB,J,Polymyxins
FLUOCINONIDE / POLYMYXINE B,POLYMYXINE B,8536,S01AA,S,Antibiotics
FLUOCINONIDE / POLYMYXINE B,POLYMYXINE B,8536,S02AA,S,Antiinfectives
FLUOCINONIDE / POLYMYXINE B,POLYMYXINE B,8536,S03AA,S,Antiinfectives
FLUOCORTOLONE,FLUOCORTOLONE,4463,C05AA,C,Corticosteroids
FLUOCORTOLONE,FLUOCORTOLONE,4463,D07AC,D,"Corticosteroids, potent (group III)"
FLUOCORTOLONE,FLUOCORTOLONE,4463,D07XC,D,"Corticosteroids, potent, other combinations"
FLUOCORTOLONE,FLUOCORTOLONE,4463,H02AB,H,Glucocorticoids
FLUORESCEINE (SODIQUE),FLUORESCEINE (SODIQUE),25138,S01JA,S,Colouring agents
FLUORESCEINE SODIQUE,FLUORESCEINE SODIQUE,25138,S01JA,S,Colouring agents
FLUOROCHOLINE,FLUOROCHOLINE,,,,
FLUOROMETHOLONE,FLUOROMETHOLONE,4491,C05AA,C,Corticosteroids
FLUOROMETHOLONE,FLUOROMETHOLONE,4491,D07AB,D,"Corticosteroids, moderately potent (group II)"
FLUOROMETHOLONE,FLUOROMETHOLONE,4491,D07XB,D,"Corticosteroids, moderately potent, other combinations"
FLUOROMETHOLONE,FLUOROMETHOLONE,4491,D10AA,D,"Corticosteroids, combinations for treatment of acne"
FLUOROMETHOLONE,FLUOROMETHOLONE,4491,S01BA,S,"Corticosteroids, plain"
FLUOROMETHOLONE,FLUOROMETHOLONE,4491,S01CB,S,Corticosteroids/antiinfectives/mydriatics in combination
FLUOROURACIL,FLUOROURACIL,4492,L01BC,L,Pyrimidine analogues
FLUOROURACILE,FLUOROURACILE,4492,L01BC,L,Pyrimidine analogues
FLUORURE (18) DE SODIUM,FLUORURE (18) DE SODIUM,36679,,,
FLUORURE DE SODIUM,FLUORURE DE SODIUM,36679,,,
FLUOXETINE,FLUOXETINE,4493,N06AB,N,Selective serotonin reuptake inhibitors
FLUOXETINE (CHLORHYDRATE),FLUOXETINE (CHLORHYDRATE),4493,N06AB,N,Selective serotonin reuptake inhibitors
FLUPHENAZINE,FLUPHENAZINE,4496,N05AB,N,Phenothiazines with piperazine structure
FLUPHENAZINE DECANOATE,FLUPHENAZINE DECANOATE,25190,N05AB,N,Phenothiazines with piperazine structure
FLURBIPROFENE,FLURBIPROFENE,4502,M01AE,M,Propionic acid derivatives
FLURBIPROFENE,FLURBIPROFENE,4502,M02AA,M,"Antiinflammatory preparations, non-steroids for topical use"
FLURBIPROFENE,FLURBIPROFENE,4502,R02AX,R,Other throat preparations
FLURBIPROFENE,FLURBIPROFENE,4502,S01BC,S,"Antiinflammatory agents, non-steroids"
FLUTAMIDE,FLUTAMIDE,4508,L02BB,L,Anti-androgens
FLUTICASONE,FLUTICASONE,41126,R03AK,R,"Adrenergics in combination with corticosteroids or other drugs, excl. anticholinergics"
FLUTICASONE,FLUTICASONE,41126,D07AC,D,"Corticosteroids, potent (group III)"
FLUTICASONE,FLUTICASONE,41126,R01AD,R,Corticosteroids
FLUTICASONE,FLUTICASONE,41126,R03BA,R,Glucocorticoids
FLUTICASONE (FUROATE),FLUTICASONE (FUROATE),705022,D07AC,D,"Corticosteroids, potent (group III)"
FLUTICASONE (FUROATE),FLUTICASONE (FUROATE),705022,R01AD,R,Corticosteroids
FLUTICASONE (FUROATE),FLUTICASONE (FUROATE),705022,R03BA,R,Glucocorticoids
FLUTICASONE (FUROATE) // VILANTEROL,FLUTICASONE (FUROATE) // VILANTEROL,1424888,D07AC,D,"Corticosteroids, potent (group III)"
FLUTICASONE (FUROATE) // VILANTEROL,FLUTICASONE (FUROATE) // VILANTEROL,1424888,R01AD,R,Corticosteroids
FLUTICASONE (FUROATE) // VILANTEROL,FLUTICASONE (FUROATE) // VILANTEROL,1424888,R03BA,R,Glucocorticoids
FLUTICASONE (PROPIONATE),FLUTICASONE (PROPIONATE),50121,R03AK,R,"Adrenergics in combination with corticosteroids or other drugs, excl. anticholinergics"
FLUTICASONE (PROPIONATE),FLUTICASONE (PROPIONATE),50121,D07AC,D,"Corticosteroids, potent (group III)"
FLUTICASONE (PROPIONATE),FLUTICASONE (PROPIONATE),50121,R01AD,R,Corticosteroids
FLUTICASONE (PROPIONATE),FLUTICASONE (PROPIONATE),50121,R03BA,R,Glucocorticoids
FLUTICASONE (PROPIONATE) // SALMETEROL,FLUTICASONE (PROPIONATE) // SALMETEROL,284635,R03AK,R,"Adrenergics in combination with corticosteroids or other drugs, excl. anticholinergics"
FLUTICASONE (PROPIONATE) // SALMETEROL,FLUTICASONE (PROPIONATE) // SALMETEROL,284635,R03AC,R,Selective beta-2-adrenoreceptor agonists
FLUTICASONE (PROPIONATE) // SALMETEROL,FLUTICASONE (PROPIONATE) // SALMETEROL,284635,D07AC,D,"Corticosteroids, potent (group III)"
FLUTICASONE (PROPIONATE) // SALMETEROL,FLUTICASONE (PROPIONATE) // SALMETEROL,284635,R01AD,R,Corticosteroids
FLUTICASONE (PROPIONATE) // SALMETEROL,FLUTICASONE (PROPIONATE) // SALMETEROL,284635,R03BA,R,Glucocorticoids
FLUTICASONE (PROPIONATE) // SALMETEROL (XINAFOATE),FLUTICASONE (PROPIONATE) // SALMETEROL (XINAFOATE),2660442,R03AK,R,"Adrenergics in combination with corticosteroids or other drugs, excl. anticholinergics"
FLUTICASONE (PROPIONATE) // SALMETEROL (XINAFOATE),FLUTICASONE (PROPIONATE) // SALMETEROL (XINAFOATE),2660442,R03AC,R,Selective beta-2-adrenoreceptor agonists
FLUTICASONE (PROPIONATE) // SALMETEROL (XINAFOATE),FLUTICASONE (PROPIONATE) // SALMETEROL (XINAFOATE),2660442,D07AC,D,"Corticosteroids, potent (group III)"
FLUTICASONE (PROPIONATE) // SALMETEROL (XINAFOATE),FLUTICASONE (PROPIONATE) // SALMETEROL (XINAFOATE),2660442,R01AD,R,Corticosteroids
FLUTICASONE (PROPIONATE) // SALMETEROL (XINAFOATE),FLUTICASONE (PROPIONATE) // SALMETEROL (XINAFOATE),2660442,R03BA,R,Glucocorticoids
FLUTICASONE / SALMETEROL,FLUTICASONE,41126,R03AK,R,"Adrenergics in combination with corticosteroids or other drugs, excl. anticholinergics"
FLUTICASONE / SALMETEROL,FLUTICASONE,41126,D07AC,D,"Corticosteroids, potent (group III)"
FLUTICASONE / SALMETEROL,FLUTICASONE,41126,R01AD,R,Corticosteroids
FLUTICASONE / SALMETEROL,FLUTICASONE,41126,R03BA,R,Glucocorticoids
FLUTICASONE / SALMETEROL,SALMETEROL,36117,R03AK,R,"Adrenergics in combination with corticosteroids or other drugs, excl. anticholinergics"
FLUTICASONE / SALMETEROL,SALMETEROL,36117,R03AC,R,Selective beta-2-adrenoreceptor agonists
FLUTICASONE // SALMETEROL,FLUTICASONE,41126,R03AK,R,"Adrenergics in combination with corticosteroids or other drugs, excl. anticholinergics"
FLUTICASONE // SALMETEROL,FLUTICASONE,41126,D07AC,D,"Corticosteroids, potent (group III)"
FLUTICASONE // SALMETEROL,FLUTICASONE,41126,R01AD,R,Corticosteroids
FLUTICASONE // SALMETEROL,FLUTICASONE,41126,R03BA,R,Glucocorticoids
FLUTICASONE // SALMETEROL,SALMETEROL,36117,R03AK,R,"Adrenergics in combination with corticosteroids or other drugs, excl. anticholinergics"
FLUTICASONE // SALMETEROL,SALMETEROL,36117,R03AC,R,Selective beta-2-adrenoreceptor agonists
FLUVASTATINE,FLUVASTATINE,41127,C10AA,C,HMG CoA reductase inhibitors
FLUVOXAMINE,FLUVOXAMINE,42355,N06AB,N,Selective serotonin reuptake inhibitors
FLUVOXAMINE (MALEATE),FLUVOXAMINE (MALEATE),203143,N06AB,N,Selective serotonin reuptake inhibitors
FOIE DE POISSON,FOIE DE POISSON,260039,,,
FOIE DE POISSON / ZINC,FOIE DE POISSON,260039,,,
FOIE DE POISSON / ZINC,ZINC,11416,,,
FOLINATE (DE CALCIUM),FOLINATE (DE CALCIUM),225852,V03AF,V,Detoxifying agents for antineoplastic treatment
FOLINATE DE CALCIUM,FOLINATE DE CALCIUM,225852,V03AF,V,Detoxifying agents for antineoplastic treatment
FOLLITROPINE ALFA,FOLLITROPINE ALFA,386938,G03GA,G,Gonadotropins
FOLLITROPINE ALFA // LUTROPINE ALFA,FOLLITROPINE ALFA,386938,G03GA,G,Gonadotropins
FOLLITROPINE ALFA // LUTROPINE ALFA,LUTROPINE ALFA,388084,G03GA,G,Gonadotropins
FOLLITROPINE ALPHA,FOLLITROPINE ALPHA,386938,G03GA,G,Gonadotropins
FOLLITROPINE BETA,FOLLITROPINE BETA,25357,G03GA,G,Gonadotropins
FONDAPARINUX (SODIQUE),FONDAPARINUX (SODIQUE),321208,B01AX,B,Other antithrombotic agents
FONDAPARINUX SODIQUE,FONDAPARINUX SODIQUE,321208,B01AX,B,Other antithrombotic agents
FORMALDEHYDE,FORMALDEHYDE,4530,,,
FORMALDEHYDE / CHLORURE DE SODIUM,FORMALDEHYDE,4530,,,
FORMALDEHYDE / CHLORURE DE SODIUM,CHLORURE DE SODIUM,6878,V03AB,V,Antidotes
FORMALDEHYDE / CHLORURE DE SODIUM,CHLORURE DE SODIUM,6878,V04CG,V,Tests for gastric secretion
FORMETEROL,FORMETEROL,25255,R03AK,R,"Adrenergics in combination with corticosteroids or other drugs, excl. anticholinergics"
FORMETEROL,FORMETEROL,25255,R03AC,R,Selective beta-2-adrenoreceptor agonists
FORMETEROL,FORMETEROL,25255,R03CC,R,Selective beta-2-adrenoreceptor agonists
FORMOCORTAL,FORMOCORTAL,,,,
FORMOCORTAL / GENTAMICINE,FORMOCORTAL,,,,
FORMOCORTAL / GENTAMICINE,GENTAMICINE,1596450,D06AX,D,Other antibiotics for topical use
FORMOCORTAL / GENTAMICINE,GENTAMICINE,1596450,J01GB,J,Other aminoglycosides
FORMOCORTAL / GENTAMICINE,GENTAMICINE,1596450,S01AA,S,Antibiotics
FORMOCORTAL / GENTAMICINE,GENTAMICINE,1596450,S02AA,S,Antiinfectives
FORMOCORTAL / GENTAMICINE,GENTAMICINE,1596450,S03AA,S,Antiinfectives
FORMOTEROL,FORMOTEROL,25255,R03AK,R,"Adrenergics in combination with corticosteroids or other drugs, excl. anticholinergics"
FORMOTEROL,FORMOTEROL,25255,R03AC,R,Selective beta-2-adrenoreceptor agonists
FORMOTEROL,FORMOTEROL,25255,R03CC,R,Selective beta-2-adrenoreceptor agonists
FORMOTEROL (FUMARATE DIHYDRATE) // GLYCOPYRRONIUM // BUDESONIDE,FORMOTEROL (FUMARATE DIHYDRATE) // GLYCOPYRRONIUM // BUDESONIDE,2387330,D11AA,D,Antihidrotics
FORMOTEROL (FUMARATE DIHYDRATE) // GLYCOPYRRONIUM // BUDESONIDE,FORMOTEROL (FUMARATE DIHYDRATE) // GLYCOPYRRONIUM // BUDESONIDE,2387330,A07EA,A,Corticosteroids acting locally
FORMOTEROL (FUMARATE DIHYDRATE) // GLYCOPYRRONIUM // BUDESONIDE,FORMOTEROL (FUMARATE DIHYDRATE) // GLYCOPYRRONIUM // BUDESONIDE,2387330,D07AC,D,"Corticosteroids, potent (group III)"
FORMOTEROL (FUMARATE DIHYDRATE) // GLYCOPYRRONIUM // BUDESONIDE,FORMOTEROL (FUMARATE DIHYDRATE) // GLYCOPYRRONIUM // BUDESONIDE,2387330,R01AD,R,Corticosteroids
FORMOTEROL (FUMARATE DIHYDRATE) // GLYCOPYRRONIUM // BUDESONIDE,FORMOTEROL (FUMARATE DIHYDRATE) // GLYCOPYRRONIUM // BUDESONIDE,2387330,R03BA,R,Glucocorticoids
FORMOTEROL (FUMARATE DIHYDRATE) // GLYCOPYRRONIUM // BUDESONIDE,FORMOTEROL (FUMARATE DIHYDRATE) // GLYCOPYRRONIUM // BUDESONIDE,2387330,R03AC,R,Selective beta-2-adrenoreceptor agonists
FORMOTEROL (FUMARATE DIHYDRATE) // GLYCOPYRRONIUM // BUDESONIDE,FORMOTEROL (FUMARATE DIHYDRATE) // GLYCOPYRRONIUM // BUDESONIDE,2387330,R03CC,R,Selective beta-2-adrenoreceptor agonists
FORMOTEROL (FUMARATE),FORMOTEROL (FUMARATE),236216,R03AK,R,"Adrenergics in combination with corticosteroids or other drugs, excl. anticholinergics"
FORMOTEROL (FUMARATE),FORMOTEROL (FUMARATE),236216,R03AC,R,Selective beta-2-adrenoreceptor agonists
FORMOTEROL (FUMARATE),FORMOTEROL (FUMARATE),236216,R03CC,R,Selective beta-2-adrenoreceptor agonists
FOSFOMYCINE,FOSFOMYCINE,4550,J01XX,J,Other antibacterials
FOSFOMYCINE,FOSFOMYCINE,4550,S02AA,S,Antiinfectives
FOSFOMYCINE TROMETAMOL,FOSFOMYCINE TROMETAMOL,10865,B05BB,B,Solutions affecting the electrolyte balance
FOSFOMYCINE TROMETAMOL,FOSFOMYCINE TROMETAMOL,10865,B05XX,B,Other i.v. solution additives
FRACTION FLAVONOIQUE PURIFIEE MICRONISEE,FRACTION FLAVONOIQUE PURIFIEE MICRONISEE,33835,,,
FRACTION PHOSPHOLIPIDIQUE,FRACTION PHOSPHOLIPIDIQUE,33835,,,
FRAGEMENTS F(AB)2 D'IMMUNOGLOBULINE ANTITETANIQUE EQUINE,FRAGEMENTS F(AB)2 D'IMMUNOGLOBULINE ANTITETANIQUE EQUINE,2101270,,,
FRAMYCETINE,FRAMYCETINE,4556,D09AA,D,Medicated dressings with antiinfectives
FRAMYCETINE,FRAMYCETINE,4556,R01AX,R,Other nasal preparations
FRAMYCETINE,FRAMYCETINE,4556,S01AA,S,Antibiotics
FRAMYCETINE (SULFATE) // DEXAMETHASONE,FRAMYCETINE (SULFATE) // DEXAMETHASONE,235749,D09AA,D,Medicated dressings with antiinfectives
FRAMYCETINE (SULFATE) // DEXAMETHASONE,FRAMYCETINE (SULFATE) // DEXAMETHASONE,235749,R01AX,R,Other nasal preparations
FRAMYCETINE (SULFATE) // DEXAMETHASONE,FRAMYCETINE (SULFATE) // DEXAMETHASONE,235749,S01AA,S,Antibiotics
FULVESTRANT,FULVESTRANT,282357,L02BA,L,Anti-estrogens
FURAZOLIDONE,FURAZOLIDONE,4601,G01AX,G,Other antiinfectives and antiseptics
FUROATE DE FLUTICASONE,FUROATE DE FLUTICASONE,705022,D07AC,D,"Corticosteroids, potent (group III)"
FUROATE DE FLUTICASONE,FUROATE DE FLUTICASONE,705022,R01AD,R,Corticosteroids
FUROATE DE FLUTICASONE,FUROATE DE FLUTICASONE,705022,R03BA,R,Glucocorticoids
FUROSEMIDE,FUROSEMIDE,4603,C03CB,C,Sulfonamides and potassium in combination
FUROSEMIDE,FUROSEMIDE,4603,C03CA,C,"Sulfonamides, plain"
FUSAFUNGINE,FUSAFUNGINE,25437,R02AB,R,Antibiotics
FUSIDATE DE SODIUM,FUSIDATE DE SODIUM,9874,,,
GABAPENTINE,GABAPENTINE,25480,N02BF,N,Gabapentinoids
GADOBUTROL,GADOBUTROL,84990,V08CA,V,Paramagnetic contrast media
GADODIAMIDE,GADODIAMIDE,41144,V08CA,V,Paramagnetic contrast media
GADOPENTETATE (DIMEGLUMINE),GADOPENTETATE (DIMEGLUMINE),25486,,,
GADOPENTETATE DE DIMEGLUMINE,GADOPENTETATE DE DIMEGLUMINE,25486,,,
GADOPENTETATE DE DIMEGLUMINE / GADOPENTETATE DE MEGLUMINE,GADOPENTETATE DE DIMEGLUMINE,25486,,,
GADOPENTETATE DE DIMEGLUMINE / GADOPENTETATE DE MEGLUMINE,GADOPENTETATE DE MEGLUMINE,25486,,,
GADOPENTETATE DE MEGLUMINE,GADOPENTETATE DE MEGLUMINE,25486,,,
GAIAZULENE,GAIAZULENE,26290,,,
GANCICLOVIR,GANCICLOVIR,4678,J05AB,J,Nucleosides and nucleotides excl. reverse transcriptase inhibitors
GANCICLOVIR,GANCICLOVIR,4678,S01AD,S,Antivirals
GANIRELIX,GANIRELIX,35825,H01CC,H,Anti-gonadotropin-releasing hormones
GATIFLOXACINE,GATIFLOXACINE,228476,J01MA,J,Fluoroquinolones
GATIFLOXACINE,GATIFLOXACINE,228476,S01AE,S,Fluoroquinolones
GEFITINIB,GEFITINIB,328134,L01EB,L,Epidermal growth factor receptor (EGFR) tyrosine kinase inhibitors
GELATINE FLUIDE MODIFIEE,GELATINE FLUIDE MODIFIEE,52853,,,
GELSEMIUM,GELSEMIUM,1493692,,,
GELSEMIUM / GRINDELIA / PARACETAMOL,GELSEMIUM,1493692,,,
GELSEMIUM / GRINDELIA / PARACETAMOL,GRINDELIA,2043451,,,
GELSEMIUM / GRINDELIA / PARACETAMOL,PARACETAMOL,161,N02BE,N,Anilides
GELSEMIUM / GRINDELIA / PARACETAMOL,PARACETAMOL,161,N02AJ,N,Opioids in combination with non-opioid analgesics
GEMCITABINE,GEMCITABINE,12574,L01BC,L,Pyrimidine analogues
GEMCITABINE (CHLORHYDRATE),GEMCITABINE (CHLORHYDRATE),12574,L01BC,L,Pyrimidine analogues
GEMIFLOXACINE (DE MESYLATE),GEMIFLOXACINE (DE MESYLATE),402429,J01MA,J,Fluoroquinolones
GEMIGLIPTINE (TARTRATE),GEMIGLIPTINE (TARTRATE),1314221,,,
GENTAMICINE,GENTAMICINE,1596450,D06AX,D,Other antibiotics for topical use
GENTAMICINE,GENTAMICINE,1596450,J01GB,J,Other aminoglycosides
GENTAMICINE,GENTAMICINE,1596450,S01AA,S,Antibiotics
GENTAMICINE,GENTAMICINE,1596450,S02AA,S,Antiinfectives
GENTAMICINE,GENTAMICINE,1596450,S03AA,S,Antiinfectives
GENTAMICINE / DEXAMETHASONE,GENTAMICINE,1596450,D06AX,D,Other antibiotics for topical use
GENTAMICINE / DEXAMETHASONE,GENTAMICINE,1596450,J01GB,J,Other aminoglycosides
GENTAMICINE / DEXAMETHASONE,GENTAMICINE,1596450,S01AA,S,Antibiotics
GENTAMICINE / DEXAMETHASONE,GENTAMICINE,1596450,S02AA,S,Antiinfectives
GENTAMICINE / DEXAMETHASONE,GENTAMICINE,1596450,S03AA,S,Antiinfectives
GENTAMICINE / DEXAMETHASONE,DEXAMETHASONE,3264,A01AC,A,Corticosteroids for local oral treatment
GENTAMICINE / DEXAMETHASONE,DEXAMETHASONE,3264,C05AA,C,Corticosteroids
GENTAMICINE / DEXAMETHASONE,DEXAMETHASONE,3264,D07AB,D,"Corticosteroids, moderately potent (group II)"
GENTAMICINE / DEXAMETHASONE,DEXAMETHASONE,3264,D07XB,D,"Corticosteroids, moderately potent, other combinations"
GENTAMICINE / DEXAMETHASONE,DEXAMETHASONE,3264,D10AA,D,"Corticosteroids, combinations for treatment of acne"
GENTAMICINE / DEXAMETHASONE,DEXAMETHASONE,3264,H02AB,H,Glucocorticoids
GENTAMICINE / DEXAMETHASONE,DEXAMETHASONE,3264,R01AD,R,Corticosteroids
GENTAMICINE / DEXAMETHASONE,DEXAMETHASONE,3264,S01BA,S,"Corticosteroids, plain"
GENTAMICINE / DEXAMETHASONE,DEXAMETHASONE,3264,S01CB,S,Corticosteroids/antiinfectives/mydriatics in combination
GENTAMICINE / DEXAMETHASONE,DEXAMETHASONE,3264,S02BA,S,Corticosteroids
GENTAMICINE / DEXAMETHASONE,DEXAMETHASONE,3264,S03BA,S,Corticosteroids
GENTAMICINE // DEXAMETHASONE // TETRYZOLINE (CHLORHYDRATE),GENTAMICINE // DEXAMETHASONE // TETRYZOLINE (CHLORHYDRATE),1596450,D06AX,D,Other antibiotics for topical use
GENTAMICINE // DEXAMETHASONE // TETRYZOLINE (CHLORHYDRATE),GENTAMICINE // DEXAMETHASONE // TETRYZOLINE (CHLORHYDRATE),1596450,J01GB,J,Other aminoglycosides
GENTAMICINE // DEXAMETHASONE // TETRYZOLINE (CHLORHYDRATE),GENTAMICINE // DEXAMETHASONE // TETRYZOLINE (CHLORHYDRATE),1596450,S01AA,S,Antibiotics
GENTAMICINE // DEXAMETHASONE // TETRYZOLINE (CHLORHYDRATE),GENTAMICINE // DEXAMETHASONE // TETRYZOLINE (CHLORHYDRATE),1596450,S02AA,S,Antiinfectives
GENTAMICINE // DEXAMETHASONE // TETRYZOLINE (CHLORHYDRATE),GENTAMICINE // DEXAMETHASONE // TETRYZOLINE (CHLORHYDRATE),1596450,S03AA,S,Antiinfectives
GESTODENE,GESTODENE,25734,G03AA,G,"Progestogens and estrogens, fixed combinations"
GESTODENE,GESTODENE,25734,G03AB,G,"Progestogens and estrogens, sequential preparations"
GESTODENE / ETHINYLESTRADIOL,GESTODENE,25734,G03AA,G,"Progestogens and estrogens, fixed combinations"
GESTODENE / ETHINYLESTRADIOL,GESTODENE,25734,G03AB,G,"Progestogens and estrogens, sequential preparations"
GESTODENE / ETHINYLESTRADIOL,ETHINYLESTRADIOL,4124,G03AA,G,"Progestogens and estrogens, fixed combinations"
GESTODENE / ETHINYLESTRADIOL,ETHINYLESTRADIOL,4124,G03AB,G,"Progestogens and estrogens, sequential preparations"
GESTODENE / ETHINYLESTRADIOL,ETHINYLESTRADIOL,4124,G03CA,G,"Natural and semisynthetic estrogens, plain"
GESTODENE / ETHINYLESTRADIOL,ETHINYLESTRADIOL,4124,L02AA,L,Estrogens
GESTODENE // ETHINYLESTRADIOL,GESTODENE,25734,G03AA,G,"Progestogens and estrogens, fixed combinations"
GESTODENE // ETHINYLESTRADIOL,GESTODENE,25734,G03AB,G,"Progestogens and estrogens, sequential preparations"
GESTODENE // ETHINYLESTRADIOL,ETHINYLESTRADIOL,4124,G03AA,G,"Progestogens and estrogens, fixed combinations"
GESTODENE // ETHINYLESTRADIOL,ETHINYLESTRADIOL,4124,G03AB,G,"Progestogens and estrogens, sequential preparations"
GESTODENE // ETHINYLESTRADIOL,ETHINYLESTRADIOL,4124,G03CA,G,"Natural and semisynthetic estrogens, plain"
GESTODENE // ETHINYLESTRADIOL,ETHINYLESTRADIOL,4124,L02AA,L,Estrogens
GILTERITINIB (FUMARATE),GILTERITINIB (FUMARATE),2105823,L01EX,L,Other protein kinase inhibitors
GINKGO BILOBA,GINKGO BILOBA,236809,,,
GINKGO BILOBA // TROXERUTINE // HEPTAMINOL,GINKGO BILOBA,236809,,,
GINKGO BILOBA // TROXERUTINE // HEPTAMINOL,TROXERUTINE,38893,C05CA,C,Bioflavonoids
GINKGO BILOBA // TROXERUTINE // HEPTAMINOL,HEPTAMINOL,5254,C01DX,C,Other vasodilators used in cardiac diseases
GLAFENINE,GLAFENINE,,,,
GLATIRAMERE,GLATIRAMERE,214582,L03AX,L,Other immunostimulants
GLATIRAMERE (ACETATE),GLATIRAMERE (ACETATE),84375,L03AX,L,Other immunostimulants
GLIBENCLAMIDE,GLIBENCLAMIDE,4815,A10BB,A,Sulfonylureas
GLICLAZIDE,GLICLAZIDE,4816,A10BB,A,Sulfonylureas
GLIMEPIRIDE,GLIMEPIRIDE,25789,A10BB,A,Sulfonylureas
GLIMEPIRIDE,GLIMEPIRIDE,25789,A10BD,A,Combinations of oral blood glucose lowering drugs
GLIMEPIRIDE / METFORMINE,GLIMEPIRIDE,25789,A10BB,A,Sulfonylureas
GLIMEPIRIDE / METFORMINE,GLIMEPIRIDE,25789,A10BD,A,Combinations of oral blood glucose lowering drugs
GLIMEPIRIDE / METFORMINE,METFORMINE,6809,A10BD,A,Combinations of oral blood glucose lowering drugs
GLIMEPIRIDE / METFORMINE,METFORMINE,6809,A10BA,A,Biguanides
GLIMEPIRIDE // METFORMINE,GLIMEPIRIDE,25789,A10BB,A,Sulfonylureas
GLIMEPIRIDE // METFORMINE,GLIMEPIRIDE,25789,A10BD,A,Combinations of oral blood glucose lowering drugs
GLIMEPIRIDE // METFORMINE,METFORMINE,6809,A10BD,A,Combinations of oral blood glucose lowering drugs
GLIMEPIRIDE // METFORMINE,METFORMINE,6809,A10BA,A,Biguanides
GLIMEPIRIDE // ROSIGLITAZONE,GLIMEPIRIDE,25789,A10BB,A,Sulfonylureas
GLIMEPIRIDE // ROSIGLITAZONE,GLIMEPIRIDE,25789,A10BD,A,Combinations of oral blood glucose lowering drugs
GLIMEPIRIDE // ROSIGLITAZONE,ROSIGLITAZONE,84108,A10BD,A,Combinations of oral blood glucose lowering drugs
GLIMEPIRIDE // ROSIGLITAZONE,ROSIGLITAZONE,84108,A10BG,A,Thiazolidinediones
GLIPIZIDE,GLIPIZIDE,4821,A10BB,A,Sulfonylureas
GLIQUIDONE,GLIQUIDONE,25793,A10BB,A,Sulfonylureas
GLUCAGON,GLUCAGON,4832,H04AA,H,Glycogenolytic hormones
GLUCAGON BIOGENETIQUE,GLUCAGON BIOGENETIQUE,4832,H04AA,H,Glycogenolytic hormones
GLUCONATE DE CALCIUM // LACTATE DE CALCIUM // GLUCOHEPTONATE DE CALCIUM // CHLORURE DE CALCIUM // LEVURE SACCHAROMYCES CEREVISIAE,GLUCONATE DE CALCIUM,1908,A12AA,A,Calcium
GLUCONATE DE CALCIUM // LACTATE DE CALCIUM // GLUCOHEPTONATE DE CALCIUM // CHLORURE DE CALCIUM // LEVURE SACCHAROMYCES CEREVISIAE,GLUCONATE DE CALCIUM,1908,B05XA,B,Electrolyte solutions
GLUCONATE DE CALCIUM // LACTATE DE CALCIUM // GLUCOHEPTONATE DE CALCIUM // CHLORURE DE CALCIUM // LEVURE SACCHAROMYCES CEREVISIAE,GLUCONATE DE CALCIUM,1908,D11AX,D,Other dermatologicals
GLUCONATE DE CALCIUM // LACTATE DE CALCIUM // GLUCOHEPTONATE DE CALCIUM // CHLORURE DE CALCIUM // LEVURE SACCHAROMYCES CEREVISIAE,LACTATE DE CALCIUM,47622,A12AA,A,Calcium
GLUCONATE DE CALCIUM // LACTATE DE CALCIUM // GLUCOHEPTONATE DE CALCIUM // CHLORURE DE CALCIUM // LEVURE SACCHAROMYCES CEREVISIAE,GLUCOHEPTONATE DE CALCIUM,47618,A12AA,A,Calcium
GLUCONATE DE CALCIUM // LACTATE DE CALCIUM // GLUCOHEPTONATE DE CALCIUM // CHLORURE DE CALCIUM // LEVURE SACCHAROMYCES CEREVISIAE,CHLORURE DE CALCIUM,6878,V03AB,V,Antidotes
GLUCONATE DE CALCIUM // LACTATE DE CALCIUM // GLUCOHEPTONATE DE CALCIUM // CHLORURE DE CALCIUM // LEVURE SACCHAROMYCES CEREVISIAE,CHLORURE DE CALCIUM,6878,V04CG,V,Tests for gastric secretion
GLUCONATE DE CALCIUM // LACTATE DE CALCIUM // GLUCOHEPTONATE DE CALCIUM // CHLORURE DE CALCIUM // LEVURE SACCHAROMYCES CEREVISIAE,LEVURE SACCHAROMYCES CEREVISIAE,9511,,,
GLUCONATE DE CHLORHEXIDINE,GLUCONATE DE CHLORHEXIDINE,20791,A01AB,A,Antiinfectives and antiseptics for local oral treatment
GLUCONATE DE CHLORHEXIDINE,GLUCONATE DE CHLORHEXIDINE,20791,B05CA,B,Antiinfectives
GLUCONATE DE CHLORHEXIDINE,GLUCONATE DE CHLORHEXIDINE,20791,D08AC,D,Biguanides and amidines
GLUCONATE DE CHLORHEXIDINE,GLUCONATE DE CHLORHEXIDINE,20791,D09AA,D,Medicated dressings with antiinfectives
GLUCONATE DE CHLORHEXIDINE,GLUCONATE DE CHLORHEXIDINE,20791,R02AA,R,Antiseptics
GLUCONATE DE CHLORHEXIDINE,GLUCONATE DE CHLORHEXIDINE,20791,S01AX,S,Other antiinfectives
GLUCONATE DE CHLORHEXIDINE,GLUCONATE DE CHLORHEXIDINE,20791,S02AA,S,Antiinfectives
GLUCONATE DE CHLORHEXIDINE,GLUCONATE DE CHLORHEXIDINE,20791,S03AA,S,Antiinfectives
GLUCONATE DE POTASSIUM,GLUCONATE DE POTASSIUM,89903,A12BA,A,Potassium
GLUCONATE DE ZINC // GLUCONATE DE CUIVRE // GLUCONATE DE MANGANESE // FLUORURE DE SODIUM // IODURE DE POTASSIUM // SELENITE DE SODIUM // MOLYBDATE DE SODIUM // CHLORURE DE SODIUM // GLUCONATE FERREUX,GLUCONATE DE ZINC,58300,A12CB,A,Zinc
GLUCONATE DE ZINC // GLUCONATE DE CUIVRE // GLUCONATE DE MANGANESE // FLUORURE DE SODIUM // IODURE DE POTASSIUM // SELENITE DE SODIUM // MOLYBDATE DE SODIUM // CHLORURE DE SODIUM // GLUCONATE FERREUX,GLUCONATE DE CUIVRE,70599,,,
GLUCONATE DE ZINC // GLUCONATE DE CUIVRE // GLUCONATE DE MANGANESE // FLUORURE DE SODIUM // IODURE DE POTASSIUM // SELENITE DE SODIUM // MOLYBDATE DE SODIUM // CHLORURE DE SODIUM // GLUCONATE FERREUX,GLUCONATE DE MANGANESE,52403,,,
GLUCONATE DE ZINC // GLUCONATE DE CUIVRE // GLUCONATE DE MANGANESE // FLUORURE DE SODIUM // IODURE DE POTASSIUM // SELENITE DE SODIUM // MOLYBDATE DE SODIUM // CHLORURE DE SODIUM // GLUCONATE FERREUX,FLUORURE DE SODIUM,36679,,,
GLUCONATE DE ZINC // GLUCONATE DE CUIVRE // GLUCONATE DE MANGANESE // FLUORURE DE SODIUM // IODURE DE POTASSIUM // SELENITE DE SODIUM // MOLYBDATE DE SODIUM // CHLORURE DE SODIUM // GLUCONATE FERREUX,IODURE DE POTASSIUM,34311,,,
GLUCONATE DE ZINC // GLUCONATE DE CUIVRE // GLUCONATE DE MANGANESE // FLUORURE DE SODIUM // IODURE DE POTASSIUM // SELENITE DE SODIUM // MOLYBDATE DE SODIUM // CHLORURE DE SODIUM // GLUCONATE FERREUX,SELENITE DE SODIUM,56519,A12CE,A,Selenium
GLUCONATE DE ZINC // GLUCONATE DE CUIVRE // GLUCONATE DE MANGANESE // FLUORURE DE SODIUM // IODURE DE POTASSIUM // SELENITE DE SODIUM // MOLYBDATE DE SODIUM // CHLORURE DE SODIUM // GLUCONATE FERREUX,SELENITE DE SODIUM,56519,B05XA,B,Electrolyte solutions
GLUCONATE DE ZINC // GLUCONATE DE CUIVRE // GLUCONATE DE MANGANESE // FLUORURE DE SODIUM // IODURE DE POTASSIUM // SELENITE DE SODIUM // MOLYBDATE DE SODIUM // CHLORURE DE SODIUM // GLUCONATE FERREUX,MOLYBDATE DE SODIUM,36699,,,
GLUCONATE DE ZINC // GLUCONATE DE CUIVRE // GLUCONATE DE MANGANESE // FLUORURE DE SODIUM // IODURE DE POTASSIUM // SELENITE DE SODIUM // MOLYBDATE DE SODIUM // CHLORURE DE SODIUM // GLUCONATE FERREUX,CHLORURE DE SODIUM,6878,V03AB,V,Antidotes
GLUCONATE DE ZINC // GLUCONATE DE CUIVRE // GLUCONATE DE MANGANESE // FLUORURE DE SODIUM // IODURE DE POTASSIUM // SELENITE DE SODIUM // MOLYBDATE DE SODIUM // CHLORURE DE SODIUM // GLUCONATE FERREUX,CHLORURE DE SODIUM,6878,V04CG,V,Tests for gastric secretion
GLUCONATE DE ZINC // GLUCONATE DE CUIVRE // GLUCONATE DE MANGANESE // FLUORURE DE SODIUM // IODURE DE POTASSIUM // SELENITE DE SODIUM // MOLYBDATE DE SODIUM // CHLORURE DE SODIUM // GLUCONATE FERREUX,GLUCONATE FERREUX,70599,,,
GLUCOSAMINE,GLUCOSAMINE,4845,M01AX,M,"Other antiinflammatory and antirheumatic agents, non-steroids"
GLUCOSAMINE (SULFATE),GLUCOSAMINE (SULFATE),4847,M01AX,M,"Other antiinflammatory and antirheumatic agents, non-steroids"
GLUCOSAMINE SULPHATE,GLUCOSAMINE SULPHATE,4847,M01AX,M,"Other antiinflammatory and antirheumatic agents, non-steroids"
GLUCOSE,GLUCOSE,4850,B05CX,B,Other irrigating solutions
GLUCOSE,GLUCOSE,4850,V04CA,V,Tests for diabetes
GLUCOSE,GLUCOSE,4850,V06DC,V,Carbohydrates
GLUCOSE -1 PHOSPHATE DISODIQUE TERAHYDRATE,GLUCOSE -1 PHOSPHATE DISODIQUE TERAHYDRATE,1541246,,,
GLUCOSE // CHLORURE DE SODIUM // CHLORURE DE POTASSIUM,GLUCOSE,4850,B05CX,B,Other irrigating solutions
GLUCOSE // CHLORURE DE SODIUM // CHLORURE DE POTASSIUM,GLUCOSE,4850,V04CA,V,Tests for diabetes
GLUCOSE // CHLORURE DE SODIUM // CHLORURE DE POTASSIUM,GLUCOSE,4850,V06DC,V,Carbohydrates
GLUCOSE // CHLORURE DE SODIUM // CHLORURE DE POTASSIUM,CHLORURE DE SODIUM,6878,V03AB,V,Antidotes
GLUCOSE // CHLORURE DE SODIUM // CHLORURE DE POTASSIUM,CHLORURE DE SODIUM,6878,V04CG,V,Tests for gastric secretion
GLUCOSE // CHLORURE DE SODIUM // CHLORURE DE POTASSIUM,CHLORURE DE POTASSIUM,6878,V03AB,V,Antidotes
GLUCOSE // CHLORURE DE SODIUM // CHLORURE DE POTASSIUM,CHLORURE DE POTASSIUM,6878,V04CG,V,Tests for gastric secretion
GLUCOSE ANHYDRE,GLUCOSE ANHYDRE,349730,B05CX,B,Other irrigating solutions
GLUCOSE ANHYDRE,GLUCOSE ANHYDRE,349730,V04CA,V,Tests for diabetes
GLUCOSE ANHYDRE,GLUCOSE ANHYDRE,349730,V06DC,V,Carbohydrates
GLUCOSE ANHYDRE / CHLORURE DE SODIUM,GLUCOSE ANHYDRE,349730,B05CX,B,Other irrigating solutions
GLUCOSE ANHYDRE / CHLORURE DE SODIUM,GLUCOSE ANHYDRE,349730,V04CA,V,Tests for diabetes
GLUCOSE ANHYDRE / CHLORURE DE SODIUM,GLUCOSE ANHYDRE,349730,V06DC,V,Carbohydrates
GLUCOSE ANHYDRE / CHLORURE DE SODIUM,CHLORURE DE SODIUM,6878,V03AB,V,Antidotes
GLUCOSE ANHYDRE / CHLORURE DE SODIUM,CHLORURE DE SODIUM,6878,V04CG,V,Tests for gastric secretion
GLUCOSE MONOHYDRATE,GLUCOSE MONOHYDRATE,1299920,B05CX,B,Other irrigating solutions
GLUCOSE MONOHYDRATE,GLUCOSE MONOHYDRATE,1299920,V04CA,V,Tests for diabetes
GLUCOSE MONOHYDRATE,GLUCOSE MONOHYDRATE,1299920,V06DC,V,Carbohydrates
GLYCERINE,GLYCERINE,4910,A06AG,A,Enemas
GLYCERINE,GLYCERINE,4910,A06AX,A,Other drugs for constipation
GLYCEROL,GLYCEROL,4910,A06AG,A,Enemas
GLYCEROL,GLYCEROL,4910,A06AX,A,Other drugs for constipation
GLYCEROL / VASELINE // PARAFFINE LIQUIDE,GLYCEROL,4910,A06AG,A,Enemas
GLYCEROL / VASELINE // PARAFFINE LIQUIDE,GLYCEROL,4910,A06AX,A,Other drugs for constipation
GLYCEROL / VASELINE // PARAFFINE LIQUIDE,VASELINE,224932,,,
GLYCEROL / VASELINE // PARAFFINE LIQUIDE,PARAFFINE LIQUIDE,6972,A06AA,A,"Softeners, emollients"
GLYCINE,GLYCINE,4919,B05CX,B,Other irrigating solutions
GLYCOCOLLE,GLYCOCOLLE,4919,B05CX,B,Other irrigating solutions
GLYCOPYRRONIUM (BROMURE),GLYCOPYRRONIUM (BROMURE),1546438,D11AA,D,Antihidrotics
GOLIMUMAB,GOLIMUMAB,819300,L04AB,L,Tumor necrosis factor alpha (TNF-alpha) inhibitors
GOMME DE STERCULIA,GOMME DE STERCULIA,260039,,,
GOMME DE STERCULIA // ELECTROLYTES,GOMME DE STERCULIA,260039,,,
GOMME DE STERCULIA // ELECTROLYTES,ELECTROLYTES,800985,B05XA,B,Electrolyte solutions
GOMME DE STERCULIA // ELECTROLYTES,ELECTROLYTES,800985,A12CC,A,Magnesium
GOMME DE STERCULIA // ELECTROLYTES,ELECTROLYTES,800985,A12BA,A,Potassium
GOMME DE STERCULIA // ELECTROLYTES,ELECTROLYTES,800985,A12CA,A,Sodium
GOMME DE STERCULIA // ELECTROLYTES,ELECTROLYTES,800985,B05CB,B,Salt solutions
GONADOTROPHINE CHORIONIQUE HUMAINE,GONADOTROPHINE CHORIONIQUE HUMAINE,340705,G03GA,G,Gonadotropins
GONADOTROPHINE CHORIONIQUE HUMAINE (HCG),GONADOTROPHINE CHORIONIQUE HUMAINE (HCG),340705,G03GA,G,Gonadotropins
GOSERELINE,GOSERELINE,50610,L02AE,L,Gonadotropin releasing hormone analogues
GOSERELINE (ACETATE),GOSERELINE (ACETATE),203146,L02AE,L,Gonadotropin releasing hormone analogues
GOUDRON / ZINC PYRITHIONE,GOUDRON,,,,
GOUDRON / ZINC PYRITHIONE,ZINC PYRITHIONE,39952,D11AX,D,Other dermatologicals
GRANISETRON,GRANISETRON,26237,A04AA,A,Serotonin (5HT3) antagonists
GRINDELIA,GRINDELIA,2043451,,,
GRISEOFULVINE,GRISEOFULVINE,5021,D01AA,D,Antibiotics
GRISEOFULVINE,GRISEOFULVINE,5021,D01BA,D,Antifungals for systemic use
GRISEOFULVINE / ACIDE SALICYLIQUE,GRISEOFULVINE,5021,D01AA,D,Antibiotics
GRISEOFULVINE / ACIDE SALICYLIQUE,GRISEOFULVINE,5021,D01BA,D,Antifungals for systemic use
GRISEOFULVINE / ACIDE SALICYLIQUE,ACIDE SALICYLIQUE,,,,
GRISEOFULVINE // ACIDE ACETYLSALICYLIQUE,GRISEOFULVINE,5021,D01AA,D,Antibiotics
GRISEOFULVINE // ACIDE ACETYLSALICYLIQUE,GRISEOFULVINE,5021,D01BA,D,Antifungals for systemic use
GRISEOFULVINE // ACIDE ACETYLSALICYLIQUE,ACIDE ACETYLSALICYLIQUE,1191,A01AD,A,Other agents for local oral treatment
GRISEOFULVINE // ACIDE ACETYLSALICYLIQUE,ACIDE ACETYLSALICYLIQUE,1191,B01AC,B,Platelet aggregation inhibitors excl. heparin
GRISEOFULVINE // ACIDE ACETYLSALICYLIQUE,ACIDE ACETYLSALICYLIQUE,1191,N02BA,N,Salicylic acid and derivatives
GRISEOFULVINE // ACIDE ACETYLSALICYLIQUE,ACIDE ACETYLSALICYLIQUE,1191,N02AJ,N,Opioids in combination with non-opioid analgesics
GUAIFENESINE,GUAIFENESINE,5032,R05CA,R,Expectorants
GUAIFENESINE / PHOLCODINE,GUAIFENESINE,5032,R05CA,R,Expectorants
GUAIFENESINE / PHOLCODINE,PHOLCODINE,33431,R05DA,R,Opium alkaloids and derivatives
GUANFACINE,GUANFACINE,40114,C02AC,C,Imidazoline receptor agonists
GUSELKUMAB,GUSELKUMAB,1928588,L04AC,L,Interleukin inhibitors
GYNOPELVINE,GYNOPELVINE,,,,
HALOPERIDOL,HALOPERIDOL,5093,N05AD,N,Butyrophenone derivatives
HALOTHANE,HALOTHANE,5095,N01AB,N,Halogenated hydrocarbons
HAMAMELIS VIRGINIANA,HAMAMELIS VIRGINIANA,89821,,,
HEMATOPORPHYRINE,HEMATOPORPHYRINE,5164,,,
HEMATOPORPHYRINE / ACIDE ASCORBIQUE (VITAMINE C),HEMATOPORPHYRINE / ACIDE ASCORBIQUE (VITAMINE C),5164,,,
HEMATOPORPHYRINE //VITAMINE C (ACIDE ASCORBIQUE) // ACIDE AMINO ACETIQUE // EXTRAIT (AMINE DE LEVURE),HEMATOPORPHYRINE //VITAMINE C (ACIDE ASCORBIQUE) // ACIDE AMINO ACETIQUE // EXTRAIT (AMINE DE LEVURE),4537,,,
HEMICELLULOSE DE PSYLLIUM,HEMICELLULOSE DE PSYLLIUM,8928,,,
HEPARINE (CALCIQUE),HEPARINE (CALCIQUE),5224,B01AB,B,Heparin group
HEPARINE (CALCIQUE),HEPARINE (CALCIQUE),5224,C05BA,C,Heparins or heparinoids for topical use
HEPARINE (CALCIQUE),HEPARINE (CALCIQUE),5224,S01XA,S,Other ophthalmologicals
HEPARINE CALCIQUE,HEPARINE CALCIQUE,5224,B01AB,B,Heparin group
HEPARINE CALCIQUE,HEPARINE CALCIQUE,5224,C05BA,C,Heparins or heparinoids for topical use
HEPARINE CALCIQUE,HEPARINE CALCIQUE,5224,S01XA,S,Other ophthalmologicals
HEPARINE SODIQUE,HEPARINE SODIQUE,5224,B01AB,B,Heparin group
HEPARINE SODIQUE,HEPARINE SODIQUE,5224,C05BA,C,Heparins or heparinoids for topical use
HEPARINE SODIQUE,HEPARINE SODIQUE,5224,S01XA,S,Other ophthalmologicals
HEPTAMINOL,HEPTAMINOL,5254,C01DX,C,Other vasodilators used in cardiac diseases
HESPERIDINE METHYL CHALCONE,HESPERIDINE METHYL CHALCONE,72086,,,
HEXAMIDINE,HEXAMIDINE,26849,D08AC,D,Biguanides and amidines
HEXAMIDINE,HEXAMIDINE,26849,R01AX,R,Other nasal preparations
HEXAMIDINE,HEXAMIDINE,26849,R02AA,R,Antiseptics
HEXAMIDINE,HEXAMIDINE,26849,S01AX,S,Other antiinfectives
HEXAMIDINE,HEXAMIDINE,26849,S03AA,S,Antiinfectives
HEXAMIDINE (DI-ISETHIONATE),HEXAMIDINE (DI-ISETHIONATE),1939371,D08AC,D,Biguanides and amidines
HEXAMIDINE (DI-ISETHIONATE),HEXAMIDINE (DI-ISETHIONATE),1939371,R01AX,R,Other nasal preparations
HEXAMIDINE (DI-ISETHIONATE),HEXAMIDINE (DI-ISETHIONATE),1939371,R02AA,R,Antiseptics
HEXAMIDINE (DI-ISETHIONATE),HEXAMIDINE (DI-ISETHIONATE),1939371,S01AX,S,Other antiinfectives
HEXAMIDINE (DI-ISETHIONATE),HEXAMIDINE (DI-ISETHIONATE),1939371,S03AA,S,Antiinfectives
HEXETIDINE,HEXETIDINE,5301,A01AB,A,Antiinfectives and antiseptics for local oral treatment
HEXETIDINE,HEXETIDINE,5301,G01AX,G,Other antiinfectives and antiseptics
HEXETIDINE / ACIDE PROPIONIQUE,HEXETIDINE,5301,A01AB,A,Antiinfectives and antiseptics for local oral treatment
HEXETIDINE / ACIDE PROPIONIQUE,HEXETIDINE,5301,G01AX,G,Other antiinfectives and antiseptics
HEXETIDINE / ACIDE PROPIONIQUE,ACIDE PROPIONIQUE,,,,
HEXETIDINE / CHOLINE SALICYLATE,HEXETIDINE,5301,A01AB,A,Antiinfectives and antiseptics for local oral treatment
HEXETIDINE / CHOLINE SALICYLATE,HEXETIDINE,5301,G01AX,G,Other antiinfectives and antiseptics
HEXETIDINE / CHOLINE SALICYLATE,CHOLINE SALICYLATE,20974,N02BA,N,Salicylic acid and derivatives
HISTAMINE,HISTAMINE,5333,L03AX,L,Other immunostimulants
HISTAMINE,HISTAMINE,5333,V04CG,V,Tests for gastric secretion
HISTAMINE (DICHLORHYDRATE),HISTAMINE (DICHLORHYDRATE),5333,L03AX,L,Other immunostimulants
HISTAMINE (DICHLORHYDRATE),HISTAMINE (DICHLORHYDRATE),5333,V04CG,V,Tests for gastric secretion
HISTAMINE (DICHLORHYDRATE) // CAPSICINE // NICOTATE DE METHYLE // SALICYLATE DE GLYCOL // MEPHENESINE,HISTAMINE (DICHLORHYDRATE) // CAPSICINE // NICOTATE DE METHYLE // SALICYLATE DE GLYCOL // MEPHENESINE,1007664,,,
HOMEO,HOMEO,,,,
HUILE DE FOIE DE POISSON // ZINC (OXYDE),HUILE DE FOIE DE POISSON // ZINC (OXYDE),11423,,,
HUILE ESSENTIELLE DEUCALYPTUS,HUILE ESSENTIELLE DEUCALYPTUS,319781,,,
HUILE ESSENTIELLE DEUCALYPTUS / PARACETAMOL,HUILE ESSENTIELLE DEUCALYPTUS,319781,,,
HUILE ESSENTIELLE DEUCALYPTUS / PARACETAMOL,PARACETAMOL,161,N02BE,N,Anilides
HUILE ESSENTIELLE DEUCALYPTUS / PARACETAMOL,PARACETAMOL,161,N02AJ,N,Opioids in combination with non-opioid analgesics
HUILE ESSENTIELLE DEUCALYPTUS / TENOATE DE SODIUM,HUILE ESSENTIELLE DEUCALYPTUS,319781,,,
HUILE ESSENTIELLE DEUCALYPTUS / TENOATE DE SODIUM,TENOATE DE SODIUM,36679,,,
HUILE NATURELLE DE CHAIR DE POISSON,HUILE NATURELLE DE CHAIR DE POISSON,3390,G03CB,G,"Synthetic estrogens, plain"
HUILE NATURELLE DE CHAIR DE POISSON,HUILE NATURELLE DE CHAIR DE POISSON,3390,G03CC,G,"Estrogens, combinations with other drugs"
HUILE NATURELLE DE CHAIR DE POISSON,HUILE NATURELLE DE CHAIR DE POISSON,3390,L02AA,L,Estrogens
HUILLE ESSENTIELLE D'EUCALYPTUS // TENOATE DE SODIUM,HUILLE ESSENTIELLE D'EUCALYPTUS,319781,,,
HUILLE ESSENTIELLE D'EUCALYPTUS // TENOATE DE SODIUM,TENOATE DE SODIUM,36679,,,
HYALURONATE (SODIUM),HYALURONATE (SODIUM),42892,,,
HYDRATE DE CHLORAL // MENTHOL // VERATROLE // RESORCINOL // ACIDE SALICYLIQUE // HUILE ESSENTIELLE DE GERANIUM // HUILE ESSENTIELLE DE CEDRAT,HYDRATE DE CHLORAL,2344,N05CC,N,Aldehydes and derivatives
HYDRATE DE CHLORAL // MENTHOL // VERATROLE // RESORCINOL // ACIDE SALICYLIQUE // HUILE ESSENTIELLE DE GERANIUM // HUILE ESSENTIELLE DE CEDRAT,MENTHOL,6750,,,
HYDRATE DE CHLORAL // MENTHOL // VERATROLE // RESORCINOL // ACIDE SALICYLIQUE // HUILE ESSENTIELLE DE GERANIUM // HUILE ESSENTIELLE DE CEDRAT,VERATROLE,,,,
HYDRATE DE CHLORAL // MENTHOL // VERATROLE // RESORCINOL // ACIDE SALICYLIQUE // HUILE ESSENTIELLE DE GERANIUM // HUILE ESSENTIELLE DE CEDRAT,RESORCINOL,35382,D10AX,D,Other anti-acne preparations for topical use
HYDRATE DE CHLORAL // MENTHOL // VERATROLE // RESORCINOL // ACIDE SALICYLIQUE // HUILE ESSENTIELLE DE GERANIUM // HUILE ESSENTIELLE DE CEDRAT,RESORCINOL,35382,S01AX,S,Other antiinfectives
HYDRATE DE CHLORAL // MENTHOL // VERATROLE // RESORCINOL // ACIDE SALICYLIQUE // HUILE ESSENTIELLE DE GERANIUM // HUILE ESSENTIELLE DE CEDRAT,ACIDE SALICYLIQUE,,,,
HYDRATE DE CHLORAL // MENTHOL // VERATROLE // RESORCINOL // ACIDE SALICYLIQUE // HUILE ESSENTIELLE DE GERANIUM // HUILE ESSENTIELLE DE CEDRAT,HUILE ESSENTIELLE DE GERANIUM,1313750,,,
HYDRATE DE CHLORAL // MENTHOL // VERATROLE // RESORCINOL // ACIDE SALICYLIQUE // HUILE ESSENTIELLE DE GERANIUM // HUILE ESSENTIELLE DE CEDRAT,HUILE ESSENTIELLE DE CEDRAT,260039,,,
HYDROCHLOROTHIAZIDE,HYDROCHLOROTHIAZIDE,5487,C09XA,C,Renin-inhibitors
HYDROCHLOROTHIAZIDE,HYDROCHLOROTHIAZIDE,5487,C03AA,C,"Thiazides, plain"
HYDROCHLOROTHIAZIDE,HYDROCHLOROTHIAZIDE,5487,C09DX,C,"Angiotensin II receptor blockers (ARBs), other combinations"
HYDROCORTISONE,HYDROCORTISONE,5492,D07AB,D,"Corticosteroids, moderately potent (group II)"
HYDROCORTISONE,HYDROCORTISONE,5492,D07AC,D,"Corticosteroids, potent (group III)"
HYDROCORTISONE,HYDROCORTISONE,5492,A01AC,A,Corticosteroids for local oral treatment
HYDROCORTISONE,HYDROCORTISONE,5492,A07EA,A,Corticosteroids acting locally
HYDROCORTISONE,HYDROCORTISONE,5492,C05AA,C,Corticosteroids
HYDROCORTISONE,HYDROCORTISONE,5492,D07AA,D,"Corticosteroids, weak (group I)"
HYDROCORTISONE,HYDROCORTISONE,5492,D07XA,D,"Corticosteroids, weak, other combinations"
HYDROCORTISONE,HYDROCORTISONE,5492,H02AB,H,Glucocorticoids
HYDROCORTISONE,HYDROCORTISONE,5492,S01BA,S,"Corticosteroids, plain"
HYDROCORTISONE,HYDROCORTISONE,5492,S01CB,S,Corticosteroids/antiinfectives/mydriatics in combination
HYDROCORTISONE,HYDROCORTISONE,5492,S02BA,S,Corticosteroids
HYDROCORTISONE (ACEPONATE),HYDROCORTISONE (ACEPONATE),41277,D07AC,D,"Corticosteroids, potent (group III)"
HYDROCORTISONE (ACEPONATE),HYDROCORTISONE (ACEPONATE),41277,A01AC,A,Corticosteroids for local oral treatment
HYDROCORTISONE (ACEPONATE),HYDROCORTISONE (ACEPONATE),41277,A07EA,A,Corticosteroids acting locally
HYDROCORTISONE (ACEPONATE),HYDROCORTISONE (ACEPONATE),41277,C05AA,C,Corticosteroids
HYDROCORTISONE (ACEPONATE),HYDROCORTISONE (ACEPONATE),41277,D07AA,D,"Corticosteroids, weak (group I)"
HYDROCORTISONE (ACEPONATE),HYDROCORTISONE (ACEPONATE),41277,D07XA,D,"Corticosteroids, weak, other combinations"
HYDROCORTISONE (ACEPONATE),HYDROCORTISONE (ACEPONATE),41277,H02AB,H,Glucocorticoids
HYDROCORTISONE (ACEPONATE),HYDROCORTISONE (ACEPONATE),41277,S01BA,S,"Corticosteroids, plain"
HYDROCORTISONE (ACEPONATE),HYDROCORTISONE (ACEPONATE),41277,S01CB,S,Corticosteroids/antiinfectives/mydriatics in combination
HYDROCORTISONE (ACEPONATE),HYDROCORTISONE (ACEPONATE),41277,S02BA,S,Corticosteroids
HYDROCORTISONE (ACETATE),HYDROCORTISONE (ACETATE),27197,A01AC,A,Corticosteroids for local oral treatment
HYDROCORTISONE (ACETATE),HYDROCORTISONE (ACETATE),27197,A07EA,A,Corticosteroids acting locally
HYDROCORTISONE (ACETATE),HYDROCORTISONE (ACETATE),27197,C05AA,C,Corticosteroids
HYDROCORTISONE (ACETATE),HYDROCORTISONE (ACETATE),27197,D07AA,D,"Corticosteroids, weak (group I)"
HYDROCORTISONE (ACETATE),HYDROCORTISONE (ACETATE),27197,D07XA,D,"Corticosteroids, weak, other combinations"
HYDROCORTISONE (ACETATE),HYDROCORTISONE (ACETATE),27197,H02AB,H,Glucocorticoids
HYDROCORTISONE (ACETATE),HYDROCORTISONE (ACETATE),27197,S01BA,S,"Corticosteroids, plain"
HYDROCORTISONE (ACETATE),HYDROCORTISONE (ACETATE),27197,S01CB,S,Corticosteroids/antiinfectives/mydriatics in combination
HYDROCORTISONE (ACETATE),HYDROCORTISONE (ACETATE),27197,S02BA,S,Corticosteroids
HYDROCORTISONE (ACETATE) // ESCULOSIDE // BENZOCAINE,HYDROCORTISONE (ACETATE) // ESCULOSIDE // BENZOCAINE,2645990,,,
HYDROCORTISONE (HYDROGENOSUCCINATE),HYDROCORTISONE (HYDROGENOSUCCINATE),5492,D07AB,D,"Corticosteroids, moderately potent (group II)"
HYDROCORTISONE (HYDROGENOSUCCINATE),HYDROCORTISONE (HYDROGENOSUCCINATE),5492,D07AC,D,"Corticosteroids, potent (group III)"
HYDROCORTISONE (HYDROGENOSUCCINATE),HYDROCORTISONE (HYDROGENOSUCCINATE),5492,A01AC,A,Corticosteroids for local oral treatment
HYDROCORTISONE (HYDROGENOSUCCINATE),HYDROCORTISONE (HYDROGENOSUCCINATE),5492,A07EA,A,Corticosteroids acting locally
HYDROCORTISONE (HYDROGENOSUCCINATE),HYDROCORTISONE (HYDROGENOSUCCINATE),5492,C05AA,C,Corticosteroids
HYDROCORTISONE (HYDROGENOSUCCINATE),HYDROCORTISONE (HYDROGENOSUCCINATE),5492,D07AA,D,"Corticosteroids, weak (group I)"
HYDROCORTISONE (HYDROGENOSUCCINATE),HYDROCORTISONE (HYDROGENOSUCCINATE),5492,D07XA,D,"Corticosteroids, weak, other combinations"
HYDROCORTISONE (HYDROGENOSUCCINATE),HYDROCORTISONE (HYDROGENOSUCCINATE),5492,H02AB,H,Glucocorticoids
HYDROCORTISONE (HYDROGENOSUCCINATE),HYDROCORTISONE (HYDROGENOSUCCINATE),5492,S01BA,S,"Corticosteroids, plain"
HYDROCORTISONE (HYDROGENOSUCCINATE),HYDROCORTISONE (HYDROGENOSUCCINATE),5492,S01CB,S,Corticosteroids/antiinfectives/mydriatics in combination
HYDROCORTISONE (HYDROGENOSUCCINATE),HYDROCORTISONE (HYDROGENOSUCCINATE),5492,S02BA,S,Corticosteroids
HYDROCORTISONE (PHOSPHATE SODIQUE),HYDROCORTISONE (PHOSPHATE SODIQUE),235482,A01AC,A,Corticosteroids for local oral treatment
HYDROCORTISONE (PHOSPHATE SODIQUE),HYDROCORTISONE (PHOSPHATE SODIQUE),235482,A07EA,A,Corticosteroids acting locally
HYDROCORTISONE (PHOSPHATE SODIQUE),HYDROCORTISONE (PHOSPHATE SODIQUE),235482,C05AA,C,Corticosteroids
HYDROCORTISONE (PHOSPHATE SODIQUE),HYDROCORTISONE (PHOSPHATE SODIQUE),235482,D07AA,D,"Corticosteroids, weak (group I)"
HYDROCORTISONE (PHOSPHATE SODIQUE),HYDROCORTISONE (PHOSPHATE SODIQUE),235482,D07XA,D,"Corticosteroids, weak, other combinations"
HYDROCORTISONE (PHOSPHATE SODIQUE),HYDROCORTISONE (PHOSPHATE SODIQUE),235482,H02AB,H,Glucocorticoids
HYDROCORTISONE (PHOSPHATE SODIQUE),HYDROCORTISONE (PHOSPHATE SODIQUE),235482,S01BA,S,"Corticosteroids, plain"
HYDROCORTISONE (PHOSPHATE SODIQUE),HYDROCORTISONE (PHOSPHATE SODIQUE),235482,S01CB,S,Corticosteroids/antiinfectives/mydriatics in combination
HYDROCORTISONE (PHOSPHATE SODIQUE),HYDROCORTISONE (PHOSPHATE SODIQUE),235482,S02BA,S,Corticosteroids
HYDROCORTISONE / CINCHOCAINE CHLORHYDRATE,HYDROCORTISONE,5492,D07AB,D,"Corticosteroids, moderately potent (group II)"
HYDROCORTISONE / CINCHOCAINE CHLORHYDRATE,HYDROCORTISONE,5492,D07AC,D,"Corticosteroids, potent (group III)"
HYDROCORTISONE / CINCHOCAINE CHLORHYDRATE,HYDROCORTISONE,5492,A01AC,A,Corticosteroids for local oral treatment
HYDROCORTISONE / CINCHOCAINE CHLORHYDRATE,HYDROCORTISONE,5492,A07EA,A,Corticosteroids acting locally
HYDROCORTISONE / CINCHOCAINE CHLORHYDRATE,HYDROCORTISONE,5492,C05AA,C,Corticosteroids
HYDROCORTISONE / CINCHOCAINE CHLORHYDRATE,HYDROCORTISONE,5492,D07AA,D,"Corticosteroids, weak (group I)"
HYDROCORTISONE / CINCHOCAINE CHLORHYDRATE,HYDROCORTISONE,5492,D07XA,D,"Corticosteroids, weak, other combinations"
HYDROCORTISONE / CINCHOCAINE CHLORHYDRATE,HYDROCORTISONE,5492,H02AB,H,Glucocorticoids
HYDROCORTISONE / CINCHOCAINE CHLORHYDRATE,HYDROCORTISONE,5492,S01BA,S,"Corticosteroids, plain"
HYDROCORTISONE / CINCHOCAINE CHLORHYDRATE,HYDROCORTISONE,5492,S01CB,S,Corticosteroids/antiinfectives/mydriatics in combination
HYDROCORTISONE / CINCHOCAINE CHLORHYDRATE,HYDROCORTISONE,5492,S02BA,S,Corticosteroids
HYDROCORTISONE / CINCHOCAINE CHLORHYDRATE,CINCHOCAINE CHLORHYDRATE,3339,C05AD,C,Local anesthetics
HYDROCORTISONE / CINCHOCAINE CHLORHYDRATE,CINCHOCAINE CHLORHYDRATE,3339,D04AB,D,Anesthetics for topical use
HYDROCORTISONE / CINCHOCAINE CHLORHYDRATE,CINCHOCAINE CHLORHYDRATE,3339,N01BB,N,Amides
HYDROCORTISONE / CINCHOCAINE CHLORHYDRATE,CINCHOCAINE CHLORHYDRATE,3339,S01HA,S,Local anesthetics
HYDROCORTISONE / CINCHOCAINE CHLORHYDRATE,CINCHOCAINE CHLORHYDRATE,3339,S02DA,S,Analgesics and anesthetics
HYDROCORTISONE // CINCHOCAINE (CHLORHYDRATE),HYDROCORTISONE // CINCHOCAINE (CHLORHYDRATE),608716,C05AD,C,Local anesthetics
HYDROCORTISONE // CINCHOCAINE (CHLORHYDRATE),HYDROCORTISONE // CINCHOCAINE (CHLORHYDRATE),608716,D04AB,D,Anesthetics for topical use
HYDROCORTISONE // CINCHOCAINE (CHLORHYDRATE),HYDROCORTISONE // CINCHOCAINE (CHLORHYDRATE),608716,N01BB,N,Amides
HYDROCORTISONE // CINCHOCAINE (CHLORHYDRATE),HYDROCORTISONE // CINCHOCAINE (CHLORHYDRATE),608716,S01HA,S,Local anesthetics
HYDROCORTISONE // CINCHOCAINE (CHLORHYDRATE),HYDROCORTISONE // CINCHOCAINE (CHLORHYDRATE),608716,S02DA,S,Analgesics and anesthetics
HYDROCORTISONE // CINCHOCAINE (CHLORHYDRATE),HYDROCORTISONE // CINCHOCAINE (CHLORHYDRATE),608716,A01AC,A,Corticosteroids for local oral treatment
HYDROCORTISONE // CINCHOCAINE (CHLORHYDRATE),HYDROCORTISONE // CINCHOCAINE (CHLORHYDRATE),608716,A07EA,A,Corticosteroids acting locally
HYDROCORTISONE // CINCHOCAINE (CHLORHYDRATE),HYDROCORTISONE // CINCHOCAINE (CHLORHYDRATE),608716,C05AA,C,Corticosteroids
HYDROCORTISONE // CINCHOCAINE (CHLORHYDRATE),HYDROCORTISONE // CINCHOCAINE (CHLORHYDRATE),608716,D07AA,D,"Corticosteroids, weak (group I)"
HYDROCORTISONE // CINCHOCAINE (CHLORHYDRATE),HYDROCORTISONE // CINCHOCAINE (CHLORHYDRATE),608716,D07XA,D,"Corticosteroids, weak, other combinations"
HYDROCORTISONE // CINCHOCAINE (CHLORHYDRATE),HYDROCORTISONE // CINCHOCAINE (CHLORHYDRATE),608716,H02AB,H,Glucocorticoids
HYDROCORTISONE // CINCHOCAINE (CHLORHYDRATE),HYDROCORTISONE // CINCHOCAINE (CHLORHYDRATE),608716,S01BA,S,"Corticosteroids, plain"
HYDROCORTISONE // CINCHOCAINE (CHLORHYDRATE),HYDROCORTISONE // CINCHOCAINE (CHLORHYDRATE),608716,S01CB,S,Corticosteroids/antiinfectives/mydriatics in combination
HYDROCORTISONE // CINCHOCAINE (CHLORHYDRATE),HYDROCORTISONE // CINCHOCAINE (CHLORHYDRATE),608716,S02BA,S,Corticosteroids
HYDROGENOPHOSPHATE DE SODIUM DODECAHYDRATE,HYDROGENOPHOSPHATE DE SODIUM DODECAHYDRATE,1311345,,,
HYDROGENOPHOSPHATE DE SODIUM DODECAHYDRATE / DIHYDROGENOPHOSPHATE DE SODIUM HYDRATE,HYDROGENOPHOSPHATE DE SODIUM DODECAHYDRATE,1311345,,,
HYDROGENOPHOSPHATE DE SODIUM DODECAHYDRATE / DIHYDROGENOPHOSPHATE DE SODIUM HYDRATE,DIHYDROGENOPHOSPHATE DE SODIUM HYDRATE,2469330,B02BX,B,Other systemic hemostatics
HYDROGENOPHOSPHATE SODIQUE // HYDROGENOPHOSPHATE DE SODIUM DODECAHYDRATE,HYDROGENOPHOSPHATE SODIQUE,333848,L01XD,L,Sensitizers used in photodynamic/radiation therapy
HYDROGENOPHOSPHATE SODIQUE // HYDROGENOPHOSPHATE DE SODIUM DODECAHYDRATE,HYDROGENOPHOSPHATE DE SODIUM DODECAHYDRATE,1311345,,,
HYDROSMINE,HYDROSMINE,,,,
HYDROXOCOBALAMINE,HYDROXOCOBALAMINE,5514,B03BA,B,Vitamin B12 (cyanocobalamin and analogues)
HYDROXOCOBALAMINE,HYDROXOCOBALAMINE,5514,V03AB,V,Antidotes
HYDROXYCARBAMIDE,HYDROXYCARBAMIDE,5552,L01XX,L,Other antineoplastic agents
HYDROXYCHLOROQUINE (SULFATE),HYDROXYCHLOROQUINE (SULFATE),153972,P01BA,P,Aminoquinolines
HYDROXYDE D'ALUMINIUM,HYDROXYDE D'ALUMINIUM,1311504,,,
HYDROXYDE D'ALUMINIUM / HYDROXYDE DE MAGNESIUM,HYDROXYDE D'ALUMINIUM,1311504,,,
HYDROXYDE D'ALUMINIUM / HYDROXYDE DE MAGNESIUM,HYDROXYDE DE MAGNESIUM,34311,,,
HYDROXYDE D'ALUMINIUM ET CARBONATE DE MAGNESIUM,HYDROXYDE D'ALUMINIUM ET CARBONATE DE MAGNESIUM,1029441,A02AD,A,"Combinations and complexes of aluminium, calcium and magnesium compounds"
HYDROXYDE D'ALUMINIUM ET CARBONATE DE MAGNESIUM,HYDROXYDE D'ALUMINIUM ET CARBONATE DE MAGNESIUM,1029441,A02AA,A,Magnesium compounds
HYDROXYDE D'ALUMINIUM ET CARBONATE DE MAGNESIUM,HYDROXYDE D'ALUMINIUM ET CARBONATE DE MAGNESIUM,1029441,A06AD,A,Osmotically acting laxatives
HYDROXYDE D'ALUMINIUM ET CARBONATE DE MAGNESIUM,HYDROXYDE D'ALUMINIUM ET CARBONATE DE MAGNESIUM,1029441,A02AB,A,Aluminium compounds
HYDROXYDE DE MAGNESIUM,HYDROXYDE DE MAGNESIUM,34311,,,
HYDROXYDE FERRIQUE DEXTRAN,HYDROXYDE FERRIQUE DEXTRAN,42635,B05AA,B,Blood substitutes and plasma protein fractions
HYDROXYDE MAGHESIUM // OXYDE ALUMINIUM // DIMETICONE,HYDROXYDE MAGHESIUM,1368623,,,
HYDROXYDE MAGHESIUM // OXYDE ALUMINIUM // DIMETICONE,OXYDE ALUMINIUM,1311504,,,
HYDROXYDE MAGHESIUM // OXYDE ALUMINIUM // DIMETICONE,DIMETICONE,324072,P03AX,P,"Other ectoparasiticides, incl. scabicides"
HYDROXYETHYLAMIDON 130 000 // CHLORURE DE SODIUM,HYDROXYETHYLAMIDON 130 000 // CHLORURE DE SODIUM,6878,V03AB,V,Antidotes
HYDROXYETHYLAMIDON 130 000 // CHLORURE DE SODIUM,HYDROXYETHYLAMIDON 130 000 // CHLORURE DE SODIUM,6878,V04CG,V,Tests for gastric secretion
HYDROXYETHYLAMIDON 200 000,HYDROXYETHYLAMIDON 200 000,,,,
HYDROXYETHYLAMIDON 200.000,HYDROXYETHYLAMIDON 200.000,,,,
HYDROXYETHYLCELLULOSE,HYDROXYETHYLCELLULOSE,27244,,,
HYDROXYLETHYLAMIDON / CHLORURE DE SODIUM,HYDROXYLETHYLAMIDON,,,,
HYDROXYLETHYLAMIDON / CHLORURE DE SODIUM,CHLORURE DE SODIUM,6878,V03AB,V,Antidotes
HYDROXYLETHYLAMIDON / CHLORURE DE SODIUM,CHLORURE DE SODIUM,6878,V04CG,V,Tests for gastric secretion
HYDROXYPROGESTERONE,HYDROXYPROGESTERONE,5542,G03DA,G,Pregnen (4) derivatives
HYDROXYPROGESTERONE CAPROATE,HYDROXYPROGESTERONE CAPROATE,12488,G03DA,G,Pregnen (4) derivatives
HYDROXYZINE,HYDROXYZINE,5553,N05BB,N,Diphenylmethane derivatives
HYDROXYZINE (DICHLORHYDRATE),HYDROXYZINE (DICHLORHYDRATE),5553,N05BB,N,Diphenylmethane derivatives
HYDROXYZINE DICHLORHYDRATE,HYDROXYZINE DICHLORHYDRATE,5553,N05BB,N,Diphenylmethane derivatives
HYMECROMONE,HYMECROMONE,5556,A05AX,A,Other drugs for bile therapy
HYOSCINE BUTYLE BROMURE,HYOSCINE BUTYLE BROMURE,9603,A04AD,A,Other antiemetics
HYOSCINE BUTYLE BROMURE,HYOSCINE BUTYLE BROMURE,9603,N05CM,N,Other hypnotics and sedatives
HYOSCINE BUTYLE BROMURE,HYOSCINE BUTYLE BROMURE,9603,S01FA,S,Anticholinergics
HYPROMELLOSE,HYPROMELLOSE,27334,S01KA,S,Viscoelastic substances
IBRUTINIB,IBRUTINIB,1442981,L01EL,L,Bruton's tyrosine kinase (BTK) inhibitors
IBUPROFENE,IBUPROFENE,5640,N02AJ,N,Opioids in combination with non-opioid analgesics
IBUPROFENE,IBUPROFENE,5640,C01EB,C,Other cardiac preparations
IBUPROFENE,IBUPROFENE,5640,G02CC,G,Antiinflammatory products for vaginal administration
IBUPROFENE,IBUPROFENE,5640,M01AE,M,Propionic acid derivatives
IBUPROFENE,IBUPROFENE,5640,M02AA,M,"Antiinflammatory preparations, non-steroids for topical use"
IBUPROFENE,IBUPROFENE,5640,R02AX,R,Other throat preparations
IBUPROFENE / PSEUDOEPHEDRINE,IBUPROFENE,5640,N02AJ,N,Opioids in combination with non-opioid analgesics
IBUPROFENE / PSEUDOEPHEDRINE,IBUPROFENE,5640,C01EB,C,Other cardiac preparations
IBUPROFENE / PSEUDOEPHEDRINE,IBUPROFENE,5640,G02CC,G,Antiinflammatory products for vaginal administration
IBUPROFENE / PSEUDOEPHEDRINE,IBUPROFENE,5640,M01AE,M,Propionic acid derivatives
IBUPROFENE / PSEUDOEPHEDRINE,IBUPROFENE,5640,M02AA,M,"Antiinflammatory preparations, non-steroids for topical use"
IBUPROFENE / PSEUDOEPHEDRINE,IBUPROFENE,5640,R02AX,R,Other throat preparations
IBUPROFENE / PSEUDOEPHEDRINE,PSEUDOEPHEDRINE,8896,R01BA,R,Sympathomimetics
IBUPROFENE // PSEUDOEPHEDRINE,IBUPROFENE,5640,N02AJ,N,Opioids in combination with non-opioid analgesics
IBUPROFENE // PSEUDOEPHEDRINE,IBUPROFENE,5640,C01EB,C,Other cardiac preparations
IBUPROFENE // PSEUDOEPHEDRINE,IBUPROFENE,5640,G02CC,G,Antiinflammatory products for vaginal administration
IBUPROFENE // PSEUDOEPHEDRINE,IBUPROFENE,5640,M01AE,M,Propionic acid derivatives
IBUPROFENE // PSEUDOEPHEDRINE,IBUPROFENE,5640,M02AA,M,"Antiinflammatory preparations, non-steroids for topical use"
IBUPROFENE // PSEUDOEPHEDRINE,IBUPROFENE,5640,R02AX,R,Other throat preparations
IBUPROFENE // PSEUDOEPHEDRINE,PSEUDOEPHEDRINE,8896,R01BA,R,Sympathomimetics
IDARUBICINE,IDARUBICINE,5650,L01DB,L,Anthracyclines and related substances
IDARUBICINE (CHLORHYDRATE),IDARUBICINE (CHLORHYDRATE),5650,L01DB,L,Anthracyclines and related substances
IDARUCIZUMAB,IDARUCIZUMAB,1716191,V03AB,V,Antidotes
IDROCILAMIDE,IDROCILAMIDE,19729,M02AX,M,Other topical products for joint and muscular pain
IDURSULFASE,IDURSULFASE,644101,A16AB,A,Enzymes
IFOSFAMIDE,IFOSFAMIDE,5657,L01AA,L,Nitrogen mustard analogues
IMATINIB,IMATINIB,282388,L01EA,L,BCR-ABL tyrosine kinase inhibitors
IMATINIB (MESILATE),IMATINIB (MESILATE),284924,L01EA,L,BCR-ABL tyrosine kinase inhibitors
IMATINIB MESILATE,IMATINIB MESILATE,284924,L01EA,L,BCR-ABL tyrosine kinase inhibitors
IMIGULCERASE,IMIGULCERASE,84959,A16AB,A,Enzymes
IMIPENEME,IMIPENEME,5690,J01DH,J,Carbapenems
IMIPENEME / CILASTATINE,IMIPENEME,5690,J01DH,J,Carbapenems
IMIPENEME / CILASTATINE,CILASTATINE,2540,J01DH,J,Carbapenems
IMIPENEME // CILASTATINE,IMIPENEME,5690,J01DH,J,Carbapenems
IMIPENEME // CILASTATINE,CILASTATINE,2540,J01DH,J,Carbapenems
IMIPRAMINE,IMIPRAMINE,5691,N06AA,N,Non-selective monoamine reuptake inhibitors
IMIQUIMOD,IMIQUIMOD,59943,D06BB,D,Antivirals
IMMUNOGLOBULINE DE LAPIN ANTI-THYMOCYTES HUMAINES,IMMUNOGLOBULINE DE LAPIN ANTI-THYMOCYTES HUMAINES,1011,L04AA,L,Selective immunosuppressants
IMMUNOGLOBULINE EQUINE ANTI-TYMPHOCYTE HUMAINES,IMMUNOGLOBULINE EQUINE ANTI-TYMPHOCYTE HUMAINES,91601,L04AA,L,Selective immunosuppressants
IMMUNOGLOBULINE HUMAINE,IMMUNOGLOBULINE HUMAINE,1426842,,,
IMMUNOGLOBULINE HUMAINE ANTI-D,IMMUNOGLOBULINE HUMAINE ANTI-D,35465,J06BB,J,Specific immunoglobulins
IMMUNOGLOBULINE HUMAINE DE L'HEPATITE B,IMMUNOGLOBULINE HUMAINE DE L'HEPATITE B,26744,J06BB,J,Specific immunoglobulins
IMMUNOGLOBULINE HUMAINE NORMALE,IMMUNOGLOBULINE HUMAINE NORMALE,1426842,,,
IMMUNOGLOBULINE HUMAINE NORMALE G,IMMUNOGLOBULINE HUMAINE NORMALE G,1426680,,,
IMMUNOGLOBULINE TETANIQUE,IMMUNOGLOBULINE TETANIQUE,1426454,,,
IMMUNOGLOBULINE TETANIQUE EQUINE,IMMUNOGLOBULINE TETANIQUE EQUINE,1306187,B02BC,B,Local hemostatics
IMMUNOGLOBULINE TETANIQUE EQUINE,IMMUNOGLOBULINE TETANIQUE EQUINE,1306187,G04BX,G,Other urologicals
IMMUNOGLOBULINES ANTITETANIQUES,IMMUNOGLOBULINES ANTITETANIQUES,1426454,,,
IMMUNOGLOBULINES DE LAPIN ANTITHYMOCYTES HUMAINS,IMMUNOGLOBULINES DE LAPIN ANTITHYMOCYTES HUMAINS,107044,L04AA,L,Selective immunosuppressants
IMMUNOGLOBULINES HUMAINES ANTI-D,IMMUNOGLOBULINES HUMAINES ANTI-D,35465,J06BB,J,Specific immunoglobulins
INCLISIRAN,INCLISIRAN,2588243,C10AX,C,Other lipid modifying agents
INDACATEROL (ACETATE) // GLYCOPYRRONIUM (BROMURE) // MOMETASONE (FUROATE),INDACATEROL (ACETATE) // GLYCOPYRRONIUM (BROMURE) // MOMETASONE (FUROATE),1721575,R03AC,R,Selective beta-2-adrenoreceptor agonists
INDACATEROL (ACETATE) // GLYCOPYRRONIUM (BROMURE) // MOMETASONE (FUROATE),INDACATEROL (ACETATE) // GLYCOPYRRONIUM (BROMURE) // MOMETASONE (FUROATE),1721575,D11AA,D,Antihidrotics
INDACATEROL (ACETATE) // MOMETASONE (FUROATE),INDACATEROL (ACETATE) // MOMETASONE (FUROATE),30145,R03AK,R,"Adrenergics in combination with corticosteroids or other drugs, excl. anticholinergics"
INDACATEROL (ACETATE) // MOMETASONE (FUROATE),INDACATEROL (ACETATE) // MOMETASONE (FUROATE),30145,D07AC,D,"Corticosteroids, potent (group III)"
INDACATEROL (ACETATE) // MOMETASONE (FUROATE),INDACATEROL (ACETATE) // MOMETASONE (FUROATE),30145,D07XC,D,"Corticosteroids, potent, other combinations"
INDACATEROL (ACETATE) // MOMETASONE (FUROATE),INDACATEROL (ACETATE) // MOMETASONE (FUROATE),30145,R01AD,R,Corticosteroids
INDACATEROL (ACETATE) // MOMETASONE (FUROATE),INDACATEROL (ACETATE) // MOMETASONE (FUROATE),30145,R03BA,R,Glucocorticoids
INDACATEROL (MALEATE),INDACATEROL (MALEATE),1114325,R03AC,R,Selective beta-2-adrenoreceptor agonists
INDACATEROL (MALEATE) // GLYCOPYRRONIUM (BROMURE),INDACATEROL (MALEATE) // GLYCOPYRRONIUM (BROMURE),1721575,R03AC,R,Selective beta-2-adrenoreceptor agonists
INDACATEROL (MALEATE) // GLYCOPYRRONIUM (BROMURE),INDACATEROL (MALEATE) // GLYCOPYRRONIUM (BROMURE),1721575,D11AA,D,Antihidrotics
INDACATEROL MALEATE,INDACATEROL MALEATE,1114325,R03AC,R,Selective beta-2-adrenoreceptor agonists
INDAPAMIDE,INDAPAMIDE,5764,C03BA,C,"Sulfonamides, plain"
INDAPAMIDE / PERINDOPRIL,INDAPAMIDE,5764,C03BA,C,"Sulfonamides, plain"
INDAPAMIDE / PERINDOPRIL,PERINDOPRIL,54552,C09BB,C,ACE inhibitors and calcium channel blockers
INDAPAMIDE / PERINDOPRIL,PERINDOPRIL,54552,C09AA,C,"ACE inhibitors, plain"
INDAPAMIDE // AMLODIPINE,INDAPAMIDE,5764,C03BA,C,"Sulfonamides, plain"
INDAPAMIDE // AMLODIPINE,AMLODIPINE,17767,C09XA,C,Renin-inhibitors
INDAPAMIDE // AMLODIPINE,AMLODIPINE,17767,C09BB,C,ACE inhibitors and calcium channel blockers
INDAPAMIDE // AMLODIPINE,AMLODIPINE,17767,C08CA,C,Dihydropyridine derivatives
INDAPAMIDE // AMLODIPINE,AMLODIPINE,17767,C10BX,C,Lipid modifying agents in combination with other drugs
INDAPAMIDE // AMLODIPINE,AMLODIPINE,17767,C09DB,C,Angiotensin II receptor blockers (ARBs) and calcium channel blockers
INDAPAMIDE // AMLODIPINE,AMLODIPINE,17767,C09DX,C,"Angiotensin II receptor blockers (ARBs), other combinations"
INDINAVIR,INDINAVIR,114289,J05AE,J,Protease inhibitors
INDOMETACINE,INDOMETACINE,5781,C01EB,C,Other cardiac preparations
INDOMETACINE,INDOMETACINE,5781,M01AB,M,Acetic acid derivatives and related substances
INDOMETACINE,INDOMETACINE,5781,M02AA,M,"Antiinflammatory preparations, non-steroids for topical use"
INDOMETACINE,INDOMETACINE,5781,S01BC,S,"Antiinflammatory agents, non-steroids"
INDOMETACINE (CALCIQUE PENTAHYDRATE),INDOMETACINE (CALCIQUE PENTAHYDRATE),235552,J01DD,J,Third-generation cephalosporins
INDOMETACINE / GENTAMICINE,INDOMETACINE,5781,C01EB,C,Other cardiac preparations
INDOMETACINE / GENTAMICINE,INDOMETACINE,5781,M01AB,M,Acetic acid derivatives and related substances
INDOMETACINE / GENTAMICINE,INDOMETACINE,5781,M02AA,M,"Antiinflammatory preparations, non-steroids for topical use"
INDOMETACINE / GENTAMICINE,INDOMETACINE,5781,S01BC,S,"Antiinflammatory agents, non-steroids"
INDOMETACINE / GENTAMICINE,GENTAMICINE,1596450,D06AX,D,Other antibiotics for topical use
INDOMETACINE / GENTAMICINE,GENTAMICINE,1596450,J01GB,J,Other aminoglycosides
INDOMETACINE / GENTAMICINE,GENTAMICINE,1596450,S01AA,S,Antibiotics
INDOMETACINE / GENTAMICINE,GENTAMICINE,1596450,S02AA,S,Antiinfectives
INDOMETACINE / GENTAMICINE,GENTAMICINE,1596450,S03AA,S,Antiinfectives
INFLIXIMAB,INFLIXIMAB,191831,L04AB,L,Tumor necrosis factor alpha (TNF-alpha) inhibitors
INOSINE (MONOPHOSPHATE),INOSINE (MONOPHOSPHATE),1483575,D06BB,D,Antivirals
INOSINE (MONOPHOSPHATE),INOSINE (MONOPHOSPHATE),1483575,G01AX,G,Other antiinfectives and antiseptics
INOSINE (MONOPHOSPHATE),INOSINE (MONOPHOSPHATE),1483575,S01XA,S,Other ophthalmologicals
INOSINE ACEDOBENE DIMEPRANOL,INOSINE ACEDOBENE DIMEPRANOL,6048,J05AX,J,Other antivirals
INOSINE MONOPHOSPHATE,INOSINE MONOPHOSPHATE,1483575,D06BB,D,Antivirals
INOSINE MONOPHOSPHATE,INOSINE MONOPHOSPHATE,1483575,G01AX,G,Other antiinfectives and antiseptics
INOSINE MONOPHOSPHATE,INOSINE MONOPHOSPHATE,1483575,S01XA,S,Other ophthalmologicals
INOSINE PHOSPHATE DISODIQUE DIHYDRATE,INOSINE PHOSPHATE DISODIQUE DIHYDRATE,1483575,D06BB,D,Antivirals
INOSINE PHOSPHATE DISODIQUE DIHYDRATE,INOSINE PHOSPHATE DISODIQUE DIHYDRATE,1483575,G01AX,G,Other antiinfectives and antiseptics
INOSINE PHOSPHATE DISODIQUE DIHYDRATE,INOSINE PHOSPHATE DISODIQUE DIHYDRATE,1483575,S01XA,S,Other ophthalmologicals
INSAPONIFIABLE D'HUILE D'AVOCAT - SOJA,INSAPONIFIABLE D'HUILE D'AVOCAT - SOJA,1441546,,,
INSULINE ASPART,INSULINE ASPART,51428,A10AB,A,"Insulins and analogues for injection, fast-acting"
INSULINE ASPART,INSULINE ASPART,51428,A10AD,A,"Insulins and analogues for injection, intermediate- or long-acting combined with fast-acting"
INSULINE ASPART (INTERMEDIAIRE),INSULINE ASPART (INTERMEDIAIRE),51428,A10AB,A,"Insulins and analogues for injection, fast-acting"
INSULINE ASPART (INTERMEDIAIRE),INSULINE ASPART (INTERMEDIAIRE),51428,A10AD,A,"Insulins and analogues for injection, intermediate- or long-acting combined with fast-acting"
INSULINE ASPART (RAPIDE),INSULINE ASPART (RAPIDE),51428,A10AB,A,"Insulins and analogues for injection, fast-acting"
INSULINE ASPART (RAPIDE),INSULINE ASPART (RAPIDE),51428,A10AD,A,"Insulins and analogues for injection, intermediate- or long-acting combined with fast-acting"
INSULINE ASPARTE,INSULINE ASPARTE,51428,A10AB,A,"Insulins and analogues for injection, fast-acting"
INSULINE ASPARTE,INSULINE ASPARTE,51428,A10AD,A,"Insulins and analogues for injection, intermediate- or long-acting combined with fast-acting"
INSULINE ASPARTE // INSULINE ASPARTE PROTAMINE,INSULINE ASPARTE,51428,A10AB,A,"Insulins and analogues for injection, fast-acting"
INSULINE ASPARTE // INSULINE ASPARTE PROTAMINE,INSULINE ASPARTE,51428,A10AD,A,"Insulins and analogues for injection, intermediate- or long-acting combined with fast-acting"
INSULINE ASPARTE // INSULINE ASPARTE PROTAMINE,INSULINE ASPARTE PROTAMINE,352385,,,
INSULINE DEGLUDEC,INSULINE DEGLUDEC,1670007,A10AE,A,"Insulins and analogues for injection, long-acting"
INSULINE DEGLUDEC (LENTE),INSULINE DEGLUDEC (LENTE),1670007,A10AE,A,"Insulins and analogues for injection, long-acting"
INSULINE DEGLUDEC / LIRAGLUTIDE,INSULINE DEGLUDEC,1670007,A10AE,A,"Insulins and analogues for injection, long-acting"
INSULINE DEGLUDEC / LIRAGLUTIDE,LIRAGLUTIDE,475968,A10AE,A,"Insulins and analogues for injection, long-acting"
INSULINE DEGLUDEC / LIRAGLUTIDE,LIRAGLUTIDE,475968,A10BJ,A,Glucagon-like peptide-1 (GLP-1) analogues
INSULINE DEGLUDEC // INSULINE ASPRATE,INSULINE DEGLUDEC,1670007,A10AE,A,"Insulins and analogues for injection, long-acting"
INSULINE DEGLUDEC // INSULINE ASPRATE,INSULINE ASPRATE,51428,A10AB,A,"Insulins and analogues for injection, fast-acting"
INSULINE DEGLUDEC // INSULINE ASPRATE,INSULINE ASPRATE,51428,A10AD,A,"Insulins and analogues for injection, intermediate- or long-acting combined with fast-acting"
INSULINE DEGLUDEC // INSULINE ASPRATE (INTERMEDAIRE),INSULINE DEGLUDEC // INSULINE ASPRATE (INTERMEDAIRE),1670007,A10AE,A,"Insulins and analogues for injection, long-acting"
INSULINE DETEMIR,INSULINE DETEMIR,139825,A10AE,A,"Insulins and analogues for injection, long-acting"
INSULINE DETEMIR (LENTE),INSULINE DETEMIR (LENTE),139825,A10AE,A,"Insulins and analogues for injection, long-acting"
INSULINE GLARGINE,INSULINE GLARGINE,274783,A10AE,A,"Insulins and analogues for injection, long-acting"
INSULINE GLARGINE (LENTE),INSULINE GLARGINE (LENTE),274783,A10AE,A,"Insulins and analogues for injection, long-acting"
INSULINE GLARGINE // LIXISENATIDE,INSULINE GLARGINE,274783,A10AE,A,"Insulins and analogues for injection, long-acting"
INSULINE GLARGINE // LIXISENATIDE,LIXISENATIDE,1440051,A10BJ,A,Glucagon-like peptide-1 (GLP-1) analogues
INSULINE GLARGINE // LIXISENATIDE,LIXISENATIDE,1440051,A10AE,A,"Insulins and analogues for injection, long-acting"
INSULINE GLULISINE,INSULINE GLULISINE,400008,A10AB,A,"Insulins and analogues for injection, fast-acting"
INSULINE GLULISINE (RAPIDE),INSULINE GLULISINE (RAPIDE),400008,A10AB,A,"Insulins and analogues for injection, fast-acting"
INSULINE HUMAINE,INSULINE HUMAINE,253182,A10AB,A,"Insulins and analogues for injection, fast-acting"
INSULINE HUMAINE,INSULINE HUMAINE,253182,A10AC,A,"Insulins and analogues for injection, intermediate-acting"
INSULINE HUMAINE,INSULINE HUMAINE,253182,A10AD,A,"Insulins and analogues for injection, intermediate- or long-acting combined with fast-acting"
INSULINE HUMAINE,INSULINE HUMAINE,253182,A10AE,A,"Insulins and analogues for injection, long-acting"
INSULINE HUMAINE,INSULINE HUMAINE,253182,A10AF,A,Insulins and analogues for inhalation
INSULINE HUMAINE BIOGENETIQUE,INSULINE HUMAINE BIOGENETIQUE,253182,A10AB,A,"Insulins and analogues for injection, fast-acting"
INSULINE HUMAINE BIOGENETIQUE,INSULINE HUMAINE BIOGENETIQUE,253182,A10AC,A,"Insulins and analogues for injection, intermediate-acting"
INSULINE HUMAINE BIOGENETIQUE,INSULINE HUMAINE BIOGENETIQUE,253182,A10AD,A,"Insulins and analogues for injection, intermediate- or long-acting combined with fast-acting"
INSULINE HUMAINE BIOGENETIQUE,INSULINE HUMAINE BIOGENETIQUE,253182,A10AE,A,"Insulins and analogues for injection, long-acting"
INSULINE HUMAINE BIOGENETIQUE,INSULINE HUMAINE BIOGENETIQUE,253182,A10AF,A,Insulins and analogues for inhalation
INSULINE HUMAINE BIOGENETIQUE (INTERMEDIAIRE),INSULINE HUMAINE BIOGENETIQUE (INTERMEDIAIRE),253182,A10AB,A,"Insulins and analogues for injection, fast-acting"
INSULINE HUMAINE BIOGENETIQUE (INTERMEDIAIRE),INSULINE HUMAINE BIOGENETIQUE (INTERMEDIAIRE),253182,A10AC,A,"Insulins and analogues for injection, intermediate-acting"
INSULINE HUMAINE BIOGENETIQUE (INTERMEDIAIRE),INSULINE HUMAINE BIOGENETIQUE (INTERMEDIAIRE),253182,A10AD,A,"Insulins and analogues for injection, intermediate- or long-acting combined with fast-acting"
INSULINE HUMAINE BIOGENETIQUE (INTERMEDIAIRE),INSULINE HUMAINE BIOGENETIQUE (INTERMEDIAIRE),253182,A10AE,A,"Insulins and analogues for injection, long-acting"
INSULINE HUMAINE BIOGENETIQUE (INTERMEDIAIRE),INSULINE HUMAINE BIOGENETIQUE (INTERMEDIAIRE),253182,A10AF,A,Insulins and analogues for inhalation
INSULINE HUMAINE BIOGENETIQUE (RAPIDE),INSULINE HUMAINE BIOGENETIQUE (RAPIDE),253182,A10AB,A,"Insulins and analogues for injection, fast-acting"
INSULINE HUMAINE BIOGENETIQUE (RAPIDE),INSULINE HUMAINE BIOGENETIQUE (RAPIDE),253182,A10AC,A,"Insulins and analogues for injection, intermediate-acting"
INSULINE HUMAINE BIOGENETIQUE (RAPIDE),INSULINE HUMAINE BIOGENETIQUE (RAPIDE),253182,A10AD,A,"Insulins and analogues for injection, intermediate- or long-acting combined with fast-acting"
INSULINE HUMAINE BIOGENETIQUE (RAPIDE),INSULINE HUMAINE BIOGENETIQUE (RAPIDE),253182,A10AE,A,"Insulins and analogues for injection, long-acting"
INSULINE HUMAINE BIOGENETIQUE (RAPIDE),INSULINE HUMAINE BIOGENETIQUE (RAPIDE),253182,A10AF,A,Insulins and analogues for inhalation
INSULINE HUMAINE BIOGENETIQUE ISOPHANE,INSULINE HUMAINE BIOGENETIQUE ISOPHANE,1605101,,,
INSULINE HUMAINE BIOGENETIQUE ISOPHANE (INTERMEDIAIRE),INSULINE HUMAINE BIOGENETIQUE ISOPHANE (INTERMEDIAIRE),1605101,,,
INSULINE HUMAINE BIOGENETIQUE ISOPHANE (LENTE),INSULINE HUMAINE BIOGENETIQUE ISOPHANE (LENTE),314683,,,
INSULINE HUMAINE BIOGENETIQUE ISOPHANE BIPHASIQUE,INSULINE HUMAINE BIOGENETIQUE ISOPHANE BIPHASIQUE,1605101,,,
INSULINE HUMAINE BIOGENETIQUE ISOPHANE BIPHASIQUE (INTERMEDIAIRE),INSULINE HUMAINE BIOGENETIQUE ISOPHANE BIPHASIQUE (INTERMEDIAIRE),1605101,,,
INSULINE LISPRO,INSULINE LISPRO,86009,A10AB,A,"Insulins and analogues for injection, fast-acting"
INSULINE LISPRO,INSULINE LISPRO,86009,A10AC,A,"Insulins and analogues for injection, intermediate-acting"
INSULINE LISPRO,INSULINE LISPRO,86009,A10AD,A,"Insulins and analogues for injection, intermediate- or long-acting combined with fast-acting"
INSULINE LISPRO (INTERMEDIAIRE),INSULINE LISPRO (INTERMEDIAIRE),86009,A10AB,A,"Insulins and analogues for injection, fast-acting"
INSULINE LISPRO (INTERMEDIAIRE),INSULINE LISPRO (INTERMEDIAIRE),86009,A10AC,A,"Insulins and analogues for injection, intermediate-acting"
INSULINE LISPRO (INTERMEDIAIRE),INSULINE LISPRO (INTERMEDIAIRE),86009,A10AD,A,"Insulins and analogues for injection, intermediate- or long-acting combined with fast-acting"
INSULINE LISPRO (RAPIDE),INSULINE LISPRO (RAPIDE),86009,A10AB,A,"Insulins and analogues for injection, fast-acting"
INSULINE LISPRO (RAPIDE),INSULINE LISPRO (RAPIDE),86009,A10AC,A,"Insulins and analogues for injection, intermediate-acting"
INSULINE LISPRO (RAPIDE),INSULINE LISPRO (RAPIDE),86009,A10AD,A,"Insulins and analogues for injection, intermediate- or long-acting combined with fast-acting"
INTERFERON ALFA-2A,INTERFERON ALFA-2A,5879,L03AB,L,Interferons
INTERFERON ALFA-2A PEGYLE,INTERFERON ALFA-2A PEGYLE,120608,L03AB,L,Interferons
INTERFERON ALFA-2B,INTERFERON ALFA-2B,5880,L03AB,L,Interferons
INTERFERON ALFA-2B PEGYLE,INTERFERON ALFA-2B PEGYLE,5880,L03AB,L,Interferons
INTERFERON ALPHA NATUREL LEUCOCYTAIRE,INTERFERON ALPHA NATUREL LEUCOCYTAIRE,5880,L03AB,L,Interferons
INTERFERON BETA-1A,INTERFERON BETA-1A,75917,L03AB,L,Interferons
INTERFERON BETA-1B,INTERFERON BETA-1B,72257,L03AB,L,Interferons
INTERFERON BETA-1B RECOMBINANT,INTERFERON BETA-1B RECOMBINANT,72258,L03AB,L,Interferons
IOBENGUANE (131-I),IOBENGUANE (131-I),2053281,V09IX,V,Other diagnostic radiopharmaceuticals for tumour detection
IOBENGUANE (131-I),IOBENGUANE (131-I),2053281,V10XA,V,Iodine (131I) compounds
IOBITRIDOL,IOBITRIDOL,87639,V08AB,V,"Watersoluble, nephrotropic, low osmolar X-ray contrast media"
IODIXANOL,IODIXANOL,27729,V08AB,V,"Watersoluble, nephrotropic, low osmolar X-ray contrast media"
IODOFORME,IODOFORME,27748,D09AA,D,Medicated dressings with antiinfectives
IODURE (131-I),IODURE (131-I),1546394,D08AG,D,Iodine products
IODURE (SODIUM) (131-I),IODURE (SODIUM) (131-I),1546394,D08AG,D,Iodine products
IODURE DE POTASSIUM,IODURE DE POTASSIUM,34311,,,
IODURE DE SODIUM,IODURE DE SODIUM,36679,,,
IOHEXOL,IOHEXOL,5956,V08AB,V,"Watersoluble, nephrotropic, low osmolar X-ray contrast media"
IOPAMIDOL,IOPAMIDOL,5966,V08AB,V,"Watersoluble, nephrotropic, low osmolar X-ray contrast media"
IOPROMIDE,IOPROMIDE,27781,V08AB,V,"Watersoluble, nephrotropic, low osmolar X-ray contrast media"
IOXAGLATE DE SODIUM ET DE MEGLUMINE,IOXAGLATE DE SODIUM ET DE MEGLUMINE,66895,,,
IOXITALAMATE (MEGLUMINE),IOXITALAMATE (MEGLUMINE),29459,,,
IOXITALAMATE (MEGLUMINE) // IOXITALAMATE (SODIUM),IOXITALAMATE (MEGLUMINE) // IOXITALAMATE (SODIUM),29459,,,
IOXITALAMATE DE MEGLUMINE,IOXITALAMATE DE MEGLUMINE,29459,,,
IOXITALAMATE DE MEGLUMINE / IOXITALAMATE DE SODIUM,IOXITALAMATE DE MEGLUMINE,29459,,,
IOXITALAMATE DE MEGLUMINE / IOXITALAMATE DE SODIUM,IOXITALAMATE DE SODIUM,36679,,,
IOXITALAMATE DE METHYLGLUCAMINE,IOXITALAMATE DE METHYLGLUCAMINE,260039,,,
IOXITALAMATE DE SODIUM,IOXITALAMATE DE SODIUM,36679,,,
IPRATROPIUM,IPRATROPIUM,7213,R01AX,R,Other nasal preparations
IPRATROPIUM,IPRATROPIUM,7213,R03BB,R,Anticholinergics
IPRATROPIUM (BROMURE),IPRATROPIUM (BROMURE),7213,R01AX,R,Other nasal preparations
IPRATROPIUM (BROMURE),IPRATROPIUM (BROMURE),7213,R03BB,R,Anticholinergics
IPRATROPIUM / SALBUTAMOL,IPRATROPIUM,7213,R01AX,R,Other nasal preparations
IPRATROPIUM / SALBUTAMOL,IPRATROPIUM,7213,R03BB,R,Anticholinergics
IPRATROPIUM / SALBUTAMOL,SALBUTAMOL,435,R03AC,R,Selective beta-2-adrenoreceptor agonists
IPRATROPIUM / SALBUTAMOL,SALBUTAMOL,435,R03CC,R,Selective beta-2-adrenoreceptor agonists
IPRATROPIUM // FENOTEROL,IPRATROPIUM,7213,R01AX,R,Other nasal preparations
IPRATROPIUM // FENOTEROL,IPRATROPIUM,7213,R03BB,R,Anticholinergics
IPRATROPIUM // FENOTEROL,FENOTEROL,4333,G02CA,G,"Sympathomimetics, labour repressants"
IPRATROPIUM // FENOTEROL,FENOTEROL,4333,R03AC,R,Selective beta-2-adrenoreceptor agonists
IPRATROPIUM // FENOTEROL,FENOTEROL,4333,R03CC,R,Selective beta-2-adrenoreceptor agonists
IRBESARTAN,IRBESARTAN,83818,C09CA,C,"Angiotensin II receptor blockers (ARBs), plain"
IRBESARTAN / HYDROCHLOROTHIAZIDE,IRBESARTAN,83818,C09CA,C,"Angiotensin II receptor blockers (ARBs), plain"
IRBESARTAN / HYDROCHLOROTHIAZIDE,HYDROCHLOROTHIAZIDE,5487,C09XA,C,Renin-inhibitors
IRBESARTAN / HYDROCHLOROTHIAZIDE,HYDROCHLOROTHIAZIDE,5487,C03AA,C,"Thiazides, plain"
IRBESARTAN / HYDROCHLOROTHIAZIDE,HYDROCHLOROTHIAZIDE,5487,C09DX,C,"Angiotensin II receptor blockers (ARBs), other combinations"
IRBESARTAN // AMLODIPINE,IRBESARTAN,83818,C09CA,C,"Angiotensin II receptor blockers (ARBs), plain"
IRBESARTAN // AMLODIPINE,AMLODIPINE,17767,C09XA,C,Renin-inhibitors
IRBESARTAN // AMLODIPINE,AMLODIPINE,17767,C09BB,C,ACE inhibitors and calcium channel blockers
IRBESARTAN // AMLODIPINE,AMLODIPINE,17767,C08CA,C,Dihydropyridine derivatives
IRBESARTAN // AMLODIPINE,AMLODIPINE,17767,C10BX,C,Lipid modifying agents in combination with other drugs
IRBESARTAN // AMLODIPINE,AMLODIPINE,17767,C09DB,C,Angiotensin II receptor blockers (ARBs) and calcium channel blockers
IRBESARTAN // AMLODIPINE,AMLODIPINE,17767,C09DX,C,"Angiotensin II receptor blockers (ARBs), other combinations"
IRBESARTAN // HYDROCHLOROTHIAZIDE,IRBESARTAN,83818,C09CA,C,"Angiotensin II receptor blockers (ARBs), plain"
IRBESARTAN // HYDROCHLOROTHIAZIDE,HYDROCHLOROTHIAZIDE,5487,C09XA,C,Renin-inhibitors
IRBESARTAN // HYDROCHLOROTHIAZIDE,HYDROCHLOROTHIAZIDE,5487,C03AA,C,"Thiazides, plain"
IRBESARTAN // HYDROCHLOROTHIAZIDE,HYDROCHLOROTHIAZIDE,5487,C09DX,C,"Angiotensin II receptor blockers (ARBs), other combinations"
IRBESARTAN /HYDROCHLOROTHIAZIDE,IRBESARTAN,83818,C09CA,C,"Angiotensin II receptor blockers (ARBs), plain"
IRBESARTAN /HYDROCHLOROTHIAZIDE,HYDROCHLOROTHIAZIDE,5487,C09XA,C,Renin-inhibitors
IRBESARTAN /HYDROCHLOROTHIAZIDE,HYDROCHLOROTHIAZIDE,5487,C03AA,C,"Thiazides, plain"
IRBESARTAN /HYDROCHLOROTHIAZIDE,HYDROCHLOROTHIAZIDE,5487,C09DX,C,"Angiotensin II receptor blockers (ARBs), other combinations"
IRINOTECAN,IRINOTECAN,51499,L01CE,L,Topoisomerase 1 (TOP1) inhibitors
IRINOTECAN (CHLORHYDRATE TRIHYDRATE),IRINOTECAN (CHLORHYDRATE TRIHYDRATE),1719767,L01CE,L,Topoisomerase 1 (TOP1) inhibitors
ISAVUCONAZOLE,ISAVUCONAZOLE,1720882,J02AC,J,Triazole and tetrazole derivatives
ISAVUCONAZONIUM (SULFATE),ISAVUCONAZONIUM (SULFATE),1608321,,,
ISOCONAZOLE,ISOCONAZOLE,27901,D01AC,D,Imidazole and triazole derivatives
ISOCONAZOLE,ISOCONAZOLE,27901,G01AF,G,Imidazole derivatives
ISOFLURANE,ISOFLURANE,6026,N01AB,N,Halogenated hydrocarbons
ISONIAZIDE,ISONIAZIDE,6038,J04AM,J,Combinations of drugs for treatment of tuberculosis
ISONIAZIDE,ISONIAZIDE,6038,J04AC,J,Hydrazides
ISOPRENALINE,ISOPRENALINE,6054,C01CA,C,Adrenergic and dopaminergic agents
ISOPRENALINE,ISOPRENALINE,6054,R03AB,R,Non-selective beta-adrenoreceptor agonists
ISOPRENALINE,ISOPRENALINE,6054,R03CB,R,Non-selective beta-adrenoreceptor agonists
ISOPRENALINE (CHLORHYDRATE),ISOPRENALINE (CHLORHYDRATE),6054,C01CA,C,Adrenergic and dopaminergic agents
ISOPRENALINE (CHLORHYDRATE),ISOPRENALINE (CHLORHYDRATE),6054,R03AB,R,Non-selective beta-adrenoreceptor agonists
ISOPRENALINE (CHLORHYDRATE),ISOPRENALINE (CHLORHYDRATE),6054,R03CB,R,Non-selective beta-adrenoreceptor agonists
ISOSORBIDE (5-MONONITRATE D'),ISOSORBIDE (5-MONONITRATE D'),28004,C01DA,C,Organic nitrates
ISOSORBIDE (DINITRATE),ISOSORBIDE (DINITRATE),6058,C01DA,C,Organic nitrates
ISOSORBIDE (DINITRATE),ISOSORBIDE (DINITRATE),6058,C05AE,C,Muscle relaxants
ISOSORBIDE DINITRATE,ISOSORBIDE DINITRATE,6058,C01DA,C,Organic nitrates
ISOSORBIDE DINITRATE,ISOSORBIDE DINITRATE,6058,C05AE,C,Muscle relaxants
ISOSORBIDE MONONITRATE,ISOSORBIDE MONONITRATE,28004,C01DA,C,Organic nitrates
ISOTHIPENDYL,ISOTHIPENDYL,28012,D04AA,D,Antihistamines for topical use
ISOTHIPENDYL,ISOTHIPENDYL,28012,R06AD,R,Phenothiazine derivatives
ISOTRETINOINE,ISOTRETINOINE,6064,D10AD,D,Retinoids for topical use in acne
ISOTRETINOINE,ISOTRETINOINE,6064,D10BA,D,Retinoids for treatment of acne
ISPAGHULL,ISPAGHULL,82089,,,
ISRADIPINE,ISRADIPINE,33910,C08CA,C,Dihydropyridine derivatives
IVABRADINE,IVABRADINE,1649480,C01EB,C,Other cardiac preparations
IVABRADINE (CHLORHYDRATE),IVABRADINE (CHLORHYDRATE),1649480,C01EB,C,Other cardiac preparations
IVABRADINE OXALATE,IVABRADINE OXALATE,1649480,C01EB,C,Other cardiac preparations
IVERMECTINE,IVERMECTINE,6069,D11AX,D,Other dermatologicals
IVERMECTINE,IVERMECTINE,6069,P02CF,P,Avermectines
IXEKIZUMAB,IXEKIZUMAB,1745099,L04AC,L,Interleukin inhibitors
JOSAMYCINE,JOSAMYCINE,6084,J01FA,J,Macrolides
JOSAMYCINE (PROPIONATE),JOSAMYCINE (PROPIONATE),28069,J01FA,J,Macrolides
KANAMYCINE,KANAMYCINE,6099,A07AA,A,Antibiotics
KANAMYCINE,KANAMYCINE,6099,J01GB,J,Other aminoglycosides
KANAMYCINE,KANAMYCINE,6099,S01AA,S,Antibiotics
KETAMINE,KETAMINE,6130,N01AX,N,Other general anesthetics
KETOCONAZOLE,KETOCONAZOLE,6135,H02CA,H,Anticorticosteroids
KETOCONAZOLE,KETOCONAZOLE,6135,D01AC,D,Imidazole and triazole derivatives
KETOCONAZOLE,KETOCONAZOLE,6135,G01AF,G,Imidazole derivatives
KETOCONAZOLE,KETOCONAZOLE,6135,J02AB,J,Imidazole derivatives
KETOPROFENE,KETOPROFENE,6142,M01AE,M,Propionic acid derivatives
KETOPROFENE,KETOPROFENE,6142,M02AA,M,"Antiinflammatory preparations, non-steroids for topical use"
KETOROLAC,KETOROLAC,35827,S01FB,S,Sympathomimetics excl. antiglaucoma preparations
KETOROLAC,KETOROLAC,35827,M01AB,M,Acetic acid derivatives and related substances
KETOROLAC,KETOROLAC,35827,S01BC,S,"Antiinflammatory agents, non-steroids"
KETOROLAC TROMETHAMINE,KETOROLAC TROMETHAMINE,28200,M01AB,M,Acetic acid derivatives and related substances
KETOROLAC TROMETHAMINE,KETOROLAC TROMETHAMINE,28200,S01BC,S,"Antiinflammatory agents, non-steroids"
KETOTIFENE,KETOTIFENE,6146,R06AX,R,Other antihistamines for systemic use
KETOTIFENE,KETOTIFENE,6146,S01GX,S,Other antiallergics
KETOTIFENE (FUMARATE),KETOTIFENE (FUMARATE),11404,R06AX,R,Other antihistamines for systemic use
KETOTIFENE (FUMARATE),KETOTIFENE (FUMARATE),11404,S01GX,S,Other antiallergics
L-CYSTINE,L-CYSTINE,3036,,,
L-CYSTINE / SOUFFRE PRECIPITE,L-CYSTINE,3036,,,
L-CYSTINE / SOUFFRE PRECIPITE,SOUFFRE PRECIPITE,89767,,,
L-CYSTINE // SACCHAROMYCES CEREVISIAE // RETINOL // SOUFRE,L-CYSTINE,3036,,,
L-CYSTINE // SACCHAROMYCES CEREVISIAE // RETINOL // SOUFRE,SACCHAROMYCES CEREVISIAE,9511,,,
L-CYSTINE // SACCHAROMYCES CEREVISIAE // RETINOL // SOUFRE,RETINOL,11246,A11CA,A,"Vitamin A, plain"
L-CYSTINE // SACCHAROMYCES CEREVISIAE // RETINOL // SOUFRE,RETINOL,11246,D10AD,D,Retinoids for topical use in acne
L-CYSTINE // SACCHAROMYCES CEREVISIAE // RETINOL // SOUFRE,RETINOL,11246,R01AX,R,Other nasal preparations
L-CYSTINE // SACCHAROMYCES CEREVISIAE // RETINOL // SOUFRE,RETINOL,11246,S01XA,S,Other ophthalmologicals
L-CYSTINE // SACCHAROMYCES CEREVISIAE // RETINOL // SOUFRE,SOUFRE,,,,
L-ORNITHINE // L-CITRULLINE // L-CHLORHYDRATE D'ARGININE,L-ORNITHINE,314709,,,
L-ORNITHINE // L-CITRULLINE // L-CHLORHYDRATE D'ARGININE,L-CITRULLINE,2567,,,
L-ORNITHINE // L-CITRULLINE // L-CHLORHYDRATE D'ARGININE,L-CHLORHYDRATE D'ARGININE,1091,B05XB,B,Amino acids
LA TUBERCULOSE [BCG],LA TUBERCULOSE [BCG],94317,,,
LACIDIPINE,LACIDIPINE,28382,C08CA,C,Dihydropyridine derivatives
LACOSAMIDE,LACOSAMIDE,623400,N03AX,N,Other antiepileptics
LACTATE DE CALCIUM,LACTATE DE CALCIUM,47622,A12AA,A,Calcium
LACTATE DE MAGNESIUM,LACTATE DE MAGNESIUM,214688,A12CC,A,Magnesium
LACTATE DE MAGNESIUM / PIDOLATE DE MAGNESIUM,LACTATE DE MAGNESIUM,214688,A12CC,A,Magnesium
LACTATE DE MAGNESIUM / PIDOLATE DE MAGNESIUM,PIDOLATE DE MAGNESIUM,116240,A12CC,A,Magnesium
LACTOBACILLUS ACIDOPHILLUS,LACTOBACILLUS ACIDOPHILLUS,6205,,,
LACTOBACILLUS ACIDOPHILUS,LACTOBACILLUS ACIDOPHILUS,6205,,,
LACTOBACILLUS ACIDOPHILUS // ESTRIOL,LACTOBACILLUS ACIDOPHILUS,6205,,,
LACTOBACILLUS ACIDOPHILUS // ESTRIOL,ESTRIOL,4094,G03CA,G,"Natural and semisynthetic estrogens, plain"
LACTOBACILLUS ACIDOPHILUS // ESTRIOL,ESTRIOL,4094,G03CC,G,"Estrogens, combinations with other drugs"
LACTULOSE,LACTULOSE,6218,A06AD,A,Osmotically acting laxatives
LACTULOSE // PARAFFINE LIQUIDE // VASELINE,LACTULOSE,6218,A06AD,A,Osmotically acting laxatives
LACTULOSE // PARAFFINE LIQUIDE // VASELINE,PARAFFINE LIQUIDE,6972,A06AA,A,"Softeners, emollients"
LACTULOSE // PARAFFINE LIQUIDE // VASELINE,VASELINE,224932,,,
LAMIVUDINE,LAMIVUDINE,68244,J05AR,J,"Antivirals for treatment of HIV infections, combinations"
LAMIVUDINE,LAMIVUDINE,68244,J05AF,J,Nucleoside and nucleotide reverse transcriptase inhibitors
LAMIVUDINE / ZIDOVUDINE,LAMIVUDINE,68244,J05AR,J,"Antivirals for treatment of HIV infections, combinations"
LAMIVUDINE / ZIDOVUDINE,LAMIVUDINE,68244,J05AF,J,Nucleoside and nucleotide reverse transcriptase inhibitors
LAMIVUDINE / ZIDOVUDINE,ZIDOVUDINE,11413,J05AF,J,Nucleoside and nucleotide reverse transcriptase inhibitors
LAMIVUDINE / ZIDOVUDINE,ZIDOVUDINE,11413,J05AR,J,"Antivirals for treatment of HIV infections, combinations"
LAMIVUDINE // ZIDOVUDINE,LAMIVUDINE,68244,J05AR,J,"Antivirals for treatment of HIV infections, combinations"
LAMIVUDINE // ZIDOVUDINE,LAMIVUDINE,68244,J05AF,J,Nucleoside and nucleotide reverse transcriptase inhibitors
LAMIVUDINE // ZIDOVUDINE,ZIDOVUDINE,11413,J05AF,J,Nucleoside and nucleotide reverse transcriptase inhibitors
LAMIVUDINE // ZIDOVUDINE,ZIDOVUDINE,11413,J05AR,J,"Antivirals for treatment of HIV infections, combinations"
LAMIVUDINE // ZIDOVUDINE // NEVIRAPINE,LAMIVUDINE,68244,J05AR,J,"Antivirals for treatment of HIV infections, combinations"
LAMIVUDINE // ZIDOVUDINE // NEVIRAPINE,LAMIVUDINE,68244,J05AF,J,Nucleoside and nucleotide reverse transcriptase inhibitors
LAMIVUDINE // ZIDOVUDINE // NEVIRAPINE,ZIDOVUDINE,11413,J05AF,J,Nucleoside and nucleotide reverse transcriptase inhibitors
LAMIVUDINE // ZIDOVUDINE // NEVIRAPINE,ZIDOVUDINE,11413,J05AR,J,"Antivirals for treatment of HIV infections, combinations"
LAMIVUDINE // ZIDOVUDINE // NEVIRAPINE,NEVIRAPINE,53654,J05AG,J,Non-nucleoside reverse transcriptase inhibitors
LAMIVUDINE // ZIDOVUDINE // NEVIRAPINE,NEVIRAPINE,53654,J05AR,J,"Antivirals for treatment of HIV infections, combinations"
LAMOTRIGINE,LAMOTRIGINE,28439,N03AX,N,Other antiepileptics
LANREOTIDE,LANREOTIDE,68092,H01CB,H,Somatostatin and analogues
LANSOPRAZOLE,LANSOPRAZOLE,17128,A02BC,A,Proton pump inhibitors
LAPATINIB,LAPATINIB,480167,L01EH,L,Human epidermal growth factor receptor 2 (HER2) tyrosine kinase inhibitors
LAPATINIB DITOSYLATE,LAPATINIB DITOSYLATE,481474,L01EH,L,Human epidermal growth factor receptor 2 (HER2) tyrosine kinase inhibitors
LARONIDASE,LARONIDASE,392509,A16AB,A,Enzymes
LATANOPROST,LATANOPROST,43611,S01EE,S,Prostaglandin analogues
LATANOPROST / TIMOLOL,LATANOPROST,43611,S01EE,S,Prostaglandin analogues
LATANOPROST / TIMOLOL,TIMOLOL,10600,C07AA,C,"Beta blocking agents, non-selective"
LATANOPROST / TIMOLOL,TIMOLOL,10600,S01ED,S,Beta blocking agents
LATANOPROST // TIMOLOL,LATANOPROST,43611,S01EE,S,Prostaglandin analogues
LATANOPROST // TIMOLOL,TIMOLOL,10600,C07AA,C,"Beta blocking agents, non-selective"
LATANOPROST // TIMOLOL,TIMOLOL,10600,S01ED,S,Beta blocking agents
LEDIPASVIR,LEDIPASVIR,1591922,J05AP,J,Antivirals for treatment of HCV infections
LEDIPASVIR // SOFOSBUVIR,LEDIPASVIR,1591922,J05AP,J,Antivirals for treatment of HCV infections
LEDIPASVIR // SOFOSBUVIR,SOFOSBUVIR,1484911,J05AP,J,Antivirals for treatment of HCV infections
LEFLUNOMIDE,LEFLUNOMIDE,27169,L04AK,L,Dihydroorotate dehydrogenase (DHODH) inhibitors
LENALIDOMIDE,LENALIDOMIDE,342369,L04AX,L,Other immunosuppressants
LENALIDOMIDE ANYDRE,LENALIDOMIDE ANYDRE,342369,L04AX,L,Other immunosuppressants
LENOGRASTIM,LENOGRASTIM,70167,L03AA,L,Colony stimulating factors
LENVATINIB,LENVATINIB,1603296,L01EX,L,Other protein kinase inhibitors
LENVATINIB MESITALE,LENVATINIB MESITALE,1603296,L01EX,L,Other protein kinase inhibitors
LERCANIDIPINE,LERCANIDIPINE,135056,C08CA,C,Dihydropyridine derivatives
LETROZOLE,LETROZOLE,72965,L02BG,L,Aromatase inhibitors
LEUCOVORINE CALCIQUE (FOLINATE DE CALCIUM),LEUCOVORINE CALCIQUE (FOLINATE DE CALCIUM),225852,V03AF,V,Detoxifying agents for antineoplastic treatment
LEUPRORELINE (ACETATE),LEUPRORELINE (ACETATE),203217,L02AE,L,Gonadotropin releasing hormone analogues
LEVETIRACETAM,LEVETIRACETAM,114477,N03AX,N,Other antiepileptics
LEVOCABASTINE,LEVOCABASTINE,28627,R01AC,R,"Antiallergic agents, excl. corticosteroids"
LEVOCABASTINE,LEVOCABASTINE,28627,S01GX,S,Other antiallergics
LEVOCABASTINE (CHLORHYDRATE),LEVOCABASTINE (CHLORHYDRATE),28627,R01AC,R,"Antiallergic agents, excl. corticosteroids"
LEVOCABASTINE (CHLORHYDRATE),LEVOCABASTINE (CHLORHYDRATE),28627,S01GX,S,Other antiallergics
LEVOCETIRIZINE,LEVOCETIRIZINE,356887,R06AE,R,Piperazine derivatives
LEVOCETIRIZINE (DICHLORHYDRATE),LEVOCETIRIZINE (DICHLORHYDRATE),356887,R06AE,R,Piperazine derivatives
LEVOCETIRIZINE DIHYDROCHLORIDE,LEVOCETIRIZINE DIHYDROCHLORIDE,402349,R06AE,R,Piperazine derivatives
LEVODOPA,LEVODOPA,6375,N04BA,N,Dopa and dopa derivatives
LEVODOPA / BENSERAZIDE,LEVODOPA,6375,N04BA,N,Dopa and dopa derivatives
LEVODOPA / BENSERAZIDE,BENSERAZIDE,1374,,,
LEVODOPA // BENZERAZIDE,LEVODOPA,6375,N04BA,N,Dopa and dopa derivatives
LEVODOPA // BENZERAZIDE,BENZERAZIDE,1374,,,
LEVOFLOXACINE,LEVOFLOXACINE,82122,J01MA,J,Fluoroquinolones
LEVOFLOXACINE,LEVOFLOXACINE,82122,S01AE,S,Fluoroquinolones
LEVOFLOXACINE (HEMIHYDRATE ),LEVOFLOXACINE (HEMIHYDRATE ),82122,J01MA,J,Fluoroquinolones
LEVOFLOXACINE (HEMIHYDRATE ),LEVOFLOXACINE (HEMIHYDRATE ),82122,S01AE,S,Fluoroquinolones
LEVOFLOXACINE HEMIHYDRATE,LEVOFLOXACINE HEMIHYDRATE,82122,J01MA,J,Fluoroquinolones
LEVOFLOXACINE HEMIHYDRATE,LEVOFLOXACINE HEMIHYDRATE,82122,S01AE,S,Fluoroquinolones
LEVOFOLINATE DE CALCIUM,LEVOFOLINATE DE CALCIUM,1897,A02AC,A,Calcium compounds
LEVOFOLINATE DE CALCIUM,LEVOFOLINATE DE CALCIUM,1897,A12AA,A,Calcium
LEVOMENTHOL,LEVOMENTHOL,236388,,,
LEVOMENTHOL / CAMPHRE RACEMIQUE,LEVOMENTHOL,236388,,,
LEVOMENTHOL / CAMPHRE RACEMIQUE,CAMPHRE RACEMIQUE,1430390,,,
LEVOMENTHOL // CAMPHRE // SALICYLATE DE METHYLE,LEVOMENTHOL,236388,,,
LEVOMENTHOL // CAMPHRE // SALICYLATE DE METHYLE,CAMPHRE,2395761,,,
LEVOMENTHOL // CAMPHRE // SALICYLATE DE METHYLE,SALICYLATE DE METHYLE,29787,,,
LEVOMEPROMAZINE,LEVOMEPROMAZINE,6852,N05AA,N,Phenothiazines with aliphatic side-chain
LEVOMEPROMAZINE (MALEATE),LEVOMEPROMAZINE (MALEATE),160372,N05AA,N,Phenothiazines with aliphatic side-chain
LEVONORGESTREL,LEVONORGESTREL,6373,G03AA,G,"Progestogens and estrogens, fixed combinations"
LEVONORGESTREL,LEVONORGESTREL,6373,G03AB,G,"Progestogens and estrogens, sequential preparations"
LEVONORGESTREL,LEVONORGESTREL,6373,G03AC,G,Progestogens
LEVONORGESTREL,LEVONORGESTREL,6373,G03AD,G,Emergency contraceptives
LEVONORGESTREL / ETHINYLESTRADIOL,LEVONORGESTREL,6373,G03AA,G,"Progestogens and estrogens, fixed combinations"
LEVONORGESTREL / ETHINYLESTRADIOL,LEVONORGESTREL,6373,G03AB,G,"Progestogens and estrogens, sequential preparations"
LEVONORGESTREL / ETHINYLESTRADIOL,LEVONORGESTREL,6373,G03AC,G,Progestogens
LEVONORGESTREL / ETHINYLESTRADIOL,LEVONORGESTREL,6373,G03AD,G,Emergency contraceptives
LEVONORGESTREL / ETHINYLESTRADIOL,ETHINYLESTRADIOL,4124,G03AA,G,"Progestogens and estrogens, fixed combinations"
LEVONORGESTREL / ETHINYLESTRADIOL,ETHINYLESTRADIOL,4124,G03AB,G,"Progestogens and estrogens, sequential preparations"
LEVONORGESTREL / ETHINYLESTRADIOL,ETHINYLESTRADIOL,4124,G03CA,G,"Natural and semisynthetic estrogens, plain"
LEVONORGESTREL / ETHINYLESTRADIOL,ETHINYLESTRADIOL,4124,L02AA,L,Estrogens
LEVONORGESTREL // ETHINYLESTRADIOL,LEVONORGESTREL,6373,G03AA,G,"Progestogens and estrogens, fixed combinations"
LEVONORGESTREL // ETHINYLESTRADIOL,LEVONORGESTREL,6373,G03AB,G,"Progestogens and estrogens, sequential preparations"
LEVONORGESTREL // ETHINYLESTRADIOL,LEVONORGESTREL,6373,G03AC,G,Progestogens
LEVONORGESTREL // ETHINYLESTRADIOL,LEVONORGESTREL,6373,G03AD,G,Emergency contraceptives
LEVONORGESTREL // ETHINYLESTRADIOL,ETHINYLESTRADIOL,4124,G03AA,G,"Progestogens and estrogens, fixed combinations"
LEVONORGESTREL // ETHINYLESTRADIOL,ETHINYLESTRADIOL,4124,G03AB,G,"Progestogens and estrogens, sequential preparations"
LEVONORGESTREL // ETHINYLESTRADIOL,ETHINYLESTRADIOL,4124,G03CA,G,"Natural and semisynthetic estrogens, plain"
LEVONORGESTREL // ETHINYLESTRADIOL,ETHINYLESTRADIOL,4124,L02AA,L,Estrogens
LEVONORGESTREL MICRONISE,LEVONORGESTREL MICRONISE,6373,G03AA,G,"Progestogens and estrogens, fixed combinations"
LEVONORGESTREL MICRONISE,LEVONORGESTREL MICRONISE,6373,G03AB,G,"Progestogens and estrogens, sequential preparations"
LEVONORGESTREL MICRONISE,LEVONORGESTREL MICRONISE,6373,G03AC,G,Progestogens
LEVONORGESTREL MICRONISE,LEVONORGESTREL MICRONISE,6373,G03AD,G,Emergency contraceptives
LEVOSIMENDAN,LEVOSIMENDAN,73107,C01CX,C,Other cardiac stimulants
LEVOTHYROXINC SODIQUE,LEVOTHYROXINC SODIQUE,333848,L01XD,L,Sensitizers used in photodynamic/radiation therapy
LEVOTHYROXINE,LEVOTHYROXINE,10582,H03AA,H,Thyroid hormones
LEVOTHYROXINE SODIQUE,LEVOTHYROXINE SODIQUE,10582,H03AA,H,Thyroid hormones
LEVURE CEREVISIAE,LEVURE CEREVISIAE,9511,,,
LIDOCAINE,LIDOCAINE,6387,C01BB,C,"Antiarrhythmics, class Ib"
LIDOCAINE,LIDOCAINE,6387,C05AD,C,Local anesthetics
LIDOCAINE,LIDOCAINE,6387,D04AB,D,Anesthetics for topical use
LIDOCAINE,LIDOCAINE,6387,N01BB,N,Amides
LIDOCAINE,LIDOCAINE,6387,R02AD,R,"Anesthetics, local"
LIDOCAINE,LIDOCAINE,6387,S01HA,S,Local anesthetics
LIDOCAINE,LIDOCAINE,6387,S02DA,S,Analgesics and anesthetics
LIDOCAINE / ACIDE SALICYLIQUE,LIDOCAINE,6387,C01BB,C,"Antiarrhythmics, class Ib"
LIDOCAINE / ACIDE SALICYLIQUE,LIDOCAINE,6387,C05AD,C,Local anesthetics
LIDOCAINE / ACIDE SALICYLIQUE,LIDOCAINE,6387,D04AB,D,Anesthetics for topical use
LIDOCAINE / ACIDE SALICYLIQUE,LIDOCAINE,6387,N01BB,N,Amides
LIDOCAINE / ACIDE SALICYLIQUE,LIDOCAINE,6387,R02AD,R,"Anesthetics, local"
LIDOCAINE / ACIDE SALICYLIQUE,LIDOCAINE,6387,S01HA,S,Local anesthetics
LIDOCAINE / ACIDE SALICYLIQUE,LIDOCAINE,6387,S02DA,S,Analgesics and anesthetics
LIDOCAINE / ACIDE SALICYLIQUE,ACIDE SALICYLIQUE,,,,
LIDOCAINE / CETRIMIDE,LIDOCAINE,6387,C01BB,C,"Antiarrhythmics, class Ib"
LIDOCAINE / CETRIMIDE,LIDOCAINE,6387,C05AD,C,Local anesthetics
LIDOCAINE / CETRIMIDE,LIDOCAINE,6387,D04AB,D,Anesthetics for topical use
LIDOCAINE / CETRIMIDE,LIDOCAINE,6387,N01BB,N,Amides
LIDOCAINE / CETRIMIDE,LIDOCAINE,6387,R02AD,R,"Anesthetics, local"
LIDOCAINE / CETRIMIDE,LIDOCAINE,6387,S01HA,S,Local anesthetics
LIDOCAINE / CETRIMIDE,LIDOCAINE,6387,S02DA,S,Analgesics and anesthetics
LIDOCAINE / CETRIMIDE,CETRIMIDE,2284,,,
LIDOCAINE / NAPHAZOLINE,LIDOCAINE,6387,C01BB,C,"Antiarrhythmics, class Ib"
LIDOCAINE / NAPHAZOLINE,LIDOCAINE,6387,C05AD,C,Local anesthetics
LIDOCAINE / NAPHAZOLINE,LIDOCAINE,6387,D04AB,D,Anesthetics for topical use
LIDOCAINE / NAPHAZOLINE,LIDOCAINE,6387,N01BB,N,Amides
LIDOCAINE / NAPHAZOLINE,LIDOCAINE,6387,R02AD,R,"Anesthetics, local"
LIDOCAINE / NAPHAZOLINE,LIDOCAINE,6387,S01HA,S,Local anesthetics
LIDOCAINE / NAPHAZOLINE,LIDOCAINE,6387,S02DA,S,Analgesics and anesthetics
LIDOCAINE / NAPHAZOLINE,NAPHAZOLINE,7247,R01AA,R,"Sympathomimetics, plain"
LIDOCAINE / NAPHAZOLINE,NAPHAZOLINE,7247,R01AB,R,"Sympathomimetics, combinations excl. corticosteroids"
LIDOCAINE / NAPHAZOLINE,NAPHAZOLINE,7247,S01GA,S,Sympathomimetics used as decongestants
LIDOCAINE / PHENYLEPHRINE,LIDOCAINE,6387,C01BB,C,"Antiarrhythmics, class Ib"
LIDOCAINE / PHENYLEPHRINE,LIDOCAINE,6387,C05AD,C,Local anesthetics
LIDOCAINE / PHENYLEPHRINE,LIDOCAINE,6387,D04AB,D,Anesthetics for topical use
LIDOCAINE / PHENYLEPHRINE,LIDOCAINE,6387,N01BB,N,Amides
LIDOCAINE / PHENYLEPHRINE,LIDOCAINE,6387,R02AD,R,"Anesthetics, local"
LIDOCAINE / PHENYLEPHRINE,LIDOCAINE,6387,S01HA,S,Local anesthetics
LIDOCAINE / PHENYLEPHRINE,LIDOCAINE,6387,S02DA,S,Analgesics and anesthetics
LIDOCAINE / PHENYLEPHRINE,PHENYLEPHRINE,8163,S01FB,S,Sympathomimetics excl. antiglaucoma preparations
LIDOCAINE / PHENYLEPHRINE,PHENYLEPHRINE,8163,C01CA,C,Adrenergic and dopaminergic agents
LIDOCAINE / PHENYLEPHRINE,PHENYLEPHRINE,8163,C05AX,C,Other agents for treatment of hemorrhoids and anal fissures for topical use
LIDOCAINE / PHENYLEPHRINE,PHENYLEPHRINE,8163,R01AA,R,"Sympathomimetics, plain"
LIDOCAINE / PHENYLEPHRINE,PHENYLEPHRINE,8163,R01AB,R,"Sympathomimetics, combinations excl. corticosteroids"
LIDOCAINE / PHENYLEPHRINE,PHENYLEPHRINE,8163,R01BA,R,Sympathomimetics
LIDOCAINE / PHENYLEPHRINE,PHENYLEPHRINE,8163,S01GA,S,Sympathomimetics used as decongestants
LIDOCAINE / PRILOCAINE,LIDOCAINE,6387,C01BB,C,"Antiarrhythmics, class Ib"
LIDOCAINE / PRILOCAINE,LIDOCAINE,6387,C05AD,C,Local anesthetics
LIDOCAINE / PRILOCAINE,LIDOCAINE,6387,D04AB,D,Anesthetics for topical use
LIDOCAINE / PRILOCAINE,LIDOCAINE,6387,N01BB,N,Amides
LIDOCAINE / PRILOCAINE,LIDOCAINE,6387,R02AD,R,"Anesthetics, local"
LIDOCAINE / PRILOCAINE,LIDOCAINE,6387,S01HA,S,Local anesthetics
LIDOCAINE / PRILOCAINE,LIDOCAINE,6387,S02DA,S,Analgesics and anesthetics
LIDOCAINE / PRILOCAINE,PRILOCAINE,8686,N01BB,N,Amides
LIDOCAINE // ACIDE SALICYLIQUE,LIDOCAINE,6387,C01BB,C,"Antiarrhythmics, class Ib"
LIDOCAINE // ACIDE SALICYLIQUE,LIDOCAINE,6387,C05AD,C,Local anesthetics
LIDOCAINE // ACIDE SALICYLIQUE,LIDOCAINE,6387,D04AB,D,Anesthetics for topical use
LIDOCAINE // ACIDE SALICYLIQUE,LIDOCAINE,6387,N01BB,N,Amides
LIDOCAINE // ACIDE SALICYLIQUE,LIDOCAINE,6387,R02AD,R,"Anesthetics, local"
LIDOCAINE // ACIDE SALICYLIQUE,LIDOCAINE,6387,S01HA,S,Local anesthetics
LIDOCAINE // ACIDE SALICYLIQUE,LIDOCAINE,6387,S02DA,S,Analgesics and anesthetics
LIDOCAINE // ACIDE SALICYLIQUE,ACIDE SALICYLIQUE,,,,
LIDOCAINE // ADRENALINE,LIDOCAINE,6387,C01BB,C,"Antiarrhythmics, class Ib"
LIDOCAINE // ADRENALINE,LIDOCAINE,6387,C05AD,C,Local anesthetics
LIDOCAINE // ADRENALINE,LIDOCAINE,6387,D04AB,D,Anesthetics for topical use
LIDOCAINE // ADRENALINE,LIDOCAINE,6387,N01BB,N,Amides
LIDOCAINE // ADRENALINE,LIDOCAINE,6387,R02AD,R,"Anesthetics, local"
LIDOCAINE // ADRENALINE,LIDOCAINE,6387,S01HA,S,Local anesthetics
LIDOCAINE // ADRENALINE,LIDOCAINE,6387,S02DA,S,Analgesics and anesthetics
LIDOCAINE // ADRENALINE,ADRENALINE,1490053,A01AD,A,Other agents for local oral treatment
LIDOCAINE // ADRENALINE,ADRENALINE,1490053,B02BC,B,Local hemostatics
LIDOCAINE // ADRENALINE,ADRENALINE,1490053,C01CA,C,Adrenergic and dopaminergic agents
LIDOCAINE // ADRENALINE,ADRENALINE,1490053,R01AA,R,"Sympathomimetics, plain"
LIDOCAINE // ADRENALINE,ADRENALINE,1490053,R03AA,R,Alpha- and beta-adrenoreceptor agonists
LIDOCAINE // ADRENALINE,ADRENALINE,1490053,S01EA,S,Sympathomimetics in glaucoma therapy
LIDOCAINE // BENZALKONIUM CHLORURE,LIDOCAINE,6387,C01BB,C,"Antiarrhythmics, class Ib"
LIDOCAINE // BENZALKONIUM CHLORURE,LIDOCAINE,6387,C05AD,C,Local anesthetics
LIDOCAINE // BENZALKONIUM CHLORURE,LIDOCAINE,6387,D04AB,D,Anesthetics for topical use
LIDOCAINE // BENZALKONIUM CHLORURE,LIDOCAINE,6387,N01BB,N,Amides
LIDOCAINE // BENZALKONIUM CHLORURE,LIDOCAINE,6387,R02AD,R,"Anesthetics, local"
LIDOCAINE // BENZALKONIUM CHLORURE,LIDOCAINE,6387,S01HA,S,Local anesthetics
LIDOCAINE // BENZALKONIUM CHLORURE,LIDOCAINE,6387,S02DA,S,Analgesics and anesthetics
LIDOCAINE // BENZALKONIUM CHLORURE,BENZALKONIUM CHLORURE,1378,D08AJ,D,Quaternary ammonium compounds
LIDOCAINE // BENZALKONIUM CHLORURE,BENZALKONIUM CHLORURE,1378,D09AA,D,Medicated dressings with antiinfectives
LIDOCAINE // BENZALKONIUM CHLORURE,BENZALKONIUM CHLORURE,1378,R02AA,R,Antiseptics
LIDOCAINE // NAPHAZOLINE,LIDOCAINE,6387,C01BB,C,"Antiarrhythmics, class Ib"
LIDOCAINE // NAPHAZOLINE,LIDOCAINE,6387,C05AD,C,Local anesthetics
LIDOCAINE // NAPHAZOLINE,LIDOCAINE,6387,D04AB,D,Anesthetics for topical use
LIDOCAINE // NAPHAZOLINE,LIDOCAINE,6387,N01BB,N,Amides
LIDOCAINE // NAPHAZOLINE,LIDOCAINE,6387,R02AD,R,"Anesthetics, local"
LIDOCAINE // NAPHAZOLINE,LIDOCAINE,6387,S01HA,S,Local anesthetics
LIDOCAINE // NAPHAZOLINE,LIDOCAINE,6387,S02DA,S,Analgesics and anesthetics
LIDOCAINE // NAPHAZOLINE,NAPHAZOLINE,7247,R01AA,R,"Sympathomimetics, plain"
LIDOCAINE // NAPHAZOLINE,NAPHAZOLINE,7247,R01AB,R,"Sympathomimetics, combinations excl. corticosteroids"
LIDOCAINE // NAPHAZOLINE,NAPHAZOLINE,7247,S01GA,S,Sympathomimetics used as decongestants
LIDOCAINE // NAPHAZOLINE (NITRATE),LIDOCAINE // NAPHAZOLINE (NITRATE),235810,R01AA,R,"Sympathomimetics, plain"
LIDOCAINE // NAPHAZOLINE (NITRATE),LIDOCAINE // NAPHAZOLINE (NITRATE),235810,R01AB,R,"Sympathomimetics, combinations excl. corticosteroids"
LIDOCAINE // NAPHAZOLINE (NITRATE),LIDOCAINE // NAPHAZOLINE (NITRATE),235810,S01GA,S,Sympathomimetics used as decongestants
LIDOCAINE // NORADRENALINE,LIDOCAINE,6387,C01BB,C,"Antiarrhythmics, class Ib"
LIDOCAINE // NORADRENALINE,LIDOCAINE,6387,C05AD,C,Local anesthetics
LIDOCAINE // NORADRENALINE,LIDOCAINE,6387,D04AB,D,Anesthetics for topical use
LIDOCAINE // NORADRENALINE,LIDOCAINE,6387,N01BB,N,Amides
LIDOCAINE // NORADRENALINE,LIDOCAINE,6387,R02AD,R,"Anesthetics, local"
LIDOCAINE // NORADRENALINE,LIDOCAINE,6387,S01HA,S,Local anesthetics
LIDOCAINE // NORADRENALINE,LIDOCAINE,6387,S02DA,S,Analgesics and anesthetics
LIDOCAINE // NORADRENALINE,NORADRENALINE,2256931,C01CA,C,Adrenergic and dopaminergic agents
LIDOCAINE // PRILOCAINE,LIDOCAINE,6387,C01BB,C,"Antiarrhythmics, class Ib"
LIDOCAINE // PRILOCAINE,LIDOCAINE,6387,C05AD,C,Local anesthetics
LIDOCAINE // PRILOCAINE,LIDOCAINE,6387,D04AB,D,Anesthetics for topical use
LIDOCAINE // PRILOCAINE,LIDOCAINE,6387,N01BB,N,Amides
LIDOCAINE // PRILOCAINE,LIDOCAINE,6387,R02AD,R,"Anesthetics, local"
LIDOCAINE // PRILOCAINE,LIDOCAINE,6387,S01HA,S,Local anesthetics
LIDOCAINE // PRILOCAINE,LIDOCAINE,6387,S02DA,S,Analgesics and anesthetics
LIDOCAINE // PRILOCAINE,PRILOCAINE,8686,N01BB,N,Amides
LIDOCAINE DE BASE // CETRIMIDE,LIDOCAINE DE BASE,4053,D10AF,D,Antiinfectives for treatment of acne
LIDOCAINE DE BASE // CETRIMIDE,LIDOCAINE DE BASE,4053,J01FA,J,Macrolides
LIDOCAINE DE BASE // CETRIMIDE,LIDOCAINE DE BASE,4053,S01AA,S,Antibiotics
LIDOCAINE DE BASE // CETRIMIDE,CETRIMIDE,2284,,,
LIDOCAINE PARAFORMALDEHYDE,LIDOCAINE PARAFORMALDEHYDE,1007239,C01BB,C,"Antiarrhythmics, class Ib"
LIDOCAINE PARAFORMALDEHYDE,LIDOCAINE PARAFORMALDEHYDE,1007239,C05AD,C,Local anesthetics
LIDOCAINE PARAFORMALDEHYDE,LIDOCAINE PARAFORMALDEHYDE,1007239,D04AB,D,Anesthetics for topical use
LIDOCAINE PARAFORMALDEHYDE,LIDOCAINE PARAFORMALDEHYDE,1007239,N01BB,N,Amides
LIDOCAINE PARAFORMALDEHYDE,LIDOCAINE PARAFORMALDEHYDE,1007239,R02AD,R,"Anesthetics, local"
LIDOCAINE PARAFORMALDEHYDE,LIDOCAINE PARAFORMALDEHYDE,1007239,S01HA,S,Local anesthetics
LIDOCAINE PARAFORMALDEHYDE,LIDOCAINE PARAFORMALDEHYDE,1007239,S02DA,S,Analgesics and anesthetics
LIERRE GRIMPANT,LIERRE GRIMPANT,,,,
LIERRE GRIMPANT (EXTRAIT SEC DE FEUILLE),LIERRE GRIMPANT (EXTRAIT SEC DE FEUILLE),2268074,,,
LINAGLIPTINE,LINAGLIPTINE,1100699,A10BH,A,Dipeptidyl peptidase 4 (DPP-4) inhibitors
LINAGLIPTINE,LINAGLIPTINE,1100699,A10BD,A,Combinations of oral blood glucose lowering drugs
LINAGLIPTINE // METFORMINE,LINAGLIPTINE,1100699,A10BH,A,Dipeptidyl peptidase 4 (DPP-4) inhibitors
LINAGLIPTINE // METFORMINE,LINAGLIPTINE,1100699,A10BD,A,Combinations of oral blood glucose lowering drugs
LINAGLIPTINE // METFORMINE,METFORMINE,6809,A10BD,A,Combinations of oral blood glucose lowering drugs
LINAGLIPTINE // METFORMINE,METFORMINE,6809,A10BA,A,Biguanides
LINCOMYCINE,LINCOMYCINE,6398,J01FF,J,Lincosamides
LINCOMYCINE (CHLORHYDRATE),LINCOMYCINE (CHLORHYDRATE),6398,J01FF,J,Lincosamides
LINEZOLIDE,LINEZOLIDE,190376,J01XX,J,Other antibacterials
LIRAGLUTIDE,LIRAGLUTIDE,475968,A10AE,A,"Insulins and analogues for injection, long-acting"
LIRAGLUTIDE,LIRAGLUTIDE,475968,A10BJ,A,Glucagon-like peptide-1 (GLP-1) analogues
LISINOPRIL DIHYDRATE // AMILODIPINE,LISINOPRIL DIHYDRATE,1546022,C09AA,C,"ACE inhibitors, plain"
LISINOPRIL DIHYDRATE // AMILODIPINE,AMILODIPINE,17767,C09XA,C,Renin-inhibitors
LISINOPRIL DIHYDRATE // AMILODIPINE,AMILODIPINE,17767,C09BB,C,ACE inhibitors and calcium channel blockers
LISINOPRIL DIHYDRATE // AMILODIPINE,AMILODIPINE,17767,C08CA,C,Dihydropyridine derivatives
LISINOPRIL DIHYDRATE // AMILODIPINE,AMILODIPINE,17767,C10BX,C,Lipid modifying agents in combination with other drugs
LISINOPRIL DIHYDRATE // AMILODIPINE,AMILODIPINE,17767,C09DB,C,Angiotensin II receptor blockers (ARBs) and calcium channel blockers
LISINOPRIL DIHYDRATE // AMILODIPINE,AMILODIPINE,17767,C09DX,C,"Angiotensin II receptor blockers (ARBs), other combinations"
LITHIUM,LITHIUM,6448,N05AN,N,Lithium
LODOXAMIDE,LODOXAMIDE,52151,S01GX,S,Other antiallergics
LODOXAMIDE // TROMETAMOL,LODOXAMIDE,52151,S01GX,S,Other antiallergics
LODOXAMIDE // TROMETAMOL,TROMETAMOL,10865,B05BB,B,Solutions affecting the electrolyte balance
LODOXAMIDE // TROMETAMOL,TROMETAMOL,10865,B05XX,B,Other i.v. solution additives
LODOXAMIDE TROMETAMOL,LODOXAMIDE TROMETAMOL,28859,S01GX,S,Other antiallergics
LOPERAMIDE,LOPERAMIDE,6468,A07DA,A,Antipropulsives
LOPERAMIDE (CHLORHYDRATE),LOPERAMIDE (CHLORHYDRATE),6468,A07DA,A,Antipropulsives
LOPINAVIR / RITONAVIR,LOPINAVIR,195088,J05AR,J,"Antivirals for treatment of HIV infections, combinations"
LOPINAVIR / RITONAVIR,RITONAVIR,85762,J05AP,J,Antivirals for treatment of HCV infections
LOPINAVIR / RITONAVIR,RITONAVIR,85762,J05AR,J,"Antivirals for treatment of HIV infections, combinations"
LOPINAVIR / RITONAVIR,RITONAVIR,85762,J05AE,J,Protease inhibitors
LOPINAVIR // RITONAVIR,LOPINAVIR,195088,J05AR,J,"Antivirals for treatment of HIV infections, combinations"
LOPINAVIR // RITONAVIR,RITONAVIR,85762,J05AP,J,Antivirals for treatment of HCV infections
LOPINAVIR // RITONAVIR,RITONAVIR,85762,J05AR,J,"Antivirals for treatment of HIV infections, combinations"
LOPINAVIR // RITONAVIR,RITONAVIR,85762,J05AE,J,Protease inhibitors
LORATADINE,LORATADINE,28889,R06AX,R,Other antihistamines for systemic use
LORATADINE / PSEUDOEPHEDRINE,LORATADINE,28889,R06AX,R,Other antihistamines for systemic use
LORATADINE / PSEUDOEPHEDRINE,PSEUDOEPHEDRINE,8896,R01BA,R,Sympathomimetics
LORAZEPAM,LORAZEPAM,6470,N05BA,N,Benzodiazepine derivatives
LORLATINIB,LORLATINIB,2103164,L01ED,L,Anaplastic lymphoma kinase (ALK) inhibitors
LORNOXICAM,LORNOXICAM,20890,M01AC,M,Oxicams
LOSARTAN,LOSARTAN,52175,C09CA,C,"Angiotensin II receptor blockers (ARBs), plain"
LOSARTAN (POTASSIQUE),LOSARTAN (POTASSIQUE),203160,C09CA,C,"Angiotensin II receptor blockers (ARBs), plain"
LOSARTAN / HYDROCHLOROTHIAZIDE,LOSARTAN,52175,C09CA,C,"Angiotensin II receptor blockers (ARBs), plain"
LOSARTAN / HYDROCHLOROTHIAZIDE,HYDROCHLOROTHIAZIDE,5487,C09XA,C,Renin-inhibitors
LOSARTAN / HYDROCHLOROTHIAZIDE,HYDROCHLOROTHIAZIDE,5487,C03AA,C,"Thiazides, plain"
LOSARTAN / HYDROCHLOROTHIAZIDE,HYDROCHLOROTHIAZIDE,5487,C09DX,C,"Angiotensin II receptor blockers (ARBs), other combinations"
LOSARTAN // HYDROCHLOROTHIAZIDE,LOSARTAN,52175,C09CA,C,"Angiotensin II receptor blockers (ARBs), plain"
LOSARTAN // HYDROCHLOROTHIAZIDE,HYDROCHLOROTHIAZIDE,5487,C09XA,C,Renin-inhibitors
LOSARTAN // HYDROCHLOROTHIAZIDE,HYDROCHLOROTHIAZIDE,5487,C03AA,C,"Thiazides, plain"
LOSARTAN // HYDROCHLOROTHIAZIDE,HYDROCHLOROTHIAZIDE,5487,C09DX,C,"Angiotensin II receptor blockers (ARBs), other combinations"
LOSARTAN POTASSIQUE // HYDROCHLOROTHIAZIDE,LOSARTAN POTASSIQUE,203160,C09CA,C,"Angiotensin II receptor blockers (ARBs), plain"
LOSARTAN POTASSIQUE // HYDROCHLOROTHIAZIDE,HYDROCHLOROTHIAZIDE,5487,C09XA,C,Renin-inhibitors
LOSARTAN POTASSIQUE // HYDROCHLOROTHIAZIDE,HYDROCHLOROTHIAZIDE,5487,C03AA,C,"Thiazides, plain"
LOSARTAN POTASSIQUE // HYDROCHLOROTHIAZIDE,HYDROCHLOROTHIAZIDE,5487,C09DX,C,"Angiotensin II receptor blockers (ARBs), other combinations"
LOTEPREDNOL ETABONATE,LOTEPREDNOL ETABONATE,52177,,,
LOTEPREDNOL ETABONATE // TOBRAMYCINE,LOTEPREDNOL ETABONATE,52177,,,
LOTEPREDNOL ETABONATE // TOBRAMYCINE,TOBRAMYCINE,10627,J01GB,J,Other aminoglycosides
LOTEPREDNOL ETABONATE // TOBRAMYCINE,TOBRAMYCINE,10627,S01AA,S,Antibiotics
LUTROPINE ALFA,LUTROPINE ALFA,388084,G03GA,G,Gonadotropins
LUTROPINE ALPHA,LUTROPINE ALPHA,388084,G03GA,G,Gonadotropins
LYMECYCLINE,LYMECYCLINE,6513,J01AA,J,Tetracyclines
LYNESTRENOL,LYNESTRENOL,6529,G03AC,G,Progestogens
LYNESTRENOL,LYNESTRENOL,6529,G03DC,G,Estren derivatives
LYNESTRENOL,LYNESTRENOL,6529,G03AA,G,"Progestogens and estrogens, fixed combinations"
LYNESTRENOL,LYNESTRENOL,6529,G03AB,G,"Progestogens and estrogens, sequential preparations"
LYSOTHRICINE,LYSOTHRICINE,10968,D06AX,D,Other antibiotics for topical use
LYSOTHRICINE,LYSOTHRICINE,10968,R02AB,R,Antibiotics
LYSOTHRICINE,LYSOTHRICINE,10968,S01AA,S,Antibiotics
LYSOZYME,LYSOZYME,1426865,D06BB,D,Antivirals
LYSOZYME,LYSOZYME,1426865,J05AX,J,Other antivirals
LYSOZYME / PAPAINE,LYSOZYME,1426865,D06BB,D,Antivirals
LYSOZYME / PAPAINE,LYSOZYME,1426865,J05AX,J,Other antivirals
LYSOZYME / PAPAINE,PAPAINE,7892,,,
LYSOZYME / PYRIDOXINE (VITAMINE B6),LYSOZYME / PYRIDOXINE (VITAMINE B6),684879,A11HA,A,Other plain vitamin preparations
LYSOZYME // PAPAINE // BACITRACINE // TETRACAINE // VITAMINE B6 (PYRIDOXINE CHLORHYDRATE),LYSOZYME // PAPAINE // BACITRACINE // TETRACAINE // VITAMINE B6 (PYRIDOXINE CHLORHYDRATE),684879,A11HA,A,Other plain vitamin preparations
LYSOZYME // VITAMINE B6 (PYRIDOXINE CHLORHYDRATE),LYSOZYME // VITAMINE B6 (PYRIDOXINE CHLORHYDRATE),684879,A11HA,A,Other plain vitamin preparations
MACITENTAN,MACITENTAN,1442132,C02KX,C,Antihypertensives for pulmonary arterial hypertension
MACROAGREGATS D’ALBUMINE HUMAINE PLASMATIQUE,MACROAGREGATS D’ALBUMINE HUMAINE PLASMATIQUE,828529,,,
MACROGOL 3350,MACROGOL 3350,221147,,,
MACROGOL 3350 // BICARBONATE DE SODIUM // CHLORURE DE SODIUM // CHLORURE DE POTASSUIM,MACROGOL 3350 // BICARBONATE DE SODIUM // CHLORURE DE SODIUM // CHLORURE DE POTASSUIM,6878,V03AB,V,Antidotes
MACROGOL 3350 // BICARBONATE DE SODIUM // CHLORURE DE SODIUM // CHLORURE DE POTASSUIM,MACROGOL 3350 // BICARBONATE DE SODIUM // CHLORURE DE SODIUM // CHLORURE DE POTASSUIM,6878,V04CG,V,Tests for gastric secretion
MACROGOL 3350 // SULFATE DE SODIUM // BICARBONATE DE SODIUM // CHLORURE DE SODIUM // CHLORURE DE POTASSUIM,MACROGOL 3350 // SULFATE DE SODIUM // BICARBONATE DE SODIUM // CHLORURE DE SODIUM // CHLORURE DE POTASSUIM,6878,V03AB,V,Antidotes
MACROGOL 3350 // SULFATE DE SODIUM // BICARBONATE DE SODIUM // CHLORURE DE SODIUM // CHLORURE DE POTASSUIM,MACROGOL 3350 // SULFATE DE SODIUM // BICARBONATE DE SODIUM // CHLORURE DE SODIUM // CHLORURE DE POTASSUIM,6878,V04CG,V,Tests for gastric secretion
MACROGOL 4000,MACROGOL 4000,1310594,,,
MAGNESIUM,MAGNESIUM,6574,,,
MAGNESIUM (ASPARTATE),MAGNESIUM (ASPARTATE),142131,A12CC,A,Magnesium
MAGNESIUM (CARBONATE),MAGNESIUM (CARBONATE),29155,A02AD,A,"Combinations and complexes of aluminium, calcium and magnesium compounds"
MAGNESIUM (CARBONATE),MAGNESIUM (CARBONATE),29155,V03AE,V,Drugs for treatment of hyperkalemia and hyperphosphatemia
MAGNESIUM (CARBONATE),MAGNESIUM (CARBONATE),29155,A02AA,A,Magnesium compounds
MAGNESIUM (CARBONATE),MAGNESIUM (CARBONATE),29155,A06AD,A,Osmotically acting laxatives
MAGNESIUM (GLYCEROPHOSPHATE) // VITAMINE B6 (PYRIDOXINE CHLORHYDRATE),MAGNESIUM (GLYCEROPHOSPHATE) // VITAMINE B6 (PYRIDOXINE CHLORHYDRATE),684879,A11HA,A,Other plain vitamin preparations
MAGNESIUM (HYDROXYDE DE),MAGNESIUM (HYDROXYDE DE),34311,,,
MAGNESIUM (LACTATE DE) DIHYDRATE // MAGNESIUM (PIDOLATE) // VITAMINE B6 (PYRIDOXINE CHLORHYDRATE),MAGNESIUM (LACTATE DE) DIHYDRATE // MAGNESIUM (PIDOLATE) // VITAMINE B6 (PYRIDOXINE CHLORHYDRATE),1008510,A12CC,A,Magnesium
MAGNESIUM (LACTATE DE) DIHYDRATE // VITAMINE B6 (PYRIDOXINE CHLORHYDRATE),MAGNESIUM (LACTATE DE) DIHYDRATE // VITAMINE B6 (PYRIDOXINE CHLORHYDRATE),1008510,A12CC,A,Magnesium
MAGNESIUM (PIDOLATE),MAGNESIUM (PIDOLATE),116240,A12CC,A,Magnesium
MAGNESIUM (SULFATE),MAGNESIUM (SULFATE),6585,A06AD,A,Osmotically acting laxatives
MAGNESIUM (SULFATE),MAGNESIUM (SULFATE),6585,A12CC,A,Magnesium
MAGNESIUM (SULFATE),MAGNESIUM (SULFATE),6585,B05XA,B,Electrolyte solutions
MAGNESIUM (SULFATE),MAGNESIUM (SULFATE),6585,D11AX,D,Other dermatologicals
MAGNESIUM (SULFATE),MAGNESIUM (SULFATE),6585,V04CC,V,Tests for bile duct patency
MAGNESIUM (SULFATE) // SACCHAROMYCES CEREVISIAE,MAGNESIUM (SULFATE) // SACCHAROMYCES CEREVISIAE,9511,,,
MAGNESIUM / PYRIDOXINE (VITAMINE B6),MAGNESIUM / PYRIDOXINE (VITAMINE B6),684879,A11HA,A,Other plain vitamin preparations
MAGNESIUM CHLORURE HEXAHYDRATE // GLUCOSE MONOHYDRATE // SODIUM LACTATE // SODIUM CHLORURE // CALCIUM CHLORURE DIHYDRATE,MAGNESIUM CHLORURE HEXAHYDRATE,221118,A12CC,A,Magnesium
MAGNESIUM CHLORURE HEXAHYDRATE // GLUCOSE MONOHYDRATE // SODIUM LACTATE // SODIUM CHLORURE // CALCIUM CHLORURE DIHYDRATE,MAGNESIUM CHLORURE HEXAHYDRATE,221118,B05XA,B,Electrolyte solutions
MAGNESIUM CHLORURE HEXAHYDRATE // GLUCOSE MONOHYDRATE // SODIUM LACTATE // SODIUM CHLORURE // CALCIUM CHLORURE DIHYDRATE,GLUCOSE MONOHYDRATE,1299920,B05CX,B,Other irrigating solutions
MAGNESIUM CHLORURE HEXAHYDRATE // GLUCOSE MONOHYDRATE // SODIUM LACTATE // SODIUM CHLORURE // CALCIUM CHLORURE DIHYDRATE,GLUCOSE MONOHYDRATE,1299920,V04CA,V,Tests for diabetes
MAGNESIUM CHLORURE HEXAHYDRATE // GLUCOSE MONOHYDRATE // SODIUM LACTATE // SODIUM CHLORURE // CALCIUM CHLORURE DIHYDRATE,GLUCOSE MONOHYDRATE,1299920,V06DC,V,Carbohydrates
MAGNESIUM CHLORURE HEXAHYDRATE // GLUCOSE MONOHYDRATE // SODIUM LACTATE // SODIUM CHLORURE // CALCIUM CHLORURE DIHYDRATE,SODIUM LACTATE,56489,,,
MAGNESIUM CHLORURE HEXAHYDRATE // GLUCOSE MONOHYDRATE // SODIUM LACTATE // SODIUM CHLORURE // CALCIUM CHLORURE DIHYDRATE,SODIUM CHLORURE,1366921,,,
MAGNESIUM CHLORURE HEXAHYDRATE // GLUCOSE MONOHYDRATE // SODIUM LACTATE // SODIUM CHLORURE // CALCIUM CHLORURE DIHYDRATE,CALCIUM CHLORURE DIHYDRATE,1542454,,,
MAGNESIUM PIDOLATE,MAGNESIUM PIDOLATE,116240,A12CC,A,Magnesium
MAGNESIUM SULFATE,MAGNESIUM SULFATE,6585,A06AD,A,Osmotically acting laxatives
MAGNESIUM SULFATE,MAGNESIUM SULFATE,6585,A12CC,A,Magnesium
MAGNESIUM SULFATE,MAGNESIUM SULFATE,6585,B05XA,B,Electrolyte solutions
MAGNESIUM SULFATE,MAGNESIUM SULFATE,6585,D11AX,D,Other dermatologicals
MAGNESIUM SULFATE,MAGNESIUM SULFATE,6585,V04CC,V,Tests for bile duct patency
MAGNESIUM SULFATE / LEVURE CEREVISIAE,MAGNESIUM SULFATE,6585,A06AD,A,Osmotically acting laxatives
MAGNESIUM SULFATE / LEVURE CEREVISIAE,MAGNESIUM SULFATE,6585,A12CC,A,Magnesium
MAGNESIUM SULFATE / LEVURE CEREVISIAE,MAGNESIUM SULFATE,6585,B05XA,B,Electrolyte solutions
MAGNESIUM SULFATE / LEVURE CEREVISIAE,MAGNESIUM SULFATE,6585,D11AX,D,Other dermatologicals
MAGNESIUM SULFATE / LEVURE CEREVISIAE,MAGNESIUM SULFATE,6585,V04CC,V,Tests for bile duct patency
MAGNESIUM SULFATE / LEVURE CEREVISIAE,LEVURE CEREVISIAE,9511,,,
MALEATE D'INDACATEROL,MALEATE D'INDACATEROL,1114325,R03AC,R,Selective beta-2-adrenoreceptor agonists
MALEATE DE CHLORPHENAMINE,MALEATE DE CHLORPHENAMINE,142429,R06AB,R,Substituted alkylamines
MANGANESE,MANGANESE,6623,,,
MANIDIPINE,MANIDIPINE,29275,C08CA,C,Dihydropyridine derivatives
MANIDIPINE (CHLORHYDRATE),MANIDIPINE (CHLORHYDRATE),29275,C08CA,C,Dihydropyridine derivatives
MANNITOL,MANNITOL,6628,A06AD,A,Osmotically acting laxatives
MANNITOL,MANNITOL,6628,B05BC,B,Solutions producing osmotic diuresis
MANNITOL,MANNITOL,6628,B05CX,B,Other irrigating solutions
MANNITOL,MANNITOL,6628,R05CB,R,Mucolytics
MANNITOL,MANNITOL,6628,V04CX,V,Other diagnostic agents
MAPROTILINE,MAPROTILINE,6646,N06AA,N,Non-selective monoamine reuptake inhibitors
MAPROTILINE (CHLORHYDRATE),MAPROTILINE (CHLORHYDRATE),6646,N06AA,N,Non-selective monoamine reuptake inhibitors
MARAVIROC,MARAVIROC,620216,J05AX,J,Other antivirals
MEBENDAZOLE,MEBENDAZOLE,6672,P02CA,P,Benzimidazole derivatives
MEBEVERINE,MEBEVERINE,29410,A03AA,A,"Synthetic anticholinergics, esters with tertiary amino group"
MEBEVERINE (CHLORHYDRATE),MEBEVERINE (CHLORHYDRATE),29410,A03AA,A,"Synthetic anticholinergics, esters with tertiary amino group"
MECLOZINE (CHLORHYDRATE ),MECLOZINE (CHLORHYDRATE ),6676,R06AE,R,Piperazine derivatives
MEDROGESTONE,MEDROGESTONE,6690,G03DB,G,Pregnadien derivatives
MEDROXYPROGESTERONE,MEDROXYPROGESTERONE,6691,G03AA,G,"Progestogens and estrogens, fixed combinations"
MEDROXYPROGESTERONE,MEDROXYPROGESTERONE,6691,G03AC,G,Progestogens
MEDROXYPROGESTERONE,MEDROXYPROGESTERONE,6691,G03DA,G,Pregnen (4) derivatives
MEDROXYPROGESTERONE,MEDROXYPROGESTERONE,6691,L02AB,L,Progestogens
MEDROXYPROGESTERONE (ACETATE),MEDROXYPROGESTERONE (ACETATE),1000112,G03AA,G,"Progestogens and estrogens, fixed combinations"
MEDROXYPROGESTERONE (ACETATE),MEDROXYPROGESTERONE (ACETATE),1000112,G03AC,G,Progestogens
MEDROXYPROGESTERONE (ACETATE),MEDROXYPROGESTERONE (ACETATE),1000112,G03DA,G,Pregnen (4) derivatives
MEDROXYPROGESTERONE (ACETATE),MEDROXYPROGESTERONE (ACETATE),1000112,L02AB,L,Progestogens
MELANGE DE GOUDRON,MELANGE DE GOUDRON,260039,,,
MELANGE DE GOUDRON // ZINC PYRITHIONE,MELANGE DE GOUDRON,260039,,,
MELANGE DE GOUDRON // ZINC PYRITHIONE,ZINC PYRITHIONE,39952,D11AX,D,Other dermatologicals
MELOXICAM,MELOXICAM,41493,N01BB,N,Amides
MELOXICAM,MELOXICAM,41493,M01AC,M,Oxicams
MELPHALAN,MELPHALAN,6718,L01AA,L,Nitrogen mustard analogues
MELPHALAN (CHLORHYDRATE),MELPHALAN (CHLORHYDRATE),6718,L01AA,L,Nitrogen mustard analogues
MEMANTINE,MEMANTINE,6719,N06DA,N,Anticholinesterases
MEMANTINE,MEMANTINE,6719,N06DX,N,Other anti-dementia drugs
MEMANTINE (CHLORHYDRATE),MEMANTINE (CHLORHYDRATE),6719,N06DA,N,Anticholinesterases
MEMANTINE (CHLORHYDRATE),MEMANTINE (CHLORHYDRATE),6719,N06DX,N,Other anti-dementia drugs
MEMANTINE HYDROCHLORHDRATE,MEMANTINE HYDROCHLORHDRATE,6719,N06DA,N,Anticholinesterases
MEMANTINE HYDROCHLORHDRATE,MEMANTINE HYDROCHLORHDRATE,6719,N06DX,N,Other anti-dementia drugs
MEMANTINE HYDROCHLORHYDE,MEMANTINE HYDROCHLORHYDE,6719,N06DA,N,Anticholinesterases
MEMANTINE HYDROCHLORHYDE,MEMANTINE HYDROCHLORHYDE,6719,N06DX,N,Other anti-dementia drugs
MENOTROPINE,MENOTROPINE,1424,N04AC,N,Ethers of tropine or tropine derivatives
MEPHENESINE,MEPHENESINE,6755,M03BX,M,Other centrally acting agents
MEPIVACAINE,MEPIVACAINE,6759,N01BB,N,Amides
MEPIVACAINE (CHLORHYDRATE),MEPIVACAINE (CHLORHYDRATE),6759,N01BB,N,Amides
MEPIVACAINE (CHLORHYDRATE) // ADRENALINE,MEPIVACAINE (CHLORHYDRATE) // ADRENALINE,1490053,A01AD,A,Other agents for local oral treatment
MEPIVACAINE (CHLORHYDRATE) // ADRENALINE,MEPIVACAINE (CHLORHYDRATE) // ADRENALINE,1490053,B02BC,B,Local hemostatics
MEPIVACAINE (CHLORHYDRATE) // ADRENALINE,MEPIVACAINE (CHLORHYDRATE) // ADRENALINE,1490053,C01CA,C,Adrenergic and dopaminergic agents
MEPIVACAINE (CHLORHYDRATE) // ADRENALINE,MEPIVACAINE (CHLORHYDRATE) // ADRENALINE,1490053,R01AA,R,"Sympathomimetics, plain"
MEPIVACAINE (CHLORHYDRATE) // ADRENALINE,MEPIVACAINE (CHLORHYDRATE) // ADRENALINE,1490053,R03AA,R,Alpha- and beta-adrenoreceptor agonists
MEPIVACAINE (CHLORHYDRATE) // ADRENALINE,MEPIVACAINE (CHLORHYDRATE) // ADRENALINE,1490053,S01EA,S,Sympathomimetics in glaucoma therapy
MEPIVACAINE (CHLORHYDRATE) // NORADRENALINE,MEPIVACAINE (CHLORHYDRATE) // NORADRENALINE,6759,N01BB,N,Amides
MEPROBAMATE,MEPROBAMATE,6760,N05BC,N,Carbamates
MEQUINOL,MEQUINOL,15080,D11AX,D,Other dermatologicals
MEQUITAZINE,MEQUITAZINE,29528,R06AD,R,Phenothiazine derivatives
MERCAPTOPURINE,MERCAPTOPURINE,103,L01BB,L,Purine analogues
MEROPENEME,MEROPENEME,29561,J01DH,J,Carbapenems
MEROPENEME TRIHYDRATE,MEROPENEME TRIHYDRATE,29561,J01DH,J,Carbapenems
MESALAZINE,MESALAZINE,52582,A07EC,A,Aminosalicylic acid and similar agents
MESNA,MESNA,44,R05CB,R,Mucolytics
MESNA,MESNA,44,V03AF,V,Detoxifying agents for antineoplastic treatment
MESTEROLONE,MESTEROLONE,6781,G03BB,G,5-androstanon (3) derivatives
MESYLATE DE GEMIFLOXACINE,MESYLATE DE GEMIFLOXACINE,402429,J01MA,J,Fluoroquinolones
METACYCLINE,METACYCLINE,6812,J01AA,J,Tetracyclines
METAMIZOLE,METAMIZOLE,3523,N02BB,N,Pyrazolones
METAMIZOLE (SODIQUE),METAMIZOLE (SODIQUE),3523,N02BB,N,Pyrazolones
METFORMINE,METFORMINE,6809,A10BD,A,Combinations of oral blood glucose lowering drugs
METFORMINE,METFORMINE,6809,A10BA,A,Biguanides
METFORMINE (CHLORHYDRATE),METFORMINE (CHLORHYDRATE),6809,A10BD,A,Combinations of oral blood glucose lowering drugs
METFORMINE (CHLORHYDRATE),METFORMINE (CHLORHYDRATE),6809,A10BA,A,Biguanides
METFORMINE (EMBONATE),METFORMINE (EMBONATE),6809,A10BD,A,Combinations of oral blood glucose lowering drugs
METFORMINE (EMBONATE),METFORMINE (EMBONATE),6809,A10BA,A,Biguanides
METFORMINE / GLIBENCLAMIDE,METFORMINE,6809,A10BD,A,Combinations of oral blood glucose lowering drugs
METFORMINE / GLIBENCLAMIDE,METFORMINE,6809,A10BA,A,Biguanides
METFORMINE / GLIBENCLAMIDE,GLIBENCLAMIDE,4815,A10BB,A,Sulfonylureas
METFORMINE // GLIBENCLAMIDE,METFORMINE,6809,A10BD,A,Combinations of oral blood glucose lowering drugs
METFORMINE // GLIBENCLAMIDE,METFORMINE,6809,A10BA,A,Biguanides
METFORMINE // GLIBENCLAMIDE,GLIBENCLAMIDE,4815,A10BB,A,Sulfonylureas
METFORMINE // SAXAGLIPTINE,METFORMINE,6809,A10BD,A,Combinations of oral blood glucose lowering drugs
METFORMINE // SAXAGLIPTINE,METFORMINE,6809,A10BA,A,Biguanides
METFORMINE // SAXAGLIPTINE,SAXAGLIPTINE,857974,A10BD,A,Combinations of oral blood glucose lowering drugs
METFORMINE // SAXAGLIPTINE,SAXAGLIPTINE,857974,A10BH,A,Dipeptidyl peptidase 4 (DPP-4) inhibitors
METHADONE (CHLORHYDRATE),METHADONE (CHLORHYDRATE),6813,N07BC,N,Drugs used in opioid dependence
METHOCARBAMOL,METHOCARBAMOL,6845,M03BA,M,Carbamic acid esters
METHOTREXATE,METHOTREXATE,6851,L01BA,L,Folic acid analogues
METHOTREXATE,METHOTREXATE,6851,L04AX,L,Other immunosuppressants
METHOXSALENE,METHOXSALENE,6854,D05AD,D,Psoralens for topical use
METHOXSALENE,METHOXSALENE,6854,D05BA,D,Psoralens for systemic use
METHOXYPOLYETHYLENE GLYCOL EPOETINE BETA,METHOXYPOLYETHYLENE GLYCOL EPOETINE BETA,729596,B03XA,B,Other antianemic preparations
METHOXYSALICYLATE DETHYLE,METHOXYSALICYLATE DETHYLE,1551457,,,
METHYLDOPA,METHYLDOPA,6876,C02AB,C,Methyldopa
METHYLERGOMETRINE,METHYLERGOMETRINE,6883,G02AB,G,Ergot alkaloids
METHYLPHENIDATE (CHLORHYDRATE),METHYLPHENIDATE (CHLORHYDRATE),6901,N06BA,N,Centrally acting sympathomimetics
METHYLPOLYSILOXANE,METHYLPOLYSILOXANE,9796,,,
METHYLPREDNISOLONE,METHYLPREDNISOLONE,6902,D07AC,D,"Corticosteroids, potent (group III)"
METHYLPREDNISOLONE,METHYLPREDNISOLONE,6902,D07AA,D,"Corticosteroids, weak (group I)"
METHYLPREDNISOLONE,METHYLPREDNISOLONE,6902,D10AA,D,"Corticosteroids, combinations for treatment of acne"
METHYLPREDNISOLONE,METHYLPREDNISOLONE,6902,H02AB,H,Glucocorticoids
METHYLPREDNISOLONE (HYDROGENOSUCCINATE SODIQUE),METHYLPREDNISOLONE (HYDROGENOSUCCINATE SODIQUE),6902,D07AC,D,"Corticosteroids, potent (group III)"
METHYLPREDNISOLONE (HYDROGENOSUCCINATE SODIQUE),METHYLPREDNISOLONE (HYDROGENOSUCCINATE SODIQUE),6902,D07AA,D,"Corticosteroids, weak (group I)"
METHYLPREDNISOLONE (HYDROGENOSUCCINATE SODIQUE),METHYLPREDNISOLONE (HYDROGENOSUCCINATE SODIQUE),6902,D10AA,D,"Corticosteroids, combinations for treatment of acne"
METHYLPREDNISOLONE (HYDROGENOSUCCINATE SODIQUE),METHYLPREDNISOLONE (HYDROGENOSUCCINATE SODIQUE),6902,H02AB,H,Glucocorticoids
METHYLTHIONIMIUM (HYDROXYDE) // NAPHAZOLINE (NITRATE),METHYLTHIONIMIUM (HYDROXYDE) // NAPHAZOLINE (NITRATE),235810,R01AA,R,"Sympathomimetics, plain"
METHYLTHIONIMIUM (HYDROXYDE) // NAPHAZOLINE (NITRATE),METHYLTHIONIMIUM (HYDROXYDE) // NAPHAZOLINE (NITRATE),235810,R01AB,R,"Sympathomimetics, combinations excl. corticosteroids"
METHYLTHIONIMIUM (HYDROXYDE) // NAPHAZOLINE (NITRATE),METHYLTHIONIMIUM (HYDROXYDE) // NAPHAZOLINE (NITRATE),235810,S01GA,S,Sympathomimetics used as decongestants
METHYLTHIONINIUM HYDROXYDE,METHYLTHIONINIUM HYDROXYDE,1546414,V03AB,V,Antidotes
METHYLTHIONINIUM HYDROXYDE,METHYLTHIONINIUM HYDROXYDE,1546414,V04CG,V,Tests for gastric secretion
METHYLTHIONINIUM HYDROXYDE / NAPHAZOLINE,METHYLTHIONINIUM HYDROXYDE,1546414,V03AB,V,Antidotes
METHYLTHIONINIUM HYDROXYDE / NAPHAZOLINE,METHYLTHIONINIUM HYDROXYDE,1546414,V04CG,V,Tests for gastric secretion
METHYLTHIONINIUM HYDROXYDE / NAPHAZOLINE,NAPHAZOLINE,7247,R01AA,R,"Sympathomimetics, plain"
METHYLTHIONINIUM HYDROXYDE / NAPHAZOLINE,NAPHAZOLINE,7247,R01AB,R,"Sympathomimetics, combinations excl. corticosteroids"
METHYLTHIONINIUM HYDROXYDE / NAPHAZOLINE,NAPHAZOLINE,7247,S01GA,S,Sympathomimetics used as decongestants
METOCLOPRAMIDE,METOCLOPRAMIDE,6915,A03FA,A,Propulsives
METOPIMAZINE,METOPIMAZINE,29954,A04AD,A,Other antiemetics
METOPROLOL,METOPROLOL,6918,C07FB,C,Beta blocking agents and calcium channel blockers
METOPROLOL,METOPROLOL,6918,C07AB,C,"Beta blocking agents, selective"
METRONIDAZOLE,METRONIDAZOLE,6922,A02BD,A,Combinations for eradication of Helicobacter pylori
METRONIDAZOLE,METRONIDAZOLE,6922,P01AB,P,Nitroimidazole derivatives
METRONIDAZOLE,METRONIDAZOLE,6922,J01RA,J,Combinations of antibacterials
METRONIDAZOLE,METRONIDAZOLE,6922,A01AB,A,Antiinfectives and antiseptics for local oral treatment
METRONIDAZOLE,METRONIDAZOLE,6922,D06BX,D,Other chemotherapeutics
METRONIDAZOLE,METRONIDAZOLE,6922,G01AF,G,Imidazole derivatives
METRONIDAZOLE,METRONIDAZOLE,6922,J01XD,J,Imidazole derivatives
MEZALAZINE,MEZALAZINE,,,,
MIANSERINE,MIANSERINE,6929,N06AX,N,Other antidepressants
MIANSERINE (CHLORHYDRATE),MIANSERINE (CHLORHYDRATE),6929,N06AX,N,Other antidepressants
MICAFUNGINE,MICAFUNGINE,325887,J02AX,J,Other antimycotics for systemic use
MICONAZOLE,MICONAZOLE,6932,A01AB,A,Antiinfectives and antiseptics for local oral treatment
MICONAZOLE,MICONAZOLE,6932,A07AC,A,Imidazole derivatives
MICONAZOLE,MICONAZOLE,6932,D01AC,D,Imidazole and triazole derivatives
MICONAZOLE,MICONAZOLE,6932,G01AF,G,Imidazole derivatives
MICONAZOLE,MICONAZOLE,6932,J02AB,J,Imidazole derivatives
MICONAZOLE,MICONAZOLE,6932,S02AA,S,Antiinfectives
MICONAZOLE NITRATE,MICONAZOLE NITRATE,42790,A01AB,A,Antiinfectives and antiseptics for local oral treatment
MICONAZOLE NITRATE,MICONAZOLE NITRATE,42790,A07AC,A,Imidazole derivatives
MICONAZOLE NITRATE,MICONAZOLE NITRATE,42790,D01AC,D,Imidazole and triazole derivatives
MICONAZOLE NITRATE,MICONAZOLE NITRATE,42790,G01AF,G,Imidazole derivatives
MICONAZOLE NITRATE,MICONAZOLE NITRATE,42790,J02AB,J,Imidazole derivatives
MICONAZOLE NITRATE,MICONAZOLE NITRATE,42790,S02AA,S,Antiinfectives
MIDAZOLAM,MIDAZOLAM,6960,N05CD,N,Benzodiazepine derivatives
MIDOSTAURINE,MIDOSTAURINE,1919083,L01EX,L,Other protein kinase inhibitors
MILNACIPRAN,MILNACIPRAN,588250,N06AX,N,Other antidepressants
MILRINONE,MILRINONE,52769,C01CE,C,Phosphodiesterase inhibitors
MINOCYCLINE,MINOCYCLINE,6980,A01AB,A,Antiinfectives and antiseptics for local oral treatment
MINOCYCLINE,MINOCYCLINE,6980,D10AF,D,Antiinfectives for treatment of acne
MINOCYCLINE,MINOCYCLINE,6980,J01AA,J,Tetracyclines
MINOCYCLINE BASE,MINOCYCLINE BASE,6980,A01AB,A,Antiinfectives and antiseptics for local oral treatment
MINOCYCLINE BASE,MINOCYCLINE BASE,6980,D10AF,D,Antiinfectives for treatment of acne
MINOCYCLINE BASE,MINOCYCLINE BASE,6980,J01AA,J,Tetracyclines
MINOXIDIL,MINOXIDIL,6984,C02DC,C,Pyrimidine derivatives
MINOXIDIL,MINOXIDIL,6984,D11AX,D,Other dermatologicals
MIOCAMYCINE,MIOCAMYCINE,6985,J01FA,J,Macrolides
MIRABEGRON,MIRABEGRON,1300786,G04BD,G,Drugs for urinary frequency and incontinence
MIRTAZAPINE,MIRTAZAPINE,15996,N06AX,N,Other antidepressants
MISOPROSTOL,MISOPROSTOL,42331,M01AE,M,Propionic acid derivatives
MISOPROSTOL,MISOPROSTOL,42331,A02BB,A,Prostaglandins
MISOPROSTOL,MISOPROSTOL,42331,G02AD,G,Prostaglandins
MITOXANTRONE,MITOXANTRONE,7005,L01DB,L,Anthracyclines and related substances
MITOXANTRONE (HYDROCHLORIDE),MITOXANTRONE (HYDROCHLORIDE),203129,L01DB,L,Anthracyclines and related substances
MIVACURIUM,MIVACURIUM,30077,M03AC,M,Other quaternary ammonium compounds
MIVACURIUM (CHLORURE),MIVACURIUM (CHLORURE),30077,M03AC,M,Other quaternary ammonium compounds
MODAFINIL,MODAFINIL,30125,N06BA,N,Centrally acting sympathomimetics
MOLSIDOMINE,MOLSIDOMINE,7023,C01DX,C,Other vasodilators used in cardiac diseases
MOLYBDATE (99MO) DE SODIUM // PERTECHNETATE (99M TC) DE SODIUM,MOLYBDATE (99MO) DE SODIUM // PERTECHNETATE (99M TC) DE SODIUM,10349,,,
MOMETASONE,MOMETASONE,108118,R03AK,R,"Adrenergics in combination with corticosteroids or other drugs, excl. anticholinergics"
MOMETASONE,MOMETASONE,108118,D07AC,D,"Corticosteroids, potent (group III)"
MOMETASONE,MOMETASONE,108118,D07XC,D,"Corticosteroids, potent, other combinations"
MOMETASONE,MOMETASONE,108118,R01AD,R,Corticosteroids
MOMETASONE,MOMETASONE,108118,R03BA,R,Glucocorticoids
MOMETASONE (FUROATE),MOMETASONE (FUROATE),30145,R03AK,R,"Adrenergics in combination with corticosteroids or other drugs, excl. anticholinergics"
MOMETASONE (FUROATE),MOMETASONE (FUROATE),30145,D07AC,D,"Corticosteroids, potent (group III)"
MOMETASONE (FUROATE),MOMETASONE (FUROATE),30145,D07XC,D,"Corticosteroids, potent, other combinations"
MOMETASONE (FUROATE),MOMETASONE (FUROATE),30145,R01AD,R,Corticosteroids
MOMETASONE (FUROATE),MOMETASONE (FUROATE),30145,R03BA,R,Glucocorticoids
MOMETASONE (FUROATE) // FORMETEROL (FUROATE),MOMETASONE (FUROATE) // FORMETEROL (FUROATE),30145,R03AK,R,"Adrenergics in combination with corticosteroids or other drugs, excl. anticholinergics"
MOMETASONE (FUROATE) // FORMETEROL (FUROATE),MOMETASONE (FUROATE) // FORMETEROL (FUROATE),30145,D07AC,D,"Corticosteroids, potent (group III)"
MOMETASONE (FUROATE) // FORMETEROL (FUROATE),MOMETASONE (FUROATE) // FORMETEROL (FUROATE),30145,D07XC,D,"Corticosteroids, potent, other combinations"
MOMETASONE (FUROATE) // FORMETEROL (FUROATE),MOMETASONE (FUROATE) // FORMETEROL (FUROATE),30145,R01AD,R,Corticosteroids
MOMETASONE (FUROATE) // FORMETEROL (FUROATE),MOMETASONE (FUROATE) // FORMETEROL (FUROATE),30145,R03BA,R,Glucocorticoids
MONOFLUORO PHOSPHATE (DE SODIUM) // FLUORURE DE SODIUM,MONOFLUORO PHOSPHATE (DE SODIUM) // FLUORURE DE SODIUM,36679,,,
MONOFLUOROPHOSPHATE DE SODIUM,MONOFLUOROPHOSPHATE DE SODIUM,56501,A01AA,A,Caries prophylactic agents
MONOFLUOROPHOSPHATE DE SODIUM,MONOFLUOROPHOSPHATE DE SODIUM,56501,A12CD,A,Fluoride
MONTELUKAST,MONTELUKAST,88249,R03DC,R,Leukotriene receptor antagonists
MONTELUKAST SODIQUE,MONTELUKAST SODIQUE,88249,R03DC,R,Leukotriene receptor antagonists
MONTMORILLONITE BEIDELLITIQUE,MONTMORILLONITE BEIDELLITIQUE,1425919,,,
MONTMORILLONITE BEIDELLITIQUE // GOMME GUAR (E412,MONTMORILLONITE BEIDELLITIQUE // GOMME GUAR (E412,1425919,,,
MORNIFLUMATE,MORNIFLUMATE,30225,M01AX,M,"Other antiinflammatory and antirheumatic agents, non-steroids"
MOROCTOCOG ALFA,MOROCTOCOG ALFA,1300485,B02BD,B,Blood coagulation factors
MORPHINE,MORPHINE,7052,N02AA,N,Natural opium alkaloids
MORPHINE (SULFATE),MORPHINE (SULFATE),30236,N02AA,N,Natural opium alkaloids
MOXIFLOXACINE,MOXIFLOXACINE,139462,J01MA,J,Fluoroquinolones
MOXIFLOXACINE,MOXIFLOXACINE,139462,S01AE,S,Fluoroquinolones
MOXIFLOXACINE (CHLORHYDRATE),MOXIFLOXACINE (CHLORHYDRATE),139462,J01MA,J,Fluoroquinolones
MOXIFLOXACINE (CHLORHYDRATE),MOXIFLOXACINE (CHLORHYDRATE),139462,S01AE,S,Fluoroquinolones
MULTIPLE,MULTIPLE,,,,
MULTIVITAMINES ET MINERAUX,MULTIVITAMINES ET MINERAUX,6972,A06AA,A,"Softeners, emollients"
MUPIROCINE,MUPIROCINE,42372,D06AX,D,Other antibiotics for topical use
MUPIROCINE,MUPIROCINE,42372,R01AX,R,Other nasal preparations
"MYCOBACTERIUM BOVIS BCG, SOUCHE DANOISE 1331, ATTENUEE","MYCOBACTERIUM BOVIS BCG, SOUCHE DANOISE 1331, ATTENUEE",1320629,,,
MYCOPHENOLATE,MYCOPHENOLATE,265323,,,
MYCOPHENOLATE (SODIUM),MYCOPHENOLATE (SODIUM),408142,,,
MYCOPHENOLATE MOFETIL,MYCOPHENOLATE MOFETIL,68149,,,
N-ACETYLCYSTEINE,N-ACETYLCYSTEINE,197,R05CB,R,Mucolytics
N-ACETYLCYSTEINE,N-ACETYLCYSTEINE,197,S01XA,S,Other ophthalmologicals
N-ACETYLCYSTEINE,N-ACETYLCYSTEINE,197,V03AB,V,Antidotes
N-BUTYL HYOSCINE,N-BUTYL HYOSCINE,19900,,,
NADROPARINE,NADROPARINE,67031,B01AB,B,Heparin group
NADROPARINE CALCIQUE,NADROPARINE CALCIQUE,67031,B01AB,B,Heparin group
NAFTIDROFURYL,NAFTIDROFURYL,7236,C04AX,C,Other peripheral vasodilators
NAFTIDROFURYL (OXALATE ACIDE),NAFTIDROFURYL (OXALATE ACIDE),7237,C04AX,C,Other peripheral vasodilators
NAFTIFINE,NAFTIFINE,31476,D01AE,D,Other antifungals for topical use
NALBUPHINE,NALBUPHINE,7238,N02AF,N,Morphinan derivatives
NALOXONE,NALOXONE,7242,N02AX,N,Other opioids
NALOXONE,NALOXONE,7242,N02AA,N,Natural opium alkaloids
NALOXONE,NALOXONE,7242,N02AD,N,Benzomorphan derivatives
NALOXONE,NALOXONE,7242,A06AH,A,Peripheral opioid receptor antagonists
NALOXONE,NALOXONE,7242,V03AB,V,Antidotes
NANDROLONE,NANDROLONE,7244,A14AB,A,Estren derivatives
NANDROLONE,NANDROLONE,7244,S01XA,S,Other ophthalmologicals
NAPHAZOLINE,NAPHAZOLINE,7247,R01AA,R,"Sympathomimetics, plain"
NAPHAZOLINE,NAPHAZOLINE,7247,R01AB,R,"Sympathomimetics, combinations excl. corticosteroids"
NAPHAZOLINE,NAPHAZOLINE,7247,S01GA,S,Sympathomimetics used as decongestants
NAPROXENE,NAPROXENE,7258,M01AE,M,Propionic acid derivatives
NAPROXENE,NAPROXENE,7258,G02CC,G,Antiinflammatory products for vaginal administration
NAPROXENE,NAPROXENE,7258,M02AA,M,"Antiinflammatory preparations, non-steroids for topical use"
NAPROXENE,NAPROXENE,7258,N02CC,N,Selective serotonin (5HT1) agonists
NAPROXENE (SODIQUE),NAPROXENE (SODIQUE),7258,M01AE,M,Propionic acid derivatives
NAPROXENE (SODIQUE),NAPROXENE (SODIQUE),7258,G02CC,G,Antiinflammatory products for vaginal administration
NAPROXENE (SODIQUE),NAPROXENE (SODIQUE),7258,M02AA,M,"Antiinflammatory preparations, non-steroids for topical use"
NAPROXENE (SODIQUE),NAPROXENE (SODIQUE),7258,N02CC,N,Selective serotonin (5HT1) agonists
NARATRIPTAN,NARATRIPTAN,141366,N02CC,N,Selective serotonin (5HT1) agonists
NATALIZUMAB,NATALIZUMAB,354770,L04AG,L,Monoclonal antibodies
NATAMYCINE,NATAMYCINE,7268,A01AB,A,Antiinfectives and antiseptics for local oral treatment
NATAMYCINE,NATAMYCINE,7268,A07AA,A,Antibiotics
NATAMYCINE,NATAMYCINE,7268,D01AA,D,Antibiotics
NATAMYCINE,NATAMYCINE,7268,G01AA,G,Antibiotics
NATAMYCINE,NATAMYCINE,7268,S01AA,S,Antibiotics
NATAMYCINE / NEOMYCINE,NATAMYCINE,7268,A01AB,A,Antiinfectives and antiseptics for local oral treatment
NATAMYCINE / NEOMYCINE,NATAMYCINE,7268,A07AA,A,Antibiotics
NATAMYCINE / NEOMYCINE,NATAMYCINE,7268,D01AA,D,Antibiotics
NATAMYCINE / NEOMYCINE,NATAMYCINE,7268,G01AA,G,Antibiotics
NATAMYCINE / NEOMYCINE,NATAMYCINE,7268,S01AA,S,Antibiotics
NATAMYCINE / NEOMYCINE,NEOMYCINE,7299,A01AB,A,Antiinfectives and antiseptics for local oral treatment
NATAMYCINE / NEOMYCINE,NEOMYCINE,7299,A07AA,A,Antibiotics
NATAMYCINE / NEOMYCINE,NEOMYCINE,7299,B05CA,B,Antiinfectives
NATAMYCINE / NEOMYCINE,NEOMYCINE,7299,D06AX,D,Other antibiotics for topical use
NATAMYCINE / NEOMYCINE,NEOMYCINE,7299,J01GB,J,Other aminoglycosides
NATAMYCINE / NEOMYCINE,NEOMYCINE,7299,R02AB,R,Antibiotics
NATAMYCINE / NEOMYCINE,NEOMYCINE,7299,S01AA,S,Antibiotics
NATAMYCINE / NEOMYCINE,NEOMYCINE,7299,S02AA,S,Antiinfectives
NATAMYCINE / NEOMYCINE,NEOMYCINE,7299,S03AA,S,Antiinfectives
NATEGLINIDE,NATEGLINIDE,274332,A10BX,A,"Other blood glucose lowering drugs, excl. insulins"
NEBIVOLOL,NEBIVOLOL,31555,C09DX,C,"Angiotensin II receptor blockers (ARBs), other combinations"
NEBIVOLOL,NEBIVOLOL,31555,C07AB,C,"Beta blocking agents, selective"
NEBIVOLOL (CHLORHYDRATE),NEBIVOLOL (CHLORHYDRATE),31555,C09DX,C,"Angiotensin II receptor blockers (ARBs), other combinations"
NEBIVOLOL (CHLORHYDRATE),NEBIVOLOL (CHLORHYDRATE),31555,C07AB,C,"Beta blocking agents, selective"
NEBIVOLOL HYDROCHLORIDE,NEBIVOLOL HYDROCHLORIDE,236883,C07AB,C,"Beta blocking agents, selective"
NEFOPAM,NEFOPAM,7285,N02BG,N,Other analgesics and antipyretics
NELFINAVIR,NELFINAVIR,134527,J05AE,J,Protease inhibitors
NEOMYCINE,NEOMYCINE,7299,A01AB,A,Antiinfectives and antiseptics for local oral treatment
NEOMYCINE,NEOMYCINE,7299,A07AA,A,Antibiotics
NEOMYCINE,NEOMYCINE,7299,B05CA,B,Antiinfectives
NEOMYCINE,NEOMYCINE,7299,D06AX,D,Other antibiotics for topical use
NEOMYCINE,NEOMYCINE,7299,J01GB,J,Other aminoglycosides
NEOMYCINE,NEOMYCINE,7299,R02AB,R,Antibiotics
NEOMYCINE,NEOMYCINE,7299,S01AA,S,Antibiotics
NEOMYCINE,NEOMYCINE,7299,S02AA,S,Antiinfectives
NEOMYCINE,NEOMYCINE,7299,S03AA,S,Antiinfectives
NEOMYCINE (SULFATE) // POLYMYXINE B (SULFATE),NEOMYCINE (SULFATE) // POLYMYXINE B (SULFATE),466541,A01AB,A,Antiinfectives and antiseptics for local oral treatment
NEOMYCINE (SULFATE) // POLYMYXINE B (SULFATE),NEOMYCINE (SULFATE) // POLYMYXINE B (SULFATE),466541,A07AA,A,Antibiotics
NEOMYCINE (SULFATE) // POLYMYXINE B (SULFATE),NEOMYCINE (SULFATE) // POLYMYXINE B (SULFATE),466541,B05CA,B,Antiinfectives
NEOMYCINE (SULFATE) // POLYMYXINE B (SULFATE),NEOMYCINE (SULFATE) // POLYMYXINE B (SULFATE),466541,D06AX,D,Other antibiotics for topical use
NEOMYCINE (SULFATE) // POLYMYXINE B (SULFATE),NEOMYCINE (SULFATE) // POLYMYXINE B (SULFATE),466541,J01GB,J,Other aminoglycosides
NEOMYCINE (SULFATE) // POLYMYXINE B (SULFATE),NEOMYCINE (SULFATE) // POLYMYXINE B (SULFATE),466541,R02AB,R,Antibiotics
NEOMYCINE (SULFATE) // POLYMYXINE B (SULFATE),NEOMYCINE (SULFATE) // POLYMYXINE B (SULFATE),466541,S01AA,S,Antibiotics
NEOMYCINE (SULFATE) // POLYMYXINE B (SULFATE),NEOMYCINE (SULFATE) // POLYMYXINE B (SULFATE),466541,S02AA,S,Antiinfectives
NEOMYCINE (SULFATE) // POLYMYXINE B (SULFATE),NEOMYCINE (SULFATE) // POLYMYXINE B (SULFATE),466541,S03AA,S,Antiinfectives
NEOMYCINE (SULFATE) // POLYMYXINE B (SULFATE),NEOMYCINE (SULFATE) // POLYMYXINE B (SULFATE),466541,J01XB,J,Polymyxins
NEOMYCINE (SULFATE) // POLYMYXINE B (SULFATE) // DEXAMETHASONE,NEOMYCINE (SULFATE) // POLYMYXINE B (SULFATE) // DEXAMETHASONE,216525,A01AC,A,Corticosteroids for local oral treatment
NEOMYCINE (SULFATE) // POLYMYXINE B (SULFATE) // DEXAMETHASONE,NEOMYCINE (SULFATE) // POLYMYXINE B (SULFATE) // DEXAMETHASONE,216525,C05AA,C,Corticosteroids
NEOMYCINE (SULFATE) // POLYMYXINE B (SULFATE) // DEXAMETHASONE,NEOMYCINE (SULFATE) // POLYMYXINE B (SULFATE) // DEXAMETHASONE,216525,D07AB,D,"Corticosteroids, moderately potent (group II)"
NEOMYCINE (SULFATE) // POLYMYXINE B (SULFATE) // DEXAMETHASONE,NEOMYCINE (SULFATE) // POLYMYXINE B (SULFATE) // DEXAMETHASONE,216525,D07XB,D,"Corticosteroids, moderately potent, other combinations"
NEOMYCINE (SULFATE) // POLYMYXINE B (SULFATE) // DEXAMETHASONE,NEOMYCINE (SULFATE) // POLYMYXINE B (SULFATE) // DEXAMETHASONE,216525,D10AA,D,"Corticosteroids, combinations for treatment of acne"
NEOMYCINE (SULFATE) // POLYMYXINE B (SULFATE) // DEXAMETHASONE,NEOMYCINE (SULFATE) // POLYMYXINE B (SULFATE) // DEXAMETHASONE,216525,H02AB,H,Glucocorticoids
NEOMYCINE (SULFATE) // POLYMYXINE B (SULFATE) // DEXAMETHASONE,NEOMYCINE (SULFATE) // POLYMYXINE B (SULFATE) // DEXAMETHASONE,216525,R01AD,R,Corticosteroids
NEOMYCINE (SULFATE) // POLYMYXINE B (SULFATE) // DEXAMETHASONE,NEOMYCINE (SULFATE) // POLYMYXINE B (SULFATE) // DEXAMETHASONE,216525,S01BA,S,"Corticosteroids, plain"
NEOMYCINE (SULFATE) // POLYMYXINE B (SULFATE) // DEXAMETHASONE,NEOMYCINE (SULFATE) // POLYMYXINE B (SULFATE) // DEXAMETHASONE,216525,S01CB,S,Corticosteroids/antiinfectives/mydriatics in combination
NEOMYCINE (SULFATE) // POLYMYXINE B (SULFATE) // DEXAMETHASONE,NEOMYCINE (SULFATE) // POLYMYXINE B (SULFATE) // DEXAMETHASONE,216525,S02BA,S,Corticosteroids
NEOMYCINE (SULFATE) // POLYMYXINE B (SULFATE) // DEXAMETHASONE,NEOMYCINE (SULFATE) // POLYMYXINE B (SULFATE) // DEXAMETHASONE,216525,S03BA,S,Corticosteroids
NEOMYCINE (SULFATE) // POLYMYXINE B (SULFATE) // DEXAMETHASONE,NEOMYCINE (SULFATE) // POLYMYXINE B (SULFATE) // DEXAMETHASONE,216525,A01AB,A,Antiinfectives and antiseptics for local oral treatment
NEOMYCINE (SULFATE) // POLYMYXINE B (SULFATE) // DEXAMETHASONE,NEOMYCINE (SULFATE) // POLYMYXINE B (SULFATE) // DEXAMETHASONE,216525,A07AA,A,Antibiotics
NEOMYCINE (SULFATE) // POLYMYXINE B (SULFATE) // DEXAMETHASONE,NEOMYCINE (SULFATE) // POLYMYXINE B (SULFATE) // DEXAMETHASONE,216525,B05CA,B,Antiinfectives
NEOMYCINE (SULFATE) // POLYMYXINE B (SULFATE) // DEXAMETHASONE,NEOMYCINE (SULFATE) // POLYMYXINE B (SULFATE) // DEXAMETHASONE,216525,D06AX,D,Other antibiotics for topical use
NEOMYCINE (SULFATE) // POLYMYXINE B (SULFATE) // DEXAMETHASONE,NEOMYCINE (SULFATE) // POLYMYXINE B (SULFATE) // DEXAMETHASONE,216525,J01GB,J,Other aminoglycosides
NEOMYCINE (SULFATE) // POLYMYXINE B (SULFATE) // DEXAMETHASONE,NEOMYCINE (SULFATE) // POLYMYXINE B (SULFATE) // DEXAMETHASONE,216525,R02AB,R,Antibiotics
NEOMYCINE (SULFATE) // POLYMYXINE B (SULFATE) // DEXAMETHASONE,NEOMYCINE (SULFATE) // POLYMYXINE B (SULFATE) // DEXAMETHASONE,216525,S01AA,S,Antibiotics
NEOMYCINE (SULFATE) // POLYMYXINE B (SULFATE) // DEXAMETHASONE,NEOMYCINE (SULFATE) // POLYMYXINE B (SULFATE) // DEXAMETHASONE,216525,S02AA,S,Antiinfectives
NEOMYCINE (SULFATE) // POLYMYXINE B (SULFATE) // DEXAMETHASONE,NEOMYCINE (SULFATE) // POLYMYXINE B (SULFATE) // DEXAMETHASONE,216525,S03AA,S,Antiinfectives
NEOMYCINE (SULFATE) // POLYMYXINE B (SULFATE) // DEXAMETHASONE,NEOMYCINE (SULFATE) // POLYMYXINE B (SULFATE) // DEXAMETHASONE,216525,J01XB,J,Polymyxins
NEOMYCINE (SULFATE) // POLYMYXINE B (SULFATE) // FLUOCINOLONE,NEOMYCINE (SULFATE) // POLYMYXINE B (SULFATE) // FLUOCINOLONE,388,A07AA,A,Antibiotics
NEOMYCINE (SULFATE) // POLYMYXINE B (SULFATE) // FLUOCINOLONE,NEOMYCINE (SULFATE) // POLYMYXINE B (SULFATE) // FLUOCINOLONE,388,J01XB,J,Polymyxins
NEOMYCINE (SULFATE) // POLYMYXINE B (SULFATE) // FLUOCINOLONE,NEOMYCINE (SULFATE) // POLYMYXINE B (SULFATE) // FLUOCINOLONE,388,S01AA,S,Antibiotics
NEOMYCINE (SULFATE) // POLYMYXINE B (SULFATE) // FLUOCINOLONE,NEOMYCINE (SULFATE) // POLYMYXINE B (SULFATE) // FLUOCINOLONE,388,S02AA,S,Antiinfectives
NEOMYCINE (SULFATE) // POLYMYXINE B (SULFATE) // FLUOCINOLONE,NEOMYCINE (SULFATE) // POLYMYXINE B (SULFATE) // FLUOCINOLONE,388,S03AA,S,Antiinfectives
NEOMYCINE (SULFATE) // POLYMYXINE B (SULFATE) // NYSTATINE,NEOMYCINE (SULFATE) // POLYMYXINE B (SULFATE) // NYSTATINE,388,A07AA,A,Antibiotics
NEOMYCINE (SULFATE) // POLYMYXINE B (SULFATE) // NYSTATINE,NEOMYCINE (SULFATE) // POLYMYXINE B (SULFATE) // NYSTATINE,388,J01XB,J,Polymyxins
NEOMYCINE (SULFATE) // POLYMYXINE B (SULFATE) // NYSTATINE,NEOMYCINE (SULFATE) // POLYMYXINE B (SULFATE) // NYSTATINE,388,S01AA,S,Antibiotics
NEOMYCINE (SULFATE) // POLYMYXINE B (SULFATE) // NYSTATINE,NEOMYCINE (SULFATE) // POLYMYXINE B (SULFATE) // NYSTATINE,388,S02AA,S,Antiinfectives
NEOMYCINE (SULFATE) // POLYMYXINE B (SULFATE) // NYSTATINE,NEOMYCINE (SULFATE) // POLYMYXINE B (SULFATE) // NYSTATINE,388,S03AA,S,Antiinfectives
NEOMYCINE / DEXAMETHASONE,NEOMYCINE,7299,A01AB,A,Antiinfectives and antiseptics for local oral treatment
NEOMYCINE / DEXAMETHASONE,NEOMYCINE,7299,A07AA,A,Antibiotics
NEOMYCINE / DEXAMETHASONE,NEOMYCINE,7299,B05CA,B,Antiinfectives
NEOMYCINE / DEXAMETHASONE,NEOMYCINE,7299,D06AX,D,Other antibiotics for topical use
NEOMYCINE / DEXAMETHASONE,NEOMYCINE,7299,J01GB,J,Other aminoglycosides
NEOMYCINE / DEXAMETHASONE,NEOMYCINE,7299,R02AB,R,Antibiotics
NEOMYCINE / DEXAMETHASONE,NEOMYCINE,7299,S01AA,S,Antibiotics
NEOMYCINE / DEXAMETHASONE,NEOMYCINE,7299,S02AA,S,Antiinfectives
NEOMYCINE / DEXAMETHASONE,NEOMYCINE,7299,S03AA,S,Antiinfectives
NEOMYCINE / DEXAMETHASONE,DEXAMETHASONE,3264,A01AC,A,Corticosteroids for local oral treatment
NEOMYCINE / DEXAMETHASONE,DEXAMETHASONE,3264,C05AA,C,Corticosteroids
NEOMYCINE / DEXAMETHASONE,DEXAMETHASONE,3264,D07AB,D,"Corticosteroids, moderately potent (group II)"
NEOMYCINE / DEXAMETHASONE,DEXAMETHASONE,3264,D07XB,D,"Corticosteroids, moderately potent, other combinations"
NEOMYCINE / DEXAMETHASONE,DEXAMETHASONE,3264,D10AA,D,"Corticosteroids, combinations for treatment of acne"
NEOMYCINE / DEXAMETHASONE,DEXAMETHASONE,3264,H02AB,H,Glucocorticoids
NEOMYCINE / DEXAMETHASONE,DEXAMETHASONE,3264,R01AD,R,Corticosteroids
NEOMYCINE / DEXAMETHASONE,DEXAMETHASONE,3264,S01BA,S,"Corticosteroids, plain"
NEOMYCINE / DEXAMETHASONE,DEXAMETHASONE,3264,S01CB,S,Corticosteroids/antiinfectives/mydriatics in combination
NEOMYCINE / DEXAMETHASONE,DEXAMETHASONE,3264,S02BA,S,Corticosteroids
NEOMYCINE / DEXAMETHASONE,DEXAMETHASONE,3264,S03BA,S,Corticosteroids
NEOMYCINE / HYDROCORTISONE,NEOMYCINE,7299,A01AB,A,Antiinfectives and antiseptics for local oral treatment
NEOMYCINE / HYDROCORTISONE,NEOMYCINE,7299,A07AA,A,Antibiotics
NEOMYCINE / HYDROCORTISONE,NEOMYCINE,7299,B05CA,B,Antiinfectives
NEOMYCINE / HYDROCORTISONE,NEOMYCINE,7299,D06AX,D,Other antibiotics for topical use
NEOMYCINE / HYDROCORTISONE,NEOMYCINE,7299,J01GB,J,Other aminoglycosides
NEOMYCINE / HYDROCORTISONE,NEOMYCINE,7299,R02AB,R,Antibiotics
NEOMYCINE / HYDROCORTISONE,NEOMYCINE,7299,S01AA,S,Antibiotics
NEOMYCINE / HYDROCORTISONE,NEOMYCINE,7299,S02AA,S,Antiinfectives
NEOMYCINE / HYDROCORTISONE,NEOMYCINE,7299,S03AA,S,Antiinfectives
NEOMYCINE / HYDROCORTISONE,HYDROCORTISONE,5492,D07AB,D,"Corticosteroids, moderately potent (group II)"
NEOMYCINE / HYDROCORTISONE,HYDROCORTISONE,5492,D07AC,D,"Corticosteroids, potent (group III)"
NEOMYCINE / HYDROCORTISONE,HYDROCORTISONE,5492,A01AC,A,Corticosteroids for local oral treatment
NEOMYCINE / HYDROCORTISONE,HYDROCORTISONE,5492,A07EA,A,Corticosteroids acting locally
NEOMYCINE / HYDROCORTISONE,HYDROCORTISONE,5492,C05AA,C,Corticosteroids
NEOMYCINE / HYDROCORTISONE,HYDROCORTISONE,5492,D07AA,D,"Corticosteroids, weak (group I)"
NEOMYCINE / HYDROCORTISONE,HYDROCORTISONE,5492,D07XA,D,"Corticosteroids, weak, other combinations"
NEOMYCINE / HYDROCORTISONE,HYDROCORTISONE,5492,H02AB,H,Glucocorticoids
NEOMYCINE / HYDROCORTISONE,HYDROCORTISONE,5492,S01BA,S,"Corticosteroids, plain"
NEOMYCINE / HYDROCORTISONE,HYDROCORTISONE,5492,S01CB,S,Corticosteroids/antiinfectives/mydriatics in combination
NEOMYCINE / HYDROCORTISONE,HYDROCORTISONE,5492,S02BA,S,Corticosteroids
NEOMYCINE / NYSTATINE,NEOMYCINE,7299,A01AB,A,Antiinfectives and antiseptics for local oral treatment
NEOMYCINE / NYSTATINE,NEOMYCINE,7299,A07AA,A,Antibiotics
NEOMYCINE / NYSTATINE,NEOMYCINE,7299,B05CA,B,Antiinfectives
NEOMYCINE / NYSTATINE,NEOMYCINE,7299,D06AX,D,Other antibiotics for topical use
NEOMYCINE / NYSTATINE,NEOMYCINE,7299,J01GB,J,Other aminoglycosides
NEOMYCINE / NYSTATINE,NEOMYCINE,7299,R02AB,R,Antibiotics
NEOMYCINE / NYSTATINE,NEOMYCINE,7299,S01AA,S,Antibiotics
NEOMYCINE / NYSTATINE,NEOMYCINE,7299,S02AA,S,Antiinfectives
NEOMYCINE / NYSTATINE,NEOMYCINE,7299,S03AA,S,Antiinfectives
NEOMYCINE / NYSTATINE,NYSTATINE,7597,J01RA,J,Combinations of antibacterials
NEOMYCINE / NYSTATINE,NYSTATINE,7597,A07AA,A,Antibiotics
NEOMYCINE / NYSTATINE,NYSTATINE,7597,D01AA,D,Antibiotics
NEOMYCINE / NYSTATINE,NYSTATINE,7597,G01AA,G,Antibiotics
NEOMYCINE / POLYMYXINE B,NEOMYCINE,7299,A01AB,A,Antiinfectives and antiseptics for local oral treatment
NEOMYCINE / POLYMYXINE B,NEOMYCINE,7299,A07AA,A,Antibiotics
NEOMYCINE / POLYMYXINE B,NEOMYCINE,7299,B05CA,B,Antiinfectives
NEOMYCINE / POLYMYXINE B,NEOMYCINE,7299,D06AX,D,Other antibiotics for topical use
NEOMYCINE / POLYMYXINE B,NEOMYCINE,7299,J01GB,J,Other aminoglycosides
NEOMYCINE / POLYMYXINE B,NEOMYCINE,7299,R02AB,R,Antibiotics
NEOMYCINE / POLYMYXINE B,NEOMYCINE,7299,S01AA,S,Antibiotics
NEOMYCINE / POLYMYXINE B,NEOMYCINE,7299,S02AA,S,Antiinfectives
NEOMYCINE / POLYMYXINE B,NEOMYCINE,7299,S03AA,S,Antiinfectives
NEOMYCINE / POLYMYXINE B,POLYMYXINE B,8536,A07AA,A,Antibiotics
NEOMYCINE / POLYMYXINE B,POLYMYXINE B,8536,J01XB,J,Polymyxins
NEOMYCINE / POLYMYXINE B,POLYMYXINE B,8536,S01AA,S,Antibiotics
NEOMYCINE / POLYMYXINE B,POLYMYXINE B,8536,S02AA,S,Antiinfectives
NEOMYCINE / POLYMYXINE B,POLYMYXINE B,8536,S03AA,S,Antiinfectives
NEOSTIGMINE,NEOSTIGMINE,7315,N07AA,N,Anticholinesterases
NEOSTIGMINE,NEOSTIGMINE,7315,S01EB,S,Parasympathomimetics
NEOSTIGMINE (METHYLSULFATE),NEOSTIGMINE (METHYLSULFATE),7316,N07AA,N,Anticholinesterases
NEOSTIGMINE (METHYLSULFATE),NEOSTIGMINE (METHYLSULFATE),7316,S01EB,S,Parasympathomimetics
NERATINIB,NERATINIB,1940643,L01EH,L,Human epidermal growth factor receptor 2 (HER2) tyrosine kinase inhibitors
NERATINIB (MALEATE),NERATINIB (MALEATE),1940642,L01EH,L,Human epidermal growth factor receptor 2 (HER2) tyrosine kinase inhibitors
NETAKIMAB,NETAKIMAB,,,,
NETILMICINE,NETILMICINE,7337,J01GB,J,Other aminoglycosides
NETILMICINE,NETILMICINE,7337,S01AA,S,Antibiotics
NETUPITAN // PALONOSETRON,NETUPITAN,1552337,,,
NETUPITAN // PALONOSETRON,PALONOSETRON,70561,A04AA,A,Serotonin (5HT3) antagonists
NEVIRAPINE,NEVIRAPINE,53654,J05AG,J,Non-nucleoside reverse transcriptase inhibitors
NEVIRAPINE,NEVIRAPINE,53654,J05AR,J,"Antivirals for treatment of HIV infections, combinations"
NIAOULI,NIAOULI,1309375,,,
NIAOULI / GRINDELIA / GELSEMIUM,NIAOULI,1309375,,,
NIAOULI / GRINDELIA / GELSEMIUM,GRINDELIA,2043451,,,
NIAOULI / GRINDELIA / GELSEMIUM,GELSEMIUM,1493692,,,
NIAOULI / THYM,NIAOULI,1309375,,,
NIAOULI / THYM,THYM,,,,
NICARDIPINE,NICARDIPINE,7396,C08CA,C,Dihydropyridine derivatives
NICARDIPINE (CHLORHYDRATE),NICARDIPINE (CHLORHYDRATE),7396,C08CA,C,Dihydropyridine derivatives
NICLOSAMIDE,NICLOSAMIDE,7402,P02DA,P,Salicylic acid derivatives
NICORANDIL,NICORANDIL,31748,C01DX,C,Other vasodilators used in cardiac diseases
NICOTINAMIDE,NICOTINAMIDE,7405,A11HA,A,Other plain vitamin preparations
NICOTINAMIDE (VIT PP),NICOTINAMIDE (VIT PP),7405,A11HA,A,Other plain vitamin preparations
NICOTINE,NICOTINE,7407,N07BA,N,Drugs used in nicotine dependence
NIFEDIPINE,NIFEDIPINE,7417,C07FB,C,Beta blocking agents and calcium channel blockers
NIFEDIPINE,NIFEDIPINE,7417,C08CA,C,Dihydropyridine derivatives
NIFEDIPINE / ATENOLOL,NIFEDIPINE,7417,C07FB,C,Beta blocking agents and calcium channel blockers
NIFEDIPINE / ATENOLOL,NIFEDIPINE,7417,C08CA,C,Dihydropyridine derivatives
NIFEDIPINE / ATENOLOL,ATENOLOL,1202,C07AB,C,"Beta blocking agents, selective"
NIFEDIPINE / ATENOLOL,ATENOLOL,1202,C07FB,C,Beta blocking agents and calcium channel blockers
NIFEDIPINE // ATENOLOL,NIFEDIPINE,7417,C07FB,C,Beta blocking agents and calcium channel blockers
NIFEDIPINE // ATENOLOL,NIFEDIPINE,7417,C08CA,C,Dihydropyridine derivatives
NIFEDIPINE // ATENOLOL,ATENOLOL,1202,C07AB,C,"Beta blocking agents, selective"
NIFEDIPINE // ATENOLOL,ATENOLOL,1202,C07FB,C,Beta blocking agents and calcium channel blockers
NIFURATEL // NYSTATINE,NIFURATEL,7419,G01AX,G,Other antiinfectives and antiseptics
NIFURATEL // NYSTATINE,NYSTATINE,7597,J01RA,J,Combinations of antibacterials
NIFURATEL // NYSTATINE,NYSTATINE,7597,A07AA,A,Antibiotics
NIFURATEL // NYSTATINE,NYSTATINE,7597,D01AA,D,Antibiotics
NIFURATEL // NYSTATINE,NYSTATINE,7597,G01AA,G,Antibiotics
NIFUROXAZIDE,NIFUROXAZIDE,31782,A07AX,A,Other intestinal antiinfectives
NIFURTOINOL,NIFURTOINOL,,,,
NILOTINIB,NILOTINIB,662281,L01EA,L,BCR-ABL tyrosine kinase inhibitors
NIMESULIDE,NIMESULIDE,53694,M01AX,M,"Other antiinflammatory and antirheumatic agents, non-steroids"
NIMESULIDE,NIMESULIDE,53694,M02AA,M,"Antiinflammatory preparations, non-steroids for topical use"
NIMODIPINE,NIMODIPINE,7426,C08CA,C,Dihydropyridine derivatives
NINTEDANIB ESILATE,NINTEDANIB ESILATE,1592736,L01EX,L,Other protein kinase inhibitors
NITISINONE,NITISINONE,61805,A16AX,A,Various alimentary tract and metabolism products
NITRENDIPINE,NITRENDIPINE,7441,C08CA,C,Dihydropyridine derivatives
NITROFURANTOINE,NITROFURANTOINE,7454,J01XE,J,Nitrofuran derivatives
NITROXOLINE,NITROXOLINE,31901,J01XX,J,Other antibacterials
NOMEGESTROL (ACETATE),NOMEGESTROL (ACETATE),53744,G03DB,G,Pregnadien derivatives
NONACOG ALFA (FACTEUR IX DE COAGULATION RECOMBINANT),NONACOG ALFA (FACTEUR IX DE COAGULATION RECOMBINANT),1300488,B02BD,B,Blood coagulation factors
NORADRENALINE,NORADRENALINE,2256931,C01CA,C,Adrenergic and dopaminergic agents
NORDAZEPAM,NORDAZEPAM,3155,N05BA,N,Benzodiazepine derivatives
NORETHISTERONE,NORETHISTERONE,4129,G03DC,G,Estren derivatives
NORETHISTERONE / ETHINYLESTRADIOL,NORETHISTERONE,4129,G03DC,G,Estren derivatives
NORETHISTERONE / ETHINYLESTRADIOL,ETHINYLESTRADIOL,4124,G03AA,G,"Progestogens and estrogens, fixed combinations"
NORETHISTERONE / ETHINYLESTRADIOL,ETHINYLESTRADIOL,4124,G03AB,G,"Progestogens and estrogens, sequential preparations"
NORETHISTERONE / ETHINYLESTRADIOL,ETHINYLESTRADIOL,4124,G03CA,G,"Natural and semisynthetic estrogens, plain"
NORETHISTERONE / ETHINYLESTRADIOL,ETHINYLESTRADIOL,4124,L02AA,L,Estrogens
NORETHISTERONE // ETHINYLESTRADIOL,NORETHISTERONE,4129,G03DC,G,Estren derivatives
NORETHISTERONE // ETHINYLESTRADIOL,ETHINYLESTRADIOL,4124,G03AA,G,"Progestogens and estrogens, fixed combinations"
NORETHISTERONE // ETHINYLESTRADIOL,ETHINYLESTRADIOL,4124,G03AB,G,"Progestogens and estrogens, sequential preparations"
NORETHISTERONE // ETHINYLESTRADIOL,ETHINYLESTRADIOL,4124,G03CA,G,"Natural and semisynthetic estrogens, plain"
NORETHISTERONE // ETHINYLESTRADIOL,ETHINYLESTRADIOL,4124,L02AA,L,Estrogens
NORFLOXACINE,NORFLOXACINE,7517,J01MA,J,Fluoroquinolones
NORFLOXACINE,NORFLOXACINE,7517,S01AE,S,Fluoroquinolones
NORGESTREL,NORGESTREL,7518,,,
NORGESTREL / ETHINYLESTRADIOL,NORGESTREL,7518,,,
NORGESTREL / ETHINYLESTRADIOL,ETHINYLESTRADIOL,4124,G03AA,G,"Progestogens and estrogens, fixed combinations"
NORGESTREL / ETHINYLESTRADIOL,ETHINYLESTRADIOL,4124,G03AB,G,"Progestogens and estrogens, sequential preparations"
NORGESTREL / ETHINYLESTRADIOL,ETHINYLESTRADIOL,4124,G03CA,G,"Natural and semisynthetic estrogens, plain"
NORGESTREL / ETHINYLESTRADIOL,ETHINYLESTRADIOL,4124,L02AA,L,Estrogens
NORGESTREL // ETHINYLESTRADIOL,NORGESTREL,7518,,,
NORGESTREL // ETHINYLESTRADIOL,ETHINYLESTRADIOL,4124,G03AA,G,"Progestogens and estrogens, fixed combinations"
NORGESTREL // ETHINYLESTRADIOL,ETHINYLESTRADIOL,4124,G03AB,G,"Progestogens and estrogens, sequential preparations"
NORGESTREL // ETHINYLESTRADIOL,ETHINYLESTRADIOL,4124,G03CA,G,"Natural and semisynthetic estrogens, plain"
NORGESTREL // ETHINYLESTRADIOL,ETHINYLESTRADIOL,4124,L02AA,L,Estrogens
NYSTATINE,NYSTATINE,7597,J01RA,J,Combinations of antibacterials
NYSTATINE,NYSTATINE,7597,A07AA,A,Antibiotics
NYSTATINE,NYSTATINE,7597,D01AA,D,Antibiotics
NYSTATINE,NYSTATINE,7597,G01AA,G,Antibiotics
OBINUTUZUMAB,OBINUTUZUMAB,974779,L01FA,L,CD20 (Clusters of Differentiation 20) inhibitors
OCRELIZUMAB,OCRELIZUMAB,1876366,L04AG,L,Monoclonal antibodies
OCTOCOG ALFA,OCTOCOG ALFA,1300486,B02BD,B,Blood coagulation factors
OCTOCOG ALFA (RFVIII),OCTOCOG ALFA (RFVIII),1300486,B02BD,B,Blood coagulation factors
OCTOCOG ALPHA (FVIII RECOMBINANT),OCTOCOG ALPHA (FVIII RECOMBINANT),2176733,,,
OCTREOTIDE,OCTREOTIDE,7617,H01CB,H,Somatostatin and analogues
OESTRADIOL,OESTRADIOL,4083,G03CA,G,"Natural and semisynthetic estrogens, plain"
OESTRADIOL,OESTRADIOL,4083,G03AA,G,"Progestogens and estrogens, fixed combinations"
OESTRADIOL,OESTRADIOL,4083,G03AB,G,"Progestogens and estrogens, sequential preparations"
OFATUMUMAB,OFATUMUMAB,712566,L01FA,L,CD20 (Clusters of Differentiation 20) inhibitors
OFATUMUMAB,OFATUMUMAB,712566,L04AG,L,Monoclonal antibodies
OFLOXACINE,OFLOXACINE,7623,J01MA,J,Fluoroquinolones
OFLOXACINE,OFLOXACINE,7623,S01AE,S,Fluoroquinolones
OFLOXACINE,OFLOXACINE,7623,S02AA,S,Antiinfectives
OLANZAPINE,OLANZAPINE,61381,N05AH,N,"Diazepines, oxazepines, thiazepines and oxepines"
OLAPARIB,OLAPARIB,1597582,L01XK,L,Poly (ADP-ribose) polymerase (PARP) inhibitors
OLAPATADINE,OLAPATADINE,135391,R01AC,R,"Antiallergic agents, excl. corticosteroids"
OLAPATADINE,OLAPATADINE,135391,S01GX,S,Other antiallergics
OLIPUDASE ALFA,OLIPUDASE ALFA,2610407,A16AB,A,Enzymes
OLIVIER,OLIVIER,,,,
OLMESARTAN,OLMESARTAN,321064,C09CA,C,"Angiotensin II receptor blockers (ARBs), plain"
OLMESARTAN / HYDROCHLOROTHIAZIDE,OLMESARTAN,321064,C09CA,C,"Angiotensin II receptor blockers (ARBs), plain"
OLMESARTAN / HYDROCHLOROTHIAZIDE,HYDROCHLOROTHIAZIDE,5487,C09XA,C,Renin-inhibitors
OLMESARTAN / HYDROCHLOROTHIAZIDE,HYDROCHLOROTHIAZIDE,5487,C03AA,C,"Thiazides, plain"
OLMESARTAN / HYDROCHLOROTHIAZIDE,HYDROCHLOROTHIAZIDE,5487,C09DX,C,"Angiotensin II receptor blockers (ARBs), other combinations"
OLMESARTAN MEDOXOMIL,OLMESARTAN MEDOXOMIL,118463,C09CA,C,"Angiotensin II receptor blockers (ARBs), plain"
OLMESARTAN MEDOXOMIL // HYDROCHLOROTHIAZIDE,OLMESARTAN MEDOXOMIL,118463,C09CA,C,"Angiotensin II receptor blockers (ARBs), plain"
OLMESARTAN MEDOXOMIL // HYDROCHLOROTHIAZIDE,HYDROCHLOROTHIAZIDE,5487,C09XA,C,Renin-inhibitors
OLMESARTAN MEDOXOMIL // HYDROCHLOROTHIAZIDE,HYDROCHLOROTHIAZIDE,5487,C03AA,C,"Thiazides, plain"
OLMESARTAN MEDOXOMIL // HYDROCHLOROTHIAZIDE,HYDROCHLOROTHIAZIDE,5487,C09DX,C,"Angiotensin II receptor blockers (ARBs), other combinations"
OLODATEROL,OLODATEROL,1546059,R03AC,R,Selective beta-2-adrenoreceptor agonists
OLOPATADINE,OLOPATADINE,135391,R01AC,R,"Antiallergic agents, excl. corticosteroids"
OLOPATADINE,OLOPATADINE,135391,S01GX,S,Other antiallergics
OLOPATADINE (CHLORHYDRATE),OLOPATADINE (CHLORHYDRATE),135391,R01AC,R,"Antiallergic agents, excl. corticosteroids"
OLOPATADINE (CHLORHYDRATE),OLOPATADINE (CHLORHYDRATE),135391,S01GX,S,Other antiallergics
OLOPATADINE HYDROCHLORIDE,OLOPATADINE HYDROCHLORIDE,236599,R01AC,R,"Antiallergic agents, excl. corticosteroids"
OLOPATADINE HYDROCHLORIDE,OLOPATADINE HYDROCHLORIDE,236599,S01GX,S,Other antiallergics
OMALIZUMAB,OMALIZUMAB,302379,R03DX,R,Other systemic drugs for obstructive airway diseases
OMBITASVIR // PARITAPREVIR // RITONAVIR,OMBITASVIR,1597371,J05AP,J,Antivirals for treatment of HCV infections
OMBITASVIR // PARITAPREVIR // RITONAVIR,PARITAPREVIR,1597373,J05AP,J,Antivirals for treatment of HCV infections
OMBITASVIR // PARITAPREVIR // RITONAVIR,RITONAVIR,85762,J05AP,J,Antivirals for treatment of HCV infections
OMBITASVIR // PARITAPREVIR // RITONAVIR,RITONAVIR,85762,J05AR,J,"Antivirals for treatment of HIV infections, combinations"
OMBITASVIR // PARITAPREVIR // RITONAVIR,RITONAVIR,85762,J05AE,J,Protease inhibitors
OMEPRAZOLE,OMEPRAZOLE,7646,A02BD,A,Combinations for eradication of Helicobacter pylori
OMEPRAZOLE,OMEPRAZOLE,7646,A02BC,A,Proton pump inhibitors
OMEPRAZOLE / BICARBONATE DE SODIUM,OMEPRAZOLE,7646,A02BD,A,Combinations for eradication of Helicobacter pylori
OMEPRAZOLE / BICARBONATE DE SODIUM,OMEPRAZOLE,7646,A02BC,A,Proton pump inhibitors
OMEPRAZOLE / BICARBONATE DE SODIUM,BICARBONATE DE SODIUM,36676,B05CB,B,Salt solutions
OMEPRAZOLE / BICARBONATE DE SODIUM,BICARBONATE DE SODIUM,36676,B05XA,B,Electrolyte solutions
OMEPRAZOLE // BICARBONATE DE SODIUM,OMEPRAZOLE,7646,A02BD,A,Combinations for eradication of Helicobacter pylori
OMEPRAZOLE // BICARBONATE DE SODIUM,OMEPRAZOLE,7646,A02BC,A,Proton pump inhibitors
OMEPRAZOLE // BICARBONATE DE SODIUM,BICARBONATE DE SODIUM,36676,B05CB,B,Salt solutions
OMEPRAZOLE // BICARBONATE DE SODIUM,BICARBONATE DE SODIUM,36676,B05XA,B,Electrolyte solutions
OMOCONAZOLE,OMOCONAZOLE,32411,D01AC,D,Imidazole and triazole derivatives
OMOCONAZOLE,OMOCONAZOLE,32411,G01AF,G,Imidazole derivatives
OMOCONAZOLE NITRATE,OMOCONAZOLE NITRATE,134933,D01AC,D,Imidazole and triazole derivatives
OMOCONAZOLE NITRATE,OMOCONAZOLE NITRATE,134933,G01AF,G,Imidazole derivatives
ONDANSETRON,ONDANSETRON,26225,A04AA,A,Serotonin (5HT3) antagonists
ONDANSETRON (CHLOHYDRATE),ONDANSETRON (CHLOHYDRATE),26225,A04AA,A,Serotonin (5HT3) antagonists
ONDANSETRON (CHLORHYDRATE DIHYDRATE),ONDANSETRON (CHLORHYDRATE DIHYDRATE),26225,A04AA,A,Serotonin (5HT3) antagonists
ORLISTAT,ORLISTAT,37925,A08AB,A,Peripherally acting antiobesity products
ORNIDAZOLE,ORNIDAZOLE,7701,G01AF,G,Imidazole derivatives
ORNIDAZOLE,ORNIDAZOLE,7701,J01XD,J,Imidazole derivatives
ORNIDAZOLE,ORNIDAZOLE,7701,P01AB,P,Nitroimidazole derivatives
OSELTAMIVIR,OSELTAMIVIR,260101,J05AH,J,Neuraminidase inhibitors
OSIMERTINIB,OSIMERTINIB,1721560,L01EB,L,Epidermal growth factor receptor (EGFR) tyrosine kinase inhibitors
OTILONIUM BROMURE,OTILONIUM BROMURE,32311,A03AB,A,"Synthetic anticholinergics, quaternary ammonium compounds"
OXACILLINE,OXACILLINE,7773,J01CF,J,Beta-lactamase resistant penicillins
OXALIPLATINE,OXALIPLATINE,32592,L01XA,L,Platinum compounds
OXCARBAZEPINE,OXCARBAZEPINE,32624,N03AF,N,Carboxamide derivatives
OXELADINE,OXELADINE,32626,R05DB,R,Other cough suppressants
OXETACAINE,OXETACAINE,,,,
OXETACAINE / OXYDE DE MAGNESIUM / OXYDE D'ALUMINIUM,OXETACAINE,,,,
OXETACAINE / OXYDE DE MAGNESIUM / OXYDE D'ALUMINIUM,OXYDE DE MAGNESIUM,11423,,,
OXETACAINE / OXYDE DE MAGNESIUM / OXYDE D'ALUMINIUM,OXYDE D'ALUMINIUM,1311504,,,
OXETACAINE // MAGNESIUM OXYDE LEGER // ALUMINIUM OXYDE,OXETACAINE,,,,
OXETACAINE // MAGNESIUM OXYDE LEGER // ALUMINIUM OXYDE,MAGNESIUM OXYDE LEGER,6574,,,
OXETACAINE // MAGNESIUM OXYDE LEGER // ALUMINIUM OXYDE,ALUMINIUM OXYDE,1311504,,,
OXICONAZOLE,OXICONAZOLE,32638,D01AC,D,Imidazole and triazole derivatives
OXICONAZOLE,OXICONAZOLE,32638,G01AF,G,Imidazole derivatives
OXICONAZOLE (NITRATE),OXICONAZOLE (NITRATE),56226,D01AC,D,Imidazole and triazole derivatives
OXICONAZOLE (NITRATE),OXICONAZOLE (NITRATE),56226,G01AF,G,Imidazole derivatives
OXIDRONATE DE SODIUM,OXIDRONATE DE SODIUM,1306067,,,
OXO-K 993,OXO-K 993,1427084,,,
OXOMEMAZINE,OXOMEMAZINE,,,,
OXOMEMAZINE / GUAIFENESINE,OXOMEMAZINE,,,,
OXOMEMAZINE / GUAIFENESINE,GUAIFENESINE,5032,R05CA,R,Expectorants
OXOMEMAZINE // GUAIFENESINE,OXOMEMAZINE,,,,
OXOMEMAZINE // GUAIFENESINE,GUAIFENESINE,5032,R05CA,R,Expectorants
OXYBUPROCAINE,OXYBUPROCAINE,18889,D04AB,D,Anesthetics for topical use
OXYBUPROCAINE,OXYBUPROCAINE,18889,S01HA,S,Local anesthetics
OXYBUPROCAINE (CHLORHYDRATE),OXYBUPROCAINE (CHLORHYDRATE),18889,D04AB,D,Anesthetics for topical use
OXYBUPROCAINE (CHLORHYDRATE),OXYBUPROCAINE (CHLORHYDRATE),18889,S01HA,S,Local anesthetics
OXYBUTININE,OXYBUTININE,32675,G04BD,G,Drugs for urinary frequency and incontinence
OXYBUTYNINE (CHLORHYDRATE),OXYBUTYNINE (CHLORHYDRATE),32675,G04BD,G,Drugs for urinary frequency and incontinence
OXYCODONE (CHLORHYDRATE),OXYCODONE (CHLORHYDRATE),7804,N02AA,N,Natural opium alkaloids
OXYCODONE (CHLORHYDRATE),OXYCODONE (CHLORHYDRATE),7804,N02AJ,N,Opioids in combination with non-opioid analgesics
OXYCODONE (CHLORHYDRATE) // NALOXONE (CHLORHYDRATE DIHYDRATE),OXYCODONE (CHLORHYDRATE) // NALOXONE (CHLORHYDRATE DIHYDRATE),17610,D09AA,D,Medicated dressings with antiinfectives
OXYCODONE (CHLORHYDRATE) // NALOXONE (CHLORHYDRATE DIHYDRATE),OXYCODONE (CHLORHYDRATE) // NALOXONE (CHLORHYDRATE DIHYDRATE),17610,M05BX,M,Other drugs affecting bone structure and mineralization
OXYDE D'ALUMINIUM,OXYDE D'ALUMINIUM,1311504,,,
OXYDE D'ALUMINIUM // HYDROXYDE DE MAGNESIUM,OXYDE D'ALUMINIUM,1311504,,,
OXYDE D'ALUMINIUM // HYDROXYDE DE MAGNESIUM,HYDROXYDE DE MAGNESIUM,34311,,,
OXYDE DE MAGNESIUM,OXYDE DE MAGNESIUM,11423,,,
OXYDE DE ZINC,OXYDE DE ZINC,11423,,,
OXYDE DE ZINC / BENZOATE DE CHOLESTEROL,OXYDE DE ZINC,11423,,,
OXYDE DE ZINC / BENZOATE DE CHOLESTEROL,BENZOATE DE CHOLESTEROL,19044,P03AX,P,"Other ectoparasiticides, incl. scabicides"
OXYGENE,OXYGENE,7806,V03AN,V,Medical gases
OXYTETRACYCLINE,OXYTETRACYCLINE,7821,A01AB,A,Antiinfectives and antiseptics for local oral treatment
OXYTETRACYCLINE,OXYTETRACYCLINE,7821,D06AA,D,Tetracycline and derivatives
OXYTETRACYCLINE,OXYTETRACYCLINE,7821,G01AA,G,Antibiotics
OXYTETRACYCLINE,OXYTETRACYCLINE,7821,J01AA,J,Tetracyclines
OXYTETRACYCLINE,OXYTETRACYCLINE,7821,S01AA,S,Antibiotics
OXYTETRACYCLINE (CHLORHYDRATE),OXYTETRACYCLINE (CHLORHYDRATE),7821,A01AB,A,Antiinfectives and antiseptics for local oral treatment
OXYTETRACYCLINE (CHLORHYDRATE),OXYTETRACYCLINE (CHLORHYDRATE),7821,D06AA,D,Tetracycline and derivatives
OXYTETRACYCLINE (CHLORHYDRATE),OXYTETRACYCLINE (CHLORHYDRATE),7821,G01AA,G,Antibiotics
OXYTETRACYCLINE (CHLORHYDRATE),OXYTETRACYCLINE (CHLORHYDRATE),7821,J01AA,J,Tetracyclines
OXYTETRACYCLINE (CHLORHYDRATE),OXYTETRACYCLINE (CHLORHYDRATE),7821,S01AA,S,Antibiotics
OXYTETRACYCLINE (CHLORHYDRATE) // POLYMYXINE B (SULFATE) // NYSTATINE // DEXAMETHASONE,OXYTETRACYCLINE (CHLORHYDRATE) // POLYMYXINE B (SULFATE) // NYSTATINE // DEXAMETHASONE,689467,A01AB,A,Antiinfectives and antiseptics for local oral treatment
OXYTETRACYCLINE (CHLORHYDRATE) // POLYMYXINE B (SULFATE) // NYSTATINE // DEXAMETHASONE,OXYTETRACYCLINE (CHLORHYDRATE) // POLYMYXINE B (SULFATE) // NYSTATINE // DEXAMETHASONE,689467,D06AA,D,Tetracycline and derivatives
OXYTETRACYCLINE (CHLORHYDRATE) // POLYMYXINE B (SULFATE) // NYSTATINE // DEXAMETHASONE,OXYTETRACYCLINE (CHLORHYDRATE) // POLYMYXINE B (SULFATE) // NYSTATINE // DEXAMETHASONE,689467,G01AA,G,Antibiotics
OXYTETRACYCLINE (CHLORHYDRATE) // POLYMYXINE B (SULFATE) // NYSTATINE // DEXAMETHASONE,OXYTETRACYCLINE (CHLORHYDRATE) // POLYMYXINE B (SULFATE) // NYSTATINE // DEXAMETHASONE,689467,J01AA,J,Tetracyclines
OXYTETRACYCLINE (CHLORHYDRATE) // POLYMYXINE B (SULFATE) // NYSTATINE // DEXAMETHASONE,OXYTETRACYCLINE (CHLORHYDRATE) // POLYMYXINE B (SULFATE) // NYSTATINE // DEXAMETHASONE,689467,S01AA,S,Antibiotics
OXYTETRACYCLINE (CHLORHYDRATE) // POLYMYXINE B (SULFATE) // NYSTATINE // DEXAMETHASONE,OXYTETRACYCLINE (CHLORHYDRATE) // POLYMYXINE B (SULFATE) // NYSTATINE // DEXAMETHASONE,689467,A07AA,A,Antibiotics
OXYTETRACYCLINE (CHLORHYDRATE) // POLYMYXINE B (SULFATE) // NYSTATINE // DEXAMETHASONE,OXYTETRACYCLINE (CHLORHYDRATE) // POLYMYXINE B (SULFATE) // NYSTATINE // DEXAMETHASONE,689467,J01XB,J,Polymyxins
OXYTETRACYCLINE (CHLORHYDRATE) // POLYMYXINE B (SULFATE) // NYSTATINE // DEXAMETHASONE,OXYTETRACYCLINE (CHLORHYDRATE) // POLYMYXINE B (SULFATE) // NYSTATINE // DEXAMETHASONE,689467,S02AA,S,Antiinfectives
OXYTETRACYCLINE (CHLORHYDRATE) // POLYMYXINE B (SULFATE) // NYSTATINE // DEXAMETHASONE,OXYTETRACYCLINE (CHLORHYDRATE) // POLYMYXINE B (SULFATE) // NYSTATINE // DEXAMETHASONE,689467,S03AA,S,Antiinfectives
OXYTETRACYCLINE / POLYMYXINE B / NYSTATINE / DEXAMETHASONE,OXYTETRACYCLINE,7821,A01AB,A,Antiinfectives and antiseptics for local oral treatment
OXYTETRACYCLINE / POLYMYXINE B / NYSTATINE / DEXAMETHASONE,OXYTETRACYCLINE,7821,D06AA,D,Tetracycline and derivatives
OXYTETRACYCLINE / POLYMYXINE B / NYSTATINE / DEXAMETHASONE,OXYTETRACYCLINE,7821,G01AA,G,Antibiotics
OXYTETRACYCLINE / POLYMYXINE B / NYSTATINE / DEXAMETHASONE,OXYTETRACYCLINE,7821,J01AA,J,Tetracyclines
OXYTETRACYCLINE / POLYMYXINE B / NYSTATINE / DEXAMETHASONE,OXYTETRACYCLINE,7821,S01AA,S,Antibiotics
OXYTETRACYCLINE / POLYMYXINE B / NYSTATINE / DEXAMETHASONE,POLYMYXINE B,8536,A07AA,A,Antibiotics
OXYTETRACYCLINE / POLYMYXINE B / NYSTATINE / DEXAMETHASONE,POLYMYXINE B,8536,J01XB,J,Polymyxins
OXYTETRACYCLINE / POLYMYXINE B / NYSTATINE / DEXAMETHASONE,POLYMYXINE B,8536,S01AA,S,Antibiotics
OXYTETRACYCLINE / POLYMYXINE B / NYSTATINE / DEXAMETHASONE,POLYMYXINE B,8536,S02AA,S,Antiinfectives
OXYTETRACYCLINE / POLYMYXINE B / NYSTATINE / DEXAMETHASONE,POLYMYXINE B,8536,S03AA,S,Antiinfectives
OXYTETRACYCLINE / POLYMYXINE B / NYSTATINE / DEXAMETHASONE,NYSTATINE,7597,J01RA,J,Combinations of antibacterials
OXYTETRACYCLINE / POLYMYXINE B / NYSTATINE / DEXAMETHASONE,NYSTATINE,7597,A07AA,A,Antibiotics
OXYTETRACYCLINE / POLYMYXINE B / NYSTATINE / DEXAMETHASONE,NYSTATINE,7597,D01AA,D,Antibiotics
OXYTETRACYCLINE / POLYMYXINE B / NYSTATINE / DEXAMETHASONE,NYSTATINE,7597,G01AA,G,Antibiotics
OXYTETRACYCLINE / POLYMYXINE B / NYSTATINE / DEXAMETHASONE,DEXAMETHASONE,3264,A01AC,A,Corticosteroids for local oral treatment
OXYTETRACYCLINE / POLYMYXINE B / NYSTATINE / DEXAMETHASONE,DEXAMETHASONE,3264,C05AA,C,Corticosteroids
OXYTETRACYCLINE / POLYMYXINE B / NYSTATINE / DEXAMETHASONE,DEXAMETHASONE,3264,D07AB,D,"Corticosteroids, moderately potent (group II)"
OXYTETRACYCLINE / POLYMYXINE B / NYSTATINE / DEXAMETHASONE,DEXAMETHASONE,3264,D07XB,D,"Corticosteroids, moderately potent, other combinations"
OXYTETRACYCLINE / POLYMYXINE B / NYSTATINE / DEXAMETHASONE,DEXAMETHASONE,3264,D10AA,D,"Corticosteroids, combinations for treatment of acne"
OXYTETRACYCLINE / POLYMYXINE B / NYSTATINE / DEXAMETHASONE,DEXAMETHASONE,3264,H02AB,H,Glucocorticoids
OXYTETRACYCLINE / POLYMYXINE B / NYSTATINE / DEXAMETHASONE,DEXAMETHASONE,3264,R01AD,R,Corticosteroids
OXYTETRACYCLINE / POLYMYXINE B / NYSTATINE / DEXAMETHASONE,DEXAMETHASONE,3264,S01BA,S,"Corticosteroids, plain"
OXYTETRACYCLINE / POLYMYXINE B / NYSTATINE / DEXAMETHASONE,DEXAMETHASONE,3264,S01CB,S,Corticosteroids/antiinfectives/mydriatics in combination
OXYTETRACYCLINE / POLYMYXINE B / NYSTATINE / DEXAMETHASONE,DEXAMETHASONE,3264,S02BA,S,Corticosteroids
OXYTETRACYCLINE / POLYMYXINE B / NYSTATINE / DEXAMETHASONE,DEXAMETHASONE,3264,S03BA,S,Corticosteroids
OXYTOCINE,OXYTOCINE,7824,H01BB,H,Oxytocin and analogues
PACLITAXEL,PACLITAXEL,56946,L01CD,L,Taxanes
PALBOCICLIB,PALBOCICLIB,1601374,L01EF,L,Cyclin-dependent kinase (CDK) inhibitors
PALIPERIDONE,PALIPERIDONE,679314,N05AX,N,Other antipsychotics
PALIPERIDONE (PALMITATE),PALIPERIDONE (PALMITATE),858045,N05AX,N,Other antipsychotics
PALIVIZUMAB,PALIVIZUMAB,194279,J06BD,J,Antiviral monoclonal antibodies
PALONOSETRON,PALONOSETRON,70561,A04AA,A,Serotonin (5HT3) antagonists
PANCURONIUM,PANCURONIUM,7883,M03AC,M,Other quaternary ammonium compounds
PANCURONIUM (BROMURE),PANCURONIUM (BROMURE),7883,M03AC,M,Other quaternary ammonium compounds
PANITUMUMAB,PANITUMUMAB,263034,L01FE,L,EGFR (Epidermal Growth Factor Receptor) inhibitors
PANTOPRAZOLE,PANTOPRAZOLE,40790,A02BC,A,Proton pump inhibitors
PANTOPRAZOLE SODIUM SESQUIHYDRATE,PANTOPRAZOLE SODIUM SESQUIHYDRATE,236632,A02BC,A,Proton pump inhibitors
PAPAINE,PAPAINE,7892,,,
PAPAVERINE,PAPAVERINE,7895,A03AD,A,Papaverine and derivatives
PAPAVERINE,PAPAVERINE,7895,G04BE,G,Drugs used in erectile dysfunction
PARACETAMOL,PARACETAMOL,161,N02BE,N,Anilides
PARACETAMOL,PARACETAMOL,161,N02AJ,N,Opioids in combination with non-opioid analgesics
PARACETAMOL / ACIDE ACETYLSALICYLIQUE,PARACETAMOL,161,N02BE,N,Anilides
PARACETAMOL / ACIDE ACETYLSALICYLIQUE,PARACETAMOL,161,N02AJ,N,Opioids in combination with non-opioid analgesics
PARACETAMOL / ACIDE ACETYLSALICYLIQUE,ACIDE ACETYLSALICYLIQUE,1191,A01AD,A,Other agents for local oral treatment
PARACETAMOL / ACIDE ACETYLSALICYLIQUE,ACIDE ACETYLSALICYLIQUE,1191,B01AC,B,Platelet aggregation inhibitors excl. heparin
PARACETAMOL / ACIDE ACETYLSALICYLIQUE,ACIDE ACETYLSALICYLIQUE,1191,N02BA,N,Salicylic acid and derivatives
PARACETAMOL / ACIDE ACETYLSALICYLIQUE,ACIDE ACETYLSALICYLIQUE,1191,N02AJ,N,Opioids in combination with non-opioid analgesics
PARACETAMOL / ACIDE ASCORBIQUE (VITAMINE C),PARACETAMOL / ACIDE ASCORBIQUE (VITAMINE C),1151,A11GA,A,"Ascorbic acid (vitamin C), plain"
PARACETAMOL / ACIDE ASCORBIQUE (VITAMINE C),PARACETAMOL / ACIDE ASCORBIQUE (VITAMINE C),1151,G01AD,G,Organic acids
PARACETAMOL / ACIDE ASCORBIQUE (VITAMINE C),PARACETAMOL / ACIDE ASCORBIQUE (VITAMINE C),1151,S01XA,S,Other ophthalmologicals
PARACETAMOL / CAFEINE,PARACETAMOL,161,N02BE,N,Anilides
PARACETAMOL / CAFEINE,PARACETAMOL,161,N02AJ,N,Opioids in combination with non-opioid analgesics
PARACETAMOL / CAFEINE,CAFEINE,1886,V04CG,V,Tests for gastric secretion
PARACETAMOL / CAFEINE,CAFEINE,1886,D11AX,D,Other dermatologicals
PARACETAMOL / CAFEINE,CAFEINE,1886,N06BC,N,Xanthine derivatives
PARACETAMOL / CHLORPHENAMINE,PARACETAMOL,161,N02BE,N,Anilides
PARACETAMOL / CHLORPHENAMINE,PARACETAMOL,161,N02AJ,N,Opioids in combination with non-opioid analgesics
PARACETAMOL / CHLORPHENAMINE,CHLORPHENAMINE,20881,D04AA,D,Antihistamines for topical use
PARACETAMOL / CHLORPHENAMINE,CHLORPHENAMINE,20881,R06AA,R,Aminoalkyl ethers
PARACETAMOL / CODEINE,PARACETAMOL,161,N02BE,N,Anilides
PARACETAMOL / CODEINE,PARACETAMOL,161,N02AJ,N,Opioids in combination with non-opioid analgesics
PARACETAMOL / CODEINE,CODEINE,2670,N02AJ,N,Opioids in combination with non-opioid analgesics
PARACETAMOL / CODEINE,CODEINE,2670,R05DA,R,Opium alkaloids and derivatives
PARACETAMOL / DEXTROPROPOXYPHENE,PARACETAMOL,161,N02BE,N,Anilides
PARACETAMOL / DEXTROPROPOXYPHENE,PARACETAMOL,161,N02AJ,N,Opioids in combination with non-opioid analgesics
PARACETAMOL / DEXTROPROPOXYPHENE,DEXTROPROPOXYPHENE,8785,N02AC,N,Diphenylpropylamine derivatives
PARACETAMOL / NIAOULI / GRINDELIA / GELSEMIUM,PARACETAMOL,161,N02BE,N,Anilides
PARACETAMOL / NIAOULI / GRINDELIA / GELSEMIUM,PARACETAMOL,161,N02AJ,N,Opioids in combination with non-opioid analgesics
PARACETAMOL / NIAOULI / GRINDELIA / GELSEMIUM,NIAOULI,1309375,,,
PARACETAMOL / NIAOULI / GRINDELIA / GELSEMIUM,GRINDELIA,2043451,,,
PARACETAMOL / NIAOULI / GRINDELIA / GELSEMIUM,GELSEMIUM,1493692,,,
PARACETAMOL / PHENIRAMINE MALEATE / PHENYLEPHRINE CHLORHYDRATE / ACIDE ASCORBIQUE,PARACETAMOL,161,N02BE,N,Anilides
PARACETAMOL / PHENIRAMINE MALEATE / PHENYLEPHRINE CHLORHYDRATE / ACIDE ASCORBIQUE,PARACETAMOL,161,N02AJ,N,Opioids in combination with non-opioid analgesics
PARACETAMOL / PHENIRAMINE MALEATE / PHENYLEPHRINE CHLORHYDRATE / ACIDE ASCORBIQUE,PHENIRAMINE MALEATE,266959,D04AA,D,Antihistamines for topical use
PARACETAMOL / PHENIRAMINE MALEATE / PHENYLEPHRINE CHLORHYDRATE / ACIDE ASCORBIQUE,PHENIRAMINE MALEATE,266959,R06AB,R,Substituted alkylamines
PARACETAMOL / PHENIRAMINE MALEATE / PHENYLEPHRINE CHLORHYDRATE / ACIDE ASCORBIQUE,PHENYLEPHRINE CHLORHYDRATE,8163,S01FB,S,Sympathomimetics excl. antiglaucoma preparations
PARACETAMOL / PHENIRAMINE MALEATE / PHENYLEPHRINE CHLORHYDRATE / ACIDE ASCORBIQUE,PHENYLEPHRINE CHLORHYDRATE,8163,C01CA,C,Adrenergic and dopaminergic agents
PARACETAMOL / PHENIRAMINE MALEATE / PHENYLEPHRINE CHLORHYDRATE / ACIDE ASCORBIQUE,PHENYLEPHRINE CHLORHYDRATE,8163,C05AX,C,Other agents for treatment of hemorrhoids and anal fissures for topical use
PARACETAMOL / PHENIRAMINE MALEATE / PHENYLEPHRINE CHLORHYDRATE / ACIDE ASCORBIQUE,PHENYLEPHRINE CHLORHYDRATE,8163,R01AA,R,"Sympathomimetics, plain"
PARACETAMOL / PHENIRAMINE MALEATE / PHENYLEPHRINE CHLORHYDRATE / ACIDE ASCORBIQUE,PHENYLEPHRINE CHLORHYDRATE,8163,R01AB,R,"Sympathomimetics, combinations excl. corticosteroids"
PARACETAMOL / PHENIRAMINE MALEATE / PHENYLEPHRINE CHLORHYDRATE / ACIDE ASCORBIQUE,PHENYLEPHRINE CHLORHYDRATE,8163,R01BA,R,Sympathomimetics
PARACETAMOL / PHENIRAMINE MALEATE / PHENYLEPHRINE CHLORHYDRATE / ACIDE ASCORBIQUE,PHENYLEPHRINE CHLORHYDRATE,8163,S01GA,S,Sympathomimetics used as decongestants
PARACETAMOL / PHENIRAMINE MALEATE / PHENYLEPHRINE CHLORHYDRATE / ACIDE ASCORBIQUE,ACIDE ASCORBIQUE,1151,A11GA,A,"Ascorbic acid (vitamin C), plain"
PARACETAMOL / PHENIRAMINE MALEATE / PHENYLEPHRINE CHLORHYDRATE / ACIDE ASCORBIQUE,ACIDE ASCORBIQUE,1151,G01AD,G,Organic acids
PARACETAMOL / PHENIRAMINE MALEATE / PHENYLEPHRINE CHLORHYDRATE / ACIDE ASCORBIQUE,ACIDE ASCORBIQUE,1151,S01XA,S,Other ophthalmologicals
PARACETAMOL / PROMETHAZINE,PARACETAMOL,161,N02BE,N,Anilides
PARACETAMOL / PROMETHAZINE,PARACETAMOL,161,N02AJ,N,Opioids in combination with non-opioid analgesics
PARACETAMOL / PROMETHAZINE,PROMETHAZINE,8745,D04AA,D,Antihistamines for topical use
PARACETAMOL / PROMETHAZINE,PROMETHAZINE,8745,R06AD,R,Phenothiazine derivatives
PARACETAMOL / PROPYPHENAZONE,PARACETAMOL,161,N02BE,N,Anilides
PARACETAMOL / PROPYPHENAZONE,PARACETAMOL,161,N02AJ,N,Opioids in combination with non-opioid analgesics
PARACETAMOL / PROPYPHENAZONE,PROPYPHENAZONE,34710,N02BB,N,Pyrazolones
PARACETAMOL / PSEUDOEPHEDRINE,PARACETAMOL,161,N02BE,N,Anilides
PARACETAMOL / PSEUDOEPHEDRINE,PARACETAMOL,161,N02AJ,N,Opioids in combination with non-opioid analgesics
PARACETAMOL / PSEUDOEPHEDRINE,PSEUDOEPHEDRINE,8896,R01BA,R,Sympathomimetics
PARACETAMOL / THIOCOLCHICOSIDE,PARACETAMOL,161,N02BE,N,Anilides
PARACETAMOL / THIOCOLCHICOSIDE,PARACETAMOL,161,N02AJ,N,Opioids in combination with non-opioid analgesics
PARACETAMOL / THIOCOLCHICOSIDE,THIOCOLCHICOSIDE,38085,M03BX,M,Other centrally acting agents
PARACETAMOL / TRIPROLIDINE,PARACETAMOL,161,N02BE,N,Anilides
PARACETAMOL / TRIPROLIDINE,PARACETAMOL,161,N02AJ,N,Opioids in combination with non-opioid analgesics
PARACETAMOL / TRIPROLIDINE,TRIPROLIDINE,10849,R06AX,R,Other antihistamines for systemic use
PARACETAMOL // ACIDE ACETYLSALICYLIQUE // CAFEINE,PARACETAMOL,161,N02BE,N,Anilides
PARACETAMOL // ACIDE ACETYLSALICYLIQUE // CAFEINE,PARACETAMOL,161,N02AJ,N,Opioids in combination with non-opioid analgesics
PARACETAMOL // ACIDE ACETYLSALICYLIQUE // CAFEINE,ACIDE ACETYLSALICYLIQUE,1191,A01AD,A,Other agents for local oral treatment
PARACETAMOL // ACIDE ACETYLSALICYLIQUE // CAFEINE,ACIDE ACETYLSALICYLIQUE,1191,B01AC,B,Platelet aggregation inhibitors excl. heparin
PARACETAMOL // ACIDE ACETYLSALICYLIQUE // CAFEINE,ACIDE ACETYLSALICYLIQUE,1191,N02BA,N,Salicylic acid and derivatives
PARACETAMOL // ACIDE ACETYLSALICYLIQUE // CAFEINE,ACIDE ACETYLSALICYLIQUE,1191,N02AJ,N,Opioids in combination with non-opioid analgesics
PARACETAMOL // ACIDE ACETYLSALICYLIQUE // CAFEINE,CAFEINE,1886,V04CG,V,Tests for gastric secretion
PARACETAMOL // ACIDE ACETYLSALICYLIQUE // CAFEINE,CAFEINE,1886,D11AX,D,Other dermatologicals
PARACETAMOL // ACIDE ACETYLSALICYLIQUE // CAFEINE,CAFEINE,1886,N06BC,N,Xanthine derivatives
PARACETAMOL // CAFEINE,PARACETAMOL,161,N02BE,N,Anilides
PARACETAMOL // CAFEINE,PARACETAMOL,161,N02AJ,N,Opioids in combination with non-opioid analgesics
PARACETAMOL // CAFEINE,CAFEINE,1886,V04CG,V,Tests for gastric secretion
PARACETAMOL // CAFEINE,CAFEINE,1886,D11AX,D,Other dermatologicals
PARACETAMOL // CAFEINE,CAFEINE,1886,N06BC,N,Xanthine derivatives
PARACETAMOL // CAFEINE // CODEINE,PARACETAMOL,161,N02BE,N,Anilides
PARACETAMOL // CAFEINE // CODEINE,PARACETAMOL,161,N02AJ,N,Opioids in combination with non-opioid analgesics
PARACETAMOL // CAFEINE // CODEINE,CAFEINE,1886,V04CG,V,Tests for gastric secretion
PARACETAMOL // CAFEINE // CODEINE,CAFEINE,1886,D11AX,D,Other dermatologicals
PARACETAMOL // CAFEINE // CODEINE,CAFEINE,1886,N06BC,N,Xanthine derivatives
PARACETAMOL // CAFEINE // CODEINE,CODEINE,2670,N02AJ,N,Opioids in combination with non-opioid analgesics
PARACETAMOL // CAFEINE // CODEINE,CODEINE,2670,R05DA,R,Opium alkaloids and derivatives
PARACETAMOL // CAFEINE // PROMETHAZINE (CHLORHYDRATE),PARACETAMOL // CAFEINE // PROMETHAZINE (CHLORHYDRATE),8745,D04AA,D,Antihistamines for topical use
PARACETAMOL // CAFEINE // PROMETHAZINE (CHLORHYDRATE),PARACETAMOL // CAFEINE // PROMETHAZINE (CHLORHYDRATE),8745,R06AD,R,Phenothiazine derivatives
PARACETAMOL // CAFEINE // PROPYPHENAZONE,PARACETAMOL,161,N02BE,N,Anilides
PARACETAMOL // CAFEINE // PROPYPHENAZONE,PARACETAMOL,161,N02AJ,N,Opioids in combination with non-opioid analgesics
PARACETAMOL // CAFEINE // PROPYPHENAZONE,CAFEINE,1886,V04CG,V,Tests for gastric secretion
PARACETAMOL // CAFEINE // PROPYPHENAZONE,CAFEINE,1886,D11AX,D,Other dermatologicals
PARACETAMOL // CAFEINE // PROPYPHENAZONE,CAFEINE,1886,N06BC,N,Xanthine derivatives
PARACETAMOL // CAFEINE // PROPYPHENAZONE,PROPYPHENAZONE,34710,N02BB,N,Pyrazolones
PARACETAMOL // CHLORPHENAMINE (MALEATE) // PSEUDOEPHEDRINE,PARACETAMOL // CHLORPHENAMINE (MALEATE) // PSEUDOEPHEDRINE,689765,N02BE,N,Anilides
PARACETAMOL // CHLORPHENAMINE (MALEATE) // PSEUDOEPHEDRINE,PARACETAMOL // CHLORPHENAMINE (MALEATE) // PSEUDOEPHEDRINE,689765,R06AB,R,Substituted alkylamines
PARACETAMOL // CHLORPHENAMINE (MALEATE) // PSEUDOEPHEDRINE,PARACETAMOL // CHLORPHENAMINE (MALEATE) // PSEUDOEPHEDRINE,689765,R01BA,R,Sympathomimetics
PARACETAMOL // CHLORPHENAMINE (MALEATE) // SALICYLAMIDE // PHENYLEPHRINE (CHLORHYDRATE) // CAFEINE // VITAMINE C (ACIDE ASCORBIQUE),PARACETAMOL // CHLORPHENAMINE (MALEATE) // SALICYLAMIDE // PHENYLEPHRINE (CHLORHYDRATE) // CAFEINE // VITAMINE C (ACIDE ASCORBIQUE),2660192,,,
PARACETAMOL // CODEINE,PARACETAMOL,161,N02BE,N,Anilides
PARACETAMOL // CODEINE,PARACETAMOL,161,N02AJ,N,Opioids in combination with non-opioid analgesics
PARACETAMOL // CODEINE,CODEINE,2670,N02AJ,N,Opioids in combination with non-opioid analgesics
PARACETAMOL // CODEINE,CODEINE,2670,R05DA,R,Opium alkaloids and derivatives
PARACETAMOL // GRINDELIA // GELSEMIUM,PARACETAMOL,161,N02BE,N,Anilides
PARACETAMOL // GRINDELIA // GELSEMIUM,PARACETAMOL,161,N02AJ,N,Opioids in combination with non-opioid analgesics
PARACETAMOL // GRINDELIA // GELSEMIUM,GRINDELIA,2043451,,,
PARACETAMOL // GRINDELIA // GELSEMIUM,GELSEMIUM,1493692,,,
PARACETAMOL // GRINDELIA // GELSEMIUM // NIAOULI,PARACETAMOL,161,N02BE,N,Anilides
PARACETAMOL // GRINDELIA // GELSEMIUM // NIAOULI,PARACETAMOL,161,N02AJ,N,Opioids in combination with non-opioid analgesics
PARACETAMOL // GRINDELIA // GELSEMIUM // NIAOULI,GRINDELIA,2043451,,,
PARACETAMOL // GRINDELIA // GELSEMIUM // NIAOULI,GELSEMIUM,1493692,,,
PARACETAMOL // GRINDELIA // GELSEMIUM // NIAOULI,NIAOULI,1309375,,,
PARACETAMOL // PHENIRAMINE (MALEATE),PARACETAMOL // PHENIRAMINE (MALEATE),266959,D04AA,D,Antihistamines for topical use
PARACETAMOL // PHENIRAMINE (MALEATE),PARACETAMOL // PHENIRAMINE (MALEATE),266959,R06AB,R,Substituted alkylamines
PARACETAMOL // PHENIRAMINE (MALEATE) // PHENYLEPHRINE (CHLORHYDRATE) // VITAMINE C (ACIDE ASCORBIQUE),PARACETAMOL // PHENIRAMINE (MALEATE) // PHENYLEPHRINE (CHLORHYDRATE) // VITAMINE C (ACIDE ASCORBIQUE),2663135,D04AA,D,Antihistamines for topical use
PARACETAMOL // PHENIRAMINE (MALEATE) // PHENYLEPHRINE (CHLORHYDRATE) // VITAMINE C (ACIDE ASCORBIQUE),PARACETAMOL // PHENIRAMINE (MALEATE) // PHENYLEPHRINE (CHLORHYDRATE) // VITAMINE C (ACIDE ASCORBIQUE),2663135,R06AB,R,Substituted alkylamines
PARACETAMOL // PHENIRAMINE (MALEATE) // PHENYLEPHRINE (CHLORHYDRATE) // VITAMINE C (ACIDE ASCORBIQUE),PARACETAMOL // PHENIRAMINE (MALEATE) // PHENYLEPHRINE (CHLORHYDRATE) // VITAMINE C (ACIDE ASCORBIQUE),2663135,C01CA,C,Adrenergic and dopaminergic agents
PARACETAMOL // PHENIRAMINE (MALEATE) // PHENYLEPHRINE (CHLORHYDRATE) // VITAMINE C (ACIDE ASCORBIQUE),PARACETAMOL // PHENIRAMINE (MALEATE) // PHENYLEPHRINE (CHLORHYDRATE) // VITAMINE C (ACIDE ASCORBIQUE),2663135,C05AX,C,Other agents for treatment of hemorrhoids and anal fissures for topical use
PARACETAMOL // PHENIRAMINE (MALEATE) // PHENYLEPHRINE (CHLORHYDRATE) // VITAMINE C (ACIDE ASCORBIQUE),PARACETAMOL // PHENIRAMINE (MALEATE) // PHENYLEPHRINE (CHLORHYDRATE) // VITAMINE C (ACIDE ASCORBIQUE),2663135,R01AA,R,"Sympathomimetics, plain"
PARACETAMOL // PHENIRAMINE (MALEATE) // PHENYLEPHRINE (CHLORHYDRATE) // VITAMINE C (ACIDE ASCORBIQUE),PARACETAMOL // PHENIRAMINE (MALEATE) // PHENYLEPHRINE (CHLORHYDRATE) // VITAMINE C (ACIDE ASCORBIQUE),2663135,R01AB,R,"Sympathomimetics, combinations excl. corticosteroids"
PARACETAMOL // PHENIRAMINE (MALEATE) // PHENYLEPHRINE (CHLORHYDRATE) // VITAMINE C (ACIDE ASCORBIQUE),PARACETAMOL // PHENIRAMINE (MALEATE) // PHENYLEPHRINE (CHLORHYDRATE) // VITAMINE C (ACIDE ASCORBIQUE),2663135,R01BA,R,Sympathomimetics
PARACETAMOL // PHENIRAMINE (MALEATE) // PHENYLEPHRINE (CHLORHYDRATE) // VITAMINE C (ACIDE ASCORBIQUE),PARACETAMOL // PHENIRAMINE (MALEATE) // PHENYLEPHRINE (CHLORHYDRATE) // VITAMINE C (ACIDE ASCORBIQUE),2663135,S01FB,S,Sympathomimetics excl. antiglaucoma preparations
PARACETAMOL // PHENIRAMINE (MALEATE) // PHENYLEPHRINE (CHLORHYDRATE) // VITAMINE C (ACIDE ASCORBIQUE),PARACETAMOL // PHENIRAMINE (MALEATE) // PHENYLEPHRINE (CHLORHYDRATE) // VITAMINE C (ACIDE ASCORBIQUE),2663135,S01GA,S,Sympathomimetics used as decongestants
PARACETAMOL // PHENIRAMINE // PHENYLEPHRINE// VITAMINE C (ACIDE ASCORBIQUE),PARACETAMOL // PHENIRAMINE // PHENYLEPHRINE// VITAMINE C (ACIDE ASCORBIQUE),466487,D04AA,D,Antihistamines for topical use
PARACETAMOL // PHENIRAMINE // PHENYLEPHRINE// VITAMINE C (ACIDE ASCORBIQUE),PARACETAMOL // PHENIRAMINE // PHENYLEPHRINE// VITAMINE C (ACIDE ASCORBIQUE),466487,R06AB,R,Substituted alkylamines
PARACETAMOL // PHENIRAMINE // PHENYLEPHRINE// VITAMINE C (ACIDE ASCORBIQUE),PARACETAMOL // PHENIRAMINE // PHENYLEPHRINE// VITAMINE C (ACIDE ASCORBIQUE),466487,C01CA,C,Adrenergic and dopaminergic agents
PARACETAMOL // PHENIRAMINE // PHENYLEPHRINE// VITAMINE C (ACIDE ASCORBIQUE),PARACETAMOL // PHENIRAMINE // PHENYLEPHRINE// VITAMINE C (ACIDE ASCORBIQUE),466487,C05AX,C,Other agents for treatment of hemorrhoids and anal fissures for topical use
PARACETAMOL // PHENIRAMINE // PHENYLEPHRINE// VITAMINE C (ACIDE ASCORBIQUE),PARACETAMOL // PHENIRAMINE // PHENYLEPHRINE// VITAMINE C (ACIDE ASCORBIQUE),466487,R01AA,R,"Sympathomimetics, plain"
PARACETAMOL // PHENIRAMINE // PHENYLEPHRINE// VITAMINE C (ACIDE ASCORBIQUE),PARACETAMOL // PHENIRAMINE // PHENYLEPHRINE// VITAMINE C (ACIDE ASCORBIQUE),466487,R01AB,R,"Sympathomimetics, combinations excl. corticosteroids"
PARACETAMOL // PHENIRAMINE // PHENYLEPHRINE// VITAMINE C (ACIDE ASCORBIQUE),PARACETAMOL // PHENIRAMINE // PHENYLEPHRINE// VITAMINE C (ACIDE ASCORBIQUE),466487,R01BA,R,Sympathomimetics
PARACETAMOL // PHENIRAMINE // PHENYLEPHRINE// VITAMINE C (ACIDE ASCORBIQUE),PARACETAMOL // PHENIRAMINE // PHENYLEPHRINE// VITAMINE C (ACIDE ASCORBIQUE),466487,S01FB,S,Sympathomimetics excl. antiglaucoma preparations
PARACETAMOL // PHENIRAMINE // PHENYLEPHRINE// VITAMINE C (ACIDE ASCORBIQUE),PARACETAMOL // PHENIRAMINE // PHENYLEPHRINE// VITAMINE C (ACIDE ASCORBIQUE),466487,S01GA,S,Sympathomimetics used as decongestants
PARACETAMOL // POVIDONE // CODEINE PHOSPHATE,PARACETAMOL,161,N02BE,N,Anilides
PARACETAMOL // POVIDONE // CODEINE PHOSPHATE,PARACETAMOL,161,N02AJ,N,Opioids in combination with non-opioid analgesics
PARACETAMOL // POVIDONE // CODEINE PHOSPHATE,POVIDONE,8610,,,
PARACETAMOL // POVIDONE // CODEINE PHOSPHATE,CODEINE PHOSPHATE,2672,N02AJ,N,Opioids in combination with non-opioid analgesics
PARACETAMOL // POVIDONE // CODEINE PHOSPHATE,CODEINE PHOSPHATE,2672,R05DA,R,Opium alkaloids and derivatives
PARACETAMOL // PROMETHAZINE,PARACETAMOL,161,N02BE,N,Anilides
PARACETAMOL // PROMETHAZINE,PARACETAMOL,161,N02AJ,N,Opioids in combination with non-opioid analgesics
PARACETAMOL // PROMETHAZINE,PROMETHAZINE,8745,D04AA,D,Antihistamines for topical use
PARACETAMOL // PROMETHAZINE,PROMETHAZINE,8745,R06AD,R,Phenothiazine derivatives
PARACETAMOL // PSEUDOEPHEDRINE,PARACETAMOL,161,N02BE,N,Anilides
PARACETAMOL // PSEUDOEPHEDRINE,PARACETAMOL,161,N02AJ,N,Opioids in combination with non-opioid analgesics
PARACETAMOL // PSEUDOEPHEDRINE,PSEUDOEPHEDRINE,8896,R01BA,R,Sympathomimetics
PARACETAMOL // PSEUDOEPHEDRINE (CHLORHYDRATE) // TRIPROLIDINE (CHLORHYDRATE),PARACETAMOL // PSEUDOEPHEDRINE (CHLORHYDRATE) // TRIPROLIDINE (CHLORHYDRATE),17610,D09AA,D,Medicated dressings with antiinfectives
PARACETAMOL // PSEUDOEPHEDRINE (CHLORHYDRATE) // TRIPROLIDINE (CHLORHYDRATE),PARACETAMOL // PSEUDOEPHEDRINE (CHLORHYDRATE) // TRIPROLIDINE (CHLORHYDRATE),17610,M05BX,M,Other drugs affecting bone structure and mineralization
PARACETAMOL // TENOATE DE SODIUM // HUILE ESSENTIEL,PARACETAMOL,161,N02BE,N,Anilides
PARACETAMOL // TENOATE DE SODIUM // HUILE ESSENTIEL,PARACETAMOL,161,N02AJ,N,Opioids in combination with non-opioid analgesics
PARACETAMOL // TENOATE DE SODIUM // HUILE ESSENTIEL,TENOATE DE SODIUM,36679,,,
PARACETAMOL // TENOATE DE SODIUM // HUILE ESSENTIEL,HUILE ESSENTIEL,,,,
PARACETAMOL // THIOCOLCHICOSIDE,PARACETAMOL,161,N02BE,N,Anilides
PARACETAMOL // THIOCOLCHICOSIDE,PARACETAMOL,161,N02AJ,N,Opioids in combination with non-opioid analgesics
PARACETAMOL // THIOCOLCHICOSIDE,THIOCOLCHICOSIDE,38085,M03BX,M,Other centrally acting agents
PARACETAMOL // TRAMADOL (CHLORHYDRATE),PARACETAMOL // TRAMADOL (CHLORHYDRATE),352362,N02AX,N,Other opioids
PARACETAMOL // TRAMADOL (CHLORHYDRATE),PARACETAMOL // TRAMADOL (CHLORHYDRATE),352362,N02BE,N,Anilides
PARACETAMOL // TRAMADOL (CHLORHYDRATE),PARACETAMOL // TRAMADOL (CHLORHYDRATE),352362,N02AJ,N,Opioids in combination with non-opioid analgesics
PARACETAMOL // VITAMINE C (ACIDE ASCORBIQUE),PARACETAMOL // VITAMINE C (ACIDE ASCORBIQUE),1151,A11GA,A,"Ascorbic acid (vitamin C), plain"
PARACETAMOL // VITAMINE C (ACIDE ASCORBIQUE),PARACETAMOL // VITAMINE C (ACIDE ASCORBIQUE),1151,G01AD,G,Organic acids
PARACETAMOL // VITAMINE C (ACIDE ASCORBIQUE),PARACETAMOL // VITAMINE C (ACIDE ASCORBIQUE),1151,S01XA,S,Other ophthalmologicals
PARACETAMOL // VITAMINE C (ACIDE ASCORBIQUE) // IBUPROFENE // PSEUDOEPHEDRINE // CAFEINE // CHLORPHENAMINE (MALEATE),PARACETAMOL // VITAMINE C (ACIDE ASCORBIQUE) // IBUPROFENE // PSEUDOEPHEDRINE // CAFEINE // CHLORPHENAMINE (MALEATE),2660985,R06AB,R,Substituted alkylamines
PARACETAMOL // VITAMINE C (ACIDE ASCORBIQUE) // IBUPROFENE // PSEUDOEPHEDRINE // CAFEINE // CHLORPHENAMINE (MALEATE),PARACETAMOL // VITAMINE C (ACIDE ASCORBIQUE) // IBUPROFENE // PSEUDOEPHEDRINE // CAFEINE // CHLORPHENAMINE (MALEATE),2660985,C01EB,C,Other cardiac preparations
PARACETAMOL // VITAMINE C (ACIDE ASCORBIQUE) // IBUPROFENE // PSEUDOEPHEDRINE // CAFEINE // CHLORPHENAMINE (MALEATE),PARACETAMOL // VITAMINE C (ACIDE ASCORBIQUE) // IBUPROFENE // PSEUDOEPHEDRINE // CAFEINE // CHLORPHENAMINE (MALEATE),2660985,G02CC,G,Antiinflammatory products for vaginal administration
PARACETAMOL // VITAMINE C (ACIDE ASCORBIQUE) // IBUPROFENE // PSEUDOEPHEDRINE // CAFEINE // CHLORPHENAMINE (MALEATE),PARACETAMOL // VITAMINE C (ACIDE ASCORBIQUE) // IBUPROFENE // PSEUDOEPHEDRINE // CAFEINE // CHLORPHENAMINE (MALEATE),2660985,M01AE,M,Propionic acid derivatives
PARACETAMOL // VITAMINE C (ACIDE ASCORBIQUE) // IBUPROFENE // PSEUDOEPHEDRINE // CAFEINE // CHLORPHENAMINE (MALEATE),PARACETAMOL // VITAMINE C (ACIDE ASCORBIQUE) // IBUPROFENE // PSEUDOEPHEDRINE // CAFEINE // CHLORPHENAMINE (MALEATE),2660985,M02AA,M,"Antiinflammatory preparations, non-steroids for topical use"
PARACETAMOL // VITAMINE C (ACIDE ASCORBIQUE) // IBUPROFENE // PSEUDOEPHEDRINE // CAFEINE // CHLORPHENAMINE (MALEATE),PARACETAMOL // VITAMINE C (ACIDE ASCORBIQUE) // IBUPROFENE // PSEUDOEPHEDRINE // CAFEINE // CHLORPHENAMINE (MALEATE),2660985,R02AX,R,Other throat preparations
PARACETAMOL // VITAMINE C (ACIDE ASCORBIQUE) // IBUPROFENE // PSEUDOEPHEDRINE // CAFEINE // CHLORPHENAMINE (MALEATE),PARACETAMOL // VITAMINE C (ACIDE ASCORBIQUE) // IBUPROFENE // PSEUDOEPHEDRINE // CAFEINE // CHLORPHENAMINE (MALEATE),2660985,R01BA,R,Sympathomimetics
PARACETAMOL // VITAMINE C (ACIDE ASCORBIQUE) // PHENIRAMINE,PARACETAMOL // VITAMINE C (ACIDE ASCORBIQUE) // PHENIRAMINE,1151,A11GA,A,"Ascorbic acid (vitamin C), plain"
PARACETAMOL // VITAMINE C (ACIDE ASCORBIQUE) // PHENIRAMINE,PARACETAMOL // VITAMINE C (ACIDE ASCORBIQUE) // PHENIRAMINE,1151,G01AD,G,Organic acids
PARACETAMOL // VITAMINE C (ACIDE ASCORBIQUE) // PHENIRAMINE,PARACETAMOL // VITAMINE C (ACIDE ASCORBIQUE) // PHENIRAMINE,1151,S01XA,S,Other ophthalmologicals
PARACETAMOL // VITAMINE C (ACIDE ASCORBIQUE) // PHENIRAMINE (MALEATE),PARACETAMOL // VITAMINE C (ACIDE ASCORBIQUE) // PHENIRAMINE (MALEATE),266959,D04AA,D,Antihistamines for topical use
PARACETAMOL // VITAMINE C (ACIDE ASCORBIQUE) // PHENIRAMINE (MALEATE),PARACETAMOL // VITAMINE C (ACIDE ASCORBIQUE) // PHENIRAMINE (MALEATE),266959,R06AB,R,Substituted alkylamines
PARACHLOROMETACRESOL,PARACHLOROMETACRESOL,,,,
PARACHLOROMETACRESOL / GAIAZULENE,PARACHLOROMETACRESOL,,,,
PARACHLOROMETACRESOL / GAIAZULENE,GAIAZULENE,26290,,,
PARACHLOROMETACRESOL // GAIAZULENE // ALPHATOCOPHEROL (ACETATE) // ALLANTOINE,PARACHLOROMETACRESOL // GAIAZULENE // ALPHATOCOPHEROL (ACETATE) // ALLANTOINE,508,,,
PARAFFINE LIQUIDE,PARAFFINE LIQUIDE,6972,A06AA,A,"Softeners, emollients"
PARECOXIB,PARECOXIB,279950,M01AH,M,Coxibs
PARECOXIB (SODIUM),PARECOXIB (SODIUM),279951,M01AH,M,Coxibs
PARICALCITOL,PARICALCITOL,73710,H05BX,H,Other anti-parathyroid agents
PARIETAIRE,PARIETAIRE,,,,
PARNAPARIN,PARNAPARIN,69528,B01AB,B,Heparin group
PAROXETINE,PAROXETINE,32937,N06AB,N,Selective serotonin reuptake inhibitors
PAROXETINE (CHLORHYDRATE HEMIHYDRATE),PAROXETINE (CHLORHYDRATE HEMIHYDRATE),1298842,N06AB,N,Selective serotonin reuptake inhibitors
PAROXETINE (CHLORHYDRATE),PAROXETINE (CHLORHYDRATE),32937,N06AB,N,Selective serotonin reuptake inhibitors
PAROXETINE (CHLOROHYDRATE HEMIHYDRATE),PAROXETINE (CHLOROHYDRATE HEMIHYDRATE),1298842,N06AB,N,Selective serotonin reuptake inhibitors
PASIREOTIDE DI-ASPARTATE,PASIREOTIDE DI-ASPARTATE,1364104,H01CB,H,Somatostatin and analogues
PASIREOTIDE EMBONATE,PASIREOTIDE EMBONATE,1597818,H01CB,H,Somatostatin and analogues
PAZOPANIB,PAZOPANIB,714438,L01EX,L,Other protein kinase inhibitors
PAZOPANIB (CHLORHYDRATE),PAZOPANIB (CHLORHYDRATE),714438,L01EX,L,Other protein kinase inhibitors
PEFILGRASTIM,PEFILGRASTIM,338036,L03AA,L,Colony stimulating factors
PEGFILGRASTIM,PEGFILGRASTIM,338036,L03AA,L,Colony stimulating factors
PEGINTERFERON ALFA-2A,PEGINTERFERON ALFA-2A,120608,L03AB,L,Interferons
PEGINTERFERON ALFA-2B,PEGINTERFERON ALFA-2B,253453,L03AB,L,Interferons
PEGINTERFERON BETA 1 A,PEGINTERFERON BETA 1 A,1546168,L03AB,L,Interferons
PEGINTERFERON BETA-1A,PEGINTERFERON BETA-1A,1546168,L03AB,L,Interferons
PEMBROLIZUMAB,PEMBROLIZUMAB,1547545,L01FF,L,PD-1/PD-L1 (Programmed cell death protein 1/death ligand 1) inhibitors
PEMETREXED,PEMETREXED,68446,L01BA,L,Folic acid analogues
PEMETREXED DISODIQUE,PEMETREXED DISODIQUE,282443,L01BA,L,Folic acid analogues
PEMETREXED DISODIQUE (HEPTAHYDRATE),PEMETREXED DISODIQUE (HEPTAHYDRATE),1666923,L01BA,L,Folic acid analogues
PEMETREXED DISODIQUE HEPTAHDRATE,PEMETREXED DISODIQUE HEPTAHDRATE,1666923,L01BA,L,Folic acid analogues
PEMETREXED DISODIUM,PEMETREXED DISODIUM,282443,L01BA,L,Folic acid analogues
PENICILLINE G (SODIQUE),PENICILLINE G (SODIQUE),7980,J01CE,J,Beta-lactamase sensitive penicillins
PENICILLINE G (SODIQUE),PENICILLINE G (SODIQUE),7980,S01AA,S,Antibiotics
PENTETATE DE CALCIUM TRISODIQUE,PENTETATE DE CALCIUM TRISODIQUE,132879,,,
PENTOXIFYLLINE,PENTOXIFYLLINE,8013,C04AD,C,Purine derivatives
PERBORATE DE SODIUM,PERBORATE DE SODIUM,36702,A01AB,A,Antiinfectives and antiseptics for local oral treatment
PERBORATE DE SODIUM / BORAX,PERBORATE DE SODIUM,36702,A01AB,A,Antiinfectives and antiseptics for local oral treatment
PERBORATE DE SODIUM / BORAX,BORAX,36680,S02AA,S,Antiinfectives
PERBORATE DE SODIUM / BORAX,BORAX,36680,S01AX,S,Other antiinfectives
PERINDOPRIL,PERINDOPRIL,54552,C09BB,C,ACE inhibitors and calcium channel blockers
PERINDOPRIL,PERINDOPRIL,54552,C09AA,C,"ACE inhibitors, plain"
PERINDOPRIL (ARGININE),PERINDOPRIL (ARGININE),1600711,C09BB,C,ACE inhibitors and calcium channel blockers
PERINDOPRIL (ARGININE),PERINDOPRIL (ARGININE),1600711,C09AA,C,"ACE inhibitors, plain"
PERINDOPRIL (ARGININE) // AMLODIPINE (BESILATE),PERINDOPRIL (ARGININE) // AMLODIPINE (BESILATE),2659951,C09BB,C,ACE inhibitors and calcium channel blockers
PERINDOPRIL (ARGININE) // AMLODIPINE (BESILATE),PERINDOPRIL (ARGININE) // AMLODIPINE (BESILATE),2659951,C08CA,C,Dihydropyridine derivatives
PERINDOPRIL (ARGININE) // AMLODIPINE (BESILATE),PERINDOPRIL (ARGININE) // AMLODIPINE (BESILATE),2659951,C09AA,C,"ACE inhibitors, plain"
PERINDOPRIL (ARGININE) // BISOPROLOL (FUMARATE),PERINDOPRIL (ARGININE) // BISOPROLOL (FUMARATE),1600711,C09BB,C,ACE inhibitors and calcium channel blockers
PERINDOPRIL (ARGININE) // BISOPROLOL (FUMARATE),PERINDOPRIL (ARGININE) // BISOPROLOL (FUMARATE),1600711,C09AA,C,"ACE inhibitors, plain"
PERINDOPRIL (ARGININE) // INDAPAMIDE,PERINDOPRIL (ARGININE) // INDAPAMIDE,388499,C09AA,C,"ACE inhibitors, plain"
PERINDOPRIL (ARGININE) // INDAPAMIDE,PERINDOPRIL (ARGININE) // INDAPAMIDE,388499,C03BA,C,"Sulfonamides, plain"
PERINDOPRIL (ARGININE) // INDAPAMIDE // AMLODIPINE,PERINDOPRIL (ARGININE) // INDAPAMIDE // AMLODIPINE,2659951,C09BB,C,ACE inhibitors and calcium channel blockers
PERINDOPRIL (ARGININE) // INDAPAMIDE // AMLODIPINE,PERINDOPRIL (ARGININE) // INDAPAMIDE // AMLODIPINE,2659951,C08CA,C,Dihydropyridine derivatives
PERINDOPRIL (ARGININE) // INDAPAMIDE // AMLODIPINE,PERINDOPRIL (ARGININE) // INDAPAMIDE // AMLODIPINE,2659951,C09AA,C,"ACE inhibitors, plain"
PERINDOPRIL (TERT-BUTYLAMINE),PERINDOPRIL (TERT-BUTYLAMINE),72260,C09AA,C,"ACE inhibitors, plain"
PERINDOPRIL (TERT-BUTYLAMINE) // INDAPAMIDE,PERINDOPRIL (TERT-BUTYLAMINE) // INDAPAMIDE,72260,C09AA,C,"ACE inhibitors, plain"
PERINDOPRIL / AMLODIPINE,PERINDOPRIL,54552,C09BB,C,ACE inhibitors and calcium channel blockers
PERINDOPRIL / AMLODIPINE,PERINDOPRIL,54552,C09AA,C,"ACE inhibitors, plain"
PERINDOPRIL / AMLODIPINE,AMLODIPINE,17767,C09XA,C,Renin-inhibitors
PERINDOPRIL / AMLODIPINE,AMLODIPINE,17767,C09BB,C,ACE inhibitors and calcium channel blockers
PERINDOPRIL / AMLODIPINE,AMLODIPINE,17767,C08CA,C,Dihydropyridine derivatives
PERINDOPRIL / AMLODIPINE,AMLODIPINE,17767,C10BX,C,Lipid modifying agents in combination with other drugs
PERINDOPRIL / AMLODIPINE,AMLODIPINE,17767,C09DB,C,Angiotensin II receptor blockers (ARBs) and calcium channel blockers
PERINDOPRIL / AMLODIPINE,AMLODIPINE,17767,C09DX,C,"Angiotensin II receptor blockers (ARBs), other combinations"
PERINDOPRIL / INDAPAMIDE,PERINDOPRIL,54552,C09BB,C,ACE inhibitors and calcium channel blockers
PERINDOPRIL / INDAPAMIDE,PERINDOPRIL,54552,C09AA,C,"ACE inhibitors, plain"
PERINDOPRIL / INDAPAMIDE,INDAPAMIDE,5764,C03BA,C,"Sulfonamides, plain"
PERINDOPRIL // AMLODIPINE,PERINDOPRIL,54552,C09BB,C,ACE inhibitors and calcium channel blockers
PERINDOPRIL // AMLODIPINE,PERINDOPRIL,54552,C09AA,C,"ACE inhibitors, plain"
PERINDOPRIL // AMLODIPINE,AMLODIPINE,17767,C09XA,C,Renin-inhibitors
PERINDOPRIL // AMLODIPINE,AMLODIPINE,17767,C09BB,C,ACE inhibitors and calcium channel blockers
PERINDOPRIL // AMLODIPINE,AMLODIPINE,17767,C08CA,C,Dihydropyridine derivatives
PERINDOPRIL // AMLODIPINE,AMLODIPINE,17767,C10BX,C,Lipid modifying agents in combination with other drugs
PERINDOPRIL // AMLODIPINE,AMLODIPINE,17767,C09DB,C,Angiotensin II receptor blockers (ARBs) and calcium channel blockers
PERINDOPRIL // AMLODIPINE,AMLODIPINE,17767,C09DX,C,"Angiotensin II receptor blockers (ARBs), other combinations"
PERINDOPRIL // INDAPAMIDE,PERINDOPRIL,54552,C09BB,C,ACE inhibitors and calcium channel blockers
PERINDOPRIL // INDAPAMIDE,PERINDOPRIL,54552,C09AA,C,"ACE inhibitors, plain"
PERINDOPRIL // INDAPAMIDE,INDAPAMIDE,5764,C03BA,C,"Sulfonamides, plain"
PEROXYDE DE BENZOYLE,PEROXYDE DE BENZOYLE,1418,D10AE,D,Peroxides
PEROXYDE DE BENZOYLE // CLINDAMYCINE PHOSPHATE,PEROXYDE DE BENZOYLE,1418,D10AE,D,Peroxides
PEROXYDE DE BENZOYLE // CLINDAMYCINE PHOSPHATE,CLINDAMYCINE PHOSPHATE,797272,D10AF,D,Antiinfectives for treatment of acne
PEROXYDE DE BENZOYLE // CLINDAMYCINE PHOSPHATE,CLINDAMYCINE PHOSPHATE,797272,G01AA,G,Antibiotics
PEROXYDE DE BENZOYLE // CLINDAMYCINE PHOSPHATE,CLINDAMYCINE PHOSPHATE,797272,J01FF,J,Lincosamides
PERTECHNETATE 99MTC DE SODIUM,PERTECHNETATE 99MTC DE SODIUM,10349,,,
PERTUZUMAB,PERTUZUMAB,1298944,L01FD,L,HER2 (Human Epidermal Growth Factor Receptor 2) inhibitors
PERTUZUMAB // TRASTUZUMAB,PERTUZUMAB,1298944,L01FD,L,HER2 (Human Epidermal Growth Factor Receptor 2) inhibitors
PERTUZUMAB // TRASTUZUMAB,TRASTUZUMAB,224905,L01FD,L,HER2 (Human Epidermal Growth Factor Receptor 2) inhibitors
PHANERES DE CHAT,PHANERES DE CHAT,260039,,,
PHENAZONE,PHENAZONE,8119,N02AD,N,Benzomorphan derivatives
PHENAZONE / LIDOCAINE,PHENAZONE,8119,N02AD,N,Benzomorphan derivatives
PHENAZONE / LIDOCAINE,LIDOCAINE,6387,C01BB,C,"Antiarrhythmics, class Ib"
PHENAZONE / LIDOCAINE,LIDOCAINE,6387,C05AD,C,Local anesthetics
PHENAZONE / LIDOCAINE,LIDOCAINE,6387,D04AB,D,Anesthetics for topical use
PHENAZONE / LIDOCAINE,LIDOCAINE,6387,N01BB,N,Amides
PHENAZONE / LIDOCAINE,LIDOCAINE,6387,R02AD,R,"Anesthetics, local"
PHENAZONE / LIDOCAINE,LIDOCAINE,6387,S01HA,S,Local anesthetics
PHENAZONE / LIDOCAINE,LIDOCAINE,6387,S02DA,S,Analgesics and anesthetics
PHENAZONE // LIDOCAINE,PHENAZONE,8119,N02AD,N,Benzomorphan derivatives
PHENAZONE // LIDOCAINE,LIDOCAINE,6387,C01BB,C,"Antiarrhythmics, class Ib"
PHENAZONE // LIDOCAINE,LIDOCAINE,6387,C05AD,C,Local anesthetics
PHENAZONE // LIDOCAINE,LIDOCAINE,6387,D04AB,D,Anesthetics for topical use
PHENAZONE // LIDOCAINE,LIDOCAINE,6387,N01BB,N,Amides
PHENAZONE // LIDOCAINE,LIDOCAINE,6387,R02AD,R,"Anesthetics, local"
PHENAZONE // LIDOCAINE,LIDOCAINE,6387,S01HA,S,Local anesthetics
PHENAZONE // LIDOCAINE,LIDOCAINE,6387,S02DA,S,Analgesics and anesthetics
PHENIRAMINE MALEATE,PHENIRAMINE MALEATE,266959,D04AA,D,Antihistamines for topical use
PHENIRAMINE MALEATE,PHENIRAMINE MALEATE,266959,R06AB,R,Substituted alkylamines
PHENIRAMINE MALEATE / PARACETAMOL / ACIDE ASCORBIQUE,PHENIRAMINE MALEATE,266959,D04AA,D,Antihistamines for topical use
PHENIRAMINE MALEATE / PARACETAMOL / ACIDE ASCORBIQUE,PHENIRAMINE MALEATE,266959,R06AB,R,Substituted alkylamines
PHENIRAMINE MALEATE / PARACETAMOL / ACIDE ASCORBIQUE,PARACETAMOL,161,N02BE,N,Anilides
PHENIRAMINE MALEATE / PARACETAMOL / ACIDE ASCORBIQUE,PARACETAMOL,161,N02AJ,N,Opioids in combination with non-opioid analgesics
PHENIRAMINE MALEATE / PARACETAMOL / ACIDE ASCORBIQUE,ACIDE ASCORBIQUE,1151,A11GA,A,"Ascorbic acid (vitamin C), plain"
PHENIRAMINE MALEATE / PARACETAMOL / ACIDE ASCORBIQUE,ACIDE ASCORBIQUE,1151,G01AD,G,Organic acids
PHENIRAMINE MALEATE / PARACETAMOL / ACIDE ASCORBIQUE,ACIDE ASCORBIQUE,1151,S01XA,S,Other ophthalmologicals
PHENOBARBITAL,PHENOBARBITAL,8134,N03AA,N,Barbiturates and derivatives
PHENOXIMETHYLPENICILLINE BENZATHINE,PHENOXIMETHYLPENICILLINE BENZATHINE,18926,J01CE,J,Beta-lactamase sensitive penicillins
PHENOXYMETHYLPENICILLINE,PHENOXYMETHYLPENICILLINE,7984,J01CE,J,Beta-lactamase sensitive penicillins
PHENOXYMETHYLPENICILLINE BENZATHINE,PHENOXYMETHYLPENICILLINE BENZATHINE,18926,J01CE,J,Beta-lactamase sensitive penicillins
PHENYLBUTAZONE,PHENYLBUTAZONE,8160,M01AA,M,Butylpyrazolidines
PHENYLBUTAZONE,PHENYLBUTAZONE,8160,M02AA,M,"Antiinflammatory preparations, non-steroids for topical use"
PHENYLEPHRINE,PHENYLEPHRINE,8163,S01FB,S,Sympathomimetics excl. antiglaucoma preparations
PHENYLEPHRINE,PHENYLEPHRINE,8163,C01CA,C,Adrenergic and dopaminergic agents
PHENYLEPHRINE,PHENYLEPHRINE,8163,C05AX,C,Other agents for treatment of hemorrhoids and anal fissures for topical use
PHENYLEPHRINE,PHENYLEPHRINE,8163,R01AA,R,"Sympathomimetics, plain"
PHENYLEPHRINE,PHENYLEPHRINE,8163,R01AB,R,"Sympathomimetics, combinations excl. corticosteroids"
PHENYLEPHRINE,PHENYLEPHRINE,8163,R01BA,R,Sympathomimetics
PHENYLEPHRINE,PHENYLEPHRINE,8163,S01GA,S,Sympathomimetics used as decongestants
PHENYLEPHRINE (CHLORHYDRATE),PHENYLEPHRINE (CHLORHYDRATE),8163,S01FB,S,Sympathomimetics excl. antiglaucoma preparations
PHENYLEPHRINE (CHLORHYDRATE),PHENYLEPHRINE (CHLORHYDRATE),8163,C01CA,C,Adrenergic and dopaminergic agents
PHENYLEPHRINE (CHLORHYDRATE),PHENYLEPHRINE (CHLORHYDRATE),8163,C05AX,C,Other agents for treatment of hemorrhoids and anal fissures for topical use
PHENYLEPHRINE (CHLORHYDRATE),PHENYLEPHRINE (CHLORHYDRATE),8163,R01AA,R,"Sympathomimetics, plain"
PHENYLEPHRINE (CHLORHYDRATE),PHENYLEPHRINE (CHLORHYDRATE),8163,R01AB,R,"Sympathomimetics, combinations excl. corticosteroids"
PHENYLEPHRINE (CHLORHYDRATE),PHENYLEPHRINE (CHLORHYDRATE),8163,R01BA,R,Sympathomimetics
PHENYLEPHRINE (CHLORHYDRATE),PHENYLEPHRINE (CHLORHYDRATE),8163,S01GA,S,Sympathomimetics used as decongestants
PHENYLEPHRINE CHLORHYDRATE,PHENYLEPHRINE CHLORHYDRATE,8163,S01FB,S,Sympathomimetics excl. antiglaucoma preparations
PHENYLEPHRINE CHLORHYDRATE,PHENYLEPHRINE CHLORHYDRATE,8163,C01CA,C,Adrenergic and dopaminergic agents
PHENYLEPHRINE CHLORHYDRATE,PHENYLEPHRINE CHLORHYDRATE,8163,C05AX,C,Other agents for treatment of hemorrhoids and anal fissures for topical use
PHENYLEPHRINE CHLORHYDRATE,PHENYLEPHRINE CHLORHYDRATE,8163,R01AA,R,"Sympathomimetics, plain"
PHENYLEPHRINE CHLORHYDRATE,PHENYLEPHRINE CHLORHYDRATE,8163,R01AB,R,"Sympathomimetics, combinations excl. corticosteroids"
PHENYLEPHRINE CHLORHYDRATE,PHENYLEPHRINE CHLORHYDRATE,8163,R01BA,R,Sympathomimetics
PHENYLEPHRINE CHLORHYDRATE,PHENYLEPHRINE CHLORHYDRATE,8163,S01GA,S,Sympathomimetics used as decongestants
PHENYLPROPANOLAMINE,PHENYLPROPANOLAMINE,8175,R01BA,R,Sympathomimetics
PHENYLPROPANOLAMINE // BROMPHENIRAMINE,PHENYLPROPANOLAMINE,8175,R01BA,R,Sympathomimetics
PHENYLPROPANOLAMINE // BROMPHENIRAMINE,BROMPHENIRAMINE,1767,R06AB,R,Substituted alkylamines
PHENYTOINE,PHENYTOINE,8183,N03AB,N,Hydantoin derivatives
PHLOROGLUCINOL,PHLOROGLUCINOL,8196,A03AX,A,Other drugs for functional gastrointestinal disorders
PHLOROGLUCINOL / TRIMETHYLPHLOROGLUCINOL,PHLOROGLUCINOL,8196,A03AX,A,Other drugs for functional gastrointestinal disorders
PHLOROGLUCINOL / TRIMETHYLPHLOROGLUCINOL,TRIMETHYLPHLOROGLUCINOL,38716,,,
PHLOROGLUCINOL // PHLOROGLUCINOL (TRIMETHYL),PHLOROGLUCINOL // PHLOROGLUCINOL (TRIMETHYL),38716,,,
PHLOROGLUCINOL // TRIMETHYLPHLOROGLUCINOL,PHLOROGLUCINOL,8196,A03AX,A,Other drugs for functional gastrointestinal disorders
PHLOROGLUCINOL // TRIMETHYLPHLOROGLUCINOL,TRIMETHYLPHLOROGLUCINOL,38716,,,
PHLOROGLUCINOL ANHYDRE,PHLOROGLUCINOL ANHYDRE,8196,A03AX,A,Other drugs for functional gastrointestinal disorders
PHLOROGLUCINOL DIHYDRATE,PHLOROGLUCINOL DIHYDRATE,8196,A03AX,A,Other drugs for functional gastrointestinal disorders
PHOLCODINE,PHOLCODINE,33431,R05DA,R,Opium alkaloids and derivatives
PHOLCODINE / TENOATE DE SODIUM,PHOLCODINE,33431,R05DA,R,Opium alkaloids and derivatives
PHOLCODINE / TENOATE DE SODIUM,TENOATE DE SODIUM,36679,,,
PHOLCODINE // PROMPHENIRAMINE (MALEATE) // NEOSYNEPHRINE (CHLORHYDRATE) // GAIACOLATE DE GLYCERYLE // BENZOATE (DE SODIUM),PHOLCODINE // PROMPHENIRAMINE (MALEATE) // NEOSYNEPHRINE (CHLORHYDRATE) // GAIACOLATE DE GLYCERYLE // BENZOATE (DE SODIUM),19044,P03AX,P,"Other ectoparasiticides, incl. scabicides"
PHOLCODINE // TENOATE DE SODIUM,PHOLCODINE,33431,R05DA,R,Opium alkaloids and derivatives
PHOLCODINE // TENOATE DE SODIUM,TENOATE DE SODIUM,36679,,,
PHOSPHATE D'ALUMINIUM,PHOSPHATE D'ALUMINIUM,17618,A02AB,A,Aluminium compounds
PHOSPHATE DISODIQUE,PHOSPHATE DISODIQUE,486961,,,
PHOSPHATE DISODIQUE / PHOSPHATE MONOSODIQUE,PHOSPHATE DISODIQUE,486961,,,
PHOSPHATE DISODIQUE / PHOSPHATE MONOSODIQUE,PHOSPHATE MONOSODIQUE,2642192,,,
PHOSPHATE MONOSODIQUE,PHOSPHATE MONOSODIQUE,2642192,,,
PHOSPHATE MONOSODIQUE / PHOSPHATE DISODIQUE,PHOSPHATE MONOSODIQUE,2642192,,,
PHOSPHATE MONOSODIQUE / PHOSPHATE DISODIQUE,PHOSPHATE DISODIQUE,486961,,,
PHOSPHATE MONOSODIQUE // PHOSPHATE DISODIQUE // BISACODYL,PHOSPHATE MONOSODIQUE,2642192,,,
PHOSPHATE MONOSODIQUE // PHOSPHATE DISODIQUE // BISACODYL,PHOSPHATE DISODIQUE,486961,,,
PHOSPHATE MONOSODIQUE // PHOSPHATE DISODIQUE // BISACODYL,BISACODYL,1596,A06AB,A,Contact laxatives
PHOSPHATE MONOSODIQUE // PHOSPHATE DISODIQUE // BISACODYL,BISACODYL,1596,A06AG,A,Enemas
PHOSPHOLIPIDES NATURELS SF-RI 1,PHOSPHOLIPIDES NATURELS SF-RI 1,232539,,,
PHYTOMENADIONE,PHYTOMENADIONE,8308,B02BA,B,Vitamin K
PICOSULFATE DE SUDIUM // OXYDE DE MAGNESIUM // ACIDE CITRIQUE,PICOSULFATE DE SUDIUM,260039,,,
PICOSULFATE DE SUDIUM // OXYDE DE MAGNESIUM // ACIDE CITRIQUE,OXYDE DE MAGNESIUM,11423,,,
PICOSULFATE DE SUDIUM // OXYDE DE MAGNESIUM // ACIDE CITRIQUE,ACIDE CITRIQUE,,,,
PIDOLATE DE MAGNESIUM,PIDOLATE DE MAGNESIUM,116240,A12CC,A,Magnesium
PILOCARPINE,PILOCARPINE,8328,N07AX,N,Other parasympathomimetics
PILOCARPINE,PILOCARPINE,8328,S01EB,S,Parasympathomimetics
PILOCARPINE (CHLORHYDRATE),PILOCARPINE (CHLORHYDRATE),8328,N07AX,N,Other parasympathomimetics
PILOCARPINE (CHLORHYDRATE),PILOCARPINE (CHLORHYDRATE),8328,S01EB,S,Parasympathomimetics
PIMETHIXENE,PIMETHIXENE,33712,R06AX,R,Other antihistamines for systemic use
PIMETIXENE,PIMETIXENE,33712,R06AX,R,Other antihistamines for systemic use
PINAVERIUM,PINAVERIUM,33724,A03AX,A,Other drugs for functional gastrointestinal disorders
PINAVERIUM (BROMURE),PINAVERIUM (BROMURE),33724,A03AX,A,Other drugs for functional gastrointestinal disorders
PINDOLOL,PINDOLOL,8332,C07AA,C,"Beta blocking agents, non-selective"
PIPERACILLINE,PIPERACILLINE,8339,J01CA,J,Penicillins with extended spectrum
PIPERACILLINE / TAZOBACTAM,PIPERACILLINE,8339,J01CA,J,Penicillins with extended spectrum
PIPERACILLINE / TAZOBACTAM,TAZOBACTAM,37617,J01CG,J,Beta-lactamase inhibitors
PIPERACILLINE // TAZOBACTAM,PIPERACILLINE,8339,J01CA,J,Penicillins with extended spectrum
PIPERACILLINE // TAZOBACTAM,TAZOBACTAM,37617,J01CG,J,Beta-lactamase inhibitors
PIPERACILLINE SODIQUE,PIPERACILLINE SODIQUE,8339,J01CA,J,Penicillins with extended spectrum
PIPERONYLE (BUTOXYDE) // DEPALLETHRINE,PIPERONYLE (BUTOXYDE) // DEPALLETHRINE,8345,,,
PIPOTIAZINE,PIPOTIAZINE,8348,N05AC,N,Phenothiazines with piperidine structure
PIRACETAM,PIRACETAM,8351,N06BX,N,Other psychostimulants and nootropics
PIRBUTEROL,PIRBUTEROL,33767,R03AC,R,Selective beta-2-adrenoreceptor agonists
PIRBUTEROL,PIRBUTEROL,33767,R03CC,R,Selective beta-2-adrenoreceptor agonists
PIRIBEDIL,PIRIBEDIL,8353,N04BC,N,Dopamine agonists
PIROXICAM,PIROXICAM,8356,M01AC,M,Oxicams
PIROXICAM,PIROXICAM,8356,M02AA,M,"Antiinflammatory preparations, non-steroids for topical use"
PIROXICAM,PIROXICAM,8356,S01BC,S,"Antiinflammatory agents, non-steroids"
PIROXICAM BETA CYCLODEXTRINE,PIROXICAM BETA CYCLODEXTRINE,68115,M01AC,M,Oxicams
PIROXICAM BETA CYCLODEXTRINE,PIROXICAM BETA CYCLODEXTRINE,68115,M02AA,M,"Antiinflammatory preparations, non-steroids for topical use"
PIROXICAM BETA CYCLODEXTRINE,PIROXICAM BETA CYCLODEXTRINE,68115,S01BC,S,"Antiinflammatory agents, non-steroids"
PITAVASTATINE,PITAVASTATINE,861634,C10AA,C,HMG CoA reductase inhibitors
PIVALATE DE TIXOCORTOL,PIVALATE DE TIXOCORTOL,38336,A07EA,A,Corticosteroids acting locally
PIVALATE DE TIXOCORTOL,PIVALATE DE TIXOCORTOL,38336,R01AD,R,Corticosteroids
PIVMECILLINAM (CHLORHYDRATE),PIVMECILLINAM (CHLORHYDRATE),627,J01CA,J,Penicillins with extended spectrum
PIZOTIFENE,PIZOTIFENE,8373,N02CX,N,Other antimigraine preparations
PODOPHYLLOTOXINE,PODOPHYLLOTOXINE,8463,D06BB,D,Antivirals
POLATUZUMAB VEDOTIN,POLATUZUMAB VEDOTIN,2174090,L01FX,L,Other monoclonal antibodies and antibody drug conjugates
POLYMYXINE B,POLYMYXINE B,8536,A07AA,A,Antibiotics
POLYMYXINE B,POLYMYXINE B,8536,J01XB,J,Polymyxins
POLYMYXINE B,POLYMYXINE B,8536,S01AA,S,Antibiotics
POLYMYXINE B,POLYMYXINE B,8536,S02AA,S,Antiinfectives
POLYMYXINE B,POLYMYXINE B,8536,S03AA,S,Antiinfectives
POLYMYXINE B (SULFATE) // TRIMETHOPRIME,POLYMYXINE B (SULFATE) // TRIMETHOPRIME,219314,J01EA,J,Trimethoprim and derivatives
POLYMYXINE B (SULFATE) // TRIMETHOPRIME,POLYMYXINE B (SULFATE) // TRIMETHOPRIME,219314,A07AA,A,Antibiotics
POLYMYXINE B (SULFATE) // TRIMETHOPRIME,POLYMYXINE B (SULFATE) // TRIMETHOPRIME,219314,J01XB,J,Polymyxins
POLYMYXINE B (SULFATE) // TRIMETHOPRIME,POLYMYXINE B (SULFATE) // TRIMETHOPRIME,219314,S01AA,S,Antibiotics
POLYMYXINE B (SULFATE) // TRIMETHOPRIME,POLYMYXINE B (SULFATE) // TRIMETHOPRIME,219314,S02AA,S,Antiinfectives
POLYMYXINE B (SULFATE) // TRIMETHOPRIME,POLYMYXINE B (SULFATE) // TRIMETHOPRIME,219314,S03AA,S,Antiinfectives
POLYMYXINE B / NEOMYCINE,POLYMYXINE B,8536,A07AA,A,Antibiotics
POLYMYXINE B / NEOMYCINE,POLYMYXINE B,8536,J01XB,J,Polymyxins
POLYMYXINE B / NEOMYCINE,POLYMYXINE B,8536,S01AA,S,Antibiotics
POLYMYXINE B / NEOMYCINE,POLYMYXINE B,8536,S02AA,S,Antiinfectives
POLYMYXINE B / NEOMYCINE,POLYMYXINE B,8536,S03AA,S,Antiinfectives
POLYMYXINE B / NEOMYCINE,NEOMYCINE,7299,A01AB,A,Antiinfectives and antiseptics for local oral treatment
POLYMYXINE B / NEOMYCINE,NEOMYCINE,7299,A07AA,A,Antibiotics
POLYMYXINE B / NEOMYCINE,NEOMYCINE,7299,B05CA,B,Antiinfectives
POLYMYXINE B / NEOMYCINE,NEOMYCINE,7299,D06AX,D,Other antibiotics for topical use
POLYMYXINE B / NEOMYCINE,NEOMYCINE,7299,J01GB,J,Other aminoglycosides
POLYMYXINE B / NEOMYCINE,NEOMYCINE,7299,R02AB,R,Antibiotics
POLYMYXINE B / NEOMYCINE,NEOMYCINE,7299,S01AA,S,Antibiotics
POLYMYXINE B / NEOMYCINE,NEOMYCINE,7299,S02AA,S,Antiinfectives
POLYMYXINE B / NEOMYCINE,NEOMYCINE,7299,S03AA,S,Antiinfectives
POLYMYXINE B / TRIMETHOPRIME,POLYMYXINE B,8536,A07AA,A,Antibiotics
POLYMYXINE B / TRIMETHOPRIME,POLYMYXINE B,8536,J01XB,J,Polymyxins
POLYMYXINE B / TRIMETHOPRIME,POLYMYXINE B,8536,S01AA,S,Antibiotics
POLYMYXINE B / TRIMETHOPRIME,POLYMYXINE B,8536,S02AA,S,Antiinfectives
POLYMYXINE B / TRIMETHOPRIME,POLYMYXINE B,8536,S03AA,S,Antiinfectives
POLYMYXINE B / TRIMETHOPRIME,TRIMETHOPRIME,10829,J01EE,J,"Combinations of sulfonamides and trimethoprim, incl. derivatives"
POLYMYXINE B / TRIMETHOPRIME,TRIMETHOPRIME,10829,J01EA,J,Trimethoprim and derivatives
"POLYOSIDE PNEUMOCOCCIQUE CONJUGUE (14 VALENT:1,3,4,5,6B,7F,9V,14,18C,19A,19F,22F,23F ET 33F-ADSORBE)","POLYOSIDE PNEUMOCOCCIQUE CONJUGUE (14 VALENT:1,3,4,5,6B,7F,9V,14,18C,19A,19F,22F,23F ET 33F-ADSORBE)",2566413,,,
POLYOSIDES PNEUMOCOCCIQUES,POLYOSIDES PNEUMOCOCCIQUES,,,,
"POLYOSIDIQUE CONUE 13 VALENT 38,8UG/0,5 ML","POLYOSIDIQUE CONUE 13 VALENT 38,8UG/0,5 ML",,,,
POLYSTYRENE SULFONATE DE CALCIUM,POLYSTYRENE SULFONATE DE CALCIUM,47630,,,
POLYSTYRENE SULFONATE DE SODIUM,POLYSTYRENE SULFONATE DE SODIUM,56512,,,
POLYSUCCINATE DE GELATINE // CHLORURE DE SODIUM,POLYSUCCINATE DE GELATINE,4716,,,
POLYSUCCINATE DE GELATINE // CHLORURE DE SODIUM,CHLORURE DE SODIUM,6878,V03AB,V,Antidotes
POLYSUCCINATE DE GELATINE // CHLORURE DE SODIUM,CHLORURE DE SODIUM,6878,V04CG,V,Tests for gastric secretion
POLYVIDONE (IODEE),POLYVIDONE (IODEE),8610,,,
POLYVIDONE IODEE,POLYVIDONE IODEE,8610,,,
PONESIMOD,PONESIMOD,2532300,L04AE,L,Sphingosine-1-phosphate (S1P) receptor modulators
PORACTANT ALFA (FRACTION PHOSPHOLIPIDIQUE DE POUMON),PORACTANT ALFA (FRACTION PHOSPHOLIPIDIQUE DE POUMON),236381,,,
POTASSIUM (BICARBONATE),POTASSIUM (BICARBONATE),34296,A12BA,A,Potassium
POTASSIUM (GLUCONATE),POTASSIUM (GLUCONATE),89903,A12BA,A,Potassium
POUDRE DE PANCREAS,POUDRE DE PANCREAS,236439,,,
POUDRE TITREE DE BELLADONE,POUDRE TITREE DE BELLADONE,260039,,,
POVIDONE,POVIDONE,8610,,,
POVIDONE IODEE,POVIDONE IODEE,8610,,,
PRALATREXATE,PRALATREXATE,662019,L01BA,L,Folic acid analogues
PRAMIPEXOLE,PRAMIPEXOLE,746741,N04BC,N,Dopamine agonists
PRANOPROFENE,PRANOPROFENE,,,,
PRASTERONE,PRASTERONE,3143,A14AA,A,Androstan derivatives
PRASTERONE,PRASTERONE,3143,G03XX,G,Other sex hormones and modulators of the genital system
PRASUGREL,PRASUGREL,613391,B01AC,B,Platelet aggregation inhibitors excl. heparin
PRASUGREL (CHLORHYDRATE),PRASUGREL (CHLORHYDRATE),613391,B01AC,B,Platelet aggregation inhibitors excl. heparin
PRAVASTATINE,PRAVASTATINE,42463,C10AA,C,HMG CoA reductase inhibitors
PRAVASTATINE (SODIQUE),PRAVASTATINE (SODIQUE),42463,C10AA,C,HMG CoA reductase inhibitors
PRAVASTATINE // FENOFIBRATE,PRAVASTATINE,42463,C10AA,C,HMG CoA reductase inhibitors
PRAVASTATINE // FENOFIBRATE,FENOFIBRATE,8703,C10BA,C,Combinations of various lipid modifying agents
PRAVASTATINE // FENOFIBRATE,FENOFIBRATE,8703,C10AB,C,Fibrates
PRAZEPAM,PRAZEPAM,8627,N05BA,N,Benzodiazepine derivatives
PREDNISOLONE,PREDNISOLONE,8638,A01AC,A,Corticosteroids for local oral treatment
PREDNISOLONE,PREDNISOLONE,8638,A07EA,A,Corticosteroids acting locally
PREDNISOLONE,PREDNISOLONE,8638,C05AA,C,Corticosteroids
PREDNISOLONE,PREDNISOLONE,8638,D07AA,D,"Corticosteroids, weak (group I)"
PREDNISOLONE,PREDNISOLONE,8638,D07XA,D,"Corticosteroids, weak, other combinations"
PREDNISOLONE,PREDNISOLONE,8638,H02AB,H,Glucocorticoids
PREDNISOLONE,PREDNISOLONE,8638,R01AD,R,Corticosteroids
PREDNISOLONE,PREDNISOLONE,8638,S01BA,S,"Corticosteroids, plain"
PREDNISOLONE,PREDNISOLONE,8638,S01CB,S,Corticosteroids/antiinfectives/mydriatics in combination
PREDNISOLONE,PREDNISOLONE,8638,S02BA,S,Corticosteroids
PREDNISOLONE,PREDNISOLONE,8638,S03BA,S,Corticosteroids
PREDNISOLONE (METASULFOBENZOATE SODIQUE),PREDNISOLONE (METASULFOBENZOATE SODIQUE),268872,A01AC,A,Corticosteroids for local oral treatment
PREDNISOLONE (METASULFOBENZOATE SODIQUE),PREDNISOLONE (METASULFOBENZOATE SODIQUE),268872,A07EA,A,Corticosteroids acting locally
PREDNISOLONE (METASULFOBENZOATE SODIQUE),PREDNISOLONE (METASULFOBENZOATE SODIQUE),268872,C05AA,C,Corticosteroids
PREDNISOLONE (METASULFOBENZOATE SODIQUE),PREDNISOLONE (METASULFOBENZOATE SODIQUE),268872,D07AA,D,"Corticosteroids, weak (group I)"
PREDNISOLONE (METASULFOBENZOATE SODIQUE),PREDNISOLONE (METASULFOBENZOATE SODIQUE),268872,D07XA,D,"Corticosteroids, weak, other combinations"
PREDNISOLONE (METASULFOBENZOATE SODIQUE),PREDNISOLONE (METASULFOBENZOATE SODIQUE),268872,H02AB,H,Glucocorticoids
PREDNISOLONE (METASULFOBENZOATE SODIQUE),PREDNISOLONE (METASULFOBENZOATE SODIQUE),268872,R01AD,R,Corticosteroids
PREDNISOLONE (METASULFOBENZOATE SODIQUE),PREDNISOLONE (METASULFOBENZOATE SODIQUE),268872,S01BA,S,"Corticosteroids, plain"
PREDNISOLONE (METASULFOBENZOATE SODIQUE),PREDNISOLONE (METASULFOBENZOATE SODIQUE),268872,S01CB,S,Corticosteroids/antiinfectives/mydriatics in combination
PREDNISOLONE (METASULFOBENZOATE SODIQUE),PREDNISOLONE (METASULFOBENZOATE SODIQUE),268872,S02BA,S,Corticosteroids
PREDNISOLONE (METASULFOBENZOATE SODIQUE),PREDNISOLONE (METASULFOBENZOATE SODIQUE),268872,S03BA,S,Corticosteroids
PREDNISONE,PREDNISONE,8640,A07EA,A,Corticosteroids acting locally
PREDNISONE,PREDNISONE,8640,H02AB,H,Glucocorticoids
PREDNISONE / ACIDE ASCORBIQUE (VITAMINE C) / CHLORURE DE POTASSIUM,PREDNISONE / ACIDE ASCORBIQUE (VITAMINE C) / CHLORURE DE POTASSIUM,6878,V03AB,V,Antidotes
PREDNISONE / ACIDE ASCORBIQUE (VITAMINE C) / CHLORURE DE POTASSIUM,PREDNISONE / ACIDE ASCORBIQUE (VITAMINE C) / CHLORURE DE POTASSIUM,6878,V04CG,V,Tests for gastric secretion
PREDNISONE // CHLORURE DE POTASSIUM // VITAMINE C (ACIDE ASCORBIQUE),PREDNISONE // CHLORURE DE POTASSIUM // VITAMINE C (ACIDE ASCORBIQUE),6878,V03AB,V,Antidotes
PREDNISONE // CHLORURE DE POTASSIUM // VITAMINE C (ACIDE ASCORBIQUE),PREDNISONE // CHLORURE DE POTASSIUM // VITAMINE C (ACIDE ASCORBIQUE),6878,V04CG,V,Tests for gastric secretion
PREGABALIN,PREGABALIN,187832,N02BF,N,Gabapentinoids
PREGABALINE,PREGABALINE,187832,N02BF,N,Gabapentinoids
PRIFINIUM,PRIFINIUM,236174,A03AB,A,"Synthetic anticholinergics, quaternary ammonium compounds"
PRIFINIUM (BROMURE),PRIFINIUM (BROMURE),236174,A03AB,A,"Synthetic anticholinergics, quaternary ammonium compounds"
PRILOCAINE,PRILOCAINE,8686,N01BB,N,Amides
PRISTINAMYCINE,PRISTINAMYCINE,66958,J01FG,J,Streptogramins
PROCAINE,PROCAINE,8701,C05AD,C,Local anesthetics
PROCAINE,PROCAINE,8701,N01BA,N,Esters of aminobenzoic acid
PROCAINE,PROCAINE,8701,S01HA,S,Local anesthetics
PROGESTERONE,PROGESTERONE,8727,G03DA,G,Pregnen (4) derivatives
PROGUANIL,PROGUANIL,2382,P01BB,P,Biguanides
PROGUANIL / CHLOROQUINE,PROGUANIL,2382,P01BB,P,Biguanides
PROGUANIL / CHLOROQUINE,CHLOROQUINE,2393,P01BB,P,Biguanides
PROGUANIL / CHLOROQUINE,CHLOROQUINE,2393,P01BA,P,Aminoquinolines
PROGUANIL // CHLOROQUINE,PROGUANIL,2382,P01BB,P,Biguanides
PROGUANIL // CHLOROQUINE,CHLOROQUINE,2393,P01BB,P,Biguanides
PROGUANIL // CHLOROQUINE,CHLOROQUINE,2393,P01BA,P,Aminoquinolines
PROMEGESTONE,PROMEGESTONE,8744,G03DB,G,Pregnadien derivatives
PROMESTRIENE,PROMESTRIENE,34625,G03CA,G,"Natural and semisynthetic estrogens, plain"
PROMETHAZINE,PROMETHAZINE,8745,D04AA,D,Antihistamines for topical use
PROMETHAZINE,PROMETHAZINE,8745,R06AD,R,Phenothiazine derivatives
PROPERICIAZINE,PROPERICIAZINE,8766,N05AC,N,Phenothiazines with piperidine structure
PROPIONATE DE CLOBETASOL,PROPIONATE DE CLOBETASOL,21245,D07AD,D,"Corticosteroids, very potent (group IV)"
PROPIONATE DE CLOBETASOL,PROPIONATE DE CLOBETASOL,21245,S01BA,S,"Corticosteroids, plain"
PROPOFOL,PROPOFOL,8782,N01AX,N,Other general anesthetics
PROPRANOLOL,PROPRANOLOL,8787,C07AA,C,"Beta blocking agents, non-selective"
PROPRANOLOL (CHLORHYDRATE),PROPRANOLOL (CHLORHYDRATE),8787,C07AA,C,"Beta blocking agents, non-selective"
PROPYPHENAZONE,PROPYPHENAZONE,34710,N02BB,N,Pyrazolones
PROPYPHENAZONE / CODEINE,PROPYPHENAZONE,34710,N02BB,N,Pyrazolones
PROPYPHENAZONE / CODEINE,CODEINE,2670,N02AJ,N,Opioids in combination with non-opioid analgesics
PROPYPHENAZONE / CODEINE,CODEINE,2670,R05DA,R,Opium alkaloids and derivatives
PROTAMINE,PROTAMINE,8826,V03AB,V,Antidotes
PROTAMINE (SULFATE),PROTAMINE (SULFATE),8825,,,
PROTEINE C,PROTEINE C,8834,B01AD,B,Enzymes
PROTEINE L1 DE PAPILLOMAVIRUS HUMAIN DE TYPE 16 ET 18,PROTEINE L1 DE PAPILLOMAVIRUS HUMAIN DE TYPE 16 ET 18,1008299,,,
PROTEINE L1 RECOMBINANTE ADSORBEE DU VIRUS HUMAIN PAPILLOMAVIRUS TYPE 6 // PROTEINE L1 RECOMBINANTE ADSORBEE DU VIRUS HUMAIN PAPILLOMAVIRUS TYPE 11 // PROTEINE L1 RECOMBINANTE ADSORBEE DU VIRUS HUMAIN PAPILLOMAVIRUS TYPE 16 // PROTEINE L1 DU HPV18 // // // // // // // // // // // // // // // // //,PROTEINE L1 RECOMBINANTE ADSORBEE DU VIRUS HUMAIN PAPILLOMAVIRUS TYPE 6 // PROTEINE L1 RECOMBINANTE ADSORBEE DU VIRUS HUMAIN PAPILLOMAVIRUS TYPE 11 // PROTEINE L1 RECOMBINANTE ADSORBEE DU VIRUS HUMAIN PAPILLOMAVIRUS TYPE 16 // PROTEINE L1 DU HPV18 // // // // // // // // // // // // // // // // //,798262,,,
PROTEINE L1 RECOMBINANTE ADSORBEE DU VIRUS HUMAIN PAPILLOMAVIRUS TYPE 6 // PROTEINE L1 RECOMBINANTE ADSORBEE DU VIRUS HUMAIN PAPILLOMAVIRUS TYPE 11 // PROTEINE L1 RECOMBINANTE ADSORBEE DU VIRUS HUMAIN PAPILLOMAVIRUS TYPE 16 // PROTEINE L1 DU HPV18 // ROTEINE L1 RECOMBINANTE ADSORBEE DU VIRUS HUMAIN PAPILLOMAVIRUS TYPE 31 // ROTEINE L1 RECOMBINANTE ADSORBEE DU VIRUS HUMAIN PAPILLOMAVIRUS TYPE 33 // ROTEINE L1 RECOMBINANTE ADSORBEE DU VIRUS HUMAIN PAPILLOMAVIRUS TYPE 45 // ROTEINE L1 RECOMBINANTE ADSORBEE DU VIRUS HUMAIN PAPILLOMAVIRUS TYPE 52 // ROTEINE L1 RECOMBINANTE ADSORBEE DU VIRUS HUMAIN PAPILLOMAVIRUS TYPE 58 // // // // // // // // // // // //,PROTEINE L1 RECOMBINANTE ADSORBEE DU VIRUS HUMAIN PAPILLOMAVIRUS TYPE 6 // PROTEINE L1 RECOMBINANTE ADSORBEE DU VIRUS HUMAIN PAPILLOMAVIRUS TYPE 11 // PROTEINE L1 RECOMBINANTE ADSORBEE DU VIRUS HUMAIN PAPILLOMAVIRUS TYPE 16 // PROTEINE L1 DU HPV18 // ROTEINE L1 RECOMBINANTE ADSORBEE DU VIRUS HUMAIN PAPILLOMAVIRUS TYPE 31 // ROTEINE L1 RECOMBINANTE ADSORBEE DU VIRUS HUMAIN PAPILLOMAVIRUS TYPE 33 // ROTEINE L1 RECOMBINANTE ADSORBEE DU VIRUS HUMAIN PAPILLOMAVIRUS TYPE 45 // ROTEINE L1 RECOMBINANTE ADSORBEE DU VIRUS HUMAIN PAPILLOMAVIRUS TYPE 52 // ROTEINE L1 RECOMBINANTE ADSORBEE DU VIRUS HUMAIN PAPILLOMAVIRUS TYPE 58 // // // // // // // // // // // //,1596934,,,
PROTEINE S,PROTEINE S,34822,,,
PROTEINES DE LACTOSERUM,PROTEINES DE LACTOSERUM,260039,,,
PROTEINES PLASMATIQUES HUMAINES,PROTEINES PLASMATIQUES HUMAINES,2117853,,,
PROXYMETACAINE,PROXYMETACAINE,34905,S01HA,S,Local anesthetics
PROZAPINE,PROZAPINE,2626,N05AH,N,"Diazepines, oxazepines, thiazepines and oxepines"
PRULIFLOXACINE,PRULIFLOXACINE,,,,
PSEUDOEPHEDRINE,PSEUDOEPHEDRINE,8896,R01BA,R,Sympathomimetics
PSEUDOEPHEDRINE (CHLORHYDRATE) // TRIPROLIDINE (CHLORHYDRATE),PSEUDOEPHEDRINE (CHLORHYDRATE) // TRIPROLIDINE (CHLORHYDRATE),17610,D09AA,D,Medicated dressings with antiinfectives
PSEUDOEPHEDRINE (CHLORHYDRATE) // TRIPROLIDINE (CHLORHYDRATE),PSEUDOEPHEDRINE (CHLORHYDRATE) // TRIPROLIDINE (CHLORHYDRATE),17610,M05BX,M,Other drugs affecting bone structure and mineralization
PYGEUM AFRICANUM,PYGEUM AFRICANUM,236466,,,
PYRANTEL,PYRANTEL,8984,P02CC,P,Tetrahydropyrimidine derivatives
PYRANTEL PAMOATE,PYRANTEL PAMOATE,8985,P02CC,P,Tetrahydropyrimidine derivatives
PYRAZINAMIDE,PYRAZINAMIDE,8987,J04AM,J,Combinations of drugs for treatment of tuberculosis
PYRAZINAMIDE,PYRAZINAMIDE,8987,J04AK,J,Other drugs for treatment of tuberculosis
PYRIDOSTIGMINE,PYRIDOSTIGMINE,9000,N07AA,N,Anticholinesterases
PYRIDOSTIGMINE (BROMURE),PYRIDOSTIGMINE (BROMURE),9000,N07AA,N,Anticholinesterases
PYRIDOXINE,PYRIDOXINE,684879,A11HA,A,Other plain vitamin preparations
PYRIDOXINE (VITAMINE B6),PYRIDOXINE (VITAMINE B6),684879,A11HA,A,Other plain vitamin preparations
PYRIDOXINE (VITAMINE B6) / ACIDE L GLUTAMIQUE,PYRIDOXINE (VITAMINE B6) / ACIDE L GLUTAMIQUE,684879,A11HA,A,Other plain vitamin preparations
PYRIDOXINE (VITAMINE B6) / THIAMINE (VITAMINE B1),PYRIDOXINE (VITAMINE B6) / THIAMINE (VITAMINE B1),10454,A11DA,A,"Vitamin B1, plain"
PYRITHIONE,PYRITHIONE,35100,,,
PYROPHOSPHATE DE SODIUM DECAHYDRATE,PYROPHOSPHATE DE SODIUM DECAHYDRATE,1944687,,,
QUETIAPINE,QUETIAPINE,51272,N05AH,N,"Diazepines, oxazepines, thiazepines and oxepines"
QUETIAPINE (FUMARATE),QUETIAPINE (FUMARATE),221153,N05AH,N,"Diazepines, oxazepines, thiazepines and oxepines"
QUINAPRIL,QUINAPRIL,35208,C09AA,C,"ACE inhibitors, plain"
QUINAPRIL / HYDROCHLOROTHIAZIDE,QUINAPRIL,35208,C09AA,C,"ACE inhibitors, plain"
QUINAPRIL / HYDROCHLOROTHIAZIDE,HYDROCHLOROTHIAZIDE,5487,C09XA,C,Renin-inhibitors
QUINAPRIL / HYDROCHLOROTHIAZIDE,HYDROCHLOROTHIAZIDE,5487,C03AA,C,"Thiazides, plain"
QUINAPRIL / HYDROCHLOROTHIAZIDE,HYDROCHLOROTHIAZIDE,5487,C09DX,C,"Angiotensin II receptor blockers (ARBs), other combinations"
QUINAPRIL // HYDROCHLOROTHIAZIDE,QUINAPRIL,35208,C09AA,C,"ACE inhibitors, plain"
QUINAPRIL // HYDROCHLOROTHIAZIDE,HYDROCHLOROTHIAZIDE,5487,C09XA,C,Renin-inhibitors
QUINAPRIL // HYDROCHLOROTHIAZIDE,HYDROCHLOROTHIAZIDE,5487,C03AA,C,"Thiazides, plain"
QUINAPRIL // HYDROCHLOROTHIAZIDE,HYDROCHLOROTHIAZIDE,5487,C09DX,C,"Angiotensin II receptor blockers (ARBs), other combinations"
QUININE (GLUCONATE) // QUINIDINE (GLUCONATE) // CINCHONINE (CHLORHYDRATE) // CINCHONIDINE (CHLORHYDRATE),QUININE (GLUCONATE) // QUINIDINE (GLUCONATE) // CINCHONINE (CHLORHYDRATE) // CINCHONIDINE (CHLORHYDRATE),35220,C01BA,C,"Antiarrhythmics, class Ia"
RABEPRAZOLE,RABEPRAZOLE,114979,A02BC,A,Proton pump inhibitors
RACECADOTRIL,RACECADOTRIL,16738,A07XA,A,Other antidiarrheals
RALOXIFENE,RALOXIFENE,72143,G03XC,G,Selective estrogen receptor modulators
RALTEGRAVIR,RALTEGRAVIR,719872,J05AJ,J,Integrase inhibitors
RALTEGRAVIR (POTASSIUM),RALTEGRAVIR (POTASSIUM),1235585,J05AJ,J,Integrase inhibitors
RALTITREXED,RALTITREXED,196239,L01BA,L,Folic acid analogues
RAMIPRIL,RAMIPRIL,35296,C09AA,C,"ACE inhibitors, plain"
RAMIPRIL,RAMIPRIL,35296,C09BB,C,ACE inhibitors and calcium channel blockers
RAMIPRIL / HYDROCHLOROTHIAZIDE,RAMIPRIL,35296,C09AA,C,"ACE inhibitors, plain"
RAMIPRIL / HYDROCHLOROTHIAZIDE,RAMIPRIL,35296,C09BB,C,ACE inhibitors and calcium channel blockers
RAMIPRIL / HYDROCHLOROTHIAZIDE,HYDROCHLOROTHIAZIDE,5487,C09XA,C,Renin-inhibitors
RAMIPRIL / HYDROCHLOROTHIAZIDE,HYDROCHLOROTHIAZIDE,5487,C03AA,C,"Thiazides, plain"
RAMIPRIL / HYDROCHLOROTHIAZIDE,HYDROCHLOROTHIAZIDE,5487,C09DX,C,"Angiotensin II receptor blockers (ARBs), other combinations"
RAMIPRIL // HYDROCHLOROTHIAZIDE,RAMIPRIL,35296,C09AA,C,"ACE inhibitors, plain"
RAMIPRIL // HYDROCHLOROTHIAZIDE,RAMIPRIL,35296,C09BB,C,ACE inhibitors and calcium channel blockers
RAMIPRIL // HYDROCHLOROTHIAZIDE,HYDROCHLOROTHIAZIDE,5487,C09XA,C,Renin-inhibitors
RAMIPRIL // HYDROCHLOROTHIAZIDE,HYDROCHLOROTHIAZIDE,5487,C03AA,C,"Thiazides, plain"
RAMIPRIL // HYDROCHLOROTHIAZIDE,HYDROCHLOROTHIAZIDE,5487,C09DX,C,"Angiotensin II receptor blockers (ARBs), other combinations"
RAMUCIRUMAB,RAMUCIRUMAB,1535922,L01FG,L,VEGF/VEGFR (Vascular Endothelial Growth Factor / -Receptor) inhibitors
RANELATE DE STRONTIUM,RANELATE DE STRONTIUM,10122,,,
RANIBIZUMAB,RANIBIZUMAB,595060,S01LA,S,Antineovascularisation agents
RANITIDINE,RANITIDINE,9143,A02BA,A,H2-receptor antagonists
RANITIDINE (BISMUTH-CITRATE),RANITIDINE (BISMUTH-CITRATE),55471,A02BA,A,H2-receptor antagonists
RANOLAZINE,RANOLAZINE,35829,C01EB,C,Other cardiac preparations
RASAGILINE,RASAGILINE,134748,N04BD,N,Monoamine oxidase B inhibitors
RASAGILINE (TARTRATE),RASAGILINE (TARTRATE),134748,N04BD,N,Monoamine oxidase B inhibitors
RASBURICASE,RASBURICASE,283821,V03AF,V,Detoxifying agents for antineoplastic treatment
RAUBASINE,RAUBASINE,17205,,,
REGORAFENIB,REGORAFENIB,1312397,L01EX,L,Other protein kinase inhibitors
REMIFENTANIL,REMIFENTANIL,73032,N01AH,N,Opioid anesthetics
REPAGLINIDE,REPAGLINIDE,73044,A10BX,A,"Other blood glucose lowering drugs, excl. insulins"
REPAGLINIDE,REPAGLINIDE,73044,A10BD,A,Combinations of oral blood glucose lowering drugs
RETIGABINE,RETIGABINE,1112990,N03AX,N,Other antiepileptics
RHENIUM (SULFURE),RHENIUM (SULFURE),1667763,,,
RHUBARBE EXTRAIT SEC,RHUBARBE EXTRAIT SEC,91266,,,
RHUBARBE EXTRAIT SEC / ACIDE SALICYLIQUE,RHUBARBE EXTRAIT SEC,91266,,,
RHUBARBE EXTRAIT SEC / ACIDE SALICYLIQUE,ACIDE SALICYLIQUE,,,,
RIBAVIRINE,RIBAVIRINE,9344,J05AP,J,Antivirals for treatment of HCV infections
RIBOCICLIB SUCCINATE,RIBOCICLIB SUCCINATE,1873978,L01EF,L,Cyclin-dependent kinase (CDK) inhibitors
RIBOFLAVINE,RIBOFLAVINE,9346,A11HA,A,Other plain vitamin preparations
RIBOFLAVINE,RIBOFLAVINE,9346,S01XA,S,Other ophthalmologicals
RIFAMPICINE,RIFAMPICINE,9384,J04AM,J,Combinations of drugs for treatment of tuberculosis
RIFAMPICINE,RIFAMPICINE,9384,J04AB,J,Antibiotics
RIFAMPICINE / ISONIAZIDE,RIFAMPICINE,9384,J04AM,J,Combinations of drugs for treatment of tuberculosis
RIFAMPICINE / ISONIAZIDE,RIFAMPICINE,9384,J04AB,J,Antibiotics
RIFAMPICINE / ISONIAZIDE,ISONIAZIDE,6038,J04AM,J,Combinations of drugs for treatment of tuberculosis
RIFAMPICINE / ISONIAZIDE,ISONIAZIDE,6038,J04AC,J,Hydrazides
RIFAMPICINE // ISONIAZIDE,RIFAMPICINE,9384,J04AM,J,Combinations of drugs for treatment of tuberculosis
RIFAMPICINE // ISONIAZIDE,RIFAMPICINE,9384,J04AB,J,Antibiotics
RIFAMPICINE // ISONIAZIDE,ISONIAZIDE,6038,J04AM,J,Combinations of drugs for treatment of tuberculosis
RIFAMPICINE // ISONIAZIDE,ISONIAZIDE,6038,J04AC,J,Hydrazides
RIFAMPICINE // ISONIAZIDE // PYRAZINAMIDE,RIFAMPICINE,9384,J04AM,J,Combinations of drugs for treatment of tuberculosis
RIFAMPICINE // ISONIAZIDE // PYRAZINAMIDE,RIFAMPICINE,9384,J04AB,J,Antibiotics
RIFAMPICINE // ISONIAZIDE // PYRAZINAMIDE,ISONIAZIDE,6038,J04AM,J,Combinations of drugs for treatment of tuberculosis
RIFAMPICINE // ISONIAZIDE // PYRAZINAMIDE,ISONIAZIDE,6038,J04AC,J,Hydrazides
RIFAMPICINE // ISONIAZIDE // PYRAZINAMIDE,PYRAZINAMIDE,8987,J04AM,J,Combinations of drugs for treatment of tuberculosis
RIFAMPICINE // ISONIAZIDE // PYRAZINAMIDE,PYRAZINAMIDE,8987,J04AK,J,Other drugs for treatment of tuberculosis
RIFAMPICINE // ISONIAZIDE // PYRAZINAMIDE // ETHAMBUTOL,RIFAMPICINE,9384,J04AM,J,Combinations of drugs for treatment of tuberculosis
RIFAMPICINE // ISONIAZIDE // PYRAZINAMIDE // ETHAMBUTOL,RIFAMPICINE,9384,J04AB,J,Antibiotics
RIFAMPICINE // ISONIAZIDE // PYRAZINAMIDE // ETHAMBUTOL,ISONIAZIDE,6038,J04AM,J,Combinations of drugs for treatment of tuberculosis
RIFAMPICINE // ISONIAZIDE // PYRAZINAMIDE // ETHAMBUTOL,ISONIAZIDE,6038,J04AC,J,Hydrazides
RIFAMPICINE // ISONIAZIDE // PYRAZINAMIDE // ETHAMBUTOL,PYRAZINAMIDE,8987,J04AM,J,Combinations of drugs for treatment of tuberculosis
RIFAMPICINE // ISONIAZIDE // PYRAZINAMIDE // ETHAMBUTOL,PYRAZINAMIDE,8987,J04AK,J,Other drugs for treatment of tuberculosis
RIFAMPICINE // ISONIAZIDE // PYRAZINAMIDE // ETHAMBUTOL,ETHAMBUTOL,4110,J04AK,J,Other drugs for treatment of tuberculosis
RIFAMPICINE // ISONIAZIDE // PYRAZINAMIDE // ETHAMBUTOL,ETHAMBUTOL,4110,J04AM,J,Combinations of drugs for treatment of tuberculosis
RIFAMYCINE,RIFAMYCINE,35616,A07AA,A,Antibiotics
RIFAMYCINE,RIFAMYCINE,35616,D06AX,D,Other antibiotics for topical use
RIFAMYCINE,RIFAMYCINE,35616,J04AB,J,Antibiotics
RIFAMYCINE,RIFAMYCINE,35616,S01AA,S,Antibiotics
RIFAMYCINE,RIFAMYCINE,35616,S02AA,S,Antiinfectives
RIFAMYCINE / PREDNISOLONE,RIFAMYCINE,35616,A07AA,A,Antibiotics
RIFAMYCINE / PREDNISOLONE,RIFAMYCINE,35616,D06AX,D,Other antibiotics for topical use
RIFAMYCINE / PREDNISOLONE,RIFAMYCINE,35616,J04AB,J,Antibiotics
RIFAMYCINE / PREDNISOLONE,RIFAMYCINE,35616,S01AA,S,Antibiotics
RIFAMYCINE / PREDNISOLONE,RIFAMYCINE,35616,S02AA,S,Antiinfectives
RIFAMYCINE / PREDNISOLONE,PREDNISOLONE,8638,A01AC,A,Corticosteroids for local oral treatment
RIFAMYCINE / PREDNISOLONE,PREDNISOLONE,8638,A07EA,A,Corticosteroids acting locally
RIFAMYCINE / PREDNISOLONE,PREDNISOLONE,8638,C05AA,C,Corticosteroids
RIFAMYCINE / PREDNISOLONE,PREDNISOLONE,8638,D07AA,D,"Corticosteroids, weak (group I)"
RIFAMYCINE / PREDNISOLONE,PREDNISOLONE,8638,D07XA,D,"Corticosteroids, weak, other combinations"
RIFAMYCINE / PREDNISOLONE,PREDNISOLONE,8638,H02AB,H,Glucocorticoids
RIFAMYCINE / PREDNISOLONE,PREDNISOLONE,8638,R01AD,R,Corticosteroids
RIFAMYCINE / PREDNISOLONE,PREDNISOLONE,8638,S01BA,S,"Corticosteroids, plain"
RIFAMYCINE / PREDNISOLONE,PREDNISOLONE,8638,S01CB,S,Corticosteroids/antiinfectives/mydriatics in combination
RIFAMYCINE / PREDNISOLONE,PREDNISOLONE,8638,S02BA,S,Corticosteroids
RIFAMYCINE / PREDNISOLONE,PREDNISOLONE,8638,S03BA,S,Corticosteroids
RIFAMYCINE // PREDNISOLONE,RIFAMYCINE,35616,A07AA,A,Antibiotics
RIFAMYCINE // PREDNISOLONE,RIFAMYCINE,35616,D06AX,D,Other antibiotics for topical use
RIFAMYCINE // PREDNISOLONE,RIFAMYCINE,35616,J04AB,J,Antibiotics
RIFAMYCINE // PREDNISOLONE,RIFAMYCINE,35616,S01AA,S,Antibiotics
RIFAMYCINE // PREDNISOLONE,RIFAMYCINE,35616,S02AA,S,Antiinfectives
RIFAMYCINE // PREDNISOLONE,PREDNISOLONE,8638,A01AC,A,Corticosteroids for local oral treatment
RIFAMYCINE // PREDNISOLONE,PREDNISOLONE,8638,A07EA,A,Corticosteroids acting locally
RIFAMYCINE // PREDNISOLONE,PREDNISOLONE,8638,C05AA,C,Corticosteroids
RIFAMYCINE // PREDNISOLONE,PREDNISOLONE,8638,D07AA,D,"Corticosteroids, weak (group I)"
RIFAMYCINE // PREDNISOLONE,PREDNISOLONE,8638,D07XA,D,"Corticosteroids, weak, other combinations"
RIFAMYCINE // PREDNISOLONE,PREDNISOLONE,8638,H02AB,H,Glucocorticoids
RIFAMYCINE // PREDNISOLONE,PREDNISOLONE,8638,R01AD,R,Corticosteroids
RIFAMYCINE // PREDNISOLONE,PREDNISOLONE,8638,S01BA,S,"Corticosteroids, plain"
RIFAMYCINE // PREDNISOLONE,PREDNISOLONE,8638,S01CB,S,Corticosteroids/antiinfectives/mydriatics in combination
RIFAMYCINE // PREDNISOLONE,PREDNISOLONE,8638,S02BA,S,Corticosteroids
RIFAMYCINE // PREDNISOLONE,PREDNISOLONE,8638,S03BA,S,Corticosteroids
RIFAXIMINE,RIFAXIMINE,35619,A07AA,A,Antibiotics
RIFAXIMINE,RIFAXIMINE,35619,D06AX,D,Other antibiotics for topical use
RILMENIDINE DIHYDROGENOPHOSPHATE,RILMENIDINE DIHYDROGENOPHOSPHATE,55679,C02AC,C,Imidazoline receptor agonists
RILUZOLE,RILUZOLE,35623,N07XX,N,Other nervous system drugs
RIMEGEPANT (SULFATE),RIMEGEPANT (SULFATE),2282322,N02CD,N,Calcitonin gene-related peptide (CGRP) antagonists
RIMEXOLONE,RIMEXOLONE,55681,H02AB,H,Glucocorticoids
RIMEXOLONE,RIMEXOLONE,55681,S01BA,S,"Corticosteroids, plain"
RISANKISUMAB,RISANKISUMAB,2166040,L04AC,L,Interleukin inhibitors
RISDIPLAM,RISDIPLAM,2390935,M09AX,M,Other drugs for disorders of the musculo-skeletal system
RISEDRONATE,RISEDRONATE,73056,,,
RISEDRONATE (MONOSODIQUE AMORPHE),RISEDRONATE (MONOSODIQUE AMORPHE),73056,,,
RISEDRONATE (MONOSODIQUE),RISEDRONATE (MONOSODIQUE),73056,,,
RISEDRONATE (MONOSODIQUE) // CALCIUM (CARBONATE) // VITAMINE D3 (CHOLECALCIFEROL),RISEDRONATE (MONOSODIQUE) // CALCIUM (CARBONATE) // VITAMINE D3 (CHOLECALCIFEROL),607278,A02AC,A,Calcium compounds
RISEDRONATE (MONOSODIQUE) // CALCIUM (CARBONATE) // VITAMINE D3 (CHOLECALCIFEROL),RISEDRONATE (MONOSODIQUE) // CALCIUM (CARBONATE) // VITAMINE D3 (CHOLECALCIFEROL),607278,A12AA,A,Calcium
RISPERIDONE,RISPERIDONE,35636,N05AX,N,Other antipsychotics
RITONAVIR,RITONAVIR,85762,J05AP,J,Antivirals for treatment of HCV infections
RITONAVIR,RITONAVIR,85762,J05AR,J,"Antivirals for treatment of HIV infections, combinations"
RITONAVIR,RITONAVIR,85762,J05AE,J,Protease inhibitors
RITUXIMAB,RITUXIMAB,121191,L01FA,L,CD20 (Clusters of Differentiation 20) inhibitors
RIVAROXABAN,RIVAROXABAN,1114195,B01AF,B,Direct factor Xa inhibitors
RIVASTIGMINE,RIVASTIGMINE,183379,N06DA,N,Anticholinesterases
RIVASTIGMINE (HYDROGENE TARTRATE),RIVASTIGMINE (HYDROGENE TARTRATE),994808,N06DA,N,Anticholinesterases
RIZATRIPTAN BENZOATE,RIZATRIPTAN BENZOATE,237082,N02CC,N,Selective serotonin (5HT1) agonists
ROCURONIUM,ROCURONIUM,68139,M03AC,M,Other quaternary ammonium compounds
ROCURONIUM (BROMURE),ROCURONIUM (BROMURE),68139,M03AC,M,Other quaternary ammonium compounds
ROMIPLOSTIM,ROMIPLOSTIM,805452,B02BX,B,Other systemic hemostatics
ROPINIROLE,ROPINIROLE,72302,N04BC,N,Dopamine agonists
ROPINIROLE (CHLORHYDRATE),ROPINIROLE (CHLORHYDRATE),72302,N04BC,N,Dopamine agonists
ROPIVACAINE,ROPIVACAINE,35780,N01BB,N,Amides
ROPIVACAINE (CHLORHYDRATE),ROPIVACAINE (CHLORHYDRATE),35780,N01BB,N,Amides
ROSIGLITAZONE,ROSIGLITAZONE,84108,A10BD,A,Combinations of oral blood glucose lowering drugs
ROSIGLITAZONE,ROSIGLITAZONE,84108,A10BG,A,Thiazolidinediones
ROSIGLITAZONE / METFORMINE,ROSIGLITAZONE,84108,A10BD,A,Combinations of oral blood glucose lowering drugs
ROSIGLITAZONE / METFORMINE,ROSIGLITAZONE,84108,A10BG,A,Thiazolidinediones
ROSIGLITAZONE / METFORMINE,METFORMINE,6809,A10BD,A,Combinations of oral blood glucose lowering drugs
ROSIGLITAZONE / METFORMINE,METFORMINE,6809,A10BA,A,Biguanides
ROSUVASTATINE,ROSUVASTATINE,301542,C10BA,C,Combinations of various lipid modifying agents
ROSUVASTATINE,ROSUVASTATINE,301542,C10AA,C,HMG CoA reductase inhibitors
ROSUVASTATINE (CALCIQUE),ROSUVASTATINE (CALCIQUE),301542,C10BA,C,Combinations of various lipid modifying agents
ROSUVASTATINE (CALCIQUE),ROSUVASTATINE (CALCIQUE),301542,C10AA,C,HMG CoA reductase inhibitors
ROSUVASTATINE // EZETIMIBE,ROSUVASTATINE,301542,C10BA,C,Combinations of various lipid modifying agents
ROSUVASTATINE // EZETIMIBE,ROSUVASTATINE,301542,C10AA,C,HMG CoA reductase inhibitors
ROSUVASTATINE // EZETIMIBE,EZETIMIBE,341248,C10BA,C,Combinations of various lipid modifying agents
ROSUVASTATINE // EZETIMIBE,EZETIMIBE,341248,C10AX,C,Other lipid modifying agents
"ROTAVIRUS HUMAIN, SOUCHE RIX4414","ROTAVIRUS HUMAIN, SOUCHE RIX4414",805573,,,
"ROTAVIRUS REASSORTI BOVIN HUMAIN VIVANT ATTENUE (G1,G2,G3,G4 ET G9)","ROTAVIRUS REASSORTI BOVIN HUMAIN VIVANT ATTENUE (G1,G2,G3,G4 ET G9)",1007640,,,
"ROTAVIRUS REASSORTI BOVIN-HUMAIN VIVANT ATTENUE (G1, G2, G3, G4, G9)","ROTAVIRUS REASSORTI BOVIN-HUMAIN VIVANT ATTENUE (G1, G2, G3, G4, G9)",1007640,,,
ROTIGOTINE,ROTIGOTINE,616739,N04BC,N,Dopamine agonists
ROXITHROMYCINE,ROXITHROMYCINE,9478,J01FA,J,Macrolides
RUSCOGENINE,RUSCOGENINE,35890,,,
RUXOLITINIB,RUXOLITINIB,1193326,D11AH,D,"Agents for dermatitis, excluding corticosteroids"
RUXOLITINIB,RUXOLITINIB,1193326,L01EJ,L,Janus-associated kinase (JAK) inhibitors
RUXOLITINIB (PHOSPHATE),RUXOLITINIB (PHOSPHATE),1193325,D11AH,D,"Agents for dermatitis, excluding corticosteroids"
RUXOLITINIB (PHOSPHATE),RUXOLITINIB (PHOSPHATE),1193325,L01EJ,L,Janus-associated kinase (JAK) inhibitors
SACCHAROMYCES BOULARDII,SACCHAROMYCES BOULARDII,236782,A07FA,A,Antidiarrheal microorganisms
SACUBITRIL,SACUBITRIL,1656328,C09DX,C,"Angiotensin II receptor blockers (ARBs), other combinations"
SACUBITRIL // VALSARTAN,SACUBITRIL,1656328,C09DX,C,"Angiotensin II receptor blockers (ARBs), other combinations"
SACUBITRIL // VALSARTAN,VALSARTAN,69749,C09DX,C,"Angiotensin II receptor blockers (ARBs), other combinations"
SACUBITRIL // VALSARTAN,VALSARTAN,69749,C09CA,C,"Angiotensin II receptor blockers (ARBs), plain"
SACUBITRIL // VALSARTAN,VALSARTAN,69749,C09DB,C,Angiotensin II receptor blockers (ARBs) and calcium channel blockers
SALBUTAMOL,SALBUTAMOL,435,R03AC,R,Selective beta-2-adrenoreceptor agonists
SALBUTAMOL,SALBUTAMOL,435,R03CC,R,Selective beta-2-adrenoreceptor agonists
SALBUTAMOL (SULFATE),SALBUTAMOL (SULFATE),142153,R03AC,R,Selective beta-2-adrenoreceptor agonists
SALBUTAMOL (SULFATE),SALBUTAMOL (SULFATE),142153,R03CC,R,Selective beta-2-adrenoreceptor agonists
SALCATONINE,SALCATONINE,36118,H05BA,H,Calcitonin preparations
SALICYLATE DE BISMUTH,SALICYLATE DE BISMUTH,1599,,,
SALICYLATE DE BISMUTH // CALCIUM (CARBONATE) // HYDROXYDE DE MAGNESIUM // POUDRE TITREE (DE BELLADONE) // BICARBONATE (DE SODIUM),SALICYLATE DE BISMUTH // CALCIUM (CARBONATE) // HYDROXYDE DE MAGNESIUM // POUDRE TITREE (DE BELLADONE) // BICARBONATE (DE SODIUM),34311,,,
SALICYLATE DE CHOLINE // CETALKONIUM (CHLORURE),SALICYLATE DE CHOLINE // CETALKONIUM (CHLORURE),6878,V03AB,V,Antidotes
SALICYLATE DE CHOLINE // CETALKONIUM (CHLORURE),SALICYLATE DE CHOLINE // CETALKONIUM (CHLORURE),6878,V04CG,V,Tests for gastric secretion
SALICYLATE DE METHYLE,SALICYLATE DE METHYLE,29787,,,
SALICYLATE DE METHYLE // CAMPHRE // CAMPOULEHRE,SALICYLATE DE METHYLE,29787,,,
SALICYLATE DE METHYLE // CAMPHRE // CAMPOULEHRE,CAMPHRE,2395761,,,
SALICYLATE DE METHYLE // CAMPHRE // CAMPOULEHRE,CAMPOULEHRE,,,,
SALISYLATE DE CHOLINE,SALISYLATE DE CHOLINE,20976,R03DA,R,Xanthines
SALISYLATE DE CHOLINE / CHLORURE DE CETALKONIUM,SALISYLATE DE CHOLINE,20976,R03DA,R,Xanthines
SALISYLATE DE CHOLINE / CHLORURE DE CETALKONIUM,CHLORURE DE CETALKONIUM,6878,V03AB,V,Antidotes
SALISYLATE DE CHOLINE / CHLORURE DE CETALKONIUM,CHLORURE DE CETALKONIUM,6878,V04CG,V,Tests for gastric secretion
SALISYLATE DE PHENYLPROPYL,SALISYLATE DE PHENYLPROPYL,1595581,,,
SALISYLATE DE PHENYLPROPYL / METHOXYSALICYLATE DETHYLE,SALISYLATE DE PHENYLPROPYL,1595581,,,
SALISYLATE DE PHENYLPROPYL / METHOXYSALICYLATE DETHYLE,METHOXYSALICYLATE DETHYLE,1551457,,,
SALMETEROL,SALMETEROL,36117,R03AK,R,"Adrenergics in combination with corticosteroids or other drugs, excl. anticholinergics"
SALMETEROL,SALMETEROL,36117,R03AC,R,Selective beta-2-adrenoreceptor agonists
SALMETEROL (XINAFOATE),SALMETEROL (XINAFOATE),72616,R03AC,R,Selective beta-2-adrenoreceptor agonists
SALMETEROL / FLUTICASONE,SALMETEROL,36117,R03AK,R,"Adrenergics in combination with corticosteroids or other drugs, excl. anticholinergics"
SALMETEROL / FLUTICASONE,SALMETEROL,36117,R03AC,R,Selective beta-2-adrenoreceptor agonists
SALMETEROL / FLUTICASONE,FLUTICASONE,41126,R03AK,R,"Adrenergics in combination with corticosteroids or other drugs, excl. anticholinergics"
SALMETEROL / FLUTICASONE,FLUTICASONE,41126,D07AC,D,"Corticosteroids, potent (group III)"
SALMETEROL / FLUTICASONE,FLUTICASONE,41126,R01AD,R,Corticosteroids
SALMETEROL / FLUTICASONE,FLUTICASONE,41126,R03BA,R,Glucocorticoids
SAMARIUM LEXIDRONAM (153-SM),SAMARIUM LEXIDRONAM (153-SM),177906,V10BX,V,Various pain palliation radiopharmaceuticals
SAQUINAVIR,SAQUINAVIR,83395,J05AE,J,Protease inhibitors
SATRALIZUMAB,SATRALIZUMAB,2391541,L04AC,L,Interleukin inhibitors
SAXAGLIPTINE,SAXAGLIPTINE,857974,A10BD,A,Combinations of oral blood glucose lowering drugs
SAXAGLIPTINE,SAXAGLIPTINE,857974,A10BH,A,Dipeptidyl peptidase 4 (DPP-4) inhibitors
SECNIDAZOLE,SECNIDAZOLE,36314,P01AB,P,Nitroimidazole derivatives
SECNIDAZOLE ANHYDRE,SECNIDAZOLE ANHYDRE,36314,P01AB,P,Nitroimidazole derivatives
SECUKINUMAB,SECUKINUMAB,1599788,L04AC,L,Interleukin inhibitors
SELEXIPAG,SELEXIPAG,1729002,B01AC,B,Platelet aggregation inhibitors excl. heparin
SEMAGLUTIDE,SEMAGLUTIDE,1991302,A10BJ,A,Glucagon-like peptide-1 (GLP-1) analogues
SENE,SENE,,,,
SENE / CASCARA,SENE,,,,
SENE / CASCARA,CASCARA,66869,A06AB,A,Contact laxatives
SENE // CASCARA // BOLDO // ANIS VERT,SENE,,,,
SENE // CASCARA // BOLDO // ANIS VERT,CASCARA,66869,A06AB,A,Contact laxatives
SENE // CASCARA // BOLDO // ANIS VERT,BOLDO,1310049,,,
SENE // CASCARA // BOLDO // ANIS VERT,ANIS VERT,1090509,R06AX,R,Other antihistamines for systemic use
SENNOSIDES (CALCIQUES),SENNOSIDES (CALCIQUES),36387,A06AB,A,Contact laxatives
SERENOA REPENS (EXTRAIT DE LIPIDOSTEROLIQUE),SERENOA REPENS (EXTRAIT DE LIPIDOSTEROLIQUE),1799374,,,
SERRAPEPTASE,SERRAPEPTASE,36434,,,
SERTACONAZOLE,SERTACONAZOLE,36435,D01AC,D,Imidazole and triazole derivatives
SERTACONAZOLE,SERTACONAZOLE,36435,G01AF,G,Imidazole derivatives
SERTRALINE,SERTRALINE,36437,N06AB,N,Selective serotonin reuptake inhibitors
SERTRALINE (CHLORHYDRATE),SERTRALINE (CHLORHYDRATE),36437,N06AB,N,Selective serotonin reuptake inhibitors
SERUM ANTIRABIQUE EQUINE,SERUM ANTIRABIQUE EQUINE,485234,,,
SEVELAMAR,SEVELAMAR,214824,V03AE,V,Drugs for treatment of hyperkalemia and hyperphosphatemia
SEVELAMER,SEVELAMER,214824,V03AE,V,Drugs for treatment of hyperkalemia and hyperphosphatemia
SEVELAMER (CARBONATE),SEVELAMER (CARBONATE),660890,V03AE,V,Drugs for treatment of hyperkalemia and hyperphosphatemia
SEVELAMER (CHLORHYDRATE),SEVELAMER (CHLORHYDRATE),214824,V03AE,V,Drugs for treatment of hyperkalemia and hyperphosphatemia
SEVOFLURANE,SEVOFLURANE,36453,N01AB,N,Halogenated hydrocarbons
SILDENAFIL,SILDENAFIL,136411,G04BE,G,Drugs used in erectile dysfunction
SIMETHICONE,SIMETHICONE,9796,,,
SIMOCTOCOG ALFA,SIMOCTOCOG ALFA,1729084,B02BD,B,Blood coagulation factors
SIMVASTATINE,SIMVASTATINE,36567,A10BH,A,Dipeptidyl peptidase 4 (DPP-4) inhibitors
SIMVASTATINE,SIMVASTATINE,36567,C10BA,C,Combinations of various lipid modifying agents
SIMVASTATINE,SIMVASTATINE,36567,C10AA,C,HMG CoA reductase inhibitors
SIMVASTATINE / EZETIMIBE,SIMVASTATINE,36567,A10BH,A,Dipeptidyl peptidase 4 (DPP-4) inhibitors
SIMVASTATINE / EZETIMIBE,SIMVASTATINE,36567,C10BA,C,Combinations of various lipid modifying agents
SIMVASTATINE / EZETIMIBE,SIMVASTATINE,36567,C10AA,C,HMG CoA reductase inhibitors
SIMVASTATINE / EZETIMIBE,EZETIMIBE,341248,C10BA,C,Combinations of various lipid modifying agents
SIMVASTATINE / EZETIMIBE,EZETIMIBE,341248,C10AX,C,Other lipid modifying agents
SIMVASTATINE // EZETIMIBE,SIMVASTATINE,36567,A10BH,A,Dipeptidyl peptidase 4 (DPP-4) inhibitors
SIMVASTATINE // EZETIMIBE,SIMVASTATINE,36567,C10BA,C,Combinations of various lipid modifying agents
SIMVASTATINE // EZETIMIBE,SIMVASTATINE,36567,C10AA,C,HMG CoA reductase inhibitors
SIMVASTATINE // EZETIMIBE,EZETIMIBE,341248,C10BA,C,Combinations of various lipid modifying agents
SIMVASTATINE // EZETIMIBE,EZETIMIBE,341248,C10AX,C,Other lipid modifying agents
SITAGLIPTINE,SITAGLIPTINE,593411,A10BH,A,Dipeptidyl peptidase 4 (DPP-4) inhibitors
SITAGLIPTINE,SITAGLIPTINE,593411,A10BD,A,Combinations of oral blood glucose lowering drugs
SITAGLIPTINE (CHLORHYDRATE MONOHYDRATE),SITAGLIPTINE (CHLORHYDRATE MONOHYDRATE),593411,A10BH,A,Dipeptidyl peptidase 4 (DPP-4) inhibitors
SITAGLIPTINE (CHLORHYDRATE MONOHYDRATE),SITAGLIPTINE (CHLORHYDRATE MONOHYDRATE),593411,A10BD,A,Combinations of oral blood glucose lowering drugs
SITAGLIPTINE (PHOSPHATE MONOHYDRATE),SITAGLIPTINE (PHOSPHATE MONOHYDRATE),621590,A10BH,A,Dipeptidyl peptidase 4 (DPP-4) inhibitors
SITAGLIPTINE (PHOSPHATE MONOHYDRATE),SITAGLIPTINE (PHOSPHATE MONOHYDRATE),621590,A10BD,A,Combinations of oral blood glucose lowering drugs
SITAGLIPTINE (PHOSPHATE MONOHYDRATE) // METFORMINE (CHLORHYDRATE),SITAGLIPTINE (PHOSPHATE MONOHYDRATE) // METFORMINE (CHLORHYDRATE),2709468,A10BH,A,Dipeptidyl peptidase 4 (DPP-4) inhibitors
SITAGLIPTINE (PHOSPHATE MONOHYDRATE) // METFORMINE (CHLORHYDRATE),SITAGLIPTINE (PHOSPHATE MONOHYDRATE) // METFORMINE (CHLORHYDRATE),2709468,A10BA,A,Biguanides
SITAGLIPTINE (PHOSPHATE MONOHYDRATE) // METFORMINE (CHLORHYDRATE),SITAGLIPTINE (PHOSPHATE MONOHYDRATE) // METFORMINE (CHLORHYDRATE),2709468,A10BD,A,Combinations of oral blood glucose lowering drugs
SITAGLIPTINE / METFORMINE,SITAGLIPTINE,593411,A10BH,A,Dipeptidyl peptidase 4 (DPP-4) inhibitors
SITAGLIPTINE / METFORMINE,SITAGLIPTINE,593411,A10BD,A,Combinations of oral blood glucose lowering drugs
SITAGLIPTINE / METFORMINE,METFORMINE,6809,A10BD,A,Combinations of oral blood glucose lowering drugs
SITAGLIPTINE / METFORMINE,METFORMINE,6809,A10BA,A,Biguanides
SITAGLIPTINE // METFORMINE,SITAGLIPTINE,593411,A10BH,A,Dipeptidyl peptidase 4 (DPP-4) inhibitors
SITAGLIPTINE // METFORMINE,SITAGLIPTINE,593411,A10BD,A,Combinations of oral blood glucose lowering drugs
SITAGLIPTINE // METFORMINE,METFORMINE,6809,A10BD,A,Combinations of oral blood glucose lowering drugs
SITAGLIPTINE // METFORMINE,METFORMINE,6809,A10BA,A,Biguanides
SITAGLIPTINE // METFORMINE (CHLORHYDRATE),SITAGLIPTINE // METFORMINE (CHLORHYDRATE),729717,A10BH,A,Dipeptidyl peptidase 4 (DPP-4) inhibitors
SITAGLIPTINE // METFORMINE (CHLORHYDRATE),SITAGLIPTINE // METFORMINE (CHLORHYDRATE),729717,A10BA,A,Biguanides
SITAGLIPTINE // METFORMINE (CHLORHYDRATE),SITAGLIPTINE // METFORMINE (CHLORHYDRATE),729717,A10BD,A,Combinations of oral blood glucose lowering drugs
SITAGLIPTINE PHOSPHATE MONOHYDRATE,SITAGLIPTINE PHOSPHATE MONOHYDRATE,621590,A10BH,A,Dipeptidyl peptidase 4 (DPP-4) inhibitors
SITAGLIPTINE PHOSPHATE MONOHYDRATE,SITAGLIPTINE PHOSPHATE MONOHYDRATE,621590,A10BD,A,Combinations of oral blood glucose lowering drugs
SITOSTEROL,SITOSTEROL,9808,,,
SODIUM POLYSTYRENE SULFONATE,SODIUM POLYSTYRENE SULFONATE,56512,,,
SOFOSBUVIR,SOFOSBUVIR,1484911,J05AP,J,Antivirals for treatment of HCV infections
SOFOSBUVIR // LEDIPASVIR,SOFOSBUVIR,1484911,J05AP,J,Antivirals for treatment of HCV infections
SOFOSBUVIR // LEDIPASVIR,LEDIPASVIR,1591922,J05AP,J,Antivirals for treatment of HCV infections
SOFOSBUVIR // VELPATASVIR,SOFOSBUVIR,1484911,J05AP,J,Antivirals for treatment of HCV infections
SOFOSBUVIR // VELPATASVIR,VELPATASVIR,1799206,J05AP,J,Antivirals for treatment of HCV infections
SOLIFENACINE,SOLIFENACINE,322167,G04BD,G,Drugs for urinary frequency and incontinence
SOLIFENACINE / TAMSULOSINE,SOLIFENACINE,322167,G04BD,G,Drugs for urinary frequency and incontinence
SOLIFENACINE / TAMSULOSINE,TAMSULOSINE,77492,G04CA,G,Alpha-adrenoreceptor antagonists
SOLIFENACINE SUCCINATE,SOLIFENACINE SUCCINATE,476588,G04BD,G,Drugs for urinary frequency and incontinence
SOLUTION CONCENTREE ACIDE POUR HEMODIALYSE,SOLUTION CONCENTREE ACIDE POUR HEMODIALYSE,,,,
SOLUTTION DE CHLORITE OXO-K 993 // HYPOCHLORITE DE SODIUM // ACIDE SULFURIQUE,SOLUTTION DE CHLORITE OXO-K 993 // HYPOCHLORITE DE SODIUM // ACIDE SULFURIQUE,36679,,,
SOMATOSTATINE,SOMATOSTATINE,9939,H01CB,H,Somatostatin and analogues
SOMATOSTATINE (ACETATE),SOMATOSTATINE (ACETATE),236092,H01CB,H,Somatostatin and analogues
SOMATROGON,SOMATROGON,2644503,H01AC,H,Somatropin and somatropin agonists
SOMATROPINE,SOMATROPINE,61148,H01AC,H,Somatropin and somatropin agonists
SORAFENIB,SORAFENIB,495881,L01EX,L,Other protein kinase inhibitors
SORAFENIB (TOSYLATE DE SORAFENIB),SORAFENIB (TOSYLATE DE SORAFENIB),597744,L01EX,L,Other protein kinase inhibitors
SORAFENIB (TOSYLATE),SORAFENIB (TOSYLATE),597744,L01EX,L,Other protein kinase inhibitors
SORBITOL,SORBITOL,9945,A06AD,A,Osmotically acting laxatives
SORBITOL,SORBITOL,9945,A06AG,A,Enemas
SORBITOL,SORBITOL,9945,B05CX,B,Other irrigating solutions
SORBITOL,SORBITOL,9945,V04CC,V,Tests for bile duct patency
SORBITOL / CITRATE DE SODIUM,SORBITOL,9945,A06AD,A,Osmotically acting laxatives
SORBITOL / CITRATE DE SODIUM,SORBITOL,9945,A06AG,A,Enemas
SORBITOL / CITRATE DE SODIUM,SORBITOL,9945,B05CX,B,Other irrigating solutions
SORBITOL / CITRATE DE SODIUM,SORBITOL,9945,V04CC,V,Tests for bile duct patency
SORBITOL / CITRATE DE SODIUM,CITRATE DE SODIUM,56466,B05CB,B,Salt solutions
SORBITOL / PHOSPHATE DISODIQUE,SORBITOL,9945,A06AD,A,Osmotically acting laxatives
SORBITOL / PHOSPHATE DISODIQUE,SORBITOL,9945,A06AG,A,Enemas
SORBITOL / PHOSPHATE DISODIQUE,SORBITOL,9945,B05CX,B,Other irrigating solutions
SORBITOL / PHOSPHATE DISODIQUE,SORBITOL,9945,V04CC,V,Tests for bile duct patency
SORBITOL / PHOSPHATE DISODIQUE,PHOSPHATE DISODIQUE,486961,,,
SORBITOL // PHOSPHATE DISODIQUE // SULFATE DE SODIUM ANHYDRE,SORBITOL,9945,A06AD,A,Osmotically acting laxatives
SORBITOL // PHOSPHATE DISODIQUE // SULFATE DE SODIUM ANHYDRE,SORBITOL,9945,A06AG,A,Enemas
SORBITOL // PHOSPHATE DISODIQUE // SULFATE DE SODIUM ANHYDRE,SORBITOL,9945,B05CX,B,Other irrigating solutions
SORBITOL // PHOSPHATE DISODIQUE // SULFATE DE SODIUM ANHYDRE,SORBITOL,9945,V04CC,V,Tests for bile duct patency
SORBITOL // PHOSPHATE DISODIQUE // SULFATE DE SODIUM ANHYDRE,PHOSPHATE DISODIQUE,486961,,,
SORBITOL // PHOSPHATE DISODIQUE // SULFATE DE SODIUM ANHYDRE,SULFATE DE SODIUM ANHYDRE,1299926,A06AD,A,Osmotically acting laxatives
SORBITOL // PHOSPHATE DISODIQUE // SULFATE DE SODIUM ANHYDRE,SULFATE DE SODIUM ANHYDRE,1299926,A12CA,A,Sodium
SOTALOL,SOTALOL,9947,C07AA,C,"Beta blocking agents, non-selective"
SOUCHE BACILE DE CALMETTE - GUERIN,SOUCHE BACILE DE CALMETTE - GUERIN,221050,,,
SOUCHE HOMEOPATHIQUE,SOUCHE HOMEOPATHIQUE,,,,
SOUFFRE PRECIPITE,SOUFFRE PRECIPITE,89767,,,
SOUFRE SUBLIME LAVE,SOUFRE SUBLIME LAVE,,,,
SOUFRE SUBLIME LAVE // TARTRATE ACIDE DE POTASSIUM,SOUFRE SUBLIME LAVE,,,,
SOUFRE SUBLIME LAVE // TARTRATE ACIDE DE POTASSIUM,TARTRATE ACIDE DE POTASSIUM,55024,,,
SPECTINOMYCINE,SPECTINOMYCINE,270,J01XX,J,Other antibacterials
SPIRAMYCINE,SPIRAMYCINE,9991,J01RA,J,Combinations of antibacterials
SPIRAMYCINE,SPIRAMYCINE,9991,J01FA,J,Macrolides
SPIRAMYCINE / METRONIDAZOLE,SPIRAMYCINE,9991,J01RA,J,Combinations of antibacterials
SPIRAMYCINE / METRONIDAZOLE,SPIRAMYCINE,9991,J01FA,J,Macrolides
SPIRAMYCINE / METRONIDAZOLE,METRONIDAZOLE,6922,A02BD,A,Combinations for eradication of Helicobacter pylori
SPIRAMYCINE / METRONIDAZOLE,METRONIDAZOLE,6922,P01AB,P,Nitroimidazole derivatives
SPIRAMYCINE / METRONIDAZOLE,METRONIDAZOLE,6922,J01RA,J,Combinations of antibacterials
SPIRAMYCINE / METRONIDAZOLE,METRONIDAZOLE,6922,A01AB,A,Antiinfectives and antiseptics for local oral treatment
SPIRAMYCINE / METRONIDAZOLE,METRONIDAZOLE,6922,D06BX,D,Other chemotherapeutics
SPIRAMYCINE / METRONIDAZOLE,METRONIDAZOLE,6922,G01AF,G,Imidazole derivatives
SPIRAMYCINE / METRONIDAZOLE,METRONIDAZOLE,6922,J01XD,J,Imidazole derivatives
SPIRAMYCINE // METRONIDAZOLE,SPIRAMYCINE,9991,J01RA,J,Combinations of antibacterials
SPIRAMYCINE // METRONIDAZOLE,SPIRAMYCINE,9991,J01FA,J,Macrolides
SPIRAMYCINE // METRONIDAZOLE,METRONIDAZOLE,6922,A02BD,A,Combinations for eradication of Helicobacter pylori
SPIRAMYCINE // METRONIDAZOLE,METRONIDAZOLE,6922,P01AB,P,Nitroimidazole derivatives
SPIRAMYCINE // METRONIDAZOLE,METRONIDAZOLE,6922,J01RA,J,Combinations of antibacterials
SPIRAMYCINE // METRONIDAZOLE,METRONIDAZOLE,6922,A01AB,A,Antiinfectives and antiseptics for local oral treatment
SPIRAMYCINE // METRONIDAZOLE,METRONIDAZOLE,6922,D06BX,D,Other chemotherapeutics
SPIRAMYCINE // METRONIDAZOLE,METRONIDAZOLE,6922,G01AF,G,Imidazole derivatives
SPIRAMYCINE // METRONIDAZOLE,METRONIDAZOLE,6922,J01XD,J,Imidazole derivatives
SPIRONOLACTONE,SPIRONOLACTONE,9997,C03DA,C,Aldosterone antagonists
SPIRONOLACTONE / ALTIZIDE,SPIRONOLACTONE,9997,C03DA,C,Aldosterone antagonists
SPIRONOLACTONE / ALTIZIDE,ALTIZIDE,17599,,,
SPIRONOLACTONE // ALTIZIDE,SPIRONOLACTONE,9997,C03DA,C,Aldosterone antagonists
SPIRONOLACTONE // ALTIZIDE,ALTIZIDE,17599,,,
SPORES DE BACILLUS CLAUSII,SPORES DE BACILLUS CLAUSII,2600050,,,
SPORES DE BACILLUS CLAUSII MULTIRESISTANTS AUX ANTIBIOTIQUES,SPORES DE BACILLUS CLAUSII MULTIRESISTANTS AUX ANTIBIOTIQUES,2600050,,,
STAVUDINE,STAVUDINE,59763,J05AF,J,Nucleoside and nucleotide reverse transcriptase inhibitors
STAVUDINE,STAVUDINE,59763,J05AR,J,"Antivirals for treatment of HIV infections, combinations"
STAVUDINE / LAMIVUDINE,STAVUDINE,59763,J05AF,J,Nucleoside and nucleotide reverse transcriptase inhibitors
STAVUDINE / LAMIVUDINE,STAVUDINE,59763,J05AR,J,"Antivirals for treatment of HIV infections, combinations"
STAVUDINE / LAMIVUDINE,LAMIVUDINE,68244,J05AR,J,"Antivirals for treatment of HIV infections, combinations"
STAVUDINE / LAMIVUDINE,LAMIVUDINE,68244,J05AF,J,Nucleoside and nucleotide reverse transcriptase inhibitors
STAVUDINE // LAMIVUDINE // NEVIRAPINE,STAVUDINE,59763,J05AF,J,Nucleoside and nucleotide reverse transcriptase inhibitors
STAVUDINE // LAMIVUDINE // NEVIRAPINE,STAVUDINE,59763,J05AR,J,"Antivirals for treatment of HIV infections, combinations"
STAVUDINE // LAMIVUDINE // NEVIRAPINE,LAMIVUDINE,68244,J05AR,J,"Antivirals for treatment of HIV infections, combinations"
STAVUDINE // LAMIVUDINE // NEVIRAPINE,LAMIVUDINE,68244,J05AF,J,Nucleoside and nucleotide reverse transcriptase inhibitors
STAVUDINE // LAMIVUDINE // NEVIRAPINE,NEVIRAPINE,53654,J05AG,J,Non-nucleoside reverse transcriptase inhibitors
STAVUDINE // LAMIVUDINE // NEVIRAPINE,NEVIRAPINE,53654,J05AR,J,"Antivirals for treatment of HIV infections, combinations"
STREPTOKINASE,STREPTOKINASE,10106,B01AD,B,Enzymes
STREPTOMYCINE,STREPTOMYCINE,10109,A07AA,A,Antibiotics
STREPTOMYCINE,STREPTOMYCINE,10109,J01GA,J,Streptomycins
SUCRALFATE,SUCRALFATE,10156,A02BX,A,Other drugs for peptic ulcer and gastro-oesophageal reflux disease (GORD)
SUFENTANIL,SUFENTANIL,56795,N01AH,N,Opioid anesthetics
SUGAMMADEX (SODIQUE),SUGAMMADEX (SODIQUE),1726988,V03AB,V,Antidotes
SULBACTAM,SULBACTAM,10167,J01CR,J,"Combinations of penicillins, incl. beta-lactamase inhibitors"
SULBACTAM,SULBACTAM,10167,J01CG,J,Beta-lactamase inhibitors
SULBACTAM // AMPICILLINE,SULBACTAM,10167,J01CR,J,"Combinations of penicillins, incl. beta-lactamase inhibitors"
SULBACTAM // AMPICILLINE,SULBACTAM,10167,J01CG,J,Beta-lactamase inhibitors
SULBACTAM // AMPICILLINE,AMPICILLINE,733,J01CR,J,"Combinations of penicillins, incl. beta-lactamase inhibitors"
SULBACTAM // AMPICILLINE,AMPICILLINE,733,J01CA,J,Penicillins with extended spectrum
SULBACTAM // AMPICILLINE,AMPICILLINE,733,S01AA,S,Antibiotics
SULBUTIAMINE,SULBUTIAMINE,37317,A11DA,A,"Vitamin B1, plain"
SULCONAZOLE,SULCONAZOLE,37319,D01AC,D,Imidazole and triazole derivatives
SULFACETAMIDE // TETRAMETHYLTHIONINE,SULFACETAMIDE,10169,D10AF,D,Antiinfectives for treatment of acne
SULFACETAMIDE // TETRAMETHYLTHIONINE,SULFACETAMIDE,10169,S01AB,S,Sulfonamides
SULFACETAMIDE // TETRAMETHYLTHIONINE,TETRAMETHYLTHIONINE,,,,
SULFADIAZINE,SULFADIAZINE,10171,J01EE,J,"Combinations of sulfonamides and trimethoprim, incl. derivatives"
SULFADIAZINE,SULFADIAZINE,10171,J01EC,J,Intermediate-acting sulfonamides
SULFADIAZINE ARGENTIQUE,SULFADIAZINE ARGENTIQUE,10171,J01EE,J,"Combinations of sulfonamides and trimethoprim, incl. derivatives"
SULFADIAZINE ARGENTIQUE,SULFADIAZINE ARGENTIQUE,10171,J01EC,J,Intermediate-acting sulfonamides
SULFAMETHOXAZOLE,SULFAMETHOXAZOLE,10180,J01EC,J,Intermediate-acting sulfonamides
SULFAMETHOXAZOLE,SULFAMETHOXAZOLE,10180,J01EE,J,"Combinations of sulfonamides and trimethoprim, incl. derivatives"
SULFAMETHOXAZOLE / TRIMETHOPRIME,SULFAMETHOXAZOLE,10180,J01EC,J,Intermediate-acting sulfonamides
SULFAMETHOXAZOLE / TRIMETHOPRIME,SULFAMETHOXAZOLE,10180,J01EE,J,"Combinations of sulfonamides and trimethoprim, incl. derivatives"
SULFAMETHOXAZOLE / TRIMETHOPRIME,TRIMETHOPRIME,10829,J01EE,J,"Combinations of sulfonamides and trimethoprim, incl. derivatives"
SULFAMETHOXAZOLE / TRIMETHOPRIME,TRIMETHOPRIME,10829,J01EA,J,Trimethoprim and derivatives
SULFAMETHOXAZOLE / TRIMETHOPRIME / BROMHEXINE,SULFAMETHOXAZOLE,10180,J01EC,J,Intermediate-acting sulfonamides
SULFAMETHOXAZOLE / TRIMETHOPRIME / BROMHEXINE,SULFAMETHOXAZOLE,10180,J01EE,J,"Combinations of sulfonamides and trimethoprim, incl. derivatives"
SULFAMETHOXAZOLE / TRIMETHOPRIME / BROMHEXINE,TRIMETHOPRIME,10829,J01EE,J,"Combinations of sulfonamides and trimethoprim, incl. derivatives"
SULFAMETHOXAZOLE / TRIMETHOPRIME / BROMHEXINE,TRIMETHOPRIME,10829,J01EA,J,Trimethoprim and derivatives
SULFAMETHOXAZOLE / TRIMETHOPRIME / BROMHEXINE,BROMHEXINE,1753,R05CB,R,Mucolytics
SULFAMETHOXAZOLE // TRIMETHOPRIME,SULFAMETHOXAZOLE,10180,J01EC,J,Intermediate-acting sulfonamides
SULFAMETHOXAZOLE // TRIMETHOPRIME,SULFAMETHOXAZOLE,10180,J01EE,J,"Combinations of sulfonamides and trimethoprim, incl. derivatives"
SULFAMETHOXAZOLE // TRIMETHOPRIME,TRIMETHOPRIME,10829,J01EE,J,"Combinations of sulfonamides and trimethoprim, incl. derivatives"
SULFAMETHOXAZOLE // TRIMETHOPRIME,TRIMETHOPRIME,10829,J01EA,J,Trimethoprim and derivatives
SULFAMETHOXAZOLE // TRIMETHOPRIME // BROMHEXINE (CHLORHYDRATE),SULFAMETHOXAZOLE // TRIMETHOPRIME // BROMHEXINE (CHLORHYDRATE),10831,J01EC,J,Intermediate-acting sulfonamides
SULFAMETHOXAZOLE // TRIMETHOPRIME // BROMHEXINE (CHLORHYDRATE),SULFAMETHOXAZOLE // TRIMETHOPRIME // BROMHEXINE (CHLORHYDRATE),10831,J01EA,J,Trimethoprim and derivatives
SULFAMETHOXAZOLE // TRIMETHOPRIME // BROMHEXINE (CHLORHYDRATE),SULFAMETHOXAZOLE // TRIMETHOPRIME // BROMHEXINE (CHLORHYDRATE),10831,J01EE,J,"Combinations of sulfonamides and trimethoprim, incl. derivatives"
SULFASALAZINE,SULFASALAZINE,9524,A07EC,A,Aminosalicylic acid and similar agents
SULFATE DE BARYUM,SULFATE DE BARYUM,260039,,,
SULFATE DE CUIVRE,SULFATE DE CUIVRE,260039,,,
SULFATE DE CUIVRE / SULFATE DE ZINC,SULFATE DE CUIVRE,260039,,,
SULFATE DE CUIVRE / SULFATE DE ZINC,SULFATE DE ZINC,39954,A12CB,A,Zinc
SULFATE DE CUIVRE / SULFATE DE ZINC,SULFATE DE ZINC,39954,B05XA,B,Electrolyte solutions
SULFATE DE NEOMYCINE,SULFATE DE NEOMYCINE,7300,A01AB,A,Antiinfectives and antiseptics for local oral treatment
SULFATE DE NEOMYCINE,SULFATE DE NEOMYCINE,7300,A07AA,A,Antibiotics
SULFATE DE NEOMYCINE,SULFATE DE NEOMYCINE,7300,B05CA,B,Antiinfectives
SULFATE DE NEOMYCINE,SULFATE DE NEOMYCINE,7300,D06AX,D,Other antibiotics for topical use
SULFATE DE NEOMYCINE,SULFATE DE NEOMYCINE,7300,J01GB,J,Other aminoglycosides
SULFATE DE NEOMYCINE,SULFATE DE NEOMYCINE,7300,R02AB,R,Antibiotics
SULFATE DE NEOMYCINE,SULFATE DE NEOMYCINE,7300,S01AA,S,Antibiotics
SULFATE DE NEOMYCINE,SULFATE DE NEOMYCINE,7300,S02AA,S,Antiinfectives
SULFATE DE NEOMYCINE,SULFATE DE NEOMYCINE,7300,S03AA,S,Antiinfectives
SULFATE DE NEOMYCINE / SULFATE DE POLYMYXINE B / NYSTATINE,SULFATE DE NEOMYCINE,7300,A01AB,A,Antiinfectives and antiseptics for local oral treatment
SULFATE DE NEOMYCINE / SULFATE DE POLYMYXINE B / NYSTATINE,SULFATE DE NEOMYCINE,7300,A07AA,A,Antibiotics
SULFATE DE NEOMYCINE / SULFATE DE POLYMYXINE B / NYSTATINE,SULFATE DE NEOMYCINE,7300,B05CA,B,Antiinfectives
SULFATE DE NEOMYCINE / SULFATE DE POLYMYXINE B / NYSTATINE,SULFATE DE NEOMYCINE,7300,D06AX,D,Other antibiotics for topical use
SULFATE DE NEOMYCINE / SULFATE DE POLYMYXINE B / NYSTATINE,SULFATE DE NEOMYCINE,7300,J01GB,J,Other aminoglycosides
SULFATE DE NEOMYCINE / SULFATE DE POLYMYXINE B / NYSTATINE,SULFATE DE NEOMYCINE,7300,R02AB,R,Antibiotics
SULFATE DE NEOMYCINE / SULFATE DE POLYMYXINE B / NYSTATINE,SULFATE DE NEOMYCINE,7300,S01AA,S,Antibiotics
SULFATE DE NEOMYCINE / SULFATE DE POLYMYXINE B / NYSTATINE,SULFATE DE NEOMYCINE,7300,S02AA,S,Antiinfectives
SULFATE DE NEOMYCINE / SULFATE DE POLYMYXINE B / NYSTATINE,SULFATE DE NEOMYCINE,7300,S03AA,S,Antiinfectives
SULFATE DE NEOMYCINE / SULFATE DE POLYMYXINE B / NYSTATINE,SULFATE DE POLYMYXINE B,388,A07AA,A,Antibiotics
SULFATE DE NEOMYCINE / SULFATE DE POLYMYXINE B / NYSTATINE,SULFATE DE POLYMYXINE B,388,J01XB,J,Polymyxins
SULFATE DE NEOMYCINE / SULFATE DE POLYMYXINE B / NYSTATINE,SULFATE DE POLYMYXINE B,388,S01AA,S,Antibiotics
SULFATE DE NEOMYCINE / SULFATE DE POLYMYXINE B / NYSTATINE,SULFATE DE POLYMYXINE B,388,S02AA,S,Antiinfectives
SULFATE DE NEOMYCINE / SULFATE DE POLYMYXINE B / NYSTATINE,SULFATE DE POLYMYXINE B,388,S03AA,S,Antiinfectives
SULFATE DE NEOMYCINE / SULFATE DE POLYMYXINE B / NYSTATINE,NYSTATINE,7597,J01RA,J,Combinations of antibacterials
SULFATE DE NEOMYCINE / SULFATE DE POLYMYXINE B / NYSTATINE,NYSTATINE,7597,A07AA,A,Antibiotics
SULFATE DE NEOMYCINE / SULFATE DE POLYMYXINE B / NYSTATINE,NYSTATINE,7597,D01AA,D,Antibiotics
SULFATE DE NEOMYCINE / SULFATE DE POLYMYXINE B / NYSTATINE,NYSTATINE,7597,G01AA,G,Antibiotics
SULFATE DE NEOMYCINE // SULFATE DE POLYMYXINE B // NYSTATINE,SULFATE DE NEOMYCINE,7300,A01AB,A,Antiinfectives and antiseptics for local oral treatment
SULFATE DE NEOMYCINE // SULFATE DE POLYMYXINE B // NYSTATINE,SULFATE DE NEOMYCINE,7300,A07AA,A,Antibiotics
SULFATE DE NEOMYCINE // SULFATE DE POLYMYXINE B // NYSTATINE,SULFATE DE NEOMYCINE,7300,B05CA,B,Antiinfectives
SULFATE DE NEOMYCINE // SULFATE DE POLYMYXINE B // NYSTATINE,SULFATE DE NEOMYCINE,7300,D06AX,D,Other antibiotics for topical use
SULFATE DE NEOMYCINE // SULFATE DE POLYMYXINE B // NYSTATINE,SULFATE DE NEOMYCINE,7300,J01GB,J,Other aminoglycosides
SULFATE DE NEOMYCINE // SULFATE DE POLYMYXINE B // NYSTATINE,SULFATE DE NEOMYCINE,7300,R02AB,R,Antibiotics
SULFATE DE NEOMYCINE // SULFATE DE POLYMYXINE B // NYSTATINE,SULFATE DE NEOMYCINE,7300,S01AA,S,Antibiotics
SULFATE DE NEOMYCINE // SULFATE DE POLYMYXINE B // NYSTATINE,SULFATE DE NEOMYCINE,7300,S02AA,S,Antiinfectives
SULFATE DE NEOMYCINE // SULFATE DE POLYMYXINE B // NYSTATINE,SULFATE DE NEOMYCINE,7300,S03AA,S,Antiinfectives
SULFATE DE NEOMYCINE // SULFATE DE POLYMYXINE B // NYSTATINE,SULFATE DE POLYMYXINE B,388,A07AA,A,Antibiotics
SULFATE DE NEOMYCINE // SULFATE DE POLYMYXINE B // NYSTATINE,SULFATE DE POLYMYXINE B,388,J01XB,J,Polymyxins
SULFATE DE NEOMYCINE // SULFATE DE POLYMYXINE B // NYSTATINE,SULFATE DE POLYMYXINE B,388,S01AA,S,Antibiotics
SULFATE DE NEOMYCINE // SULFATE DE POLYMYXINE B // NYSTATINE,SULFATE DE POLYMYXINE B,388,S02AA,S,Antiinfectives
SULFATE DE NEOMYCINE // SULFATE DE POLYMYXINE B // NYSTATINE,SULFATE DE POLYMYXINE B,388,S03AA,S,Antiinfectives
SULFATE DE NEOMYCINE // SULFATE DE POLYMYXINE B // NYSTATINE,NYSTATINE,7597,J01RA,J,Combinations of antibacterials
SULFATE DE NEOMYCINE // SULFATE DE POLYMYXINE B // NYSTATINE,NYSTATINE,7597,A07AA,A,Antibiotics
SULFATE DE NEOMYCINE // SULFATE DE POLYMYXINE B // NYSTATINE,NYSTATINE,7597,D01AA,D,Antibiotics
SULFATE DE NEOMYCINE // SULFATE DE POLYMYXINE B // NYSTATINE,NYSTATINE,7597,G01AA,G,Antibiotics
SULFATE DE POLYMYXINE B,SULFATE DE POLYMYXINE B,388,A07AA,A,Antibiotics
SULFATE DE POLYMYXINE B,SULFATE DE POLYMYXINE B,388,J01XB,J,Polymyxins
SULFATE DE POLYMYXINE B,SULFATE DE POLYMYXINE B,388,S01AA,S,Antibiotics
SULFATE DE POLYMYXINE B,SULFATE DE POLYMYXINE B,388,S02AA,S,Antiinfectives
SULFATE DE POLYMYXINE B,SULFATE DE POLYMYXINE B,388,S03AA,S,Antiinfectives
SULFATE DE SODIUM,SULFATE DE SODIUM,9913,C05BB,C,Sclerosing agents for local injection
SULFATE DE TUAMINOHEPTANE,SULFATE DE TUAMINOHEPTANE,260039,,,
SULFATE DE ZINC,SULFATE DE ZINC,39954,A12CB,A,Zinc
SULFATE DE ZINC,SULFATE DE ZINC,39954,B05XA,B,Electrolyte solutions
SULFATE FERREUX,SULFATE FERREUX,1426598,,,
SULFATE FERREUX / ACIDE ASCORBIQUE (VITAMINE C),SULFATE FERREUX / ACIDE ASCORBIQUE (VITAMINE C),1151,A11GA,A,"Ascorbic acid (vitamin C), plain"
SULFATE FERREUX / ACIDE ASCORBIQUE (VITAMINE C),SULFATE FERREUX / ACIDE ASCORBIQUE (VITAMINE C),1151,G01AD,G,Organic acids
SULFATE FERREUX / ACIDE ASCORBIQUE (VITAMINE C),SULFATE FERREUX / ACIDE ASCORBIQUE (VITAMINE C),1151,S01XA,S,Other ophthalmologicals
SULFATE FERREUX / ACIDE FOLIQUE,SULFATE FERREUX,1426598,,,
SULFATE FERREUX / ACIDE FOLIQUE,ACIDE FOLIQUE,4511,B03AD,B,Iron in combination with folic acid
SULFATE FERREUX / ACIDE FOLIQUE,ACIDE FOLIQUE,4511,B03BB,B,Folic acid and derivatives
SULFATE FERREUX / ACIDE FOLIQUE,ACIDE FOLIQUE,4511,V04CX,V,Other diagnostic agents
SULFIRAME,SULFIRAME,30206,,,
SULFOGAICOLE,SULFOGAICOLE,,,,
SULFURE DE SELENIUM,SULFURE DE SELENIUM,9641,,,
SULFURE DE SODIUM,SULFURE DE SODIUM,2645896,D10AF,D,Antiinfectives for treatment of acne
SULFURE DE SODIUM,SULFURE DE SODIUM,2645896,S01AB,S,Sulfonamides
SULFURE DE SODIUM,SULFURE DE SODIUM,2645896,D10AB,D,Preparations containing sulfur
SULODEXIDE,SULODEXIDE,,,,
SULPIRIDE,SULPIRIDE,10239,N05AL,N,Benzamides
SULTAMICILLINE,SULTAMICILLINE,1009148,J01CR,J,"Combinations of penicillins, incl. beta-lactamase inhibitors"
SULTAMICILLINE,SULTAMICILLINE,1009148,J01CG,J,Beta-lactamase inhibitors
SULTAMICILLINE,SULTAMICILLINE,1009148,J01CA,J,Penicillins with extended spectrum
SULTAMICILLINE,SULTAMICILLINE,1009148,S01AA,S,Antibiotics
SUMATRIPTAN SUCCINATE,SUMATRIPTAN SUCCINATE,67158,N02CC,N,Selective serotonin (5HT1) agonists
SUNITINIB,SUNITINIB,357977,L01EX,L,Other protein kinase inhibitors
SUNITINIB (MALATE),SUNITINIB (MALATE),616275,L01EX,L,Other protein kinase inhibitors
SYNEPHRINE,SYNEPHRINE,10288,C01CA,C,Adrenergic and dopaminergic agents
SYNEPHRINE,SYNEPHRINE,10288,S01GA,S,Sympathomimetics used as decongestants
SYNEPHRINE (TARTRATE) // CHLORHEXIDINE (DIGLUCONATE),SYNEPHRINE (TARTRATE) // CHLORHEXIDINE (DIGLUCONATE),236359,C01CA,C,Adrenergic and dopaminergic agents
SYNEPHRINE (TARTRATE) // CHLORHEXIDINE (DIGLUCONATE),SYNEPHRINE (TARTRATE) // CHLORHEXIDINE (DIGLUCONATE),236359,S01GA,S,Sympathomimetics used as decongestants
SYNEPHRINE / DIGLUCONATE DE CHLORHEXIDINE,SYNEPHRINE,10288,C01CA,C,Adrenergic and dopaminergic agents
SYNEPHRINE / DIGLUCONATE DE CHLORHEXIDINE,SYNEPHRINE,10288,S01GA,S,Sympathomimetics used as decongestants
SYNEPHRINE / DIGLUCONATE DE CHLORHEXIDINE,DIGLUCONATE DE CHLORHEXIDINE,20791,A01AB,A,Antiinfectives and antiseptics for local oral treatment
SYNEPHRINE / DIGLUCONATE DE CHLORHEXIDINE,DIGLUCONATE DE CHLORHEXIDINE,20791,B05CA,B,Antiinfectives
SYNEPHRINE / DIGLUCONATE DE CHLORHEXIDINE,DIGLUCONATE DE CHLORHEXIDINE,20791,D08AC,D,Biguanides and amidines
SYNEPHRINE / DIGLUCONATE DE CHLORHEXIDINE,DIGLUCONATE DE CHLORHEXIDINE,20791,D09AA,D,Medicated dressings with antiinfectives
SYNEPHRINE / DIGLUCONATE DE CHLORHEXIDINE,DIGLUCONATE DE CHLORHEXIDINE,20791,R02AA,R,Antiseptics
SYNEPHRINE / DIGLUCONATE DE CHLORHEXIDINE,DIGLUCONATE DE CHLORHEXIDINE,20791,S01AX,S,Other antiinfectives
SYNEPHRINE / DIGLUCONATE DE CHLORHEXIDINE,DIGLUCONATE DE CHLORHEXIDINE,20791,S02AA,S,Antiinfectives
SYNEPHRINE / DIGLUCONATE DE CHLORHEXIDINE,DIGLUCONATE DE CHLORHEXIDINE,20791,S03AA,S,Antiinfectives
TACROLIMUS,TACROLIMUS,42316,D11AH,D,"Agents for dermatitis, excluding corticosteroids"
TACROLIMUS,TACROLIMUS,42316,L04AD,L,Calcineurin inhibitors
TACROLIMUS (MONOHYDRATE),TACROLIMUS (MONOHYDRATE),484288,D11AH,D,"Agents for dermatitis, excluding corticosteroids"
TACROLIMUS (MONOHYDRATE),TACROLIMUS (MONOHYDRATE),484288,L04AD,L,Calcineurin inhibitors
TADALAFIL,TADALAFIL,358263,G04CB,G,Testosterone-5-alpha reductase inhibitors
TADALAFIL,TADALAFIL,358263,C02KX,C,Antihypertensives for pulmonary arterial hypertension
TADALAFIL,TADALAFIL,358263,G04BE,G,Drugs used in erectile dysfunction
TAFAMIDIS MICRONISE,TAFAMIDIS MICRONISE,1545063,N07XX,N,Other nervous system drugs
TAFLUPROST,TAFLUPROST,1244607,S01EE,S,Prostaglandin analogues
TALAZOPARIB,TALAZOPARIB,2099704,L01XK,L,Poly (ADP-ribose) polymerase (PARP) inhibitors
TALAZOPARIB (TOSYLATE),TALAZOPARIB (TOSYLATE),2099703,L01XK,L,Poly (ADP-ribose) polymerase (PARP) inhibitors
TALQUETAMAB,TALQUETAMAB,2644447,L01FX,L,Other monoclonal antibodies and antibody drug conjugates
TAMOXIFENE,TAMOXIFENE,10324,L02BA,L,Anti-estrogens
TAMSULOSINE,TAMSULOSINE,77492,G04CA,G,Alpha-adrenoreceptor antagonists
TAMSULOSINE (CHLORHYDRATE),TAMSULOSINE (CHLORHYDRATE),77492,G04CA,G,Alpha-adrenoreceptor antagonists
TANIN OFFICINAL,TANIN OFFICINAL,124150,,,
TANIN OFFICINAL // HAMAMELIS VIRGINIANA // PHENAZONE,TANIN OFFICINAL,124150,,,
TANIN OFFICINAL // HAMAMELIS VIRGINIANA // PHENAZONE,HAMAMELIS VIRGINIANA,89821,,,
TANIN OFFICINAL // HAMAMELIS VIRGINIANA // PHENAZONE,PHENAZONE,8119,N02AD,N,Benzomorphan derivatives
TARTRATE ACIDE DE POTASSIUM,TARTRATE ACIDE DE POTASSIUM,55024,,,
TAZAROTENE,TAZAROTENE,83947,D05AX,D,Other antipsoriatics for topical use
TAZOBACTAM,TAZOBACTAM,37617,J01CG,J,Beta-lactamase inhibitors
TECLISTAMAB,TECLISTAMAB,2619426,L01FX,L,Other monoclonal antibodies and antibody drug conjugates
TEGAFUR,TEGAFUR,4582,L01BC,L,Pyrimidine analogues
TEGAFUR / URACILE,TEGAFUR,4582,L01BC,L,Pyrimidine analogues
TEGAFUR / URACILE,URACILE,10995,,,
TEGAFUR // URACILE,TEGAFUR,4582,L01BC,L,Pyrimidine analogues
TEGAFUR // URACILE,URACILE,10995,,,
TEGASEROD,TEGASEROD,139778,A06AX,A,Other drugs for constipation
TEGUMENT MUCILAGINEUX DE GRAINE DE PSYLIUM,TEGUMENT MUCILAGINEUX DE GRAINE DE PSYLIUM,3390,G03CB,G,"Synthetic estrogens, plain"
TEGUMENT MUCILAGINEUX DE GRAINE DE PSYLIUM,TEGUMENT MUCILAGINEUX DE GRAINE DE PSYLIUM,3390,G03CC,G,"Estrogens, combinations with other drugs"
TEGUMENT MUCILAGINEUX DE GRAINE DE PSYLIUM,TEGUMENT MUCILAGINEUX DE GRAINE DE PSYLIUM,3390,L02AA,L,Estrogens
TEGUMENT MUCILAGINEUX DE GRAINE DE PSYLIUM / PARAFFINE LIQUIDE,TEGUMENT MUCILAGINEUX DE GRAINE DE PSYLIUM,3390,G03CB,G,"Synthetic estrogens, plain"
TEGUMENT MUCILAGINEUX DE GRAINE DE PSYLIUM / PARAFFINE LIQUIDE,TEGUMENT MUCILAGINEUX DE GRAINE DE PSYLIUM,3390,G03CC,G,"Estrogens, combinations with other drugs"
TEGUMENT MUCILAGINEUX DE GRAINE DE PSYLIUM / PARAFFINE LIQUIDE,TEGUMENT MUCILAGINEUX DE GRAINE DE PSYLIUM,3390,L02AA,L,Estrogens
TEGUMENT MUCILAGINEUX DE GRAINE DE PSYLIUM / PARAFFINE LIQUIDE,PARAFFINE LIQUIDE,6972,A06AA,A,"Softeners, emollients"
TEGUMENTS D'ISPAGHUL,TEGUMENTS D'ISPAGHUL,1358998,R01BA,R,Sympathomimetics
TEGUMENTS DISPAGHULL,TEGUMENTS DISPAGHULL,,,,
TEICOPLANINE,TEICOPLANINE,57021,J01XA,J,Glycopeptide antibacterials
TEINTURE DE KOLA,TEINTURE DE KOLA,319837,,,
TEINTURE DE KOLA / ACIDE PHOSPHORIQUE,TEINTURE DE KOLA,319837,,,
TEINTURE DE KOLA / ACIDE PHOSPHORIQUE,ACIDE PHOSPHORIQUE,8259,,,
TEINTURE DE KOLA // ACIDE PHOSPHORIQUE // GLYCEROPHOSPHATE DE MANGANESE,TEINTURE DE KOLA,319837,,,
TEINTURE DE KOLA // ACIDE PHOSPHORIQUE // GLYCEROPHOSPHATE DE MANGANESE,ACIDE PHOSPHORIQUE,8259,,,
TEINTURE DE KOLA // ACIDE PHOSPHORIQUE // GLYCEROPHOSPHATE DE MANGANESE,GLYCEROPHOSPHATE DE MANGANESE,4918,N07AX,N,Other parasympathomimetics
TELAPREVIR,TELAPREVIR,1102261,J05AP,J,Antivirals for treatment of HCV infections
TELBIVUDINE,TELBIVUDINE,474128,J05AF,J,Nucleoside and nucleotide reverse transcriptase inhibitors
TELMISARTAN,TELMISARTAN,73494,C09CA,C,"Angiotensin II receptor blockers (ARBs), plain"
TELMISARTAN,TELMISARTAN,73494,C09DB,C,Angiotensin II receptor blockers (ARBs) and calcium channel blockers
TELMISARTAN / HYDROCHLOROTHIAZIDE,TELMISARTAN,73494,C09CA,C,"Angiotensin II receptor blockers (ARBs), plain"
TELMISARTAN / HYDROCHLOROTHIAZIDE,TELMISARTAN,73494,C09DB,C,Angiotensin II receptor blockers (ARBs) and calcium channel blockers
TELMISARTAN / HYDROCHLOROTHIAZIDE,HYDROCHLOROTHIAZIDE,5487,C09XA,C,Renin-inhibitors
TELMISARTAN / HYDROCHLOROTHIAZIDE,HYDROCHLOROTHIAZIDE,5487,C03AA,C,"Thiazides, plain"
TELMISARTAN / HYDROCHLOROTHIAZIDE,HYDROCHLOROTHIAZIDE,5487,C09DX,C,"Angiotensin II receptor blockers (ARBs), other combinations"
TELMISARTAN // AMLODIPINE,TELMISARTAN,73494,C09CA,C,"Angiotensin II receptor blockers (ARBs), plain"
TELMISARTAN // AMLODIPINE,TELMISARTAN,73494,C09DB,C,Angiotensin II receptor blockers (ARBs) and calcium channel blockers
TELMISARTAN // AMLODIPINE,AMLODIPINE,17767,C09XA,C,Renin-inhibitors
TELMISARTAN // AMLODIPINE,AMLODIPINE,17767,C09BB,C,ACE inhibitors and calcium channel blockers
TELMISARTAN // AMLODIPINE,AMLODIPINE,17767,C08CA,C,Dihydropyridine derivatives
TELMISARTAN // AMLODIPINE,AMLODIPINE,17767,C10BX,C,Lipid modifying agents in combination with other drugs
TELMISARTAN // AMLODIPINE,AMLODIPINE,17767,C09DB,C,Angiotensin II receptor blockers (ARBs) and calcium channel blockers
TELMISARTAN // AMLODIPINE,AMLODIPINE,17767,C09DX,C,"Angiotensin II receptor blockers (ARBs), other combinations"
TELMISARTAN // HYDROCHLOROTHIAZIDE,TELMISARTAN,73494,C09CA,C,"Angiotensin II receptor blockers (ARBs), plain"
TELMISARTAN // HYDROCHLOROTHIAZIDE,TELMISARTAN,73494,C09DB,C,Angiotensin II receptor blockers (ARBs) and calcium channel blockers
TELMISARTAN // HYDROCHLOROTHIAZIDE,HYDROCHLOROTHIAZIDE,5487,C09XA,C,Renin-inhibitors
TELMISARTAN // HYDROCHLOROTHIAZIDE,HYDROCHLOROTHIAZIDE,5487,C03AA,C,"Thiazides, plain"
TELMISARTAN // HYDROCHLOROTHIAZIDE,HYDROCHLOROTHIAZIDE,5487,C09DX,C,"Angiotensin II receptor blockers (ARBs), other combinations"
TEMOZOLOMIDE,TEMOZOLOMIDE,37776,L01AX,L,Other alkylating agents
TENECTEPLASE,TENECTEPLASE,259280,B01AD,B,Enzymes
TENOATE DE SODIUM,TENOATE DE SODIUM,36679,,,
TENOFOVIR ALAFENAMIDE FUMARATE,TENOFOVIR ALAFENAMIDE FUMARATE,1721604,J05AF,J,Nucleoside and nucleotide reverse transcriptase inhibitors
TENOFOVIR DISPROXIL FUMARATE,TENOFOVIR DISPROXIL FUMARATE,322248,J05AR,J,"Antivirals for treatment of HIV infections, combinations"
TENOFOVIR DISPROXIL FUMARATE,TENOFOVIR DISPROXIL FUMARATE,322248,J05AF,J,Nucleoside and nucleotide reverse transcriptase inhibitors
TENONITROZOLE,TENONITROZOLE,236186,P01AX,P,Other agents against amoebiasis and other protozoal diseases
TENOXICAM,TENOXICAM,37790,M01AC,M,Oxicams
TERAZOSINE,TERAZOSINE,37798,G04CA,G,Alpha-adrenoreceptor antagonists
TERBINAFINE,TERBINAFINE,37801,D01AE,D,Other antifungals for topical use
TERBINAFINE,TERBINAFINE,37801,D01BA,D,Antifungals for systemic use
TERBINAFINE (CHLORHYDRATE),TERBINAFINE (CHLORHYDRATE),37801,D01AE,D,Other antifungals for topical use
TERBINAFINE (CHLORHYDRATE),TERBINAFINE (CHLORHYDRATE),37801,D01BA,D,Antifungals for systemic use
TERBUTALINE,TERBUTALINE,10368,R03AC,R,Selective beta-2-adrenoreceptor agonists
TERBUTALINE,TERBUTALINE,10368,R03CC,R,Selective beta-2-adrenoreceptor agonists
TERBUTALINE (SULFATE),TERBUTALINE (SULFATE),10369,R03AC,R,Selective beta-2-adrenoreceptor agonists
TERBUTALINE (SULFATE),TERBUTALINE (SULFATE),10369,R03CC,R,Selective beta-2-adrenoreceptor agonists
TERIFLUNOMIDE,TERIFLUNOMIDE,1310520,L04AK,L,Dihydroorotate dehydrogenase (DHODH) inhibitors
TERLIPRESSINE (ACETATE),TERLIPRESSINE (ACETATE),57048,H01BA,H,Vasopressin and analogues
TERPINE,TERPINE,89916,,,
TERPINE // HUILLES ESSENTIELLES,TERPINE,89916,,,
TERPINE // HUILLES ESSENTIELLES,HUILLES ESSENTIELLES,,,,
TESTOSTERONE,TESTOSTERONE,10379,G03BA,G,3-oxoandrosten (4) derivatives
TESTOSTERONE,TESTOSTERONE,10379,G03EA,G,Androgens and estrogens
TESTOSTERONE (ENANTHATE),TESTOSTERONE (ENANTHATE),37859,G03BA,G,3-oxoandrosten (4) derivatives
TESTOSTERONE (PROPIONATE) // TESTOSTERONE (PHENYLPROPIONATE) // TESTOSTERONE (ISOCAPROATE) // TESTOSTERONE (DECANOATE),TESTOSTERONE (PROPIONATE) // TESTOSTERONE (PHENYLPROPIONATE) // TESTOSTERONE (ISOCAPROATE) // TESTOSTERONE (DECANOATE),1006908,,,
TESTOSTERONE (UNDECANOATE ),TESTOSTERONE (UNDECANOATE ),37864,G03BA,G,3-oxoandrosten (4) derivatives
TESTOSTERONE / TESTOSTERONE,TESTOSTERONE,10379,G03BA,G,3-oxoandrosten (4) derivatives
TESTOSTERONE / TESTOSTERONE,TESTOSTERONE,10379,G03EA,G,Androgens and estrogens
TESTOSTERONE / TESTOSTERONE,TESTOSTERONE,10379,G03BA,G,3-oxoandrosten (4) derivatives
TESTOSTERONE / TESTOSTERONE,TESTOSTERONE,10379,G03EA,G,Androgens and estrogens
TETRACAINE,TETRACAINE,10391,C05AD,C,Local anesthetics
TETRACAINE,TETRACAINE,10391,D04AB,D,Anesthetics for topical use
TETRACAINE,TETRACAINE,10391,N01BA,N,Esters of aminobenzoic acid
TETRACAINE,TETRACAINE,10391,S01HA,S,Local anesthetics
TETRACOSACTIDE,TETRACOSACTIDE,2890,H01AA,H,ACTH
TETRACYCLINE,TETRACYCLINE,10395,A02BD,A,Combinations for eradication of Helicobacter pylori
TETRACYCLINE,TETRACYCLINE,10395,A01AB,A,Antiinfectives and antiseptics for local oral treatment
TETRACYCLINE,TETRACYCLINE,10395,D06AA,D,Tetracycline and derivatives
TETRACYCLINE,TETRACYCLINE,10395,J01AA,J,Tetracyclines
TETRACYCLINE,TETRACYCLINE,10395,S01AA,S,Antibiotics
TETRACYCLINE,TETRACYCLINE,10395,S02AA,S,Antiinfectives
TETRACYCLINE,TETRACYCLINE,10395,S03AA,S,Antiinfectives
TETRACYCLINE,TETRACYCLINE,10395,J01RA,J,Combinations of antibacterials
TETRACYCLINE / BROMHEXINE,TETRACYCLINE,10395,A02BD,A,Combinations for eradication of Helicobacter pylori
TETRACYCLINE / BROMHEXINE,TETRACYCLINE,10395,A01AB,A,Antiinfectives and antiseptics for local oral treatment
TETRACYCLINE / BROMHEXINE,TETRACYCLINE,10395,D06AA,D,Tetracycline and derivatives
TETRACYCLINE / BROMHEXINE,TETRACYCLINE,10395,J01AA,J,Tetracyclines
TETRACYCLINE / BROMHEXINE,TETRACYCLINE,10395,S01AA,S,Antibiotics
TETRACYCLINE / BROMHEXINE,TETRACYCLINE,10395,S02AA,S,Antiinfectives
TETRACYCLINE / BROMHEXINE,TETRACYCLINE,10395,S03AA,S,Antiinfectives
TETRACYCLINE / BROMHEXINE,TETRACYCLINE,10395,J01RA,J,Combinations of antibacterials
TETRACYCLINE / BROMHEXINE,BROMHEXINE,1753,R05CB,R,Mucolytics
TETRACYCLINE // METRONIDAZOLE // BISMUTH POTASSIQUE (SOUS-CITRATE),TETRACYCLINE // METRONIDAZOLE // BISMUTH POTASSIQUE (SOUS-CITRATE),1007769,A02BD,A,Combinations for eradication of Helicobacter pylori
TETRACYCLINE // METRONIDAZOLE // BISMUTH POTASSIQUE (SOUS-CITRATE),TETRACYCLINE // METRONIDAZOLE // BISMUTH POTASSIQUE (SOUS-CITRATE),1007769,A01AB,A,Antiinfectives and antiseptics for local oral treatment
TETRACYCLINE // METRONIDAZOLE // BISMUTH POTASSIQUE (SOUS-CITRATE),TETRACYCLINE // METRONIDAZOLE // BISMUTH POTASSIQUE (SOUS-CITRATE),1007769,D06AA,D,Tetracycline and derivatives
TETRACYCLINE // METRONIDAZOLE // BISMUTH POTASSIQUE (SOUS-CITRATE),TETRACYCLINE // METRONIDAZOLE // BISMUTH POTASSIQUE (SOUS-CITRATE),1007769,J01AA,J,Tetracyclines
TETRACYCLINE // METRONIDAZOLE // BISMUTH POTASSIQUE (SOUS-CITRATE),TETRACYCLINE // METRONIDAZOLE // BISMUTH POTASSIQUE (SOUS-CITRATE),1007769,S01AA,S,Antibiotics
TETRACYCLINE // METRONIDAZOLE // BISMUTH POTASSIQUE (SOUS-CITRATE),TETRACYCLINE // METRONIDAZOLE // BISMUTH POTASSIQUE (SOUS-CITRATE),1007769,S02AA,S,Antiinfectives
TETRACYCLINE // METRONIDAZOLE // BISMUTH POTASSIQUE (SOUS-CITRATE),TETRACYCLINE // METRONIDAZOLE // BISMUTH POTASSIQUE (SOUS-CITRATE),1007769,S03AA,S,Antiinfectives
TETRACYCLINE // METRONIDAZOLE // BISMUTH POTASSIQUE (SOUS-CITRATE),TETRACYCLINE // METRONIDAZOLE // BISMUTH POTASSIQUE (SOUS-CITRATE),1007769,A02BX,A,Other drugs for peptic ulcer and gastro-oesophageal reflux disease (GORD)
TETRACYCLINE // METRONIDAZOLE // BISMUTH POTASSIQUE (SOUS-CITRATE),TETRACYCLINE // METRONIDAZOLE // BISMUTH POTASSIQUE (SOUS-CITRATE),1007769,D06BX,D,Other chemotherapeutics
TETRACYCLINE // METRONIDAZOLE // BISMUTH POTASSIQUE (SOUS-CITRATE),TETRACYCLINE // METRONIDAZOLE // BISMUTH POTASSIQUE (SOUS-CITRATE),1007769,G01AF,G,Imidazole derivatives
TETRACYCLINE // METRONIDAZOLE // BISMUTH POTASSIQUE (SOUS-CITRATE),TETRACYCLINE // METRONIDAZOLE // BISMUTH POTASSIQUE (SOUS-CITRATE),1007769,J01XD,J,Imidazole derivatives
TETRACYCLINE // METRONIDAZOLE // BISMUTH POTASSIQUE (SOUS-CITRATE),TETRACYCLINE // METRONIDAZOLE // BISMUTH POTASSIQUE (SOUS-CITRATE),1007769,P01AB,P,Nitroimidazole derivatives
TETRAFLUOROETHANE,TETRAFLUOROETHANE,1487139,,,
TETRAHYDROZOLINE,TETRAHYDROZOLINE,37935,R01AA,R,"Sympathomimetics, plain"
TETRAHYDROZOLINE,TETRAHYDROZOLINE,37935,R01AB,R,"Sympathomimetics, combinations excl. corticosteroids"
TETRAHYDROZOLINE,TETRAHYDROZOLINE,37935,S01GA,S,Sympathomimetics used as decongestants
TETRAKIS (TETRA-FLUOROBORATE),TETRAKIS (TETRA-FLUOROBORATE),1306061,,,
TETRAZEPAM,TETRAZEPAM,37985,M03BX,M,Other centrally acting agents
TEZEPELUMAB,TEZEPELUMAB,2587789,R03DX,R,Other systemic drugs for obstructive airway diseases
THALIDOMIDE,THALIDOMIDE,10432,L04AX,L,Other immunosuppressants
THEOPHYLLINE,THEOPHYLLINE,10438,R03DA,R,Xanthines
THIAMAZOLE,THIAMAZOLE,6835,H03BB,H,Sulfur-containing imidazole derivatives
THIAMINE,THIAMINE,10454,A11DA,A,"Vitamin B1, plain"
THIAMINE (VITAMINE B1),THIAMINE (VITAMINE B1),10454,A11DA,A,"Vitamin B1, plain"
THIAMINE (VITAMINE B1) / PYRIDOXINE (VITAMINE B6),THIAMINE (VITAMINE B1) / PYRIDOXINE (VITAMINE B6),10454,A11DA,A,"Vitamin B1, plain"
THIAMPHENICOL,THIAMPHENICOL,10463,J01BA,J,Amphenicols
THIOCOLCHICOSIDE,THIOCOLCHICOSIDE,38085,M03BX,M,Other centrally acting agents
THIOPENTAL,THIOPENTAL,10493,N01AF,N,"Barbiturates, plain"
THIOPENTAL,THIOPENTAL,10493,N05CA,N,"Barbiturates, plain"
THIOPENTAL SODIQUE,THIOPENTAL SODIQUE,10493,N01AF,N,"Barbiturates, plain"
THIOPENTAL SODIQUE,THIOPENTAL SODIQUE,10493,N05CA,N,"Barbiturates, plain"
THIOPHENE CARBOXYLATE DE SODIUM,THIOPHENE CARBOXYLATE DE SODIUM,154876,,,
THIORIDAZINE,THIORIDAZINE,10502,N05AC,N,Phenothiazines with piperidine structure
THIOTEPA,THIOTEPA,10473,L01AC,L,Ethylene imines
THYM,THYM,,,,
THYROTOPINE ALFA,THYROTOPINE ALFA,4952,H01AB,H,Thyrotropin
TIANEPTINE (SODIQUE),TIANEPTINE (SODIQUE),38252,N06AX,N,Other antidepressants
TIBOLONE,TIBOLONE,38260,G03CX,G,Other estrogens
TICAGRELOR,TICAGRELOR,1116632,B01AC,B,Platelet aggregation inhibitors excl. heparin
TICLOPIDINE,TICLOPIDINE,10594,B01AC,B,Platelet aggregation inhibitors excl. heparin
TIEMONIUM,TIEMONIUM,236188,,,
TIEMONIUM (METHYLSULFATE ),TIEMONIUM (METHYLSULFATE ),38265,,,
TIEMONIUM IODURE / DIPROPHYLLINE,TIEMONIUM IODURE,236188,,,
TIEMONIUM IODURE / DIPROPHYLLINE,DIPROPHYLLINE,3714,R03DA,R,Xanthines
TIGECYCLINE,TIGECYCLINE,384455,J01AA,J,Tetracyclines
TILBROQUINOL,TILBROQUINOL,166718,P01AA,P,Hydroxyquinoline derivatives
TILDRAKIZUMAB,TILDRAKIZUMAB,2053436,L04AC,L,Interleukin inhibitors
TILIQUINOL / TILBROQUINOL,TILIQUINOL,15850,,,
TILIQUINOL / TILBROQUINOL,TILBROQUINOL,166718,P01AA,P,Hydroxyquinoline derivatives
TILIQUINOL TILBROQUINOL,TILIQUINOL TILBROQUINOL,166718,P01AA,P,Hydroxyquinoline derivatives
TIMOLOL,TIMOLOL,10600,C07AA,C,"Beta blocking agents, non-selective"
TIMOLOL,TIMOLOL,10600,S01ED,S,Beta blocking agents
TIMOLOL (MALEATE),TIMOLOL (MALEATE),42933,C07AA,C,"Beta blocking agents, non-selective"
TIMOLOL (MALEATE),TIMOLOL (MALEATE),42933,S01ED,S,Beta blocking agents
TINIDAZOLE,TINIDAZOLE,10612,G01AF,G,Imidazole derivatives
TINIDAZOLE,TINIDAZOLE,10612,J01XD,J,Imidazole derivatives
TINIDAZOLE,TINIDAZOLE,10612,P01AB,P,Nitroimidazole derivatives
TINZAPARINE,TINZAPARINE,69646,B01AB,B,Heparin group
TINZAPARINE (SODIQUE),TINZAPARINE (SODIQUE),69646,B01AB,B,Heparin group
TIOCONAZOLE,TIOCONAZOLE,38298,D01AC,D,Imidazole and triazole derivatives
TIOCONAZOLE,TIOCONAZOLE,38298,G01AF,G,Imidazole derivatives
TIOTROPIUM,TIOTROPIUM,69120,R03BB,R,Anticholinergics
TIOTROPIUM (BROMURE MONOHYDRATE),TIOTROPIUM (BROMURE MONOHYDRATE),1298831,,,
TIOTROPIUM (BROMURE),TIOTROPIUM (BROMURE),69120,R03BB,R,Anticholinergics
TIOTROPIUM // OLODATEROL,TIOTROPIUM,69120,R03BB,R,Anticholinergics
TIOTROPIUM // OLODATEROL,OLODATEROL,1546059,R03AC,R,Selective beta-2-adrenoreceptor agonists
TIPIRACIL,TIPIRACIL,1670304,,,
TIROFIBAN,TIROFIBAN,73137,B01AC,B,Platelet aggregation inhibitors excl. heparin
TIXOCORTOL,TIXOCORTOL,57257,A07EA,A,Corticosteroids acting locally
TIXOCORTOL,TIXOCORTOL,57257,R01AD,R,Corticosteroids
TIZANIDINE,TIZANIDINE,57258,M03BX,M,Other centrally acting agents
TOBRAMYCINE,TOBRAMYCINE,10627,J01GB,J,Other aminoglycosides
TOBRAMYCINE,TOBRAMYCINE,10627,S01AA,S,Antibiotics
TOBRAMYCINE / DEXAMETHASONE,TOBRAMYCINE,10627,J01GB,J,Other aminoglycosides
TOBRAMYCINE / DEXAMETHASONE,TOBRAMYCINE,10627,S01AA,S,Antibiotics
TOBRAMYCINE / DEXAMETHASONE,DEXAMETHASONE,3264,A01AC,A,Corticosteroids for local oral treatment
TOBRAMYCINE / DEXAMETHASONE,DEXAMETHASONE,3264,C05AA,C,Corticosteroids
TOBRAMYCINE / DEXAMETHASONE,DEXAMETHASONE,3264,D07AB,D,"Corticosteroids, moderately potent (group II)"
TOBRAMYCINE / DEXAMETHASONE,DEXAMETHASONE,3264,D07XB,D,"Corticosteroids, moderately potent, other combinations"
TOBRAMYCINE / DEXAMETHASONE,DEXAMETHASONE,3264,D10AA,D,"Corticosteroids, combinations for treatment of acne"
TOBRAMYCINE / DEXAMETHASONE,DEXAMETHASONE,3264,H02AB,H,Glucocorticoids
TOBRAMYCINE / DEXAMETHASONE,DEXAMETHASONE,3264,R01AD,R,Corticosteroids
TOBRAMYCINE / DEXAMETHASONE,DEXAMETHASONE,3264,S01BA,S,"Corticosteroids, plain"
TOBRAMYCINE / DEXAMETHASONE,DEXAMETHASONE,3264,S01CB,S,Corticosteroids/antiinfectives/mydriatics in combination
TOBRAMYCINE / DEXAMETHASONE,DEXAMETHASONE,3264,S02BA,S,Corticosteroids
TOBRAMYCINE / DEXAMETHASONE,DEXAMETHASONE,3264,S03BA,S,Corticosteroids
TOBRAMYCINE // DEXAMETHASONE,TOBRAMYCINE,10627,J01GB,J,Other aminoglycosides
TOBRAMYCINE // DEXAMETHASONE,TOBRAMYCINE,10627,S01AA,S,Antibiotics
TOBRAMYCINE // DEXAMETHASONE,DEXAMETHASONE,3264,A01AC,A,Corticosteroids for local oral treatment
TOBRAMYCINE // DEXAMETHASONE,DEXAMETHASONE,3264,C05AA,C,Corticosteroids
TOBRAMYCINE // DEXAMETHASONE,DEXAMETHASONE,3264,D07AB,D,"Corticosteroids, moderately potent (group II)"
TOBRAMYCINE // DEXAMETHASONE,DEXAMETHASONE,3264,D07XB,D,"Corticosteroids, moderately potent, other combinations"
TOBRAMYCINE // DEXAMETHASONE,DEXAMETHASONE,3264,D10AA,D,"Corticosteroids, combinations for treatment of acne"
TOBRAMYCINE // DEXAMETHASONE,DEXAMETHASONE,3264,H02AB,H,Glucocorticoids
TOBRAMYCINE // DEXAMETHASONE,DEXAMETHASONE,3264,R01AD,R,Corticosteroids
TOBRAMYCINE // DEXAMETHASONE,DEXAMETHASONE,3264,S01BA,S,"Corticosteroids, plain"
TOBRAMYCINE // DEXAMETHASONE,DEXAMETHASONE,3264,S01CB,S,Corticosteroids/antiinfectives/mydriatics in combination
TOBRAMYCINE // DEXAMETHASONE,DEXAMETHASONE,3264,S02BA,S,Corticosteroids
TOBRAMYCINE // DEXAMETHASONE,DEXAMETHASONE,3264,S03BA,S,Corticosteroids
TOCILIZUMAB,TOCILIZUMAB,612865,L04AC,L,Interleukin inhibitors
TOFACITINIB,TOFACITINIB,1357536,L04AF,L,Janus-associated kinase (JAK) inhibitors
TOFACITINIB (CITRATE),TOFACITINIB (CITRATE),1358492,L04AF,L,Janus-associated kinase (JAK) inhibitors
TOLNAFTATE,TOLNAFTATE,10637,D01AE,D,Other antifungals for topical use
TOLPERISONE,TOLPERISONE,10639,M02AX,M,Other topical products for joint and muscular pain
TOLPERISONE,TOLPERISONE,10639,M03BX,M,Other centrally acting agents
TOLPERISONE HCL,TOLPERISONE HCL,10639,M02AX,M,Other topical products for joint and muscular pain
TOLPERISONE HCL,TOLPERISONE HCL,10639,M03BX,M,Other centrally acting agents
TOLTERODINE,TOLTERODINE,119565,G04BD,G,Drugs for urinary frequency and incontinence
TOPIRAMATE,TOPIRAMATE,38404,A08AA,A,Centrally acting antiobesity products
TOPIRAMATE,TOPIRAMATE,38404,N03AX,N,Other antiepileptics
TOPOTECAN,TOPOTECAN,57308,L01CE,L,Topoisomerase 1 (TOP1) inhibitors
TOPOTECAN (CHLORHYDRATE),TOPOTECAN (CHLORHYDRATE),57308,L01CE,L,Topoisomerase 1 (TOP1) inhibitors
TORASEMIDE,TORASEMIDE,38413,C03CA,C,"Sulfonamides, plain"
TOXINE BOTULINIQUE DE TYPE A,TOXINE BOTULINIQUE DE TYPE A,1712,,,
TOXINE BOTULINIQUE TYPE A,TOXINE BOTULINIQUE TYPE A,1712,,,
TRAMADOL,TRAMADOL,10689,N02AX,N,Other opioids
TRAMADOL,TRAMADOL,10689,N02AJ,N,Opioids in combination with non-opioid analgesics
TRAMADOL (CHLORHYDRATE),TRAMADOL (CHLORHYDRATE),10689,N02AX,N,Other opioids
TRAMADOL (CHLORHYDRATE),TRAMADOL (CHLORHYDRATE),10689,N02AJ,N,Opioids in combination with non-opioid analgesics
TRAMADOL / PARACETAMOL,TRAMADOL,10689,N02AX,N,Other opioids
TRAMADOL / PARACETAMOL,TRAMADOL,10689,N02AJ,N,Opioids in combination with non-opioid analgesics
TRAMADOL / PARACETAMOL,PARACETAMOL,161,N02BE,N,Anilides
TRAMADOL / PARACETAMOL,PARACETAMOL,161,N02AJ,N,Opioids in combination with non-opioid analgesics
TRANDOLAPRIL,TRANDOLAPRIL,38454,C09BB,C,ACE inhibitors and calcium channel blockers
TRANDOLAPRIL,TRANDOLAPRIL,38454,C09AA,C,"ACE inhibitors, plain"
TRASTUZUMAB,TRASTUZUMAB,224905,L01FD,L,HER2 (Human Epidermal Growth Factor Receptor 2) inhibitors
TRASTUZUMAB DERUXTECAN,TRASTUZUMAB DERUXTECAN,2267582,L01FD,L,HER2 (Human Epidermal Growth Factor Receptor 2) inhibitors
TRAVOPROST,TRAVOPROST,283809,S01EE,S,Prostaglandin analogues
TRAVOPROST / TIMOLOL,TRAVOPROST,283809,S01EE,S,Prostaglandin analogues
TRAVOPROST / TIMOLOL,TIMOLOL,10600,C07AA,C,"Beta blocking agents, non-selective"
TRAVOPROST / TIMOLOL,TIMOLOL,10600,S01ED,S,Beta blocking agents
TRAVOPROST // TIMOLOL (MALEATE),TRAVOPROST // TIMOLOL (MALEATE),42933,C07AA,C,"Beta blocking agents, non-selective"
TRAVOPROST // TIMOLOL (MALEATE),TRAVOPROST // TIMOLOL (MALEATE),42933,S01ED,S,Beta blocking agents
TREMELIMUMAB,TREMELIMUMAB,2619313,L01FX,L,Other monoclonal antibodies and antibody drug conjugates
TRETINOINE,TRETINOINE,10753,D10AD,D,Retinoids for topical use in acne
TRETINOINE,TRETINOINE,10753,L01XF,L,Retinoids for cancer treatment
TRETINOINE / ERYTHROMYCINE,TRETINOINE,10753,D10AD,D,Retinoids for topical use in acne
TRETINOINE / ERYTHROMYCINE,TRETINOINE,10753,L01XF,L,Retinoids for cancer treatment
TRETINOINE / ERYTHROMYCINE,ERYTHROMYCINE,4053,D10AF,D,Antiinfectives for treatment of acne
TRETINOINE / ERYTHROMYCINE,ERYTHROMYCINE,4053,J01FA,J,Macrolides
TRETINOINE / ERYTHROMYCINE,ERYTHROMYCINE,4053,S01AA,S,Antibiotics
TRETINOINE // ERYTHROMYCINE,TRETINOINE,10753,D10AD,D,Retinoids for topical use in acne
TRETINOINE // ERYTHROMYCINE,TRETINOINE,10753,L01XF,L,Retinoids for cancer treatment
TRETINOINE // ERYTHROMYCINE,ERYTHROMYCINE,4053,D10AF,D,Antiinfectives for treatment of acne
TRETINOINE // ERYTHROMYCINE,ERYTHROMYCINE,4053,J01FA,J,Macrolides
TRETINOINE // ERYTHROMYCINE,ERYTHROMYCINE,4053,S01AA,S,Antibiotics
TRIAMCINOLONE,TRIAMCINOLONE,10759,A01AC,A,Corticosteroids for local oral treatment
TRIAMCINOLONE,TRIAMCINOLONE,10759,C05AA,C,Corticosteroids
TRIAMCINOLONE,TRIAMCINOLONE,10759,D07AB,D,"Corticosteroids, moderately potent (group II)"
TRIAMCINOLONE,TRIAMCINOLONE,10759,D07XB,D,"Corticosteroids, moderately potent, other combinations"
TRIAMCINOLONE,TRIAMCINOLONE,10759,H02AB,H,Glucocorticoids
TRIAMCINOLONE,TRIAMCINOLONE,10759,R01AD,R,Corticosteroids
TRIAMCINOLONE,TRIAMCINOLONE,10759,R03BA,R,Glucocorticoids
TRIAMCINOLONE,TRIAMCINOLONE,10759,S01BA,S,"Corticosteroids, plain"
TRIAMCINOLONE / CHLORURE DE BENZALKONIUM,TRIAMCINOLONE,10759,A01AC,A,Corticosteroids for local oral treatment
TRIAMCINOLONE / CHLORURE DE BENZALKONIUM,TRIAMCINOLONE,10759,C05AA,C,Corticosteroids
TRIAMCINOLONE / CHLORURE DE BENZALKONIUM,TRIAMCINOLONE,10759,D07AB,D,"Corticosteroids, moderately potent (group II)"
TRIAMCINOLONE / CHLORURE DE BENZALKONIUM,TRIAMCINOLONE,10759,D07XB,D,"Corticosteroids, moderately potent, other combinations"
TRIAMCINOLONE / CHLORURE DE BENZALKONIUM,TRIAMCINOLONE,10759,H02AB,H,Glucocorticoids
TRIAMCINOLONE / CHLORURE DE BENZALKONIUM,TRIAMCINOLONE,10759,R01AD,R,Corticosteroids
TRIAMCINOLONE / CHLORURE DE BENZALKONIUM,TRIAMCINOLONE,10759,R03BA,R,Glucocorticoids
TRIAMCINOLONE / CHLORURE DE BENZALKONIUM,TRIAMCINOLONE,10759,S01BA,S,"Corticosteroids, plain"
TRIAMCINOLONE / CHLORURE DE BENZALKONIUM,CHLORURE DE BENZALKONIUM,6878,V03AB,V,Antidotes
TRIAMCINOLONE / CHLORURE DE BENZALKONIUM,CHLORURE DE BENZALKONIUM,6878,V04CG,V,Tests for gastric secretion
TRIAMCINOLONE / NEOMYCINE,TRIAMCINOLONE,10759,A01AC,A,Corticosteroids for local oral treatment
TRIAMCINOLONE / NEOMYCINE,TRIAMCINOLONE,10759,C05AA,C,Corticosteroids
TRIAMCINOLONE / NEOMYCINE,TRIAMCINOLONE,10759,D07AB,D,"Corticosteroids, moderately potent (group II)"
TRIAMCINOLONE / NEOMYCINE,TRIAMCINOLONE,10759,D07XB,D,"Corticosteroids, moderately potent, other combinations"
TRIAMCINOLONE / NEOMYCINE,TRIAMCINOLONE,10759,H02AB,H,Glucocorticoids
TRIAMCINOLONE / NEOMYCINE,TRIAMCINOLONE,10759,R01AD,R,Corticosteroids
TRIAMCINOLONE / NEOMYCINE,TRIAMCINOLONE,10759,R03BA,R,Glucocorticoids
TRIAMCINOLONE / NEOMYCINE,TRIAMCINOLONE,10759,S01BA,S,"Corticosteroids, plain"
TRIAMCINOLONE / NEOMYCINE,NEOMYCINE,7299,A01AB,A,Antiinfectives and antiseptics for local oral treatment
TRIAMCINOLONE / NEOMYCINE,NEOMYCINE,7299,A07AA,A,Antibiotics
TRIAMCINOLONE / NEOMYCINE,NEOMYCINE,7299,B05CA,B,Antiinfectives
TRIAMCINOLONE / NEOMYCINE,NEOMYCINE,7299,D06AX,D,Other antibiotics for topical use
TRIAMCINOLONE / NEOMYCINE,NEOMYCINE,7299,J01GB,J,Other aminoglycosides
TRIAMCINOLONE / NEOMYCINE,NEOMYCINE,7299,R02AB,R,Antibiotics
TRIAMCINOLONE / NEOMYCINE,NEOMYCINE,7299,S01AA,S,Antibiotics
TRIAMCINOLONE / NEOMYCINE,NEOMYCINE,7299,S02AA,S,Antiinfectives
TRIAMCINOLONE / NEOMYCINE,NEOMYCINE,7299,S03AA,S,Antiinfectives
TRIAMCINOLONE ACETONIDE,TRIAMCINOLONE ACETONIDE,10761,A01AC,A,Corticosteroids for local oral treatment
TRIAMCINOLONE ACETONIDE,TRIAMCINOLONE ACETONIDE,10761,C05AA,C,Corticosteroids
TRIAMCINOLONE ACETONIDE,TRIAMCINOLONE ACETONIDE,10761,D07AB,D,"Corticosteroids, moderately potent (group II)"
TRIAMCINOLONE ACETONIDE,TRIAMCINOLONE ACETONIDE,10761,D07XB,D,"Corticosteroids, moderately potent, other combinations"
TRIAMCINOLONE ACETONIDE,TRIAMCINOLONE ACETONIDE,10761,H02AB,H,Glucocorticoids
TRIAMCINOLONE ACETONIDE,TRIAMCINOLONE ACETONIDE,10761,R01AD,R,Corticosteroids
TRIAMCINOLONE ACETONIDE,TRIAMCINOLONE ACETONIDE,10761,R03BA,R,Glucocorticoids
TRIAMCINOLONE ACETONIDE,TRIAMCINOLONE ACETONIDE,10761,S01BA,S,"Corticosteroids, plain"
TRIAMTERENE / HYDROCHLOROTHIAZIDE,TRIAMTERENE,10763,C03DB,C,Other potassium-sparing agents
TRIAMTERENE / HYDROCHLOROTHIAZIDE,HYDROCHLOROTHIAZIDE,5487,C09XA,C,Renin-inhibitors
TRIAMTERENE / HYDROCHLOROTHIAZIDE,HYDROCHLOROTHIAZIDE,5487,C03AA,C,"Thiazides, plain"
TRIAMTERENE / HYDROCHLOROTHIAZIDE,HYDROCHLOROTHIAZIDE,5487,C09DX,C,"Angiotensin II receptor blockers (ARBs), other combinations"
TRIBENOSIDE,TRIBENOSIDE,38557,C05AX,C,Other agents for treatment of hemorrhoids and anal fissures for topical use
TRIBENOSIDE,TRIBENOSIDE,38557,C05CX,C,Other capillary stabilizing agents
TRIBENOSIDE / LIDOCAINE,TRIBENOSIDE,38557,C05AX,C,Other agents for treatment of hemorrhoids and anal fissures for topical use
TRIBENOSIDE / LIDOCAINE,TRIBENOSIDE,38557,C05CX,C,Other capillary stabilizing agents
TRIBENOSIDE / LIDOCAINE,LIDOCAINE,6387,C01BB,C,"Antiarrhythmics, class Ib"
TRIBENOSIDE / LIDOCAINE,LIDOCAINE,6387,C05AD,C,Local anesthetics
TRIBENOSIDE / LIDOCAINE,LIDOCAINE,6387,D04AB,D,Anesthetics for topical use
TRIBENOSIDE / LIDOCAINE,LIDOCAINE,6387,N01BB,N,Amides
TRIBENOSIDE / LIDOCAINE,LIDOCAINE,6387,R02AD,R,"Anesthetics, local"
TRIBENOSIDE / LIDOCAINE,LIDOCAINE,6387,S01HA,S,Local anesthetics
TRIBENOSIDE / LIDOCAINE,LIDOCAINE,6387,S02DA,S,Analgesics and anesthetics
TRIBENOSIDE // LIDOCAINE,TRIBENOSIDE,38557,C05AX,C,Other agents for treatment of hemorrhoids and anal fissures for topical use
TRIBENOSIDE // LIDOCAINE,TRIBENOSIDE,38557,C05CX,C,Other capillary stabilizing agents
TRIBENOSIDE // LIDOCAINE,LIDOCAINE,6387,C01BB,C,"Antiarrhythmics, class Ib"
TRIBENOSIDE // LIDOCAINE,LIDOCAINE,6387,C05AD,C,Local anesthetics
TRIBENOSIDE // LIDOCAINE,LIDOCAINE,6387,D04AB,D,Anesthetics for topical use
TRIBENOSIDE // LIDOCAINE,LIDOCAINE,6387,N01BB,N,Amides
TRIBENOSIDE // LIDOCAINE,LIDOCAINE,6387,R02AD,R,"Anesthetics, local"
TRIBENOSIDE // LIDOCAINE,LIDOCAINE,6387,S01HA,S,Local anesthetics
TRIBENOSIDE // LIDOCAINE,LIDOCAINE,6387,S02DA,S,Analgesics and anesthetics
TRICLOCARBAN,TRICLOCARBAN,38609,,,
TRIFLURIDINE,TRIFLURIDINE,10803,S01AD,S,Antivirals
TRIFLURIDINE // TIPIRACIL,TRIFLURIDINE,10803,S01AD,S,Antivirals
TRIFLURIDINE // TIPIRACIL,TIPIRACIL,1670304,,,
TRIFLUSAL,TRIFLUSAL,38655,B01AC,B,Platelet aggregation inhibitors excl. heparin
TRIHEXYPHENIDYLE (HYDROCHLORIDE),TRIHEXYPHENIDYLE (HYDROCHLORIDE),1115,N04AA,N,Tertiary amines
TRIMEBUTINE,TRIMEBUTINE,10819,A03AA,A,"Synthetic anticholinergics, esters with tertiary amino group"
TRIMEBUTINE (MALEATE),TRIMEBUTINE (MALEATE),262296,A03AA,A,"Synthetic anticholinergics, esters with tertiary amino group"
TRIMEBUTINE (MALEATE) // RUSCOGENINES,TRIMEBUTINE (MALEATE) // RUSCOGENINES,1008166,A03AA,A,"Synthetic anticholinergics, esters with tertiary amino group"
TRIMEBUTINE / RUSCOGENINE,TRIMEBUTINE,10819,A03AA,A,"Synthetic anticholinergics, esters with tertiary amino group"
TRIMEBUTINE / RUSCOGENINE,RUSCOGENINE,35890,,,
TRIMETAZIDINE,TRIMETAZIDINE,10826,C01EB,C,Other cardiac preparations
TRIMETAZIDINE (DICHLORHYDRATE),TRIMETAZIDINE (DICHLORHYDRATE),10826,C01EB,C,Other cardiac preparations
TRIMETHOPRIME,TRIMETHOPRIME,10829,J01EE,J,"Combinations of sulfonamides and trimethoprim, incl. derivatives"
TRIMETHOPRIME,TRIMETHOPRIME,10829,J01EA,J,Trimethoprim and derivatives
TRIMETHYLPHLOROGLUCINOL,TRIMETHYLPHLOROGLUCINOL,38716,,,
TRIMETHYLPHLOROGLUCINOL / PHLOROGLUCINOL,TRIMETHYLPHLOROGLUCINOL,38716,,,
TRIMETHYLPHLOROGLUCINOL / PHLOROGLUCINOL,PHLOROGLUCINOL,8196,A03AX,A,Other drugs for functional gastrointestinal disorders
TRIMIPRAMINE,TRIMIPRAMINE,10834,N06AA,N,Non-selective monoamine reuptake inhibitors
TRIMIPRAMINE (MALEATE),TRIMIPRAMINE (MALEATE),71532,N06AA,N,Non-selective monoamine reuptake inhibitors
TRINITRINE,TRINITRINE,4917,C01DA,C,Organic nitrates
TRINITRINE,TRINITRINE,4917,C05AE,C,Muscle relaxants
TRIPROLIDINE,TRIPROLIDINE,10849,R06AX,R,Other antihistamines for systemic use
TRIPROLIDINE (CHLORHYDRATE) // DEXTROMETHORPHANE (BROMHYDRATE),TRIPROLIDINE (CHLORHYDRATE) // DEXTROMETHORPHANE (BROMHYDRATE),645245,R06AX,R,Other antihistamines for systemic use
TRIPROLIDINE (CHLORHYDRATE) // DEXTROMETHORPHANE (BROMHYDRATE),TRIPROLIDINE (CHLORHYDRATE) // DEXTROMETHORPHANE (BROMHYDRATE),645245,R05DA,R,Opium alkaloids and derivatives
TRIPROLIDINE / DEXTROMETHORPHANE,TRIPROLIDINE,10849,R06AX,R,Other antihistamines for systemic use
TRIPROLIDINE / DEXTROMETHORPHANE,DEXTROMETHORPHANE,3289,N06AX,N,Other antidepressants
TRIPROLIDINE / DEXTROMETHORPHANE,DEXTROMETHORPHANE,3289,R05DA,R,Opium alkaloids and derivatives
TRIPROLIDINE / PSEUDOEPHEDRINE,TRIPROLIDINE,10849,R06AX,R,Other antihistamines for systemic use
TRIPROLIDINE / PSEUDOEPHEDRINE,PSEUDOEPHEDRINE,8896,R01BA,R,Sympathomimetics
TRIPROLIDINE / PSEUDOEPHEDRINE / PARACETAMOL,TRIPROLIDINE,10849,R06AX,R,Other antihistamines for systemic use
TRIPROLIDINE / PSEUDOEPHEDRINE / PARACETAMOL,PSEUDOEPHEDRINE,8896,R01BA,R,Sympathomimetics
TRIPROLIDINE / PSEUDOEPHEDRINE / PARACETAMOL,PARACETAMOL,161,N02BE,N,Anilides
TRIPROLIDINE / PSEUDOEPHEDRINE / PARACETAMOL,PARACETAMOL,161,N02AJ,N,Opioids in combination with non-opioid analgesics
TRIPTORELINE,TRIPTORELINE,38782,L02AE,L,Gonadotropin releasing hormone analogues
TROLAMINE,TROLAMINE,38623,D03AX,D,Other cicatrizants
TROMETAMOL,TROMETAMOL,10865,B05BB,B,Solutions affecting the electrolyte balance
TROMETAMOL,TROMETAMOL,10865,B05XX,B,Other i.v. solution additives
TROPICAMIDE,TROPICAMIDE,10869,S01FA,S,Anticholinergics
TROPICAMIDE // PHENYLEPHRINE,TROPICAMIDE,10869,S01FA,S,Anticholinergics
TROPICAMIDE // PHENYLEPHRINE,PHENYLEPHRINE,8163,S01FB,S,Sympathomimetics excl. antiglaucoma preparations
TROPICAMIDE // PHENYLEPHRINE,PHENYLEPHRINE,8163,C01CA,C,Adrenergic and dopaminergic agents
TROPICAMIDE // PHENYLEPHRINE,PHENYLEPHRINE,8163,C05AX,C,Other agents for treatment of hemorrhoids and anal fissures for topical use
TROPICAMIDE // PHENYLEPHRINE,PHENYLEPHRINE,8163,R01AA,R,"Sympathomimetics, plain"
TROPICAMIDE // PHENYLEPHRINE,PHENYLEPHRINE,8163,R01AB,R,"Sympathomimetics, combinations excl. corticosteroids"
TROPICAMIDE // PHENYLEPHRINE,PHENYLEPHRINE,8163,R01BA,R,Sympathomimetics
TROPICAMIDE // PHENYLEPHRINE,PHENYLEPHRINE,8163,S01GA,S,Sympathomimetics used as decongestants
TROXERUTINE,TROXERUTINE,38893,C05CA,C,Bioflavonoids
TUBERCULINE,TUBERCULINE,10908,V04CF,V,Tuberculosis diagnostics
TUBERCULINE PURIFIEE,TUBERCULINE PURIFIEE,10908,V04CF,V,Tuberculosis diagnostics
TUROCTOCOG ALFA,TUROCTOCOG ALFA,1737557,B02BD,B,Blood coagulation factors
UDENAFIL,UDENAFIL,,,,
ULIPRISTAL (ACETATE),ULIPRISTAL (ACETATE),1005920,G03AD,G,Emergency contraceptives
ULIPRISTAL (ACETATE),ULIPRISTAL (ACETATE),1005920,G03XB,G,Progesterone receptor modulators
ULIPRISTAL ACETATE,ULIPRISTAL ACETATE,1005920,G03AD,G,Emergency contraceptives
ULIPRISTAL ACETATE,ULIPRISTAL ACETATE,1005920,G03XB,G,Progesterone receptor modulators
UMECLIDINIUM BROMIDE // VILANTEROL TRIFENATATE,UMECLIDINIUM BROMIDE,1487512,R03BB,R,Anticholinergics
UMECLIDINIUM BROMIDE // VILANTEROL TRIFENATATE,VILANTEROL TRIFENATATE,1424883,,,
UPADACITINIB (HEMIHYDRATE),UPADACITINIB (HEMIHYDRATE),2196092,L04AF,L,Janus-associated kinase (JAK) inhibitors
URACILE,URACILE,10995,,,
UREE,UREE,,,,
UREE 13C,UREE 13C,,,,
UROFOLLITROPINE,UROFOLLITROPINE,134404,G03GA,G,Gonadotropins
USTEKINUMAB,USTEKINUMAB,847083,L04AC,L,Interleukin inhibitors
VACCIN ( DIPHTERIE // TETANOS ),VACCIN ( DIPHTERIE // TETANOS ),1007589,J07AF,J,Diphtheria vaccines
VACCIN ( DIPHTERIE // TETANOS ),VACCIN ( DIPHTERIE // TETANOS ),1007589,J07AM,J,Tetanus vaccines
VACCIN ( DIPHTERIE // TETANOS // COQUELUCHE ),VACCIN ( DIPHTERIE // TETANOS // COQUELUCHE ),1007589,J07AF,J,Diphtheria vaccines
VACCIN ( DIPHTERIE // TETANOS // COQUELUCHE ),VACCIN ( DIPHTERIE // TETANOS // COQUELUCHE ),1007589,J07AM,J,Tetanus vaccines
VACCIN ( DIPHTERIE // TETANOS // COQUELUCHE // POLYOMYELITE // HEPATITE B // HEAMOPHILUS INFLUENZAE TYPE B ),VACCIN ( DIPHTERIE // TETANOS // COQUELUCHE // POLYOMYELITE // HEPATITE B // HEAMOPHILUS INFLUENZAE TYPE B ),50937,,,
VACCIN ( DIPHTERIE // TETANOS // COQUELUCHE ACELLULAIRE ),VACCIN ( DIPHTERIE // TETANOS // COQUELUCHE ACELLULAIRE ),798302,,,
VACCIN ( DIPHTERIE // TETANOS // COQUELUCHE ACELLULAIRE // POLYOMYELITE INACTIVE ADSORBE ),VACCIN ( DIPHTERIE // TETANOS // COQUELUCHE ACELLULAIRE // POLYOMYELITE INACTIVE ADSORBE ),798302,,,
VACCIN ( DIPHTERIE // TETANOS // COQUELUCHE ACELLULAIRE // POLYOMYELITE INACTIVE ADSORBE // HAEMOPHILUS INFLUENZAE TYPE B CONJUGUE ),VACCIN ( DIPHTERIE // TETANOS // COQUELUCHE ACELLULAIRE // POLYOMYELITE INACTIVE ADSORBE // HAEMOPHILUS INFLUENZAE TYPE B CONJUGUE ),50937,,,
VACCIN ( DIPHTERIE // TETANOS // COQUELUCHE ENTIER INACTIVE // HEPATITE B ),VACCIN ( DIPHTERIE // TETANOS // COQUELUCHE ENTIER INACTIVE // HEPATITE B ),797752,,,
VACCIN ( DIPHTERIE // TETANOS // COQUELUCHE ENTIER INACTIVE // HEPATITE B // HAEMOPHILUS INFLUENZAE TYPE B CONJUGE ),VACCIN ( DIPHTERIE // TETANOS // COQUELUCHE ENTIER INACTIVE // HEPATITE B // HAEMOPHILUS INFLUENZAE TYPE B CONJUGE ),50937,,,
VACCIN ( DIPHTERIE // TETANOS // POLYOMYELITE INACTIVE ADSORBE ),VACCIN ( DIPHTERIE // TETANOS // POLYOMYELITE INACTIVE ADSORBE ),798302,,,
VACCIN ( HEPATITE A ),VACCIN ( HEPATITE A ),1658059,,,
VACCIN ( HEPATITE A // HEPATITE B ),VACCIN ( HEPATITE A // HEPATITE B ),797752,,,
"VACCIN ( HEPATITE A ADSROBE, ADULTE)","VACCIN ( HEPATITE A ADSROBE, ADULTE)",798479,,,
"VACCIN ( HEPATITE A ADSROBE, PEDIATRIQUE)","VACCIN ( HEPATITE A ADSROBE, PEDIATRIQUE)",1658059,,,
"VACCIN ( HEPATITE B, ANTIGENE DE SURFACE )","VACCIN ( HEPATITE B, ANTIGENE DE SURFACE )",797752,,,
"VACCIN ( HEPATITE B, ANTIGENE DE SURFACE PURIFIEE )","VACCIN ( HEPATITE B, ANTIGENE DE SURFACE PURIFIEE )",797752,,,
"VACCIN ( HEPATITE B, ANTIGENE DE SURFACE RECOMBINANT (PROTEINE S ET S2)","VACCIN ( HEPATITE B, ANTIGENE DE SURFACE RECOMBINANT (PROTEINE S ET S2)",2588219,,,
VACCIN ( NEISSERIA MENINGITIDIS AC ),VACCIN ( NEISSERIA MENINGITIDIS AC ),7288,,,
VACCIN ( NEISSERIA MENINGITIDIS ACYW CONJUGE ),VACCIN ( NEISSERIA MENINGITIDIS ACYW CONJUGE ),7288,,,
VACCIN ( NEISSERIA MENINGITIDIS ACYW135 ),VACCIN ( NEISSERIA MENINGITIDIS ACYW135 ),7288,,,
"VACCIN ( NEISSERIA MENINGITIDIS ACYW135, POLYOSIDE LYOPHILISE )","VACCIN ( NEISSERIA MENINGITIDIS ACYW135, POLYOSIDE LYOPHILISE )",7288,,,
"VACCIN ( NEISSERIA MENINGITIDIS ACYW139, OLIGOSIDE // CORYNEBACTERIUM DIPHTERIAE PROTEINE CRM-197 )","VACCIN ( NEISSERIA MENINGITIDIS ACYW139, OLIGOSIDE // CORYNEBACTERIUM DIPHTERIAE PROTEINE CRM-197 )",2686924,,,
"VACCIN ( NEISSERIA MENINGITIDIS, POLYSACCHARIDIQUE )","VACCIN ( NEISSERIA MENINGITIDIS, POLYSACCHARIDIQUE )",7288,,,
VACCIN ( PNEUMOCOCCIQUE ),VACCIN ( PNEUMOCOCCIQUE ),8080,,,
VACCIN ( PNEUMOCOCCIQUE OSIDIQUE CONJUGUE 10-VALENT ),VACCIN ( PNEUMOCOCCIQUE OSIDIQUE CONJUGUE 10-VALENT ),2566308,,,
VACCIN ( PNEUMOCOCCIQUE POLYOSIDIQUE ),VACCIN ( PNEUMOCOCCIQUE POLYOSIDIQUE ),8080,,,
VACCIN ( PNEUMOCOCCIQUE POLYOSIDIQUE 13 VALENT 1/3/4/5/6A/6B/7F/9V/18C/14/19A/19F/23F ),VACCIN ( PNEUMOCOCCIQUE POLYOSIDIQUE 13 VALENT 1/3/4/5/6A/6B/7F/9V/18C/14/19A/19F/23F ),901643,,,
VACCIN ( PNEUMOCOCCIQUE POLYOSIDIQUE 23-VALENT ),VACCIN ( PNEUMOCOCCIQUE POLYOSIDIQUE 23-VALENT ),1658470,,,
VACCIN ( PNEUMOCOCCIQUE POLYOSIDIQUE CONJUGUE 13-VALENT ),VACCIN ( PNEUMOCOCCIQUE POLYOSIDIQUE CONJUGUE 13-VALENT ),901640,,,
VACCIN ( ROUGEOLE (SOUCHE CAM-70) // RUBEOLE (SOUCHE WISTAR RA 27/3) ),VACCIN ( ROUGEOLE (SOUCHE CAM-70) // RUBEOLE (SOUCHE WISTAR RA 27/3) ),762817,,,
VACCIN ( ROUGEOLE // OREILLONS // RUBEOLE ),VACCIN ( ROUGEOLE // OREILLONS // RUBEOLE ),8080,,,
VACCIN ( ROUGEOLE // OREILLONS // RUBEOLE // VARICELLE ),VACCIN ( ROUGEOLE // OREILLONS // RUBEOLE // VARICELLE ),1986820,,,
"VACCIN ( ROUGEOLE // OREILLONS // RUBEOLE, ATTENUE )","VACCIN ( ROUGEOLE // OREILLONS // RUBEOLE, ATTENUE )",2673238,,,
"VACCIN ( ROUGEOLE, VIVANT ATTENUE DERIVE DE LA SOUCHE EDMONSTON ENDERS )","VACCIN ( ROUGEOLE, VIVANT ATTENUE DERIVE DE LA SOUCHE EDMONSTON ENDERS )",804179,,,
"VACCIN ( VIRUS RESPIRATOIRE SYNCYTIAL (VRS), RECOMBINANT + ADJUVANT )","VACCIN ( VIRUS RESPIRATOIRE SYNCYTIAL (VRS), RECOMBINANT + ADJUVANT )",2685002,,,
"VACCIN : ROTAVIRUS HUMAIN (SOUCHE RIX4414) (VIVANT, ATTENUE)","VACCIN : ROTAVIRUS HUMAIN (SOUCHE RIX4414) (VIVANT, ATTENUE)",805576,,,
VACCIN : ROTAVIRUS REASSORTANT HUMAIN-BOVIN DE TYPE G1 (VIVANT) // ROTAVIRUS REASSORTANT HUMAIN-BOVIN DE TYPE G2 (VIVANT) // ROTAVIRUS REASSORTANT HUMAIN-BOVIN DE TYPE G3 (VIVANT) // G4 REASSORTANT // P1 REASSORTANT,VACCIN : ROTAVIRUS REASSORTANT HUMAIN-BOVIN DE TYPE G1 (VIVANT) // ROTAVIRUS REASSORTANT HUMAIN-BOVIN DE TYPE G2 (VIVANT) // ROTAVIRUS REASSORTANT HUMAIN-BOVIN DE TYPE G3 (VIVANT) // G4 REASSORTANT // P1 REASSORTANT,798290,,,
VACCIN : VIRUS DE LA FIEVRE JAUNE ATTENUE,VACCIN : VIRUS DE LA FIEVRE JAUNE ATTENUE,804179,,,
VACCIN ANTI-HAEMOPHILUS INFLUENZAE TYPE B,VACCIN ANTI-HAEMOPHILUS INFLUENZAE TYPE B,50937,,,
VACCIN ANTI-HEPATITE A,VACCIN ANTI-HEPATITE A,1658059,,,
VACCIN ANTI-HEPATITE A ET B,VACCIN ANTI-HEPATITE A ET B,797752,,,
VACCIN ANTI-HEPATITE B,VACCIN ANTI-HEPATITE B,797752,,,
VACCIN ANTI-RUBEOLE,VACCIN ANTI-RUBEOLE,8080,,,
VACCIN ANTI-STREPTOCOCCUS PNEUMONIAE,VACCIN ANTI-STREPTOCOCCUS PNEUMONIAE,1363917,,,
VACCIN ANTI-TYPHOIDIQUE,VACCIN ANTI-TYPHOIDIQUE,8080,,,
VACCIN ANTI-VARICELLE,VACCIN ANTI-VARICELLE,1986820,,,
VACCIN ANTIGENE DE SURFACE DU VIRUS DE L'HEPATITE B,VACCIN ANTIGENE DE SURFACE DU VIRUS DE L'HEPATITE B,797752,,,
VACCIN ANTIGRIPPAL,VACCIN ANTIGRIPPAL,8080,,,
VACCIN ANTIGRIPPAL / ANTIGENE DE SURFACE / INACTIVE 5,VACCIN ANTIGRIPPAL / ANTIGENE DE SURFACE / INACTIVE 5,797752,,,
VACCIN ANTIMENINGOCOCCIQUE A ET C,VACCIN ANTIMENINGOCOCCIQUE A ET C,1008395,,,
"VACCIN ANTIMENINGOCOCCIQUE A, C,W135 ET Y","VACCIN ANTIMENINGOCOCCIQUE A, C,W135 ET Y",1008395,,,
VACCIN ANTIRABIQUE,VACCIN ANTIRABIQUE,8080,,,
VACCIN ANTIROUGEOLEUX,VACCIN ANTIROUGEOLEUX,8080,,,
"VACCIN CONTRE D, T, COQUELUCHE (PERTUSSIS) ET POLIOMYELITE","VACCIN CONTRE D, T, COQUELUCHE (PERTUSSIS) ET POLIOMYELITE",8080,,,
"VACCIN CONTRE D, T, COQUELUCHE (PERTUSSIS), POLIOMYELITE ET HI B","VACCIN CONTRE D, T, COQUELUCHE (PERTUSSIS), POLIOMYELITE ET HI B",8080,,,
VACCIN CONTRE MALADIE PROVOQUEE PAR HAEMOPHILUS INFLUENZAE TYPE B,VACCIN CONTRE MALADIE PROVOQUEE PAR HAEMOPHILUS INFLUENZAE TYPE B,50937,,,
VACCIN CONTRE VARICELLE,VACCIN CONTRE VARICELLE,1986820,,,
VACCIN D.T,VACCIN D.T,997261,L03AX,L,Other immunostimulants
VACCIN D.T.COQ.HEPATITE B,VACCIN D.T.COQ.HEPATITE B,215512,A11CA,A,"Vitamin A, plain"
VACCIN D.T.COQ.HEPATITE B,VACCIN D.T.COQ.HEPATITE B,215512,D02BB,D,Protectives against UV-radiation for systemic use
VACCIN D.T.COQ.P,VACCIN D.T.COQ.P,2632248,,,
VACCIN D.T.COQ.P.HIB,VACCIN D.T.COQ.P.HIB,2632248,,,
VACCIN D.T.COQ.P.HIB.HEPATITE B,VACCIN D.T.COQ.P.HIB.HEPATITE B,215512,A11CA,A,"Vitamin A, plain"
VACCIN D.T.COQ.P.HIB.HEPATITE B,VACCIN D.T.COQ.P.HIB.HEPATITE B,215512,D02BB,D,Protectives against UV-radiation for systemic use
VACCIN D.T.P,VACCIN D.T.P,2632248,,,
VACCIN DE LA POLIOMYELITE,VACCIN DE LA POLIOMYELITE,2657749,,,
VACCIN FIEVRE TYPHOIDE,VACCIN FIEVRE TYPHOIDE,762595,,,
"VACCIN GRIPPAL TRIVALENT (INACTIVE,A VIRION FRAGMENTE)","VACCIN GRIPPAL TRIVALENT (INACTIVE,A VIRION FRAGMENTE)",1742481,,,
VACCIN HAEMOPHILUS TYPE B CONJUGUE 10ΜG,VACCIN HAEMOPHILUS TYPE B CONJUGUE 10ΜG,50937,,,
VACCIN INACTIVE ( DIPHTERIE // COQUELUCHE // POLIOMYELITE // TETANOS ),VACCIN INACTIVE ( DIPHTERIE // COQUELUCHE // POLIOMYELITE // TETANOS ),1007589,J07AF,J,Diphtheria vaccines
VACCIN INACTIVE ( DIPHTERIE // COQUELUCHE // POLIOMYELITE // TETANOS ),VACCIN INACTIVE ( DIPHTERIE // COQUELUCHE // POLIOMYELITE // TETANOS ),1007589,J07AM,J,Tetanus vaccines
"VACCIN PAPILLOMAVIRUS HUMAIN BIVALENT RECOMBINANT (TYPE 16, 18) (ESCHERICHIA COLI)","VACCIN PAPILLOMAVIRUS HUMAIN BIVALENT RECOMBINANT (TYPE 16, 18) (ESCHERICHIA COLI)",1301889,,,
"VACCIN PAPILLOMAVIRUS HUMAIN [TYPES 16, 18] (RECOMBINANT, AVEC ADJUVANT, ADSORBE)","VACCIN PAPILLOMAVIRUS HUMAIN [TYPES 16, 18] (RECOMBINANT, AVEC ADJUVANT, ADSORBE)",1301889,,,
"VACCIN PENTAVALENT CONTRE 5 ROTAVIRUS REASSORTANTS (G1, G3, G4 ET P1)","VACCIN PENTAVALENT CONTRE 5 ROTAVIRUS REASSORTANTS (G1, G3, G4 ET P1)",1007640,,,
VACCIN POLIOMYELITE INACTIVE,VACCIN POLIOMYELITE INACTIVE,8080,,,
"VACCIN QUADRIVALENT CONTRE LE VIRUS HPV SEROTYPES 6,11,16 ET 18","VACCIN QUADRIVALENT CONTRE LE VIRUS HPV SEROTYPES 6,11,16 ET 18",798278,,,
VACCIN R.O.R,VACCIN R.O.R,216827,,,
VACCIN TYPHOIDIQUE POLYOSIDIQUE,VACCIN TYPHOIDIQUE POLYOSIDIQUE,8080,,,
"VACCIN ZONA ( RECOMBINANT , AVEC ADJUVANT )","VACCIN ZONA ( RECOMBINANT , AVEC ADJUVANT )",1986825,,,
VALACICLOVIR,VALACICLOVIR,73645,J05AB,J,Nucleosides and nucleotides excl. reverse transcriptase inhibitors
VALERATE D'ESTRADIOL / DIENOGEST,VALERATE D'ESTRADIOL,24395,G03CA,G,"Natural and semisynthetic estrogens, plain"
VALERATE D'ESTRADIOL / DIENOGEST,VALERATE D'ESTRADIOL,24395,G03AA,G,"Progestogens and estrogens, fixed combinations"
VALERATE D'ESTRADIOL / DIENOGEST,VALERATE D'ESTRADIOL,24395,G03AB,G,"Progestogens and estrogens, sequential preparations"
VALERATE D'ESTRADIOL / DIENOGEST,DIENOGEST,22968,G03DB,G,Pregnadien derivatives
VALERATE D'ESTRADIOL / DIENOGEST,DIENOGEST,22968,G03AB,G,"Progestogens and estrogens, sequential preparations"
VALPROATE DE SODIUM,VALPROATE DE SODIUM,9919,,,
VALSARTAN,VALSARTAN,69749,C09DX,C,"Angiotensin II receptor blockers (ARBs), other combinations"
VALSARTAN,VALSARTAN,69749,C09CA,C,"Angiotensin II receptor blockers (ARBs), plain"
VALSARTAN,VALSARTAN,69749,C09DB,C,Angiotensin II receptor blockers (ARBs) and calcium channel blockers
VALSARTAN / HYDROCHLOROTHIAZIDE,VALSARTAN,69749,C09DX,C,"Angiotensin II receptor blockers (ARBs), other combinations"
VALSARTAN / HYDROCHLOROTHIAZIDE,VALSARTAN,69749,C09CA,C,"Angiotensin II receptor blockers (ARBs), plain"
VALSARTAN / HYDROCHLOROTHIAZIDE,VALSARTAN,69749,C09DB,C,Angiotensin II receptor blockers (ARBs) and calcium channel blockers
VALSARTAN / HYDROCHLOROTHIAZIDE,HYDROCHLOROTHIAZIDE,5487,C09XA,C,Renin-inhibitors
VALSARTAN / HYDROCHLOROTHIAZIDE,HYDROCHLOROTHIAZIDE,5487,C03AA,C,"Thiazides, plain"
VALSARTAN / HYDROCHLOROTHIAZIDE,HYDROCHLOROTHIAZIDE,5487,C09DX,C,"Angiotensin II receptor blockers (ARBs), other combinations"
VALSARTAN // HYDROCHLOROTHIAZIDE,VALSARTAN,69749,C09DX,C,"Angiotensin II receptor blockers (ARBs), other combinations"
VALSARTAN // HYDROCHLOROTHIAZIDE,VALSARTAN,69749,C09CA,C,"Angiotensin II receptor blockers (ARBs), plain"
VALSARTAN // HYDROCHLOROTHIAZIDE,VALSARTAN,69749,C09DB,C,Angiotensin II receptor blockers (ARBs) and calcium channel blockers
VALSARTAN // HYDROCHLOROTHIAZIDE,HYDROCHLOROTHIAZIDE,5487,C09XA,C,Renin-inhibitors
VALSARTAN // HYDROCHLOROTHIAZIDE,HYDROCHLOROTHIAZIDE,5487,C03AA,C,"Thiazides, plain"
VALSARTAN // HYDROCHLOROTHIAZIDE,HYDROCHLOROTHIAZIDE,5487,C09DX,C,"Angiotensin II receptor blockers (ARBs), other combinations"
VANCOMYCINE,VANCOMYCINE,11124,A07AA,A,Antibiotics
VANCOMYCINE,VANCOMYCINE,11124,J01XA,J,Glycopeptide antibacterials
VANCOMYCINE,VANCOMYCINE,11124,S01AA,S,Antibiotics
VANCOMYCINE (CHLORHYDRATE),VANCOMYCINE (CHLORHYDRATE),11124,A07AA,A,Antibiotics
VANCOMYCINE (CHLORHYDRATE),VANCOMYCINE (CHLORHYDRATE),11124,J01XA,J,Glycopeptide antibacterials
VANCOMYCINE (CHLORHYDRATE),VANCOMYCINE (CHLORHYDRATE),11124,S01AA,S,Antibiotics
VANCOMYCINE (CHLORHYDRATE°,VANCOMYCINE (CHLORHYDRATE°,11124,A07AA,A,Antibiotics
VANCOMYCINE (CHLORHYDRATE°,VANCOMYCINE (CHLORHYDRATE°,11124,J01XA,J,Glycopeptide antibacterials
VANCOMYCINE (CHLORHYDRATE°,VANCOMYCINE (CHLORHYDRATE°,11124,S01AA,S,Antibiotics
VARDENAFIL (CHLORHYDRATE),VARDENAFIL (CHLORHYDRATE),306674,G04BE,G,Drugs used in erectile dysfunction
VARENICLINE,VARENICLINE,591622,N07BA,N,Drugs used in nicotine dependence
VARENICLINE,VARENICLINE,591622,S01XA,S,Other ophthalmologicals
VARENICLINE (TARTRATE),VARENICLINE (TARTRATE),636674,N07BA,N,Drugs used in nicotine dependence
VARENICLINE (TARTRATE),VARENICLINE (TARTRATE),636674,S01XA,S,Other ophthalmologicals
VECURONIUM,VECURONIUM,71535,M03AC,M,Other quaternary ammonium compounds
VECURONIUM (BROMURE),VECURONIUM (BROMURE),71535,M03AC,M,Other quaternary ammonium compounds
VELPATASVIR,VELPATASVIR,1799206,J05AP,J,Antivirals for treatment of HCV infections
VEMURAFENIB,VEMURAFENIB,1147220,L01EC,L,B-Raf serine-threonine kinase (BRAF) inhibitors
VENETOCLAX,VENETOCLAX,1747556,L01XX,L,Other antineoplastic agents
VENLAFAXINE,VENLAFAXINE,39786,N06AX,N,Other antidepressants
VENLAFAXINE (CHLORHYDRATE),VENLAFAXINE (CHLORHYDRATE),39786,N06AX,N,Other antidepressants
VERALIPRIDE,VERALIPRIDE,39468,N05AL,N,Benzamides
VERAPAMIL,VERAPAMIL,11170,C08DA,C,Phenylalkylamine derivatives
VERAPAMIL,VERAPAMIL,11170,C09BB,C,ACE inhibitors and calcium channel blockers
VERAPAMIL (CHLORHYDRATE),VERAPAMIL (CHLORHYDRATE),11170,C08DA,C,Phenylalkylamine derivatives
VERAPAMIL (CHLORHYDRATE),VERAPAMIL (CHLORHYDRATE),11170,C09BB,C,ACE inhibitors and calcium channel blockers
VERAPAMIL (CHLORHYDRATE) // TRANDOLAPRIL,VERAPAMIL (CHLORHYDRATE) // TRANDOLAPRIL,214866,C08DA,C,Phenylalkylamine derivatives
VERAPAMIL (CHLORHYDRATE) // TRANDOLAPRIL,VERAPAMIL (CHLORHYDRATE) // TRANDOLAPRIL,214866,C09BB,C,ACE inhibitors and calcium channel blockers
VERAPAMIL (CHLORHYDRATE) // TRANDOLAPRIL,VERAPAMIL (CHLORHYDRATE) // TRANDOLAPRIL,214866,C09AA,C,"ACE inhibitors, plain"
VERICIGUAT,VERICIGUAT,2475830,C01DX,C,Other vasodilators used in cardiac diseases
VERTEPORFINE,VERTEPORFINE,118886,S01LA,S,Antineovascularisation agents
VILANTEROL,VILANTEROL,1424884,,,
VILDAGLIPTINE,VILDAGLIPTINE,596554,A10BH,A,Dipeptidyl peptidase 4 (DPP-4) inhibitors
VILDAGLIPTINE / METFORMINE,VILDAGLIPTINE,596554,A10BH,A,Dipeptidyl peptidase 4 (DPP-4) inhibitors
VILDAGLIPTINE / METFORMINE,METFORMINE,6809,A10BD,A,Combinations of oral blood glucose lowering drugs
VILDAGLIPTINE / METFORMINE,METFORMINE,6809,A10BA,A,Biguanides
VILDAGLIPTINE // METFORMINE,VILDAGLIPTINE,596554,A10BH,A,Dipeptidyl peptidase 4 (DPP-4) inhibitors
VILDAGLIPTINE // METFORMINE,METFORMINE,6809,A10BD,A,Combinations of oral blood glucose lowering drugs
VILDAGLIPTINE // METFORMINE,METFORMINE,6809,A10BA,A,Biguanides
VILDAGLIPTINE // METFORMINE (CHLORHYDRATE),VILDAGLIPTINE // METFORMINE (CHLORHYDRATE),596554,A10BH,A,Dipeptidyl peptidase 4 (DPP-4) inhibitors
VILDAGLIPTINE // METFORMINE (HYDROCHLORIDE),VILDAGLIPTINE // METFORMINE (HYDROCHLORIDE),596554,A10BH,A,Dipeptidyl peptidase 4 (DPP-4) inhibitors
VILOXAZINE,VILOXAZINE,11196,N06AX,N,Other antidepressants
VINBLASTINE,VINBLASTINE,11198,L01CA,L,Vinca alkaloids and analogues
VINCRISTINE,VINCRISTINE,11202,L01CA,L,Vinca alkaloids and analogues
VINCRISTINE (SULFATE),VINCRISTINE (SULFATE),11203,L01CA,L,Vinca alkaloids and analogues
VINFLUNINE,VINFLUNINE,,,,
VINFLUNINE (DITARTRATE),VINFLUNINE (DITARTRATE),,,,
VINORELBINE,VINORELBINE,39541,L01CA,L,Vinca alkaloids and analogues
VINORELBINE (DITARTRATE),VINORELBINE (DITARTRATE),39541,L01CA,L,Vinca alkaloids and analogues
VIRUS DE LA GRIPPE QUADRIVALENT FRAGMENTE INACTIVE,VIRUS DE LA GRIPPE QUADRIVALENT FRAGMENTE INACTIVE,2657749,,,
VIRUS DE LA RUBEOLE,VIRUS DE LA RUBEOLE,2657749,,,
VIRUS DE LA VARICELLE (VIVANT ET ATTENUE),VIRUS DE LA VARICELLE (VIVANT ET ATTENUE),1292422,J07BK,J,Varicella zoster vaccines
VIRUS RABIQUE INACTIVE,VIRUS RABIQUE INACTIVE,1365969,,,
VIRUS VIVANTS ATTENUES DE LA VARICELLE SOUCHE,VIRUS VIVANTS ATTENUES DE LA VARICELLE SOUCHE,1292422,J07BK,J,Varicella zoster vaccines
VISMODEGIB,VISMODEGIB,1242987,L01XJ,L,Hedgehog pathway inhibitors
VITAMINE A,VITAMINE A,11246,A11CA,A,"Vitamin A, plain"
VITAMINE A,VITAMINE A,11246,D10AD,D,Retinoids for topical use in acne
VITAMINE A,VITAMINE A,11246,R01AX,R,Other nasal preparations
VITAMINE A,VITAMINE A,11246,S01XA,S,Other ophthalmologicals
VITAMINE A // VITAMINE B1 // VITAMINE B2 // VITAMINE B6 // VITAMINE C // VITAMINE D2 // VITAMINE E // VITAMINE PP,VITAMINE A // VITAMINE B1 // VITAMINE B2 // VITAMINE B6 // VITAMINE C // VITAMINE D2 // VITAMINE E // VITAMINE PP,9346,A11HA,A,Other plain vitamin preparations
VITAMINE A // VITAMINE B1 // VITAMINE B2 // VITAMINE B6 // VITAMINE C // VITAMINE D2 // VITAMINE E // VITAMINE PP,VITAMINE A // VITAMINE B1 // VITAMINE B2 // VITAMINE B6 // VITAMINE C // VITAMINE D2 // VITAMINE E // VITAMINE PP,9346,S01XA,S,Other ophthalmologicals
VITAMINE B1 (THIAMINE MONITRATE) // VITAMINE B6 (PYRIDOXINE) // VITAMINE B12 (CYANOCOBALAMINE),VITAMINE B1 (THIAMINE MONITRATE) // VITAMINE B6 (PYRIDOXINE) // VITAMINE B12 (CYANOCOBALAMINE),1028612,A11DA,A,"Vitamin B1, plain"
VITAMINE B1 (THIAMINE MONITRATE) // VITAMINE B6 (PYRIDOXINE) // VITAMINE B12 (CYANOCOBALAMINE),VITAMINE B1 (THIAMINE MONITRATE) // VITAMINE B6 (PYRIDOXINE) // VITAMINE B12 (CYANOCOBALAMINE),1028612,B03BA,B,Vitamin B12 (cyanocobalamin and analogues)
VITAMINE B1 (THIAMINE MONITRATE) // VITAMINE B6 (PYRIDOXINE) // VITAMINE B12 (CYANOCOBALAMINE),VITAMINE B1 (THIAMINE MONITRATE) // VITAMINE B6 (PYRIDOXINE) // VITAMINE B12 (CYANOCOBALAMINE),1028612,A11HA,A,Other plain vitamin preparations
VITAMINE B1 (THIAMINE) // VITAMINE B2 (RIBOFLAVINE) // VITAMINE B6 (CHLORHYDRATE DE PYRIDOXINE) // VITAMINE B12 (CYANOCOBALAMINE) // VITAMINE B3 (NICOTINAMIDE) // VITAMINE B5 (ACIDE PANTOTHENIQUE) // VITAMINE B8 (BIOTINE) // VITAMINE C (ACIDE ASCORBIQUE) // CALCIUM // VITAMINE B9 (ACIDE FOLIQUE) // MAGNESUIM // ZINC,VITAMINE B1 (THIAMINE) // VITAMINE B2 (RIBOFLAVINE) // VITAMINE B6 (CHLORHYDRATE DE PYRIDOXINE) // VITAMINE B12 (CYANOCOBALAMINE) // VITAMINE B3 (NICOTINAMIDE) // VITAMINE B5 (ACIDE PANTOTHENIQUE) // VITAMINE B8 (BIOTINE) // VITAMINE C (ACIDE ASCORBIQUE) // CALCIUM // VITAMINE B9 (ACIDE FOLIQUE) // MAGNESUIM // ZINC,1241895,A11DA,A,"Vitamin B1, plain"
VITAMINE B1 (THIAMINE) // VITAMINE B2 (RIBOFLAVINE) // VITAMINE B6 (CHLORHYDRATE DE PYRIDOXINE) // VITAMINE B12 (CYANOCOBALAMINE) // VITAMINE B3 (NICOTINAMIDE) // VITAMINE B5 (ACIDE PANTOTHENIQUE) // VITAMINE B8 (BIOTINE) // VITAMINE C (ACIDE ASCORBIQUE) // CALCIUM // VITAMINE B9 (ACIDE FOLIQUE) // MAGNESUIM // ZINC,VITAMINE B1 (THIAMINE) // VITAMINE B2 (RIBOFLAVINE) // VITAMINE B6 (CHLORHYDRATE DE PYRIDOXINE) // VITAMINE B12 (CYANOCOBALAMINE) // VITAMINE B3 (NICOTINAMIDE) // VITAMINE B5 (ACIDE PANTOTHENIQUE) // VITAMINE B8 (BIOTINE) // VITAMINE C (ACIDE ASCORBIQUE) // CALCIUM // VITAMINE B9 (ACIDE FOLIQUE) // MAGNESUIM // ZINC,1241895,B03BA,B,Vitamin B12 (cyanocobalamin and analogues)
VITAMINE B1 (THIAMINE) // VITAMINE B2 (RIBOFLAVINE) // VITAMINE B6 (CHLORHYDRATE DE PYRIDOXINE) // VITAMINE B12 (CYANOCOBALAMINE) // VITAMINE B3 (NICOTINAMIDE) // VITAMINE B5 (ACIDE PANTOTHENIQUE) // VITAMINE B8 (BIOTINE) // VITAMINE C (ACIDE ASCORBIQUE) // CALCIUM // VITAMINE B9 (ACIDE FOLIQUE) // MAGNESUIM // ZINC,VITAMINE B1 (THIAMINE) // VITAMINE B2 (RIBOFLAVINE) // VITAMINE B6 (CHLORHYDRATE DE PYRIDOXINE) // VITAMINE B12 (CYANOCOBALAMINE) // VITAMINE B3 (NICOTINAMIDE) // VITAMINE B5 (ACIDE PANTOTHENIQUE) // VITAMINE B8 (BIOTINE) // VITAMINE C (ACIDE ASCORBIQUE) // CALCIUM // VITAMINE B9 (ACIDE FOLIQUE) // MAGNESUIM // ZINC,1241895,C04AC,C,Nicotinic acid and derivatives
VITAMINE B1 (THIAMINE) // VITAMINE B2 (RIBOFLAVINE) // VITAMINE B6 (CHLORHYDRATE DE PYRIDOXINE) // VITAMINE B12 (CYANOCOBALAMINE) // VITAMINE B3 (NICOTINAMIDE) // VITAMINE B5 (ACIDE PANTOTHENIQUE) // VITAMINE B8 (BIOTINE) // VITAMINE C (ACIDE ASCORBIQUE) // CALCIUM // VITAMINE B9 (ACIDE FOLIQUE) // MAGNESUIM // ZINC,VITAMINE B1 (THIAMINE) // VITAMINE B2 (RIBOFLAVINE) // VITAMINE B6 (CHLORHYDRATE DE PYRIDOXINE) // VITAMINE B12 (CYANOCOBALAMINE) // VITAMINE B3 (NICOTINAMIDE) // VITAMINE B5 (ACIDE PANTOTHENIQUE) // VITAMINE B8 (BIOTINE) // VITAMINE C (ACIDE ASCORBIQUE) // CALCIUM // VITAMINE B9 (ACIDE FOLIQUE) // MAGNESUIM // ZINC,1241895,C10AD,C,Nicotinic acid and derivatives
VITAMINE B1 (THIAMINE) // VITAMINE B2 (RIBOFLAVINE) // VITAMINE B6 (CHLORHYDRATE DE PYRIDOXINE) // VITAMINE B12 (CYANOCOBALAMINE) // VITAMINE B3 (NICOTINAMIDE) // VITAMINE B5 (ACIDE PANTOTHENIQUE) // VITAMINE B8 (BIOTINE) // VITAMINE C (ACIDE ASCORBIQUE) // CALCIUM // VITAMINE B9 (ACIDE FOLIQUE) // MAGNESUIM // ZINC,VITAMINE B1 (THIAMINE) // VITAMINE B2 (RIBOFLAVINE) // VITAMINE B6 (CHLORHYDRATE DE PYRIDOXINE) // VITAMINE B12 (CYANOCOBALAMINE) // VITAMINE B3 (NICOTINAMIDE) // VITAMINE B5 (ACIDE PANTOTHENIQUE) // VITAMINE B8 (BIOTINE) // VITAMINE C (ACIDE ASCORBIQUE) // CALCIUM // VITAMINE B9 (ACIDE FOLIQUE) // MAGNESUIM // ZINC,1241895,A11HA,A,Other plain vitamin preparations
VITAMINE B1 (THIAMINE) // VITAMINE B2 (RIBOFLAVINE) // VITAMINE B6 (CHLORHYDRATE DE PYRIDOXINE) // VITAMINE B12 (CYANOCOBALAMINE) // VITAMINE B3 (NICOTINAMIDE) // VITAMINE B5 (ACIDE PANTOTHENIQUE) // VITAMINE B8 (BIOTINE) // VITAMINE C (ACIDE ASCORBIQUE) // CALCIUM // VITAMINE B9 (ACIDE FOLIQUE) // MAGNESUIM // ZINC,VITAMINE B1 (THIAMINE) // VITAMINE B2 (RIBOFLAVINE) // VITAMINE B6 (CHLORHYDRATE DE PYRIDOXINE) // VITAMINE B12 (CYANOCOBALAMINE) // VITAMINE B3 (NICOTINAMIDE) // VITAMINE B5 (ACIDE PANTOTHENIQUE) // VITAMINE B8 (BIOTINE) // VITAMINE C (ACIDE ASCORBIQUE) // CALCIUM // VITAMINE B9 (ACIDE FOLIQUE) // MAGNESUIM // ZINC,1241895,S01XA,S,Other ophthalmologicals
VITAMINE B1 (THIAMINE) // VITAMINE B6 (PYRIDOXINE CHLORHYDRATE) // VITAMINE B12 (CYANOCOBALAMINE),VITAMINE B1 (THIAMINE) // VITAMINE B6 (PYRIDOXINE CHLORHYDRATE) // VITAMINE B12 (CYANOCOBALAMINE),1028612,A11DA,A,"Vitamin B1, plain"
VITAMINE B1 (THIAMINE) // VITAMINE B6 (PYRIDOXINE CHLORHYDRATE) // VITAMINE B12 (CYANOCOBALAMINE),VITAMINE B1 (THIAMINE) // VITAMINE B6 (PYRIDOXINE CHLORHYDRATE) // VITAMINE B12 (CYANOCOBALAMINE),1028612,B03BA,B,Vitamin B12 (cyanocobalamin and analogues)
VITAMINE B1 (THIAMINE) // VITAMINE B6 (PYRIDOXINE CHLORHYDRATE) // VITAMINE B12 (CYANOCOBALAMINE),VITAMINE B1 (THIAMINE) // VITAMINE B6 (PYRIDOXINE CHLORHYDRATE) // VITAMINE B12 (CYANOCOBALAMINE),1028612,A11HA,A,Other plain vitamin preparations
VITAMINE B12,VITAMINE B12,11248,B03BA,B,Vitamin B12 (cyanocobalamin and analogues)
VITAMINE B9 (ACIDE FOLIQUE),VITAMINE B9 (ACIDE FOLIQUE),4511,B03AD,B,Iron in combination with folic acid
VITAMINE B9 (ACIDE FOLIQUE),VITAMINE B9 (ACIDE FOLIQUE),4511,B03BB,B,Folic acid and derivatives
VITAMINE B9 (ACIDE FOLIQUE),VITAMINE B9 (ACIDE FOLIQUE),4511,V04CX,V,Other diagnostic agents
VITAMINE B9 (ACIDE FOLIQUE) // VITAMINE B12 (CYANOCOBALAMINE) // IODURE DE POTASSIUM,VITAMINE B9 (ACIDE FOLIQUE) // VITAMINE B12 (CYANOCOBALAMINE) // IODURE DE POTASSIUM,4511,B03AD,B,Iron in combination with folic acid
VITAMINE B9 (ACIDE FOLIQUE) // VITAMINE B12 (CYANOCOBALAMINE) // IODURE DE POTASSIUM,VITAMINE B9 (ACIDE FOLIQUE) // VITAMINE B12 (CYANOCOBALAMINE) // IODURE DE POTASSIUM,4511,B03BB,B,Folic acid and derivatives
VITAMINE B9 (ACIDE FOLIQUE) // VITAMINE B12 (CYANOCOBALAMINE) // IODURE DE POTASSIUM,VITAMINE B9 (ACIDE FOLIQUE) // VITAMINE B12 (CYANOCOBALAMINE) // IODURE DE POTASSIUM,4511,V04CX,V,Other diagnostic agents
VITAMINE C,VITAMINE C,1151,A11GA,A,"Ascorbic acid (vitamin C), plain"
VITAMINE C,VITAMINE C,1151,G01AD,G,Organic acids
VITAMINE C,VITAMINE C,1151,S01XA,S,Other ophthalmologicals
VITAMINE C (ACIDE ASCORBIQUE),VITAMINE C (ACIDE ASCORBIQUE),1151,A11GA,A,"Ascorbic acid (vitamin C), plain"
VITAMINE C (ACIDE ASCORBIQUE),VITAMINE C (ACIDE ASCORBIQUE),1151,G01AD,G,Organic acids
VITAMINE C (ACIDE ASCORBIQUE),VITAMINE C (ACIDE ASCORBIQUE),1151,S01XA,S,Other ophthalmologicals
VITAMINE C (ACIDE ASCORBIQUE) // ALPHA-TOCOPHEROL // RUTOSIDE,VITAMINE C (ACIDE ASCORBIQUE) // ALPHA-TOCOPHEROL // RUTOSIDE,237099,,,
VITAMINE C (ACIDE ASCORBIQUE) // VITAMINE B6 (PYRIDOXINE CHLORHYDRATE) // VITAMINE B3 (NICOTINAMIDE) // ASPARTATE DE MAGNESIUM,VITAMINE C (ACIDE ASCORBIQUE) // VITAMINE B6 (PYRIDOXINE CHLORHYDRATE) // VITAMINE B3 (NICOTINAMIDE) // ASPARTATE DE MAGNESIUM,684879,A11HA,A,Other plain vitamin preparations
VITAMINE C (ACIDE ASCORBIQUE) // VITAMINE C (ASCORBATE DE SODIUM),VITAMINE C (ACIDE ASCORBIQUE) // VITAMINE C (ASCORBATE DE SODIUM),1151,A11GA,A,"Ascorbic acid (vitamin C), plain"
VITAMINE C (ACIDE ASCORBIQUE) // VITAMINE C (ASCORBATE DE SODIUM),VITAMINE C (ACIDE ASCORBIQUE) // VITAMINE C (ASCORBATE DE SODIUM),1151,G01AD,G,Organic acids
VITAMINE C (ACIDE ASCORBIQUE) // VITAMINE C (ASCORBATE DE SODIUM),VITAMINE C (ACIDE ASCORBIQUE) // VITAMINE C (ASCORBATE DE SODIUM),1151,S01XA,S,Other ophthalmologicals
VITAMINE C (ACIDE ASCORBIQUE) // ZINC,VITAMINE C (ACIDE ASCORBIQUE) // ZINC,1151,A11GA,A,"Ascorbic acid (vitamin C), plain"
VITAMINE C (ACIDE ASCORBIQUE) // ZINC,VITAMINE C (ACIDE ASCORBIQUE) // ZINC,1151,G01AD,G,Organic acids
VITAMINE C (ACIDE ASCORBIQUE) // ZINC,VITAMINE C (ACIDE ASCORBIQUE) // ZINC,1151,S01XA,S,Other ophthalmologicals
VITAMINE C // VITAMINE D // ZINC,VITAMINE C,1151,A11GA,A,"Ascorbic acid (vitamin C), plain"
VITAMINE C // VITAMINE D // ZINC,VITAMINE C,1151,G01AD,G,Organic acids
VITAMINE C // VITAMINE D // ZINC,VITAMINE C,1151,S01XA,S,Other ophthalmologicals
VITAMINE C // VITAMINE D // ZINC,VITAMINE D,11253,,,
VITAMINE C // VITAMINE D // ZINC,ZINC,11416,,,
VITAMINE D,VITAMINE D,11253,,,
VITAMINE D2 (ERGOCALCIFEROL),VITAMINE D2 (ERGOCALCIFEROL),4018,A11CC,A,Vitamin D and analogues
VITAMINE D3 (CALCIFEDIOL),VITAMINE D3 (CALCIFEDIOL),1889,A11CC,A,Vitamin D and analogues
VITAMINE D3 (CALCIFEDIOL),VITAMINE D3 (CALCIFEDIOL),1889,H05BX,H,Other anti-parathyroid agents
VITAMINE D3 (CHOLECALCIFEROL),VITAMINE D3 (CHOLECALCIFEROL),2418,A11CC,A,Vitamin D and analogues
VITAMINE K1,VITAMINE K1,8308,B02BA,B,Vitamin K
VITAMINES,VITAMINES,11246,A11CA,A,"Vitamin A, plain"
VITAMINES,VITAMINES,11246,D10AD,D,Retinoids for topical use in acne
VITAMINES,VITAMINES,11246,R01AX,R,Other nasal preparations
VITAMINES,VITAMINES,11246,S01XA,S,Other ophthalmologicals
VITAMINES / MINERAUX,VITAMINES,11246,A11CA,A,"Vitamin A, plain"
VITAMINES / MINERAUX,VITAMINES,11246,D10AD,D,Retinoids for topical use in acne
VITAMINES / MINERAUX,VITAMINES,11246,R01AX,R,Other nasal preparations
VITAMINES / MINERAUX,VITAMINES,11246,S01XA,S,Other ophthalmologicals
VITAMINES / MINERAUX,MINERAUX,6972,A06AA,A,"Softeners, emollients"
VORICONAZOLE,VORICONAZOLE,121243,J02AC,J,Triazole and tetrazole derivatives
VORTIOXETINE,VORTIOXETINE,1455099,N06AX,N,Other antidepressants
XIPAMIDE,XIPAMIDE,11371,C03BA,C,"Sulfonamides, plain"
XYLOMETAZOLINE,XYLOMETAZOLINE,39841,R01AA,R,"Sympathomimetics, plain"
XYLOMETAZOLINE,XYLOMETAZOLINE,39841,R01AB,R,"Sympathomimetics, combinations excl. corticosteroids"
XYLOMETAZOLINE,XYLOMETAZOLINE,39841,S01GA,S,Sympathomimetics used as decongestants
XYLOMETAZOLINE (CHLORHYDRATE),XYLOMETAZOLINE (CHLORHYDRATE),39841,R01AA,R,"Sympathomimetics, plain"
XYLOMETAZOLINE (CHLORHYDRATE),XYLOMETAZOLINE (CHLORHYDRATE),39841,R01AB,R,"Sympathomimetics, combinations excl. corticosteroids"
XYLOMETAZOLINE (CHLORHYDRATE),XYLOMETAZOLINE (CHLORHYDRATE),39841,S01GA,S,Sympathomimetics used as decongestants
ZANAMIVIR,ZANAMIVIR,69722,J05AH,J,Neuraminidase inhibitors
ZANUBRUTINIB,ZANUBRUTINIB,2262435,L01EL,L,Bruton's tyrosine kinase (BTK) inhibitors
ZIDOVUDINE,ZIDOVUDINE,11413,J05AF,J,Nucleoside and nucleotide reverse transcriptase inhibitors
ZIDOVUDINE,ZIDOVUDINE,11413,J05AR,J,"Antivirals for treatment of HIV infections, combinations"
ZINC,ZINC,11416,,,
ZINC (OXYDE) // CHOLESTEROL BENZOATE,ZINC (OXYDE) // CHOLESTEROL BENZOATE,2438,,,
ZINC (OXYDE) // DIOXYDE DE TITANE,ZINC (OXYDE) // DIOXYDE DE TITANE,11423,,,
ZINC (OXYDE) // VITAMINE A // VITAMINE D,ZINC (OXYDE) // VITAMINE A // VITAMINE D,11253,,,
ZINC (SULFATE MONOHYDRATE),ZINC (SULFATE MONOHYDRATE),1309410,A12CB,A,Zinc
ZINC (SULFATE MONOHYDRATE),ZINC (SULFATE MONOHYDRATE),1309410,B05XA,B,Electrolyte solutions
ZINC (SULFATE),ZINC (SULFATE),39954,A12CB,A,Zinc
ZINC (SULFATE),ZINC (SULFATE),39954,B05XA,B,Electrolyte solutions
ZINC(OXYDE),ZINC(OXYDE),11423,,,
ZIPRASIDONE,ZIPRASIDONE,115698,N05AE,N,Indole derivatives
ZIPRASIDONE (MESYLATE),ZIPRASIDONE (MESYLATE),353116,N05AE,N,Indole derivatives
ZOFENOPRIL,ZOFENOPRIL,39990,C09AA,C,"ACE inhibitors, plain"
ZOFENOPRIL (CALCIUM),ZOFENOPRIL (CALCIUM),259493,C09AA,C,"ACE inhibitors, plain"
ZOFENOPRIL (CALCIUM) // HYDROCHLOROTHIAZIDE,ZOFENOPRIL (CALCIUM) // HYDROCHLOROTHIAZIDE,259493,C09AA,C,"ACE inhibitors, plain"
ZOLMITRIPTAN,ZOLMITRIPTAN,135775,N02CC,N,Selective serotonin (5HT1) agonists
ZOLPIDEM,ZOLPIDEM,39993,N05CF,N,Benzodiazepine related drugs
ZOLPIDEM (TARTRATE),ZOLPIDEM (TARTRATE),221183,N05CF,N,Benzodiazepine related drugs
ZOPICLONE,ZOPICLONE,40001,N05CF,N,Benzodiazepine related drugs
[18F] PSMA-1007,[18F] PSMA-1007,,,,
