id,nom,type_etablissement,telephone,adresse,ville,garde,latitude,longitude,precision_gps,source_gps
36,Pharmacie 2000,pharmacie,528842597,"bd moulay abdallah, résid. karam, a coté de la résidence isni face aux pompiers AGADIR",Agadir,,30.4180699,-9.5939044,exacte,osm
112,Pharmacie Adlouni,pharmacie,528321112,hay Al Houda bloc K n°370 AGADIR,Agadir,garde 24h/24,30.3925807,-9.5408253,exacte,osm
199,Pharmacie Adouz,pharmacie,528211874,"hay essalam, imm. bicha, cplxe azrou AGADIR",Agadir,,30.3966236,-9.5497657,exacte,osm
433,Pharmacie Al Andalous,pharmacie,528217759,"2, bd Al Moukaouama, imm. Asma Agadir",Agadir,,30.418024,-9.5756627,exacte,nominatim_nom
435,Pharmacie Al Andaloussia,pharmacie,528292999,résidence nasr-3 (bicha) près de jet sakan Agadir,Agadir,,30.4205162,-9.5838532,ville,centre_ville
641,Pharmacie Al Imam AlKastalani,pharmacie,528224258,bd Abdallah Ben Yacine bloc 13 n° 17 cité Sidi Mohamed Agadir,Agadir,,30.425,-9.5835,quartier,nominatim_quartier
656,Pharmacie Al Massahat,pharmacie,528290671,"264, quartier tilila Agadir",Agadir,,30.3984274,-9.516003,quartier,nominatim_voie
663,Pharmacie Al Oulya,pharmacie,528205236,7 hay taddart - secteur a lot 5 anza Agadir,Agadir,,30.4205162,-9.5838532,ville,centre_ville
836,Pharmacie AlManar,pharmacie,528213545,"hay Essalam, rue 952 n°16 Agadir",Agadir,,30.4032989,-9.5499045,quartier,nominatim_quartier
844,Pharmacie AlManzah,pharmacie,528844443,"bd cheikh saadi ang. av des far, entrée charaf - aswak salam et belvie talborjt Agadir",Agadir,,30.4205162,-9.5838532,ville,centre_ville
940,Pharmacie AlMichwar,pharmacie,528280728,Hay Bensergao lot. 297 quartier AlWifaq Agadir,Agadir,garde 24h/24,30.4205162,-9.5838532,ville,centre_ville
944,Pharmacie AlMostawsaf,pharmacie,528283319,Pharmacie AlMostawsaf AGADIR,Agadir,,30.4205162,-9.5838532,ville,centre_ville
680,Pharmacie Alamal,pharmacie,528843926,bd Cheikh Saadi imm. Tighmirt Agadir,Agadir,,30.4247496,-9.5901136,rue,nominatim_voie
755,Pharmacie Alikhlass,pharmacie,529124393,24 X rue Abdallah Ben Hsain Cité Essalam Agadir,Agadir,,30.4205162,-9.5838532,ville,centre_ville
832,Pharmacie Alma Vita,pharmacie,528323377,hay Al Houda bd Almahdi Ben Abboud Agadir,Agadir,,30.3990925,-9.539537,exacte,osm
1218,Pharmacie Anouar,pharmacie,528281629,56 Hay Bensergao bloc A Douar Amzil Agadir,Agadir,,30.3906273,-9.5590497,exacte,osm
9559,Pharmacie Assoul,pharmacie,528214671,bd Bir Anzarane Bloc n°11 Tikiouine Agadir - Maroc,Agadir,,30.4205162,-9.5838532,ville,centre_ville
1320,Pharmacie Aswak Assalam,pharmacie,528292948,"hay Dakhla, Aswak Assalam Agadir",Agadir,,30.4062193,-9.5377237,exacte,osm
1387,Pharmacie Attadamoun,pharmacie,528320335,"hay bensergao, résid. attadamoun 2, imm. bicha mag. 22, derrière jet sakin Agadir",Agadir,,30.3899149,-9.5488971,exacte,osm
1392,Pharmacie Attawhid,pharmacie,528320002,"348 Bis, hay Al Houda, sect. E Agadir",Agadir,,30.3947575,-9.5379879,exacte,osm
1495,Pharmacie Azizi,pharmacie,528239797,"3, bd Mansour Eddahbi, cité Dakhla Agadir",Agadir,,30.4123769,-9.5470525,exacte,osm
395,Pharmacie Aït Mhand,pharmacie,528285090,Pharmacie Aït Mhand AGADIR,Agadir,,30.3745644,-9.4997481,exacte,nominatim
1587,Pharmacie Bachouch,pharmacie,528238207,445 extention dakhla AGADIR,Agadir,,30.4057815,-9.5607674,exacte,osm
1962,Pharmacie Bouloiz,pharmacie,528287283,"cité Drarga, n°40 lot. Alimam Fatima, rte Principale Agadir",Agadir,,30.3791467,-9.4807774,exacte,osm
2094,Pharmacie Cadi Ben Driss,pharmacie,528233939,"hay dakhla, al fiddia i, derrière la gare routière AGADIR",Agadir,,30.4111874,-9.5567663,quartier,nominatim_quartier
2197,Pharmacie Chifa,pharmacie,528223712,94 bd Hassan 1er cité Dakhla Agadir,Agadir,,30.4092154,-9.5589192,exacte,nominatim_nom
2229,Pharmacie Chifa Al Farah,pharmacie,528280159,"hay bensergao , hay el farah Agadir",Agadir,,30.4205162,-9.5838532,ville,centre_ville
2249,Pharmacie Chifa Al Farah,pharmacie,528281384,Pharmacie Chifa Al Farah AGADIR,Agadir,,30.4205162,-9.5838532,ville,centre_ville
2290,Pharmacie Cité Suisse,pharmacie,528827745,Pharmacie Cité Suisse AGADIR,Agadir,,30.4180699,-9.5939044,exacte,nominatim
2358,Pharmacie Dahabia,pharmacie,528321426,"535, sect K , ElHouda Agadir",Agadir,,30.3955216,-9.5417417,exacte,osm
2391,Pharmacie Dakhla,pharmacie,528222229,"14, rue al farabi, cité dakhla Agadir",Agadir,,30.4052274,-9.557644,exacte,nominatim_nom
2927,Pharmacie El Amri,pharmacie,528225206,1 rue anzi cité salam AGADIR,Agadir,,30.3998587,-9.5460524,exacte,nominatim_nom
10124,Pharmacie El Fayd,pharmacie,528270338,"Bloc Anza Oulya , n°467 Quartier taddarte Agadir",Agadir,,30.4205162,-9.5838532,ville,centre_ville
3091,Pharmacie El Ouazzany,pharmacie,528220681,"hay Mohammadi, résid. Fal Oumlil n°206 Agadir",Agadir,,30.4387288,-9.5580581,quartier,nominatim_voie
3253,Pharmacie Ennajd,pharmacie,528226907,"bd hassan 1er, 11 bloc g4 cité dakhla, en face sgmb agence dakhla AGADIR",Agadir,,30.4077853,-9.556302,exacte,osm
3617,Pharmacie Extension Dakhla,pharmacie,528239445,"Extension Dakhla , K1005 Agadir",Agadir,,30.4052274,-9.557644,exacte,osm
3627,Pharmacie Faicel,pharmacie,528238383,"1042 extension dakhla, avenue hassan premier, devant résidence al boustane AGADIR",Agadir,,30.4205162,-9.5838532,ville,centre_ville
3924,Pharmacie Hadrane,pharmacie,528231012,"2 Bis, rue Ibn Al Arabi, z.i. Agadir",Agadir,,30.4221304,-9.576433,exacte,osm
4213,Pharmacie Hay al farah,pharmacie,528281915,"996, hay alfarah ben sergao Agadir",Agadir,,30.4017834,-9.5730536,exacte,nominatim_nom
4591,Pharmacie Ibn Zouhr,pharmacie,528235451,"229, rue Aglou, cité Essalam Agadir",Agadir,,30.4205162,-9.5838532,ville,centre_ville
5377,Pharmacie Jet Sakane,pharmacie,528322064,"hay bensergao, jet sakane, m1 imm. n°42 salam houda AGADIR",Agadir,,30.4205162,-9.5838532,ville,centre_ville
5858,Pharmacie Lakhyam,pharmacie,528220659,"70 bd mohamed el hansali, khiam 2 (autoroute lakhyam) Agadir",Agadir,,30.4205162,-9.5838532,ville,centre_ville
5962,Pharmacie Leghzaoui,pharmacie,528324343,"hay essalam, résid. attadamoune 2, imm. 47, mag 62 Agadir",Agadir,,30.3907086,-9.5454138,exacte,osm
6163,Pharmacie Lotfy,pharmacie,528239009,44 rue Al Kawakibi hay Dakhla Agadir,Agadir,,30.4116377,-9.5506139,exacte,osm
6488,Pharmacie Maroc,pharmacie,528320200,"hay al houda, imm. ennarjis ii n°8, près du poste police el houda AGADIR",Agadir,,30.3979724,-9.5365712,exacte,osm
6541,Pharmacie Mejjane,pharmacie,528320604,"32 secteur l cité el houda, derrière lycée ajdir AGADIR",Agadir,,30.3952358,-9.5444007,exacte,osm
6731,Pharmacie Mokawama,pharmacie,528842634,"8, bd Al Moukaouama, imm. Hamria q.i. Agadir",Agadir,,30.4205162,-9.5838532,ville,centre_ville
6766,Pharmacie Mosquée du Liban,pharmacie,528823443,"bd des f.a.r., imm barutel, a coté de la mosquée liban, en face place des petits taxi Agadir",Agadir,,30.422844,-9.600835,exacte,nominatim_nom
6955,Pharmacie Moutawakil,pharmacie,528235287,"27, rue isli, rési. riad al qods, près de station ifriquia Agadir",Agadir,,30.4205162,-9.5838532,ville,centre_ville
7142,Pharmacie Nour AlFarah III,pharmacie,528291050,"454, al farah 3 Agadir",Agadir,,30.3978989,-9.5618732,quartier,nominatim_voie
7164,Pharmacie Nour AlFarah III,pharmacie,627019851,Pharmacie Nour AlFarah III AGADIR,Agadir,,30.4205162,-9.5838532,ville,centre_ville
7274,Pharmacie Nour Lkheir,pharmacie,525129353,projet tarek lkheir 9 Agadir,Agadir,,30.4205162,-9.5838532,ville,centre_ville
7297,Pharmacie Odessa,pharmacie,528282882,"hay essalam, résid. tarik al kheir 1, imm. 2, mag. 4 Agadir",Agadir,,30.3954828,-9.554416,exacte,osm
7385,Pharmacie Oubelkhir,pharmacie,528280999,"rue 110 hay el farah, près de la mosquée assaad ibn zarara Agadir",Agadir,,30.3996068,-9.5592815,exacte,osm
7533,Pharmacie Principale,pharmacie,528287007,"1, rue Principale, Tagadirt",Agadir,,30.4205162,-9.5838532,ville,centre_ville
7623,Pharmacie Rajaa,pharmacie,528235670,"1026, bd abderrahman benzidane, cité salam AGADIR",Agadir,garde 24h/24,30.3972032,-9.5460637,exacte,osm
7650,Pharmacie Rayane,pharmacie,667146045,Pharmacie Rayane AGADIR,Agadir,,30.4423981,-9.5559889,exacte,osm
7732,Pharmacie Salam,pharmacie,528235636,"bd El Haj Massoud El Wafkaoui, Hay Salam Agadir",Agadir,,30.3999359,-9.5528638,exacte,nominatim_nom
7774,Pharmacie Sara,pharmacie,528320873,hay al houda bloc h n°299 Agadir,Agadir,,30.4024775,-9.5426554,exacte,osm
7978,Pharmacie Tahiri,pharmacie,528823508,"rue allal ben abdallah, talborjt Agadir",Agadir,,30.4220575,-9.5953526,exacte,osm
7994,Pharmacie Tarik El Kheir,pharmacie,644005640,5 hay Tarik Elkhair ilto 9 Agadir,Agadir,,30.3914696,-9.5549592,exacte,nominatim_nom
7995,Pharmacie Tikida,pharmacie,528320019,"hay al houda, imm. tikida n°10, cité el houda sur la route séparant cite el houda et salam AGADIR",Agadir,,30.3991997,-9.5434344,exacte,osm
2574,Pharmacie de Talborjt,pharmacie,528822861,"42, rue mehdi ben toumert,talborjt Agadir",Agadir,,30.4287023,-9.5904516,exacte,nominatim_nom
2503,Pharmacie de la Poste,pharmacie,528842315,bd moukaouama en face du jardin lala meryem Agadir,Agadir,,30.4205162,-9.5838532,ville,centre_ville
2664,Pharmacie des F.a.r.,pharmacie,528824332,"7, bd des f.a.r., imm. elmanzeh AGADIR",Agadir,garde 24h/24,30.4205162,-9.5838532,ville,nominatim_voie
2723,Pharmacie des Facultés,pharmacie,528292796,"6, bd Onze Janvier, Projet Al Wid Agadir",Agadir,,30.4064359,-9.5503711,exacte,nominatim_nom
2856,Pharmacie du Quartier Militaire,pharmacie,528283946,"hay bensergao, n°8, cité al anwar lot tifaque route salam AGADIR",Agadir,,30.4205162,-9.5838532,ville,centre_ville
2799,Pharmacie du quartier,pharmacie,528821315,"angle av. mly abdellah, et rue sidi bouknadel, q.i. num 32. a coté de l'etat major Agadir",Agadir,,30.422844,-9.600835,exacte,nominatim_nom
6276,Pharmacie l'Université,pharmacie,528230387,"139, bd onze janvier, cité dakhla Agadir",Agadir,,30.4097384,-9.548379,exacte,osm
5720,Pharmacie la Bourse,pharmacie,528812573,Pharmacie la Bourse AGADIR,Agadir,,30.4205162,-9.5838532,ville,centre_ville
5745,Pharmacie la jeunesse,pharmacie,606701286,"22, bd Hassan Bounaamani, cité Dakhla Agadir",Agadir,garde 24h/24,30.4103729,-9.5527953,exacte,osm
5906,Pharmacie le Complexe,pharmacie,528282307,"hay al wifaq, n° a/478 ben sergao, près de hamam al wifaq AGADIR",Agadir,,30.3929041,-9.5611481,exacte,osm
5933,Pharmacie le Corail Salam,pharmacie,528228866,hay essalam rue 914 n°554 AGADIR,Agadir,,30.3999359,-9.5528638,exacte,nominatim_nom
6980,Pharmacie Agdz,pharmacie,524843747,Pharmacie Agdz,Agdz,,30.6936154,-6.4479115,exacte,osm
7782,Pharmacie Ennakhil,pharmacie,524843370,Pharmacie Ennakhil AGDZ,Agdz,,30.6961857,-6.4483966,exacte,osm
1916,Pharmacie Al Maghreb Al Arabi,pharmacie,528308494,"57 c, yassmina 1 , rte de tiznit Ait melloul",Ait Melloul,,30.3387947,-9.5044701,ville,centre_ville
3059,Pharmacie Chifa,pharmacie,528240586,81 Rte Tiznit pont du Souss Ait melloul,Ait Melloul,,30.3387947,-9.5044701,ville,centre_ville
6836,Pharmacie Ouled Dahou Centre,pharmacie,528319162,Ouled Dahou Centre AIT MELLOUL,Ait Melloul,,30.3387947,-9.5044701,ville,centre_ville
2047,Pharmacie de l'Atlas,pharmacie,528241987,26 Avenue de la Marche Verte Ait melloul,Ait Melloul,,30.3387947,-9.5044701,ville,centre_ville
7317,Pharmacie Ajdir,pharmacie,535207069,Pharmacie Ajdir,Ajdir,,35.1936213,-3.9107516,exacte,nominatim
9823,Pharmacie Sidi Abid,pharmacie,661308503,Anzagh commune Ajdir - Maroc,Ajdir,,34.7419069,-3.9736924,ville,centre_ville
7592,Pharmacie Akhfennir,pharmacie,528765585,Pharmacie Akhfennir,Akhfennir,,27.9330926,-11.963037,ville,centre_ville
118,Pharmacie Abdelkerim El Khattabi,pharmacie,539982270,61 av Bir Anzarane Al hoceima,Al Hoceima,garde 24h/24,35.6819926,-5.3243066,rue,nominatim
599,Pharmacie Abi Yakoub El Badissi,pharmacie,674416356,18 rue du Consul Mirador Al hoceima,Al Hoceima,,35.245114,-3.930186,ville,centre_ville
1278,Pharmacie Achifa,pharmacie,539980655,"1, av. Abbas M'Saadi Al hoceima",Al Hoceima,,35.245114,-3.930186,ville,centre_ville
6125,Pharmacie Ajdir,pharmacie,539802098,centre Ajdir rp.39 AL HOCEIMA,Al Hoceima,,35.1936213,-3.9107516,exacte,nominatim_nom
9973,Pharmacie Al Baraka,pharmacie,539980115,3 Lots Bades résid. Amina Al Hoceim,Al Hoceima,,35.245114,-3.930186,ville,centre_ville
7639,Pharmacie Al Hilal,pharmacie,539980033,105 av Sidi Abid Al hoceima,Al Hoceima,,35.2520695,-3.9342765,exacte,nominatim
5121,Pharmacie Al Hoceima,pharmacie,539841596,97 bd. Tarik Ibn Ziad Al hoceima,Al Hoceima,,35.7656152,-5.8048644,rue,nominatim
2132,Pharmacie Al Hoda,pharmacie,539980944,166 bd Tarik Ibn Ziad Al hoceima,Al Hoceima,,35.7656152,-5.8048644,rue,nominatim
3597,Pharmacie Al Khair,pharmacie,539841846,bd Abou Fariss Hamadani hay Mirador Al hoceima,Al Hoceima,,35.2490309,-3.9476563,exacte,nominatim_nom
896,Pharmacie Al Manzah,pharmacie,539840282,20 rue Med Hassan El Ouazzani Al hoceima,Al Hoceima,,35.2448372,-3.9337213,exacte,nominatim_nom
418,Pharmacie Al Qods,pharmacie,539840669,24 bd El Qods rte Sidi Mansour Al hoceima,Al Hoceima,,35.2374305,-3.9393389,exacte,nominatim_nom
9167,Pharmacie AlOuahda,pharmacie,539807878,20 rue AlOuahda imzouren Al Hoceima - Maroc,Al Hoceima,,35.245114,-3.930186,ville,centre_ville
5306,Pharmacie AlWafa,pharmacie,539983449,"90, av. Hassan II ang. M'Barek ElBekkai Al hoceima",Al Hoceima,,35.245114,-3.930186,ville,centre_ville
2845,Pharmacie Andalous,pharmacie,539982899,158 rue Hajrat Nekkor Al hoceima,Al Hoceima,,35.2451692,-3.9309277,exacte,osm
1738,Pharmacie Anissa,pharmacie,539984234,33 av 9 juillet Al hoceima,Al Hoceima,,35.242811,-3.9321574,rue,nominatim_voie
434,Pharmacie Anoual,pharmacie,539982917,47 av. Imzouren Al hoceima,Al Hoceima,,35.2415456,-3.9277085,exacte,osm
34,Pharmacie Avicenne,pharmacie,539982916,av. Tarik Ibnou Ziad Imm. Caballo Al hoceima,Al Hoceima,,35.245114,-3.930186,ville,centre_ville
6058,Pharmacie Azir,pharmacie,539985388,161 rue Sidi Abid AL HOCEIMA,Al Hoceima,,35.2544986,-3.9355126,rue,nominatim
626,Pharmacie Cala Bonita,pharmacie,539985864,28 hay Cala Bonita résid. Firadaous Al hoceima,Al Hoceima,garde 24h/24,35.2336055,-3.9274061,exacte,nominatim_nom
1225,Pharmacie Du Centre,pharmacie,539813017,Pharmacie Du Centre AL HOCEIMA,Al Hoceima,,34.7519808,-4.6580482,exacte,nominatim
3523,Pharmacie ElMoustachfa,pharmacie,539981131,89 av. AlIskandaria Al hoceima,Al Hoceima,,35.245114,-3.930186,ville,centre_ville
7851,Pharmacie Essalam,pharmacie,539806667,Pharmacie Essalam AL HOCEIMA,Al Hoceima,,34.7936793,-5.576285,exacte,nominatim
1764,Pharmacie Granada,pharmacie,539840204,12 av. Madagascar Al hoceima,Al Hoceima,,35.2485148,-3.9347317,exacte,osm
9206,Pharmacie Ibnou Rochd,pharmacie,539981757,168 av Hassan II Al Hoceima - Maroc,Al Hoceima,,35.245114,-3.930186,ville,centre_ville
5843,Pharmacie Khalid Ibn Alwalid,pharmacie,539840863,17 av. Hajarat Nekour AL HOCEIMA,Al Hoceima,,35.245114,-3.930186,ville,centre_ville
9916,Pharmacie Manara,pharmacie,539980101,av. Sidi Abid lotiss. Al Omrane Al Hoceima,Al Hoceima,,35.245114,-3.930186,ville,centre_ville
7737,Pharmacie Meditérraneo,pharmacie,539840808,41 rue Houman El Fetouaki AL HOCEIMA,Al Hoceima,,35.245114,-3.930186,ville,centre_ville
5517,Pharmacie Noumidia,pharmacie,539980645,57 rue Abdellah BenYacine Al hoceima,Al Hoceima,,35.2391706,-3.9274335,exacte,osm
1594,Pharmacie Nouvelle,pharmacie,539982093,4 rue Idriss Al Akbar Al hoceima,Al Hoceima,,35.2434757,-3.9306095,rue,nominatim
9124,Pharmacie Pasteur,pharmacie,539981176,9 Bis bd. Med. V Al Hoceima - Maroc,Al Hoceima,,35.2402592,-3.9285654,exacte,osm
6325,Pharmacie Sidi Abid,pharmacie,539984191,Pharmacie Sidi Abid AL HOCEIMA,Al Hoceima,,35.2540108,-3.9347478,exacte,nominatim
6554,Pharmacie Tidghine,pharmacie,539813322,centre Ketama AL HOCEIMA,Al Hoceima,,34.876966,-4.617889,exacte,nominatim
1942,Pharmacie centrale du Rif,pharmacie,539982582,23 Avenue Hassan II Al hoceima,Al Hoceima,,35.2400303,-3.9346717,rue,nominatim
6029,Pharmacie le port,pharmacie,539980606,Pharmacie le port AL HOCEIMA,Al Hoceima,,35.2482915,-3.9317913,exacte,osm
5147,Pharmacie Nordine,pharmacie,528314002,hay Igueroufoulous Aourir,Aourir,,30.498085,-9.671097,ville,centre_ville
6543,Pharmacie 20 Aout,pharmacie,523358990,Pharmacie 20 Aout AZEMMOUR,Azemmour,,33.2749828,-8.3432522,ville,centre_ville
9814,Pharmacie AlMahata,pharmacie,523358737,30 bd Boujdour Azemmour - Maroc,Azemmour,,33.2749828,-8.3432522,ville,centre_ville
6445,Pharmacie Badr,pharmacie,523358477,Pharmacie Badr AZEMMOUR,Azemmour,,33.2749828,-8.3432522,ville,centre_ville
6234,Pharmacie Belayachi,pharmacie,523347342,Pharmacie Belayachi AZEMMOUR,Azemmour,,33.2749828,-8.3432522,ville,centre_ville
6110,Pharmacie Dar Achabab,pharmacie,523358094,Pharmacie Dar Achabab AZEMMOUR,Azemmour,,33.2749828,-8.3432522,ville,centre_ville
6916,Pharmacie Derb Jdid,pharmacie,523357867,Pharmacie Derb Jdid AZEMMOUR,Azemmour,,33.2837695,-8.3427578,exacte,nominatim
7199,Pharmacie Douar Dghoughi,pharmacie,676206417,Pharmacie Douar Dghoughi AZEMMOUR,Azemmour,,33.2843599,-8.3290778,exacte,nominatim
9774,Pharmacie El Amal,pharmacie,523357754,321 Bd Mohamed V Azemmour - Maroc,Azemmour,,33.2878001,-8.3493125,exacte,nominatim_nom
7634,Pharmacie El Yosr,pharmacie,523376420,Pharmacie El Yosr AZEMMOUR,Azemmour,,33.2749828,-8.3432522,ville,centre_ville
9784,Pharmacie ElIdrissi,pharmacie,523358949,50 bd My ElHassan Azemmour - Maroc,Azemmour,,33.2749828,-8.3432522,ville,centre_ville
5835,Pharmacie ElManzah,pharmacie,523347778,Pharmacie ElManzah AZEMMOUR,Azemmour,,33.2749828,-8.3432522,ville,centre_ville
6757,Pharmacie Ennasr,pharmacie,523358239,Pharmacie Ennasr AZEMMOUR,Azemmour,,33.2878001,-8.3493125,exacte,osm
9831,Pharmacie Ennasr,pharmacie,523358750,19 av. ElMassira lotiss. Ennasr Azemmour - Maroc,Azemmour,,33.2878001,-8.3493125,exacte,osm
689,Pharmacie Grande pharmacie d'Azemmour,pharmacie,523347127,"47, bd Zerktouni Azemmour",Azemmour,,33.2749828,-8.3432522,ville,centre_ville
6024,Pharmacie Ibn Sina,pharmacie,523347771,Pharmacie Ibn Sina AZEMMOUR,Azemmour,,33.2749828,-8.3432522,ville,centre_ville
6880,Pharmacie Ikram,pharmacie,523347528,Pharmacie Ikram AZEMMOUR,Azemmour,,33.2749828,-8.3432522,ville,centre_ville
9806,Pharmacie Laila,pharmacie,523358911,74 Bis bd. Laayoune Azemmour - Maroc,Azemmour,,33.2749828,-8.3432522,ville,centre_ville
9745,Pharmacie Mohamed V,pharmacie,523347090,324 Bd Mohamed V Azemmour - Maroc,Azemmour,,33.28647,-8.3471006,exacte,nominatim_nom
8306,Pharmacie Moulay Smail,pharmacie,523347455,Pharmacie Moulay Smail AZEMMOUR,Azemmour,,33.2749828,-8.3432522,ville,centre_ville
7001,Pharmacie Oum Rabii,pharmacie,523358261,Pharmacie Oum Rabii AZEMMOUR,Azemmour,,33.2820554,-8.3518655,exacte,osm
5929,Pharmacie Pam,pharmacie,523347290,Pharmacie Pam AZEMMOUR,Azemmour,,33.2749828,-8.3432522,ville,centre_ville
6626,Pharmacie de Peuple,pharmacie,523347019,Pharmacie de Peuple AZEMMOUR,Azemmour,,33.2844458,-8.3463646,exacte,osm
7876,Pharmacie la Fontaine,pharmacie,523357607,Pharmacie la Fontaine AZEMMOUR,Azemmour,,33.2749828,-8.3432522,ville,centre_ville
6966,Pharmacie la Gloire,pharmacie,523347388,Pharmacie la Gloire AZEMMOUR,Azemmour,,33.2749828,-8.3432522,ville,centre_ville
6922,Pharmacie le Palmier,pharmacie,612201363,Pharmacie le Palmier AZEMMOUR,Azemmour,,33.2749828,-8.3432522,ville,centre_ville
6968,Pharmacie les Iris,pharmacie,523357406,Pharmacie les Iris AZEMMOUR,Azemmour,,33.2812278,-8.3582094,exacte,nominatim
2082,Pharmacie Adam,pharmacie,771855060,lotiss. Adam Azrou,Azrou,,35.13024,-3.544397,ville,centre_ville
6253,Pharmacie Ahadaf,pharmacie,535561239,90 rue Casablanca Ahadaf AZROU,Azrou,,35.13024,-3.544397,ville,centre_ville
7818,Pharmacie Ain Aghbal,pharmacie,535562101,1072 lot. Ain Aghbal AZROU,Azrou,,35.13024,-3.544397,ville,centre_ville
8980,Pharmacie Akchmir,pharmacie,535564641,quartier Michlifen II Ahadaf n°17 Azrou - Maroc,Azrou,,35.13024,-3.544397,ville,centre_ville
9949,Pharmacie Al Amraoui,pharmacie,538344898,Essanaoubar Azrou,Azrou,,35.13024,-3.544397,ville,centre_ville
291,Pharmacie Al Arabi,pharmacie,535561970,15 av Hassan II P 21 Azrou,Azrou,,35.13024,-3.544397,ville,centre_ville
6143,Pharmacie Al Arz,pharmacie,535564268,quartier Ahadaf rue 17 n°152 AZROU,Azrou,,35.13024,-3.544397,ville,centre_ville
1553,Pharmacie Al Ihssane,pharmacie,664187395,lot El Fath n°106 Azrou,Azrou,,35.13024,-3.544397,ville,centre_ville
6938,Pharmacie AlAmraoui,pharmacie,535564974,Pharmacie AlAmraoui AZROU,Azrou,,35.13024,-3.544397,ville,centre_ville
1345,Pharmacie Azrou,pharmacie,535560910,25 rue Tit Hcen Azrou,Azrou,,35.13024,-3.544397,ville,centre_ville
7940,Pharmacie El Bouchra,pharmacie,535563706,Hay Mly Hassan Tizi rue 1 n°37 AZROU,Azrou,,35.13024,-3.544397,ville,centre_ville
3756,Pharmacie El Fath Saoudi,pharmacie,535563347,207 bd Hassan II Ahadaf Azrou,Azrou,,35.13024,-3.544397,ville,centre_ville
6057,Pharmacie El Houda,pharmacie,535560696,54 rue de Marrakech lot Mimoza AZROU,Azrou,,35.13024,-3.544397,ville,centre_ville
4468,Pharmacie Hanane,pharmacie,535561417,"143, rue Mauritanie , Kechla Azrou",Azrou,,35.13024,-3.544397,ville,centre_ville
818,Pharmacie Ibn Sina,pharmacie,535560616,Bouykour Ahadaf rue 33 n°9 Azrou,Azrou,,35.13024,-3.544397,ville,centre_ville
7434,Pharmacie Marina,pharmacie,534934571,lotiss. El Hassania Ahadaf n°36 AZROU,Azrou,,35.13024,-3.544397,ville,centre_ville
7975,Pharmacie Masjid Essaada,pharmacie,535564141,Ahadaf rue 15 n°578 AZROU,Azrou,,35.13024,-3.544397,ville,centre_ville
2964,Pharmacie Merchich,pharmacie,535561111,hay El Farah lotiss. Farah II rte de Meknès Azrou,Azrou,,35.13024,-3.544397,ville,centre_ville
1138,Pharmacie Moyen Atlas,pharmacie,535562873,1 bd Moulay Abdelkader Azrou,Azrou,,33.4453808,-5.2188876,rue,nominatim
1705,Pharmacie Nakhil,pharmacie,535564248,105 lotiss. Nakhil Ahadaf Azrou,Azrou,,35.13024,-3.544397,ville,centre_ville
7468,Pharmacie Nakhil,pharmacie,670695386,Pharmacie Nakhil AZROU,Azrou,,35.13024,-3.544397,ville,centre_ville
1109,Pharmacie Oum Rayane,pharmacie,535560438,82 q. Tabadlit Al Jdida rue 7 Azrou,Azrou,,35.13024,-3.544397,ville,centre_ville
6359,Pharmacie Oussaden,pharmacie,535562238,127 bd Hassan II quartier Ahadaf AZROU,Azrou,,35.13024,-3.544397,ville,centre_ville
5809,Pharmacie Principale,pharmacie,535562983,9 rue prince Mly Abdellah Azrou,Azrou,,35.13024,-3.544397,ville,centre_ville
8386,Pharmacie Rachad,pharmacie,535564940,41 rue Sekkaya AZROU,Azrou,,35.13024,-3.544397,ville,centre_ville
510,Pharmacie Ramis,pharmacie,535561820,365 lotiss. Essanaoubar Ahaddaf Azrou,Azrou,,35.13024,-3.544397,ville,centre_ville
983,Pharmacie Sakhra,pharmacie,535561498,Pl. Mohammed V Azrou,Azrou,,35.13024,-3.544397,ville,centre_ville
3735,Pharmacie Sanawbar,pharmacie,535560333,Nakhil III Ahadaf n°280 Azrou,Azrou,,35.13024,-3.544397,ville,centre_ville
482,Pharmacie Sara,pharmacie,669887676,13 lotiss. Haimadi Ahadaf Azrou,Azrou,,35.13024,-3.544397,ville,centre_ville
6655,Pharmacie Sidi AlMakhfi,pharmacie,535867613,Pharmacie Sidi AlMakhfi AZROU,Azrou,,35.13024,-3.544397,ville,centre_ville
3370,Pharmacie Takouine,pharmacie,535564333,Atlas II n°122 Ahadaf Azrou,Azrou,,35.13024,-3.544397,ville,centre_ville
9830,Pharmacie Tigrigra,pharmacie,767531606,Kasbah Ait Yahya Ouaalla Azrou - Maroc,Azrou,,35.13024,-3.544397,ville,centre_ville
6060,Pharmacie Wiwane,pharmacie,535569164,Pharmacie Wiwane AZROU,Azrou,,35.13024,-3.544397,ville,centre_ville
7786,Pharmacie Youssra,pharmacie,535561131,"Lotiss. Ain Aghbal , rte du souk Azrou",Azrou,garde 24h/24,35.13024,-3.544397,ville,centre_ville
6913,Pharmacie Zouhair,pharmacie,535562447,rte de Midelt Ajellab AZROU,Azrou,,35.13024,-3.544397,ville,centre_ville
7840,Pharmacie la Mosquée,pharmacie,535564403,Pharmacie la Mosquée AZROU,Azrou,,35.13024,-3.544397,ville,centre_ville
960,Pharmacie Al Aïn,pharmacie,537740344,Centre Aïn Attig Aïn atiq,Aïn Atiq,,33.5934829,-7.6560354,ville,centre_ville
2185,Pharmacie Assaka,pharmacie,537403084,lotiss. Promosud lot. n°1 Aïn atiq,Aïn Atiq,,33.5934829,-7.6560354,ville,centre_ville
7221,Pharmacie Aïn Attiq,pharmacie,537741905,88 lotiss. Saada AIN ATIQ,Aïn Atiq,,33.5934829,-7.6560354,ville,centre_ville
7565,Pharmacie Najm,pharmacie,537612885,70 résid. Manzeh AIN ATIQ,Aïn Atiq,,33.5576503,-7.6449408,exacte,osm
9813,Pharmacie Bni Rzine,pharmacie,770726127,centre Had Beni Rezine Bab Berred - Maroc,Bab Berred,,34.998897,-4.890298,ville,centre_ville
15,Pharmacie 20 Août,pharmacie,523483101,"2, bd du 20 Août Beni mellal",Beni Mellal,,32.334193,-6.353335,ville,centre_ville
120,Pharmacie Ait Tisslit,pharmacie,523486772,80 lotiss. Jamila - Autre ville place Ait Tisslit Beni Mellal,Beni Mellal,,32.3342741,-6.3501821,exacte,nominatim_nom
252,Pharmacie Almadhar,pharmacie,523484830,hay Almadhar Beni Mellal,Beni Mellal,garde 24h/24,32.334193,-6.353335,ville,centre_ville
81,Pharmacie Aïn Asserdoun,pharmacie,523487591,bd Houmane ElFetouaki Beni Mellal,Beni Mellal,,32.334193,-6.353335,ville,centre_ville
607,Pharmacie Balsam,pharmacie,523420202,bd. Mohammed V rte de Tadla Beni Mellal,Beni Mellal,,32.341811,-6.3434107,exacte,osm
686,Pharmacie Beni Mellal,pharmacie,523483652,16 rue des Martyrs Beni Mellal,Beni Mellal,,32.3336981,-6.3535899,exacte,osm
700,Pharmacie Bin ElOuidane,pharmacie,523483248,"hay AlMassira II , bloc 27 n°3 Beni Mellal",Beni Mellal,,32.334193,-6.353335,ville,centre_ville
734,Pharmacie Bouachouch,pharmacie,523423935,bd Doubai rue 1 n°51 Beni Mellal,Beni Mellal,,32.3322295,-6.3552175,exacte,osm
767,Pharmacie Centrale,pharmacie,523482166,Bd. Mohammed V Beni Mellal,Beni Mellal,,32.3347334,-6.3573031,exacte,osm
778,Pharmacie Chakib,pharmacie,523486676,av. des F.a.r Beni Mellal,Beni Mellal,,32.3410221,-6.3572812,exacte,osm
870,Pharmacie Cherkaoui,pharmacie,523429752,ouled Ayad Beni mellal,Beni Mellal,garde 24h/24,32.3266905,-6.3950126,exacte,osm
913,Pharmacie Chifa,pharmacie,523486464,Dchira rue 1 n°12 Beni mellal,Beni Mellal,,32.3308561,-6.3527242,exacte,osm
994,Pharmacie Dar Dbagh,pharmacie,523424041,107 bd Nouakchot rue 10 q. dar Dbagh BENI MELLAL,Beni Mellal,,32.3323781,-6.343164,exacte,nominatim_nom
1241,Pharmacie Dchira,pharmacie,523483718,1 Bab ElKheir Beni mellal,Beni Mellal,,32.334193,-6.353335,ville,centre_ville
1565,Pharmacie El Mamoune,pharmacie,662703580,Pharmacie El Mamoune BENI MELLAL,Beni Mellal,,32.334193,-6.353335,ville,centre_ville
1693,Pharmacie ElAmal,pharmacie,523484914,"hay ElAmal , bloc 12 n°43 Beni Mellal",Beni Mellal,,32.334193,-6.353335,ville,centre_ville
1854,Pharmacie ElHouda,pharmacie,523422639,Quartier ElHouda c. com. ElHouda n°20 Beni Mellal,Beni Mellal,,32.3426959,-6.3501091,exacte,osm
1887,Pharmacie ElMsalla,pharmacie,523422709,Hay Aït Kourchi rue 1 n°54 Ouled Ayad Beni mellal,Beni Mellal,,32.334193,-6.353335,ville,centre_ville
1822,Pharmacie Elhansali,pharmacie,523482165,9 bd Ahmed Elhansali Beni Mellal,Beni Mellal,,32.334193,-6.353335,ville,centre_ville
1975,Pharmacie Ennajat,pharmacie,523485982,av. Laayoune n°151 bloc 15 hay El Houda Beni Mellal,Beni Mellal,,32.3403424,-6.3506656,rue,nominatim_voie
2087,Pharmacie Farabi,pharmacie,523447439,Pharmacie Farabi BENI MELLAL,Beni Mellal,,32.5036979,-6.6875022,exacte,nominatim
2164,Pharmacie Foum Elanceur,pharmacie,523420543,Pharmacie Foum Elanceur BENI MELLAL,Beni Mellal,,32.334193,-6.353335,ville,centre_ville
2205,Pharmacie Ghorm Elam,pharmacie,523447345,Pharmacie Ghorm Elam BENI MELLAL,Beni Mellal,,32.334193,-6.353335,ville,centre_ville
2327,Pharmacie Hay Redouane,pharmacie,523485103,lot Redouane Beni mellal,Beni Mellal,,32.3415579,-6.3635529,exacte,osm
2646,Pharmacie Laayayta,pharmacie,523460293,Pharmacie Laayayta BENI MELLAL,Beni Mellal,,32.334193,-6.353335,ville,centre_ville
2686,Pharmacie Laghdira Hamra,pharmacie,523420528,Ghdira Hamra Beni mellal,Beni Mellal,,32.334193,-6.353335,ville,centre_ville
2822,Pharmacie Meryem,pharmacie,679499050,15 bd Mohammed V - Autre ville Beni Mellal,Beni Mellal,,32.334193,-6.353335,ville,centre_ville
2997,Pharmacie Nour,pharmacie,523480200,"387, av. Hassan II Beni mellal",Beni Mellal,garde 24h/24,32.3408769,-6.3684902,exacte,osm
3076,Pharmacie Orangers,pharmacie,523420340,"cité Limoune , villa Geoise, bloc 2 n°2 Beni Mellal",Beni Mellal,,32.3271053,-6.3665727,exacte,osm
6085,Pharmacie Ouled Yaiche,pharmacie,523516185,Pharmacie Ouled Yaiche BENI MELLAL,Beni Mellal,,32.334193,-6.353335,ville,centre_ville
6418,Pharmacie Populaire,pharmacie,523483870,"205, bd Laâyoune Beni Mellal",Beni Mellal,,32.340144,-6.35236,exacte,osm
6535,Pharmacie Quartier Administratif,pharmacie,523429997,hay Darkoum bloc 7 n°14 Beni mellal,Beni Mellal,,32.3300905,-6.3637257,exacte,osm
6849,Pharmacie Rmila,pharmacie,523485660,"173, bd 9 Septembre Beni mellal",Beni Mellal,,32.3360644,-6.3447692,exacte,osm
7040,Pharmacie Sabraoui,pharmacie,523455894,Pharmacie Sabraoui BENI MELLAL,Beni Mellal,,32.334193,-6.353335,ville,centre_ville
7157,Pharmacie Sidi Abdelhalim,pharmacie,523487202,Pharmacie Sidi Abdelhalim BENI MELLAL,Beni Mellal,,32.3346998,-6.3475913,exacte,osm
7437,Pharmacie Takadoum,pharmacie,523486949,hay Takadoum bd. Bouzkri Ben Khalouk n°9 bloc 28 Beni mellal,Beni Mellal,,32.334193,-6.353335,ville,centre_ville
7486,Pharmacie Tamagnount,pharmacie,523481892,"121, av Tamagnount Beni Mellal",Beni Mellal,,32.3325504,-6.3558387,exacte,osm
1272,Pharmacie de la gare,pharmacie,523483372,"238, bd Mohammed V Beni mellal",Beni Mellal,,32.3368636,-6.3529048,exacte,osm
1537,Pharmacie du Maroc,pharmacie,523482540,av. Taha Houcine bloc 6 n°1 q. Salem Beni mellal,Beni Mellal,,32.3381502,-6.3495253,exacte,osm
1525,Pharmacie du marché,pharmacie,523482204,84 place du Marché Ibn Batouta Beni mellal,Beni Mellal,,32.3346269,-6.3550396,exacte,osm
1462,Pharmacie Abou ElKhayr,pharmacie,536613232,4 rue Azrou Berkane,Berkane,,34.9257343,-2.3279691,rue,nominatim
7226,Pharmacie Ain Reggada,pharmacie,536620319,Pharmacie Ain Reggada BERKANE,Berkane,,34.9266755,-2.3294087,ville,centre_ville
5341,Pharmacie Andalous,pharmacie,536613547,rue Zerhoun ang. rue Béni Znassen Berkane,Berkane,,34.9195641,-2.3238004,exacte,osm
6753,Pharmacie Bachiri,pharmacie,536612145,337 bd. Hassan II BERKANE,Berkane,,34.9204071,-2.3255189,exacte,osm
2785,Pharmacie Bd Mohammed V,pharmacie,536612989,87 bd Mohammed V Berkane,Berkane,,34.9350663,-2.3211272,rue,nominatim_voie
5921,Pharmacie Belfilali,pharmacie,536230428,51 X rue Al Madina Elmounaouara BERKANE,Berkane,,34.9204942,-2.3139309,exacte,osm
6099,Pharmacie Bensalah,pharmacie,536645589,Pharmacie Bensalah BERKANE,Berkane,,34.9266755,-2.3294087,ville,centre_ville
6045,Pharmacie Chifae,pharmacie,536612477,125 rue El Wifaq hay Salam BERKANE,Berkane,,34.924682,-2.3179215,exacte,osm
5779,Pharmacie Edderak,pharmacie,536617576,"19, bd de la Victoire Berkane",Berkane,,34.9266755,-2.3294087,ville,centre_ville
5552,Pharmacie El Harti,pharmacie,536616868,15 rue El Madina ELmounaouara hay Laayoune Berkane,Berkane,,34.9191023,-2.3175803,exacte,nominatim_nom
380,Pharmacie El Kadi Ayad,pharmacie,536614344,12 hay Masjid Berkane,Berkane,,34.9266755,-2.3294087,ville,centre_ville
6469,Pharmacie El Mekteb,pharmacie,536614804,Pharmacie El Mekteb BERKANE,Berkane,,34.9217062,-2.3172397,exacte,nominatim
6444,Pharmacie El Mossalla,pharmacie,536616101,6 rue Mly Idriss ang. rue El Karaouine hay Boukraa BERKANE,Berkane,,34.9244904,-2.3233605,exacte,nominatim_nom
2813,Pharmacie El Widadia,pharmacie,536231400,196 bd. Palestine hay ElAndalous Berkane,Berkane,,34.9266755,-2.3294087,ville,centre_ville
8187,Pharmacie ElMekteb,pharmacie,536612855,132 rue ElMenzel Berkane,Berkane,,34.9266755,-2.3294087,ville,centre_ville
1165,Pharmacie Fethi,pharmacie,536613064,2 rue Palestine Berkane,Berkane,,34.9205186,-2.3219979,exacte,osm
7032,Pharmacie Ghazouani,pharmacie,536256482,37 bd Hassan II douar Bouayad rte d'Alkim M'Gaad Ras BERKANE,Berkane,,34.916126,-2.3484887,exacte,osm
2089,Pharmacie Ibn Sina,pharmacie,536612689,1 av. Ibnou Sina Berkane,Berkane,,34.9225448,-2.3274267,exacte,nominatim_nom
3709,Pharmacie Khalid Ibnou El Walid,pharmacie,536612020,hay El Moukawama rue 387 n°35 Berkane,Berkane,,34.9266755,-2.3294087,ville,centre_ville
3272,Pharmacie Laayoune,pharmacie,536231807,8 X rue El Menzel Berkane,Berkane,,34.9220273,-2.3205012,exacte,osm
588,Pharmacie Laboratoire Ibn Rochd,pharmacie,536613631,157 Rue Ibn Sina Berkane,Berkane,,34.921997,-2.325318,rue,nominatim
6588,Pharmacie Marbouha,pharmacie,536617039,34 X Municipalité hay Dakhla Marbouha BERKANE,Berkane,,34.9301465,-2.325238,exacte,osm
1132,Pharmacie Marché Couvert,pharmacie,536256268,bd Mohammed V Berkane,Berkane,,34.9115848,-2.3492455,exacte,osm
5840,Pharmacie Najwa,pharmacie,536635939,Pharmacie Najwa BERKANE,Berkane,,34.9266755,-2.3294087,ville,centre_ville
2398,Pharmacie Oualloute,pharmacie,536616463,douar Borj Oualloute Berkane,Berkane,,34.9266755,-2.3294087,ville,centre_ville
3591,Pharmacie Ouarch,pharmacie,536230815,rue souk Larbaa hay El Andalous Berkane,Berkane,,34.917861,-2.3216638,exacte,osm
8101,Pharmacie Palestine,pharmacie,536611100,hay Palestine rte Ouartass BERKANE,Berkane,,34.913617,-2.3153755,exacte,nominatim_nom
7250,Pharmacie Pasteur,pharmacie,536615318,4 rue Sijilmassa hay ElMoukaouama BERKANE,Berkane,,34.9160408,-2.3152629,exacte,osm
1919,Pharmacie Populaire,pharmacie,536613638,220 bd Hassan II Berkane,Berkane,,34.9207468,-2.3278291,exacte,osm
4719,Pharmacie Principale,pharmacie,536616859,63 rue Salaheddine Berkane,Berkane,,35.0849248,-2.2219488,exacte,nominatim_nom
3273,Pharmacie Sidi Abdelmoumen,pharmacie,536256305,bd Prince Héritier ang. rue de Fès Berkane,Berkane,,34.9266755,-2.3294087,ville,centre_ville
1123,Pharmacie Sidi Bouhria,pharmacie,536637381,Pharmacie Sidi Bouhria BERKANE,Berkane,,34.9266755,-2.3294087,ville,centre_ville
5749,Pharmacie Tahri,pharmacie,536613112,15 rue Ouertas hay Andalous Berkane,Berkane,,34.9266755,-2.3294087,ville,centre_ville
8595,Pharmacie Tiourar,pharmacie,536230840,"Hay Tiourar , rue 605 n°12 Berkane",Berkane,,34.9266755,-2.3294087,ville,centre_ville
2943,Pharmacie Tzaiest,pharmacie,536617552,"centre Tzaiest , Caidat Beni Ourinech Berkane",Berkane,,34.9266755,-2.3294087,ville,centre_ville
7849,Pharmacie Tzaiest,pharmacie,536615462,Pharmacie Tzaiest BERKANE,Berkane,,34.9266755,-2.3294087,ville,centre_ville
5748,Pharmacie de l'Oriental,pharmacie,536612048,"49, bd Sultan Mly M'hamed Berkane",Berkane,,34.9470925,-2.10192,exacte,osm
6830,Pharmacie hay Elqods,pharmacie,536612336,51 rue Aïn Soltan hay Elqods BERKANE,Berkane,,34.9266755,-2.3294087,ville,centre_ville
5790,Pharmacie la Mosquée,pharmacie,536619095,bd. Med. V Berkane,Berkane,,34.9321773,-2.3333823,rue,nominatim
4072,Pharmacie la Victoire,pharmacie,536616162,7 bd. AlWifak hay Salem Berkane,Berkane,,34.9285109,-2.3189673,exacte,osm
141,Pharmacie 2000,pharmacie,522533605,"22, bd mohammed v Berrechid",Berrechid,,33.270227,-7.5857272,exacte,osm
932,Pharmacie Al Farabi,pharmacie,522336214,"lot. Essafi n° 26 , lot. n° 26 rue 3 Berrechid",Berrechid,,33.2679245,-7.5820254,exacte,nominatim_nom
977,Pharmacie Al Hamd,pharmacie,522533282,"lotiss. almandar aljamil , bd mennan, n°146g Berrechid",Berrechid,,33.2747934,-7.5791494,exacte,nominatim_nom
1506,Pharmacie Al Hikma,pharmacie,522533121,"lotis. elyousr , lot.35 n°41 Berrechid",Berrechid,,33.2640904,-7.581282,exacte,nominatim_nom
1673,Pharmacie Al Houria,pharmacie,522328328,"7, bd Al Houria , Tissir I Berrechid",Berrechid,,33.2672192,-7.5795327,exacte,nominatim_nom
2492,Pharmacie Al Manzah,pharmacie,522328287,"hay errabii , résid. el menzeh imm.a n°5 Berrechid",Berrechid,,33.3753176,-7.5264224,exacte,nominatim_nom
2647,Pharmacie Al Masjid,pharmacie,522337558,"rue yacoub almansour , imm. habous Berrechid",Berrechid,,33.2659298,-7.585768,exacte,nominatim_nom
3321,Pharmacie Al-Oum,pharmacie,522324176,"52, bd ElHouria, Maghrib Eljadid Berrechid",Berrechid,,33.2653211,-7.5797875,exacte,nominatim_nom
3119,Pharmacie AlFalah,pharmacie,522337464,"209, bd Rachidi , Tissir II Berrechid",Berrechid,,33.2676746,-7.5811465,ville,centre_ville
9501,Pharmacie AlMasjid,pharmacie,522328616,16/17 rue Yacoub Almansour imm. Habous Berrechid - Maroc,Berrechid,,33.2676746,-7.5811465,ville,centre_ville
3258,Pharmacie Alia,pharmacie,522324838,"4, bd Mohammed V , imm. F cité ElWahda Berrechid",Berrechid,,33.2693221,-7.5840829,exacte,osm
3447,Pharmacie Arrazi,pharmacie,522326839,"118 bis, bd bir anzarane BERRECHID",Berrechid,,33.2599537,-7.589645,exacte,osm
3527,Pharmacie Attanaouia,pharmacie,522324594,"123, bd AlMoukaouama , lot Ennour Berrechid",Berrechid,,33.2676746,-7.5811465,ville,centre_ville
3580,Pharmacie Berrechid,pharmacie,522324068,"93, bd. Mohammed V , Cité ElKadiri Berrechid",Berrechid,,33.2734533,-7.5871658,exacte,nominatim_nom
3592,Pharmacie Bir Anzarane,pharmacie,522533353,"bd Bir Anzarane , cplxe Riad Benchaib, imm.3 n°21 Berrechid",Berrechid,,33.2578702,-7.5898076,exacte,osm
3628,Pharmacie Chaouia,pharmacie,522336822,"1-2 mosquée riad, hay riad, hay zoubida, en face du centre commercial acima Berrechid",Berrechid,,33.2634401,-7.5883411,exacte,osm
3604,Pharmacie Chaouia,pharmacie,522337229,"182, av moulay ismail Berrechid",Berrechid,,33.2634401,-7.5883411,exacte,osm
3634,Pharmacie Chifaa,pharmacie,522337962,"17, rue Bir Anzarane Berrechid",Berrechid,,33.2620214,-7.5892793,exacte,osm
3703,Pharmacie Conservation,pharmacie,522324571,"18, rue de la Gare , Lotiss. Laamiri Berrechid",Berrechid,,33.2725549,-7.5858952,exacte,osm
3863,Pharmacie El Iraqui,pharmacie,522328345,"267, rue dakhla Berrechid",Berrechid,,33.2676746,-7.5811465,ville,centre_ville
3883,Pharmacie El Kissaria,pharmacie,522533684,"35, ali ibn talib Berrechid",Berrechid,,33.2676746,-7.5811465,ville,centre_ville
3965,Pharmacie ElOualidaine,pharmacie,522334779,Pharmacie ElOualidaine BERRECHID,Berrechid,,33.2676746,-7.5811465,ville,centre_ville
4008,Pharmacie Errabii,pharmacie,522336900,"173, bd. Hiraa , lotiss. Errabii Berrechid",Berrechid,,33.2593731,-7.5954212,exacte,osm
4016,Pharmacie Ezzahra,pharmacie,522328039,"68, bd Hassan ibnou Tabit , lot Ezzahra Berrechid",Berrechid,,33.2602315,-7.5840186,exacte,nominatim_nom
4033,Pharmacie Fatima,pharmacie,522337777,rue Okba Bnou Nafia ang. rue Médina Berrechid,Berrechid,,33.2678566,-7.5879985,exacte,osm
4197,Pharmacie Hay Elfaraj,pharmacie,522534909,Lotiss. ElFaraj Berrechid,Berrechid,,33.2676746,-7.5811465,ville,centre_ville
4248,Pharmacie Ibn Rochd,pharmacie,522327047,"30, rue Mly Idriss AlAzhar Berrechid",Berrechid,,33.2702312,-7.5860091,exacte,nominatim_nom
4415,Pharmacie Isis,pharmacie,522533171,"143, lotiss. Wafiq Berrechid",Berrechid,,33.2634478,-7.5726622,exacte,osm
4461,Pharmacie Khadraoui,pharmacie,522328730,"642, rue Med El Haloui , Tissir II Berrechid",Berrechid,,33.2692151,-7.5780593,exacte,osm
4470,Pharmacie Koulnass,pharmacie,522328053,"104, rue halab , lot 264 tissir i Berrechid",Berrechid,,33.2676746,-7.5811465,ville,centre_ville
4571,Pharmacie Le Grand Boulevard,pharmacie,522035959,"n°345, boulevard mohammed5, lotissement nassrallah, al rabie Berrechid",Berrechid,,33.2676746,-7.5811465,ville,centre_ville
4616,Pharmacie Malaika,pharmacie,522336357,"hay moulay rachid, mosquée rayan n°5 et 6 Berrechid",Berrechid,,33.2715256,-7.5654525,ville,nominatim_quartier
4840,Pharmacie Najah,pharmacie,522337404,"156, bd Mohammed V Berrechid",Berrechid,,33.2643233,-7.5913131,exacte,osm
4999,Pharmacie Nouvelle,pharmacie,522324140,Pharmacie Nouvelle BERRECHID,Berrechid,,33.2674314,-7.5861934,exacte,osm
5068,Pharmacie Ouled Said,pharmacie,665945559,Pharmacie Ouled Said BERRECHID,Berrechid,,33.2676746,-7.5811465,ville,centre_ville
5222,Pharmacie Principale,pharmacie,522327838,"bd 2 mars , hay Al Houda, derb Tahri Berrechid",Berrechid,,33.2721125,-7.5892695,exacte,nominatim_nom
5483,Pharmacie Riad Benchayeb,pharmacie,522337310,"n°8, riad ben chaib 5 , n°152. lotissement assafaa Berrechid",Berrechid,,33.2676746,-7.5811465,ville,centre_ville
5538,Pharmacie Saïdi,pharmacie,522337171,"hay Essaâda , lot. Abou Rahal n°13 Berrechid",Berrechid,,33.2620214,-7.5887023,quartier,nominatim_voie
10138,Pharmacie Sedra,pharmacie,522517025,156. lotisement adouz. pres du mosquée oum l3id Berrechid,Berrechid,,33.2676746,-7.5811465,ville,centre_ville
3840,Pharmacie du souk,pharmacie,522337141,"bd. Abdellah Chefchaouni , hay Hassani Berrechid",Berrechid,,33.2724578,-7.5739354,exacte,osm
6432,Pharmacie 2 Octobre,pharmacie,535584303,Pharmacie 2 Octobre BOULMANE,Boulmane,,31.4891847,-6.1356135,ville,centre_ville
6210,Pharmacie Almasjid,pharmacie,535362030,Pharmacie Almasjid BOULMANE,Boulmane,,31.4891847,-6.1356135,ville,centre_ville
6842,Pharmacie Ayyar,pharmacie,535580909,Pharmacie Ayyar BOULMANE,Boulmane,,31.4891847,-6.1356135,ville,centre_ville
6094,Pharmacie Cedre,pharmacie,535584083,Pharmacie Cedre BOULMANE,Boulmane,,31.4891847,-6.1356135,ville,centre_ville
6202,Pharmacie Tindit,pharmacie,535592948,Pharmacie Tindit BOULMANE,Boulmane,,31.4891847,-6.1356135,ville,centre_ville
6768,Pharmacie Bougafer,pharmacie,524830078,Pharmacie Bougafer BOUMALNE DU DADES,Boumalne Du Dades,,,,,
6019,Pharmacie Dades,pharmacie,524830265,Pharmacie Dades BOUMALNE DU DADES,Boumalne Du Dades,,,,,
6342,Pharmacie Narjiss,pharmacie,535597029,Pharmacie Narjiss BOUMIA,Boumia,,32.725274,-5.101769,ville,centre_ville
9452,Pharmacie & Parapharmacie MARIA,pharmacie,522334523,"Km 13.5, centre, P3011, Bouskoura",Bouskoura,09H A 21H,33.456443,-7.650666,ville,centre_ville
820,Pharmacie Achorafaa,pharmacie,522320557,Pharmacie Achorafaa BOUSKOURA,Bouskoura,,33.456443,-7.650666,ville,centre_ville
9144,Pharmacie Al Hamd,pharmacie,522590064,2 z.i. Oulad Saleh Bouskoura - Maroc,Bouskoura,,33.4323388,-7.6391987,exacte,nominatim_nom
1311,Pharmacie Al Miftah,pharmacie,522320124,Pharmacie Al Miftah BOUSKOURA,Bouskoura,,33.456443,-7.650666,ville,centre_ville
9574,Pharmacie Andalous Bouskoura,pharmacie,522320964,"Diar andalous 3, Gh7 immeuble 4. En face de l'hôpital de proximité de Nouaceur, ruelle de carrefour market Bouskoura puis deuxième à gauche.",Bouskoura,,33.4651739,-7.6452378,exacte,nominatim_nom
9465,Pharmacie Andalous Prestige,pharmacie,659287127,"Lot Andalous prestige GH5 imm 8 magasin 44 bouskoura Bouskoura, Casablanca 27182",Bouskoura,09H A 00H,33.4960958,-7.6101855,rue,nominatim_voie
1638,Pharmacie Annassira,pharmacie,522320301,K160 douar AlFokra km16 BOUSKOURA,Bouskoura,,33.456443,-7.650666,ville,centre_ville
9456,Pharmacie Boujaadia,pharmacie,520046182,"F928+X38, lahouami bahila, Bouskoura",Bouskoura,09H A 21H,33.452407,-7.6347608,exacte,osm
9468,Pharmacie Bouskoura Mall Les Myriades,pharmacie,661894002,"A3, Pharmacie Les Myriades , Local CM1 , Pharmacie de Garde Bouskoura Casablanca, Bouskoura 27182",Bouskoura,09H A 21H,33.456443,-7.650666,ville,centre_ville
9178,Pharmacie Chaimae,pharmacie,522320192,douar Rmal Lahlal Bouskoura - Maroc,Bouskoura,,33.4786894,-7.6635032,exacte,nominatim_nom
2366,Pharmacie Chokr,pharmacie,522590381,K140 douar Ouled Malek km 14 BOUSKOURA,Bouskoura,,33.456443,-7.650666,ville,centre_ville
9455,Pharmacie Dyar Al Andalous,pharmacie,522334981,,Bouskoura,garde 24h/24,33.456443,-7.650666,ville,nominatim
9351,Pharmacie Eden Bouskoura,pharmacie,522320103,Ouled Ben Amer Bouskoura - Maroc,Bouskoura,,33.4732133,-7.64153,exacte,nominatim_nom
9453,Pharmacie El Masjid,pharmacie,672777524,,Bouskoura,09H A 21H,33.456443,-7.650666,ville,nominatim
6036,Pharmacie ElMasjid,pharmacie,522590401,20180 Centre Bouskoura,Bouskoura,,33.5576503,-7.6449408,exacte,osm
9450,Pharmacie Elomari ABC,pharmacie,522590039,"km114.bouskoura, Casablanca 20000",Bouskoura,09H A 21H,33.4852669,-7.6134434,rue,nominatim
6250,Pharmacie Enassiha,pharmacie,522970157,bd Mohammed VI hay Mkanssa I bloc c rue 10 n° 23 Bouskoura,Bouskoura,,33.456443,-7.650666,ville,centre_ville
9462,Pharmacie Fouadi,pharmacie,522590096,,Bouskoura,garde 24h/24,33.456443,-7.650666,ville,nominatim
6346,Pharmacie Hanifa,pharmacie,668962997,Pharmacie Hanifa BOUSKOURA,Bouskoura,,33.456443,-7.650666,ville,centre_ville
6361,Pharmacie Ibn Rochd,pharmacie,522334267,hay ElJamaâ n°2 BOUSKOURA,Bouskoura,,33.5808565,-7.6224722,exacte,osm
6678,Pharmacie Kenz Bouskoura,pharmacie,522782021,lotiss. Izdihar bloc 1 Bouskoura,Bouskoura,,33.4644174,-7.6575566,exacte,nominatim_nom
6765,Pharmacie Laamamra,pharmacie,522334415,douar Laamamra mosquée Al Kawtar Oulad Saleh Bouskoura,Bouskoura,,33.4147384,-7.6330126,exacte,nominatim_nom
6776,Pharmacie Lahfaya,pharmacie,522970380,K100 rte Mediouna km 10 Mekanssa 1 Bouskoura,Bouskoura,,33.456443,-7.650666,ville,centre_ville
9463,Pharmacie Mansouria,pharmacie,808627768,"N°46, Rés Bassatine Bouskoura, GH6a-25 imm 2, Bouskoura",Bouskoura,09H A 21H,33.456443,-7.650666,ville,centre_ville
6895,Pharmacie Maria,pharmacie,522334661,Bouskoura centre,Bouskoura,,33.4958297,-7.7679193,exacte,nominatim
9129,Pharmacie Parc Ib,pharmacie,522592359,Parc Industriel Cfcim lot. n° 95 n°1 Bouskoura - Maroc,Bouskoura,,33.4420941,-7.650858,exacte,nominatim_nom
9165,Pharmacie Pharmaparc,pharmacie,522320959,Park Industriel de Ouled Saleh Bouskoura - Maroc,Bouskoura,,33.4208701,-7.6457515,exacte,nominatim_nom
9464,Pharmacie Principale,pharmacie,520120752,"Diar Andalous 3, GH9, Immeuble 6, Magasin 20, Bouskoura",Bouskoura,09H A 21H,33.5876567,-7.6174173,exacte,osm
7378,Pharmacie Rachidi,pharmacie,522320630,6 lotiss. Dalia centre Bouskoura,Bouskoura,,33.4462959,-7.6481367,exacte,nominatim_nom
7467,Pharmacie Rmal Lahlal,pharmacie,522590010,Route 1077 Douar Rmal Lahlal BOUSKOURA,Bouskoura,,33.456443,-7.650666,ville,centre_ville
9467,Pharmacie Ryad,pharmacie,707724288,"4, immeuble 9, Rés. Jazirat bouskoura. Bouskoura Grand, Casablanca",Bouskoura,09H A 21H,33.4576144,-7.6652104,exacte,osm
9448,Pharmacie Sidi Massôud,pharmacie,522973981,,Bouskoura,garde 24h/24,33.456443,-7.650666,ville,nominatim
8546,Pharmacie Tlet Bouskoura,pharmacie,522334405,r.s 109 centre Bouskoura P.k 17 400,Bouskoura,09H A 21H,33.4509888,-7.6488376,exacte,nominatim_nom
9454,Pharmacie Zemmama,pharmacie,690125806,,Bouskoura,garde 24h/24,33.456443,-7.650666,ville,nominatim
9466,Pharmacie de Gluta,pharmacie,676962998,,Bouskoura,09H A 21H,33.456443,-7.650666,ville,nominatim
9445,Pharmacie la plaza,pharmacie,666747462,"28 lot arbora la plaza de bouskoura Viller verte Bouskoura, Casablanca 27182",Bouskoura,09H A 21H,33.4960958,-7.6101855,rue,nominatim_voie
9446,Pharmacie les Joyaux de Bouskoura,pharmacie,520616171,"Résidence les joyaux de Bouskoura Imm C magasin, Bouskoura",Bouskoura,09H A 21H,33.4613152,-7.6516631,quartier,nominatim_voie
8916,Annucci Maroc,autre_point_de_vente,522208380,12 rue Boulmane -ex Duquesne Quartier bourgogne Casablanca - Maroc,Casablanca,,33.5945144,-7.6200284,ville,centre_ville
8933,Citymall,autre_point_de_vente,522242489,bd Emile Zola résid. Palace Emile Zola Belvedere Casablanca - Maroc,Casablanca,,33.5576503,-7.6449408,exacte,osm
8813,Comanet,autre_point_de_vente,676460131,22 rue Ibn Habib Maarif Casablanca - Maroc,Casablanca,,33.5576503,-7.6449408,exacte,osm
8816,Coté Zen,autre_point_de_vente,522527457,hay Moulay Abdallah rue 20 n°62 Hay moulay abdellah Casablanca - Maroc,Casablanca,,33.5945144,-7.6200284,ville,centre_ville
8829,D Pm Pharma,autre_point_de_vente,522780930,71 X lotiss. El Fath 2 Casablanca - Maroc,Casablanca,,33.5945144,-7.6200284,ville,centre_ville
8887,Deva Pharmaceutique,autre_point_de_vente,522331432,445 A bd Abdelmoumen résid. Riad 1°ét. n°5 Hay hermitage Casablanca - Maroc,Casablanca,,33.5638831,-7.6273514,rue,nominatim_voie
8869,Distrisis,autre_point_de_vente,522542361,19 avenue Haj Amar Riffi 1°ét. Casablanca - Maroc,Casablanca,,33.5945144,-7.6200284,ville,centre_ville
8874,Etape Beauté,autre_point_de_vente,546217950,99 X bd d' Alsace (Mers Sultan) Casablanca - Maroc,Casablanca,,33.5945144,-7.6200284,ville,centre_ville
8852,Exovert Vital,autre_point_de_vente,522938999,453 lotiss. Haj Fateh mag. n°4 Casablanca - Maroc,Casablanca,,33.5945144,-7.6200284,ville,centre_ville
8850,Feetoibelle,autre_point_de_vente,522251620,43 rue Ahmed Kadmiri -ex Albert Samain mag n°5 Quartier val fleuri Casablanca - Maroc,Casablanca,,33.5945144,-7.6200284,ville,centre_ville
8859,Fite Para,autre_point_de_vente,522473384,17 rue Abbas Mahmoud El Akkad -ex Favre Résid. Alcazar Oasis Oasis Casablanca - Maroc,Casablanca,,33.5945144,-7.6200284,ville,centre_ville
8896,Fya Medic,autre_point_de_vente,522259354,45 rue Georges Sand imm. E Val fleuri Casablanca - Maroc,Casablanca,,33.57688,-7.636301,rue,nominatim_voie
8925,Genie Para,autre_point_de_vente,522215010,lotiss. Mandarona rue 17 n°92 Casablanca - Maroc,Casablanca,,33.5945144,-7.6200284,ville,centre_ville
8901,Ghandi Med,autre_point_de_vente,522994300,rue Abdessalam Amer ex José Maria de Hérédia villa Selsabile France ville Casablanca - Maroc,Casablanca,,33.5945144,-7.6200284,ville,centre_ville
8893,Ghandi Para,autre_point_de_vente,522951137,108 bd Ghandi résid. Ghandi Maarif Casablanca - Maroc,Casablanca,,33.5640045,-7.6346624,rue,nominatim_voie
8871,Global Ops,autre_point_de_vente,808550218,avenue Mehdi Ben Berka -ex Cimetière - Casablanca angle rue Abdellah Haddaoui Quartier bourgogne Casablanca - Maroc,Casablanca,,33.5945144,-7.6200284,ville,centre_ville
8928,Hemodia,autre_point_de_vente,522219504,lotiss. Mandarona rue 14 n°203 Casablanca - Maroc,Casablanca,,33.5576503,-7.6449408,exacte,osm
8907,Innovation Santé,autre_point_de_vente,540104402,332 avenue Oued Daoura Haj Fateh Casablanca - Maroc,Casablanca,,33.5945144,-7.6200284,ville,centre_ville
8927,Iphabiotics,autre_point_de_vente,522253607,6 rue Ibn Khalikane Palmier Casablanca - Maroc,Casablanca,,33.5945144,-7.6200284,ville,centre_ville
8851,Jannate Care,autre_point_de_vente,666148380,2 rue Essanaoubar -ex Saint Dié - Casablanca 4°ét. appt. 12 c/o Fidutraco Consulting Quartier mers sultan 1 Casablanca - Maroc,Casablanca,,33.5945144,-7.6200284,ville,centre_ville
8879,Jina Care,autre_point_de_vente,522555554,hay Jamila V (cité Djemaa) rue 135 n°11 Sbata Casablanca - Maroc,Casablanca,,33.5945144,-7.6200284,ville,centre_ville
8821,Kalilia,autre_point_de_vente,602807083,51 lotiss. Zhira Casablanca - Maroc,Casablanca,,33.5945144,-7.6200284,ville,centre_ville
8897,Laboratoire Tradiphar Maroc( Tradiphar Lab ),laboratoire,522507177,cité Aïn Chok lotiss. Siham rue 6 n°24 Californie Ain chok Casablanca - Maroc,Casablanca,,33.5945144,-7.6200284,ville,centre_ville
8888,Laboratoires Technipharm,laboratoire,522599876,1075 bd Mohammed VI Resid. Fath Zhar Mag N°84 Casablanca - Maroc,Casablanca,,33.5395646,-7.5781559,rue,nominatim_voie
8843,Mabrouka Négoce Et Distribution,autre_point_de_vente,522550691,lotiss. Ennour lot 85 2A mag.3 Hay sidi othmane Casablanca - Maroc,Casablanca,,33.5945144,-7.6200284,ville,centre_ville
8868,Mahasbeautyshop,autre_point_de_vente,612925027,39 rue Omar Slaoui 3°ét. n°7 Casablanca - Maroc,Casablanca,,33.5945144,-7.6200284,ville,centre_ville
8908,Maryland,autre_point_de_vente,522540701,141 avenue Lalla Yacout Derb omar Casablanca - Maroc,Casablanca,,33.5576503,-7.6449408,exacte,osm
8814,Mediclair,autre_point_de_vente,522259846,1 rue Imam El Boukhari ang. Ibrahim Anakhai Maarif Casablanca - Maroc,Casablanca,,33.5945144,-7.6200284,ville,centre_ville
8822,Medisto Maroc,autre_point_de_vente,600474255,hay El Qods lotiss. El Bahia n°38 Sidi bernoussi Casablanca - Maroc,Casablanca,,33.5945144,-7.6200284,ville,centre_ville
8848,Nutrisvelt Maroc,autre_point_de_vente,522915245,193 bd Oued Oum Errabia 3°ét. n°9 Casablanca - Maroc,Casablanca,,33.5945144,-7.6200284,ville,centre_ville
8894,Para Ain Sebaa,autre_point_de_vente,522351212,3 Bis bd Chefchaouni Beaussite Casablanca - Maroc,Casablanca,,33.602561,-7.5822602,exacte,nominatim_nom
5592,Pharmacie 2M,pharmacie,522343155,"128, allée des Orangers Casablanca",Casablanca,,33.5836799,-7.6598925,rue,nominatim
2978,Pharmacie Abdelmoumen,pharmacie,522255897,116 bd Abdelmoumen Derb Ghalef Casablanca,Casablanca,,33.5764002,-7.6259212,exacte,osm
4989,Pharmacie Abdessalam,pharmacie,522212736,"Hay Chrifa, rue 3 n°30 bis Casablanca",Casablanca,,33.5349779,-7.609844,quartier,nominatim_quartier
7712,Pharmacie Abdou,pharmacie,522385714,Pharmacie Abdou CASABLANCA,Casablanca,,33.5825023,-7.6259098,exacte,nominatim
643,Pharmacie Achcharaf,pharmacie,522216409,bd El Qods Coopérative Acharaf n°DM2 Inara Casablanca,Casablanca,,33.5945144,-7.6200284,ville,centre_ville
4302,Pharmacie Achir,pharmacie,522528253,lot. Mandarona rue 14 n°101 Aïn Chok Aïn Chok Casablanca,Casablanca,,33.7020048,-7.3982737,exacte,osm
2351,Pharmacie Achraf,pharmacie,522989763,bd Anoual -ex Felix Faure résid. Annajd imm.20 Derb Ghalef Casablanca,Casablanca,,33.5945144,-7.6200284,ville,centre_ville
1030,Pharmacie Acima Inara,pharmacie,522874912,avenue du Deux Mars c.com Acima Inara mag. B6 Aïn Chok Casablanca,Casablanca,,33.5945144,-7.6200284,ville,centre_ville
3821,Pharmacie Adam,pharmacie,522340312,"lotiss. Basbassa (Ain Sebaâ), rue 3 n°72 Ain Sebâa Casablanca",Casablanca,,33.5945144,-7.6200284,ville,centre_ville
5212,Pharmacie Addiar,pharmacie,522507519,"Hay Inara I, rue Addiar Al Jadida n°16 Casablanca",Casablanca,,33.5945144,-7.6200284,ville,centre_ville
465,Pharmacie Addoha,pharmacie,522259669,avenue Stendahl Val Fleuri Casablanca,Casablanca,,33.5700253,-7.6363369,exacte,osm
3769,Pharmacie Ahl Albadr,pharmacie,522341339,"83, lotiss. Al Badr, GH 09, n° 8 Casablanca",Casablanca,,33.5945144,-7.6200284,ville,centre_ville
716,Pharmacie Ahmida,pharmacie,522335587,rte 1100 cplxe com. Sidi Maarouf Oulad Haddou Sidi Maarouf Casablanca,Casablanca,,33.5576503,-7.6449408,exacte,osm
4593,Pharmacie Ait Lbacha,pharmacie,522321210,"rte 109 , Km 10 Ouled Hadou, Sidi Maarouf Casablanca",Casablanca,,33.5945144,-7.6200284,ville,centre_ville
1807,Pharmacie Al Basmala,pharmacie,522356651,bd Chefchaouni résid. Atlantique Aïn Sebaâ Casablanca,Casablanca,,33.6206106,-7.5125291,rue,nominatim_voie
2106,Pharmacie Al Ichraf,pharmacie,522584771,9 lotiss. Al Ichraf Sidi Maarouf Casablanca,Casablanca,,33.5945144,-7.6200284,ville,centre_ville
4519,Pharmacie Al Madina,pharmacie,522352774,27 lotiss. Al Badr G3B n°4 Aïn Sébaâ El Gantour Casablanca,Casablanca,,33.6643582,-7.4403059,exacte,nominatim_nom
5072,Pharmacie AlAndaloussia,pharmacie,522980693,"126, rue Dom Pérignon Casablanca",Casablanca,,33.5663743,-7.6316677,rue,nominatim
2640,Pharmacie AlAntaria,pharmacie,520308541,hay Antaria III rue 8 n°46 Hay Mohammadi Casablanca,Casablanca,,33.5945144,-7.6200284,ville,centre_ville
4895,Pharmacie AlHadika,pharmacie,522666551,résid. Alhadika (rte de Rabat) imm.2 n° B28 El Gantour Casablanca,Casablanca,,33.6036903,-7.533334,exacte,osm
7285,Pharmacie AlImam Ali,pharmacie,522343628,Pharmacie AlImam Ali CASABLANCA,Casablanca,,33.5945144,-7.6200284,ville,centre_ville
5629,Pharmacie AlImam Malek,pharmacie,522213313,derb Lakrimate I rue 28 n°64 Aïn Chok Casablanca,Casablanca,,33.5945144,-7.6200284,ville,centre_ville
5787,Pharmacie AlKindi,pharmacie,522507257,"48, qu. les Crêtes, rue 1 lotiss. Hafdia Casablanca",Casablanca,,33.5945144,-7.6200284,ville,centre_ville
6519,Pharmacie AlMaârouf,pharmacie,522650837,Pharmacie AlMaârouf CASABLANCA,Casablanca,,33.5945144,-7.6200284,ville,centre_ville
3276,Pharmacie AlMiza,pharmacie,522931929,quartier Lissasfa I (route d'El Jadida) lotiss. Alkhalil imm. A3 Casablanca,Casablanca,,33.5945144,-7.6200284,ville,centre_ville
4975,Pharmacie AlMotahida,pharmacie,522895606,"hay El Oulfa, lot. Sidi Abderrhman rue 36 n°31 Casablanca",Casablanca,,33.5575629,-7.6807771,rue,nominatim_voie
1884,Pharmacie AlMouwaten,pharmacie,522909734,192 hay Nassim (Lissasfa) Oulfa Casablanca,Casablanca,,33.5205104,-7.6657826,quartier,nominatim_quartier
4061,Pharmacie AlOukhoua,pharmacie,522321240,"88 lotiss. Rakia Ct rte 1100 lot ""G"" Sidi Maarouf Casablanca",Casablanca,,33.5945144,-7.6200284,ville,centre_ville
5120,Pharmacie AlQods,pharmacie,522630540,"158, bd de la Grande Ceinture (h.Mohammadi) Casablanca",Casablanca,,33.6019879,-7.5445623,rue,nominatim_voie
4662,Pharmacie Alabe,pharmacie,522974065,"48, lotiss. Salama , rte de Makro Sidi Maârouf Casablanca",Casablanca,,33.5945144,-7.6200284,ville,centre_ville
4628,Pharmacie Ali,pharmacie,522973928,"rte 1029 , Km 4,6 Ouled Haddou Sidi Maârouf Casablanca",Casablanca,,33.6094444,-7.5333588,exacte,nominatim_nom
4269,Pharmacie Aloum,pharmacie,522252929,bd Anoual -ex Felix Faure Casablanca,Casablanca,,33.569402,-7.6285002,exacte,osm
1615,Pharmacie Amine,pharmacie,522972585,65 lotiss. Amine rte de Bouskoura Sidi Maârouf Sidi Maarouf Casablanca,Casablanca,,33.5335698,-7.6857653,exacte,nominatim_nom
4155,Pharmacie Annasr,pharmacie,522932813,"hay El Oulfa, Assalam II, Imm 3, Gh4 Casablanca",Casablanca,,33.546723,-7.6759699,exacte,osm
3485,Pharmacie Arraefa,pharmacie,522352740,66 X allée des Casuarinas Casablanca,Casablanca,,33.5945144,-7.6200284,ville,centre_ville
5686,Pharmacie Arrimal Addahabia,pharmacie,522340074,41 allée des Mûriers (Aïn Sebâa) El Gantour Casablanca,Casablanca,,33.54397,-7.5696833,exacte,osm
5007,Pharmacie Askia,pharmacie,522259320,"4, cité Plateau, résid. Andaloussia E 74 Casablanca",Casablanca,,33.5691699,-7.6369972,quartier,nominatim_voie
802,Pharmacie Assia,pharmacie,522854271,hay Amal II (Ben M'Sik) rue 42 n°76 Hay El Farah Casablanca,Casablanca,,33.5704256,-7.5916801,exacte,osm
5542,Pharmacie Assim,pharmacie,522358626,quartier Beausite 57 lot. Essalam Aïn Sebaâ Casablanca,Casablanca,,33.5749092,-7.6026912,exacte,osm
4299,Pharmacie Athina,pharmacie,522737473,"cité Chabab, grp. C 2 n°7 Ain Sebaa Casablanca",Casablanca,garde 24h/24,33.5945144,-7.6200284,ville,centre_ville
4502,Pharmacie Attakwa,pharmacie,522561935,"derb Friha (cité Djemaa), rue n°20 Casablanca",Casablanca,,33.5482218,-7.5732667,quartier,nominatim_quartier
7430,Pharmacie Attawfiq,pharmacie,527294084,Pharmacie Attawfiq CASABLANCA,Casablanca,,33.5945144,-7.6200284,ville,centre_ville
5794,Pharmacie Attenmia,pharmacie,522584777,résid. Soufiane imm. B2 Sidi Maârouf Sidi Maarouf Casablanca,Casablanca,,33.5576503,-7.6449408,exacte,osm
4884,Pharmacie Attissir,pharmacie,522259363,"lot. Famille Française rue 93 n°57 Derb Ghalef Casablanca (en face joutia derb ghalef, prolongement bd bir anzarane vers bd abdelmoumen)",Casablanca,,33.5726269,-7.6290178,exacte,osm
1018,Pharmacie Avenue Naciri,pharmacie,522692042,253 bd Mohamed Taieb Naciri Oulfa Casablanca,Casablanca,,33.5506506,-7.6704325,exacte,nominatim_nom
4055,Pharmacie Aymane,pharmacie,522996921,"3 Bis, rue Henri Murget, résid. Talbi III Casablanca",Casablanca,,33.5745137,-7.6368484,exacte,osm
192,Pharmacie Azrour,pharmacie,522811636,792 bd El Fida Prolongé Hay El Farah Casablanca,Casablanca,,33.5638203,-7.5922944,quartier,nominatim_quartier
1179,Pharmacie Bab Lahraouine,pharmacie,522372192,"1003, avenue du cdt driss lharti - ex a, lot. n°7, hay ssalam3 Casablanca",Casablanca,,33.5945144,-7.6200284,ville,centre_ville
301,Pharmacie Bab Lamsalla,pharmacie,522872999,hay Moulay Abdallah (Ain Chok) rue 15 n°7 Aïn Chok Casablanca,Casablanca,,33.5945144,-7.6200284,ville,centre_ville
3564,Pharmacie Bargach,pharmacie,522740621,hay Tarik rue 6 n°21 Casablanca,Casablanca,,33.5945144,-7.6200284,ville,centre_ville
315,Pharmacie Bd Al Qods,pharmacie,522523939,bd El Qods lotiss. Logemo imm. 54 n°2 Inara I Aïn Chok Casablanca,Casablanca,,33.5945144,-7.6200284,ville,centre_ville
1894,Pharmacie Bella Medina,pharmacie,522525808,98 bd Tétouan Californie (près de casa Neour shore) Casablanca,Casablanca,,33.5360066,-7.6361629,rue,nominatim_voie
7304,Pharmacie Ben Omar,pharmacie,522709559,Pharmacie Ben Omar CASABLANCA,Casablanca,,33.2337008,-8.5267311,exacte,nominatim
5113,Pharmacie Benali,pharmacie,522754050,"hay Mansour extension rue 2 bloc 70, n°152 Casablanca",Casablanca,,33.5945144,-7.6200284,ville,centre_ville
5478,Pharmacie Benghazi,pharmacie,522522762,"quartier Californie, lotiss. Tanay rue 8 n°2 Casablanca",Casablanca,,33.5411922,-7.626038,quartier,nominatim_quartier
5520,Pharmacie Bensaid,pharmacie,522741463,hay Amal III (Sidi Bernoussi) rue 13 n°34 Casablanca,Casablanca,,33.6116239,-7.5018597,exacte,nominatim_nom
4235,Pharmacie Bilal,pharmacie,522806497,hay El Farah rue 61 n°160 bis Hay El Farah Casablanca,Casablanca,,33.5945144,-7.6200284,ville,centre_ville
7389,Pharmacie Bio Bio Products,pharmacie,522353636,Bio Bio Products CASABLANCA,Casablanca,,33.5945144,-7.6200284,ville,centre_ville
5633,Pharmacie Borj ElBernoussi,pharmacie,522740685,612 avenue Souhaib Erroumi exH (s.Bernoussi Mansour III Sidi Bernoussi Casablanca,Casablanca,,33.5945144,-7.6200284,ville,centre_ville
1152,Pharmacie Bouzoubaâ,pharmacie,522984414,285 bd Ghandi Al Batha Casablanca,Casablanca,,33.5945144,-7.6200284,ville,centre_ville
2050,Pharmacie Californie,pharmacie,522521999,435 boulevard Panoramique Aïn Chok Casablanca,Casablanca,,33.5499945,-7.6209672,exacte,osm
651,Pharmacie Camya,pharmacie,522580842,Lotiss. Lina lot 316 rue 13 n°1 Sidi Maarouf Casablanca,Casablanca,,33.5576503,-7.6449408,exacte,osm
617,Pharmacie Chabab,pharmacie,522755916,hay Chabab n°38 imm. 4A Aïn Sébaa Aïn Sebaâ CASABLANCA,Casablanca,,33.5471902,-7.6818352,exacte,nominatim_nom
5799,Pharmacie Charles Nicolle,pharmacie,522475644,"19, place Louis Pasteur -ex Charles Nicolle quartier des hôpitaux Casablanca",Casablanca,,33.5740142,-7.6248749,exacte,osm
7680,Pharmacie Chefchaouni,pharmacie,522357879,Pharmacie Chefchaouni CASABLANCA,Casablanca,,33.6139704,-7.5241126,exacte,osm
4872,Pharmacie Chrifa,pharmacie,522523516,Hay Chrifa rue 15 n°2 Casablanca,Casablanca,,33.5945144,-7.6200284,ville,centre_ville
4391,Pharmacie Cité Addaman,pharmacie,522213499,avenue de Dakhla -ex H (Inara) résid. addaman GH 9B n° 4 Aïn Chok Casablanca,Casablanca,garde 24h/24,33.5359704,-7.5770339,exacte,osm
4420,Pharmacie Cité Plateau,pharmacie,522250571,"24 Bis, avenue Stendhal Casablanca",Casablanca,,33.5769083,-7.6339499,rue,nominatim
4686,Pharmacie Daha,pharmacie,522355290,cité Sidi Bernoussi lotiss. Daha rue 7 n°48 bis Casablanca,Casablanca,,33.54397,-7.5696833,exacte,osm
4970,Pharmacie Dakhla,pharmacie,522501082,"91, bd Dakhla -ex H, Inara I Casablanca",Casablanca,,33.5483839,-7.568998,exacte,nominatim_nom
415,Pharmacie Danton,pharmacie,522250978,"47, bd bir anzarane Casablanca",Casablanca,,33.5803173,-7.6375599,exacte,osm
4735,Pharmacie Daoussi,pharmacie,522583094,38 lotiss. Al Othmania rte 1100 Sidi Maârouf Sidi Maarouf Casablanca,Casablanca,,33.5945144,-7.6200284,ville,centre_ville
5277,Pharmacie Dar Assalam,pharmacie,522932231,"hay El Oulfa, opération Assalam n°32 Casablanca",Casablanca,,33.5474138,-7.6729028,exacte,osm
2768,Pharmacie De La Gare Ain Sebaa,pharmacie,522737908,route de Rabat (r.p. 1) Daris Km 9 Aïn Sebaâ Casablanca,Casablanca,,33.6075583,-7.5235748,exacte,osm
1206,Pharmacie Des Dalias,pharmacie,522527560,492 X boulevard Panoramique Aïn Chok Casablanca,Casablanca,,33.5504763,-7.6156577,exacte,osm
451,Pharmacie Diwane,pharmacie,522661480,8 X allée des Lilas (Aïn Sebâa) hay castor Aïn Sebaâ CASABLANCA,Casablanca,,33.5945144,-7.6200284,ville,centre_ville
6833,Pharmacie Dounia Erraha,pharmacie,522915134,Pharmacie Dounia Erraha CASABLANCA,Casablanca,,33.5419122,-7.5725761,exacte,osm
4184,Pharmacie El Boussairi,pharmacie,522758099,cité Sidi Bernoussi bloc 33 n°18 bis Casablanca,Casablanca,,33.5845275,-7.5009986,quartier,nominatim_voie
5219,Pharmacie El Hachemi,pharmacie,522996439,"bd Anoual -ex Felix Faure, résid. Andaloussia imm.34 n°1 Casablanca",Casablanca,,33.5945144,-7.6200284,ville,centre_ville
1802,Pharmacie El Hilal,pharmacie,522984987,19 rue François Ponsard Val Fleuri Casablanca,Casablanca,,33.5945144,-7.6200284,ville,centre_ville
3739,Pharmacie El Karti,pharmacie,522583811,lotiss. Al Moustakbal Gh 27 imm. 238 A n°1 Sidi Maârouf Casablanca,Casablanca,,33.5945144,-7.6200284,ville,centre_ville
2313,Pharmacie El Mokhtar,pharmacie,522664949,19 bd de la Grande Ceinture (A.Sebaa) Aïn Sebaâ Casablanca,Casablanca,,33.6019879,-7.5445623,rue,nominatim_voie
4216,Pharmacie ElBachir,pharmacie,522344127,62 X bd Haj Ahmed Mekouar -ex C.Caillat El Gantour Casablanca,Casablanca,,33.5945144,-7.6200284,ville,centre_ville
4549,Pharmacie ElFaiz,pharmacie,522355939,avenue Khalid Bnou Loualid lotiss. Halioua mag.n°5 Casablanca,Casablanca,,33.5945144,-7.6200284,ville,centre_ville
5221,Pharmacie ElHaddaoui,pharmacie,522335774,"104, lotiss. Dandoune , Ouled Haddou Sidi Maârouf Casablanca",Casablanca,,33.5945144,-7.6200284,ville,centre_ville
4118,Pharmacie ElMaaroufi,pharmacie,522356596,"lot Espérance II (Ain Sebaâ), rue 1 n°3 Casablanca",Casablanca,,33.5904865,-7.6047841,rue,nominatim_voie
5281,Pharmacie ElManal,pharmacie,522932829,"320, bd Oued Oum Errabia Casablanca",Casablanca,,33.5945144,-7.6200284,ville,centre_ville
5209,Pharmacie ElOuazzani,pharmacie,522975308,"75, lotiss. Al Moustakbal, Sidi Maârouf Casablanca",Casablanca,,33.5278079,-7.6514438,exacte,osm
9550,Pharmacie Eloulfa,pharmacie,522913292,"54, AVENUE OUED TENSIFT - EL OULFA",Casablanca,,33.555504,-7.6768617,exacte,osm
2390,Pharmacie Ennour,pharmacie,522731525,219 bd Abou Dar Ghafari-ex E Bernousi lot. Tarik Sidi Bernoussi Casablanca,Casablanca,,33.5945144,-7.6200284,ville,centre_ville
1074,Pharmacie Errayane,pharmacie,522973214,1 lotiss. Ennour Sidi Maârouf Sidi Maarouf Casablanca,Casablanca,garde 24h/24,33.5945144,-7.6200284,ville,centre_ville
3759,Pharmacie Espoir Santé,pharmacie,522673600,28 X avenue de Tizi Ousli Aïn Sebaâ Casablanca,Casablanca,garde 24h/24,33.5945144,-7.6200284,ville,centre_ville
2121,Pharmacie Faculté Ain Chock,pharmacie,522524576,avenue du Deux Mars hay Hind rue 2 n°27 Aïn Chok Casablanca,Casablanca,,33.5945144,-7.6200284,ville,centre_ville
8265,Pharmacie Fadle Allah,pharmacie,522672534,Pharmacie Fadle Allah CASABLANCA,Casablanca,,33.5945144,-7.6200284,ville,centre_ville
2103,Pharmacie Fathallah,pharmacie,522341979,Pharmacie Fathallah CASABLANCA,Casablanca,,33.5945144,-7.6200284,ville,centre_ville
2329,Pharmacie Fatihat Elkheir,pharmacie,522733256,411 avenue Souhaib Erroumi exH (s.Bernoussi lot.El Mansour Sidi Bernoussi Casablanca,Casablanca,,33.5945144,-7.6200284,ville,centre_ville
4642,Pharmacie Fatma,pharmacie,522931029,"hay El Oulfa, rue 191 n°48. bd Oued Sebou Casablanca",Casablanca,,33.5539146,-7.6745104,exacte,osm
3836,Pharmacie Feddan Elkheir,pharmacie,522735260,K130 route de Rabat (r.p. 1) n°1 km 13 GH. Feddan Elkheir Sidi Bernoussi Casablanca,Casablanca,,33.6209482,-7.4895899,exacte,osm
5230,Pharmacie Fleming,pharmacie,522522989,275 route de la Mecque (Californie) Casablanca,Casablanca,,33.5326531,-7.62962,exacte,osm
5263,Pharmacie Fourkane,pharmacie,522352928,lot El Oulja II (Ain Sebaa) bd C n°209 Aïn Sebaâ Casablanca,Casablanca,garde 24h/24,33.6163152,-7.5292654,exacte,osm
9667,Pharmacie Garden California,pharmacie,522787544,lotiss. La Colline résid. California Garden Quartier sidi maarouf Arr. Aïn Chok Sidi Maarouf Casablanca,Casablanca,09H A 21H,33.5945144,-7.6200284,ville,centre_ville
5106,Pharmacie Gare Routière Ouled Ziane,pharmacie,522820755,route Oulad Ziane Gare routière Ouled Ziane Hay El Farah Casablanca,Casablanca,09H A 00H,33.5638203,-7.5922944,quartier,nominatim_quartier
1938,Pharmacie Ghallef,pharmacie,522252851,"121, rue Jabir Ansari - ex Corot Casablanca",Casablanca,,33.5773527,-7.6308055,exacte,osm
3338,Pharmacie Ghofrane,pharmacie,522732631,hay El Qods (Sidi Bernoussi) bloc c rue 2 n°116 Sidi Bernoussi Casablanca,Casablanca,,33.5945144,-7.6200284,ville,centre_ville
4680,Pharmacie Ghouziel,pharmacie,522674667,"253, allée des Mimosas (Aïn Sebâa) Casablanca",Casablanca,,33.6109571,-7.5297225,exacte,osm
2163,Pharmacie Grande Pharmacie Sidi Bernoussi,pharmacie,522731637,bd Mohamed B. Ahmed El Abdi -ex B. cité Bernoussi Sidi Bernoussi Casablanca,Casablanca,,33.5945144,-7.6200284,ville,centre_ville
9866,Pharmacie Géranium,pharmacie,526171706,"Park Condomnium, résidence The Anfa, Bd des Clubs, Casablanca",Casablanca,,33.5621259,-7.6534792,exacte,osm
3062,Pharmacie Halabi,pharmacie,522737763,248 bd Elmoutanna Benharita ex D hay Amal 1 Sidi Bernoussi Casablanca,Casablanca,,33.5945144,-7.6200284,ville,centre_ville
3873,Pharmacie Haquimi,pharmacie,522213681,"Hay Inara I, lotiss. Scime, rue 12 n°130 Casablanca",Casablanca,,33.5576503,-7.6449408,exacte,osm
5437,Pharmacie Hay Bouchra,pharmacie,522581949,44 lotiss. Bouchra Sidi Maârouf Casablanca,Casablanca,,33.5945144,-7.6200284,ville,centre_ville
4646,Pharmacie Hay ElHassani,pharmacie,522903522,hay Missimi (hay Hassani) rue 2 n°50 Oulfa Casablanca,Casablanca,,33.5662072,-7.6724415,exacte,osm
3373,Pharmacie Hay ElMatar,pharmacie,522932026,"1, bd Oued Oum Errabia Casablanca",Casablanca,,33.5945144,-7.6200284,ville,centre_ville
5454,Pharmacie Hay ElWiam,pharmacie,522911731,hay El Oulfa bd. H n°252 Casablanca,Casablanca,,33.5545054,-7.700213,quartier,nominatim_quartier
1426,Pharmacie Hayfa,pharmacie,522521922,122 rue Addiar Eljadida rue 25 Casablanca,Casablanca,09H A 00H,33.5945144,-7.6200284,ville,centre_ville
4998,Pharmacie Hind,pharmacie,522914457,"516 Bis, hay Hassani, bloc 11 lot. municipale Casablanca",Casablanca,,33.5641846,-7.6707383,exacte,osm
4320,Pharmacie Hsibou,pharmacie,522672420,"2 Bis, allée des Pritchardias Casablanca",Casablanca,,33.5945144,-7.6200284,ville,centre_ville
3930,Pharmacie Hôpital Cheikh Khalifa,pharmacie,522931773,"hay El Oulfa, Opération Al Firdaous Gh 26, imm. 249 n°1 Casablanca",Casablanca,,33.5829423,-7.6181703,exacte,osm
1473,Pharmacie Ibn Baytar,pharmacie,522733248,bloc Farid (Sidi Bernoussi) av Abess El Ghadaoui n°4 Sidi Bernoussi Casablanca,Casablanca,,33.5945144,-7.6200284,ville,centre_ville
4540,Pharmacie Ibn Taimia,pharmacie,522335225,119 lotiss. AlAdarissa Sidi Maarouf Casablanca,Casablanca,,33.5945144,-7.6200284,ville,centre_ville
827,Pharmacie Ibn Zaidoune,pharmacie,700884447,hay El Oulfa Chhoubat Rte Mly Thami n°343 Oulfa Casablanca,Casablanca,,33.5945144,-7.6200284,ville,centre_ville
3374,Pharmacie Ibtissama,pharmacie,522730798,"hay Mansour III, bloc 67 n°43 Casablanca",Casablanca,,33.5945144,-7.6200284,ville,centre_ville
9378,Pharmacie Idoudre,pharmacie,808631820,292 av des Facultés lotiss. Al Laimoune mag.5 Oulfa Casablanca - Maroc,Casablanca,,33.5945144,-7.6200284,ville,centre_ville
8054,Pharmacie Innovation Sante,pharmacie,522232251,Innovation Sante CASABLANCA,Casablanca,,33.5945144,-7.6200284,ville,centre_ville
4728,Pharmacie Itqane,pharmacie,522508678,lot. Zakaria rue 10 n°50 Casablanca,Casablanca,,33.5945144,-7.6200284,ville,centre_ville
3018,Pharmacie Jamai,pharmacie,522933025,ENSEMBLE IMMOBILIER AL FIRDAOUS GH15 - IMMEUBLE A 80 N° 1 - EL OULFA,Casablanca,,33.5582659,-7.6707464,exacte,nominatim_nom
9568,Pharmacie Jamal,pharmacie,522784742,94 lotiss. Abdelhafid mag. 5 Hay sidi maarouf 1 Casablanca - Maroc,Casablanca,,33.5576503,-7.6449408,exacte,osm
5742,Pharmacie Jamea AlAdarissa,pharmacie,522580932,"lotiss. Loubna , mag. n°B1 Sidi Maarouf Casablanca",Casablanca,,33.5870031,-7.63157,exacte,osm
5422,Pharmacie Jnane Californie,pharmacie,522871112,"quartier Californie, piste Tadart n°10 résid. Jnane Californie Casablanca",Casablanca,09H A 00H,33.5411922,-7.626038,quartier,nominatim_quartier
5518,Pharmacie Kabli,pharmacie,522973293,126 lotiss. Faraj Sidi Maârouf Sidi Maarouf Casablanca,Casablanca,,33.5945144,-7.6200284,ville,centre_ville
3953,Pharmacie Kounouz,pharmacie,522674703,bd Chefchaouni km. 9 5 n°42 / G i Casablanca,Casablanca,,33.6118206,-7.530579,rue,nominatim_voie
3990,Pharmacie Laimoune,pharmacie,522909494,466 lotiss. Laimoune c. com. Laimoun Lissasfa Casablanca,Casablanca,,33.5945144,-7.6200284,ville,centre_ville
5469,Pharmacie Lausanne,pharmacie,522905366,207 lotiss. Laimoune Oulfa Casablanca,Casablanca,,33.5945144,-7.6200284,ville,centre_ville
10199,Pharmacie Lavande,pharmacie,520064911,N5. Près de Masquée Izdihar. Boulevard al Bina 20250 Casablanca,Casablanca,,33.5752143,-7.6442053,rue,nominatim_voie
4148,Pharmacie Laya,pharmacie,522254439,"9, rue El Abtal Casablanca",Casablanca,,33.5507344,-7.6793455,exacte,osm
782,Pharmacie Laâfou,pharmacie,522813583,derb Laafou rue 34 n°43/45 Derb El Kabir Casablanca,Casablanca,,33.5753387,-7.5931285,exacte,osm
2542,Pharmacie Lekbira,pharmacie,522343740,13 allée des Mimosas (Aïn Sebâa) Aïn Sebaâ Casablanca,Casablanca,,33.6070409,-7.5285335,rue,nominatim
6816,Pharmacie Louz,pharmacie,522210827,Pharmacie Louz CASABLANCA,Casablanca,,33.5945144,-7.6200284,ville,centre_ville
5225,Pharmacie Lumières,pharmacie,522524029,550 bd El Qods (Inara) Aïn Chok Casablanca,Casablanca,,33.538698,-7.6008727,exacte,osm
2447,Pharmacie Maghreb Arabe,pharmacie,522731548,bloc 8 n°19 Sidi Bernoussi (Terminus bus 33 - Derb maaguiz) Casablanca,Casablanca,,33.6123063,-7.5072241,exacte,osm
4398,Pharmacie Majorelle,pharmacie,522508142,quartier Oulad Taleb Cooperative Sofaca n°14 Casablanca,Casablanca,,33.5945144,-7.6200284,ville,centre_ville
5192,Pharmacie Mandarona,pharmacie,522335699,rte de Bouskoura (c.t.1029) résid. Ennakhil Sidi Maarouf Casablanca,Casablanca,,33.5314513,-7.6483177,exacte,osm
2901,Pharmacie Massira Hassania,pharmacie,522895777,lotiss. Al Massira Al Hassania lot 55 rue 6 Oulfa Casablanca,Casablanca,,33.5945144,-7.6200284,ville,centre_ville
4959,Pharmacie Mazola,pharmacie,522933689,"hay Saada - ex Mazola (q. Aviation), n°51 rue 4 Casablanca",Casablanca,,33.5576503,-7.6449408,exacte,osm
3412,Pharmacie Mechmach,pharmacie,522973912,18 lotiss. Anna Ouled Haddou Sidi Maârouf Casablanca,Casablanca,,33.5576503,-7.6449408,exacte,osm
1853,Pharmacie Mehdi,pharmacie,522258289,2 rue Georges Sand Val Fleuri Casablanca,Casablanca,,33.5576503,-7.6449408,exacte,osm
5372,Pharmacie Mesk Ellil,pharmacie,522871572,lotiss. Mouna rue 4 n°44 Aïn chok Aïn Chok Casablanca,Casablanca,,33.5945144,-7.6200284,ville,centre_ville
4087,Pharmacie Missimi,pharmacie,522900529,hay Missimi (hay Hassani) rue12 ang. rue 24 n°1 Casablanca,Casablanca,,33.5576503,-7.6449408,exacte,osm
304,Pharmacie Moncef,pharmacie,522353480,76 bd Chefchaouni Aïn Sebaâ Casablanca,Casablanca,,33.6085175,-7.536803,exacte,osm
5489,Pharmacie Morjana,pharmacie,522321931,"15, lotiss. Communal , Sidi Maârouf Casablanca",Casablanca,,33.5576503,-7.6449408,exacte,osm
3465,Pharmacie Morsad,pharmacie,522321929,"93, lotiss. Bouchra , rte 1100 Sidi Maârouf Ouled Haddou Casablanca",Casablanca,,33.5156391,-7.6383841,exacte,osm
4064,Pharmacie Moubaraka,pharmacie,522767641,cité Sidi Bernoussi 6 bloc 1 hay Moubaraka Sidi Bernoussi Casablanca,Casablanca,garde 24h/24,33.6154659,-7.5031149,exacte,osm
4242,Pharmacie Moukrim,pharmacie,522213975,"lotiss. Mandarona, rue 30 n°60, Hay Inara I (Aïn Chok) Casablanca",Casablanca,,33.5576503,-7.6449408,exacte,osm
5276,Pharmacie Moulay Slimane,pharmacie,522343402,118 bd Moulay Slimane Aïn Sebaâ Casablanca,Casablanca,09H A 00H,33.6177743,-7.5463294,exacte,osm
2520,Pharmacie Nadir,pharmacie,522250943,3 bd Al Abtal Q. Guynmer hay Arraha Casablanca,Casablanca,,33.5534202,-7.6452908,exacte,osm
1258,Pharmacie Najd,pharmacie,522256064,1 X rue Ibn Chahid - ex Rigaud Palmiers Casablanca,Casablanca,,33.5700455,-7.6346257,exacte,osm
2144,Pharmacie Nasri,pharmacie,522932874,hay Hassani bloc 2 n°75 bis cité Commune Urbaine Oulfa Casablanca,Casablanca,,33.5619808,-7.6723757,exacte,osm
4255,Pharmacie Nigelle,pharmacie,522871770,"quartier Oulad Taleb, rue 18 n°36 Casablanca",Casablanca,,33.5945144,-7.6200284,ville,centre_ville
1609,Pharmacie Noufissa,pharmacie,522581497,2 c.com. Soufiane Sidi Maârouf Casablanca,Casablanca,,33.5945144,-7.6200284,ville,centre_ville
2263,Pharmacie Nour Al Mostakbal,pharmacie,522335191,lotiss. Al Moustakbal GH49 imm.3A 445 n°3 Sidi Maarouf Casablanca,Casablanca,,33.5945144,-7.6200284,ville,centre_ville
5576,Pharmacie Omariya,pharmacie,522523629,lot. Omariya Mosquée Omariya rue 49 Aïn Chok Casablanca,Casablanca,,33.5576503,-7.6449408,exacte,osm
4921,Pharmacie Orjouane,pharmacie,522362220,"122, rue El Ourjouane Casablanca",Casablanca,,33.5945144,-7.6200284,ville,centre_ville
4221,Pharmacie Oued Beht,pharmacie,522905103,"2, avenue Oued Beht - ex B, grp. B Casablanca",Casablanca,,33.5945144,-7.6200284,ville,centre_ville
4477,Pharmacie Ouled Haddou,pharmacie,522335100,"hay ElNajah , bloc""B"" n°77 Sidi Maârouf Casablanca",Casablanca,,33.5945144,-7.6200284,ville,centre_ville
3642,Pharmacie Oum El Kheir,pharmacie,522975293,"147, lotiss. Communal , n°2 Sidi Maârouf Casablanca",Casablanca,,33.5216085,-7.6432172,exacte,osm
4581,Pharmacie Oum Errabii,pharmacie,522908872,49 bd Oued Oum Rabie Casablanca,Casablanca,,33.5945144,-7.6200284,ville,centre_ville
4993,Pharmacie Oxygène,pharmacie,522520774,"1 Bis, bd Oulad Haddou ang. bd Panoramique, quartier Crêtes Casablanca",Casablanca,,33.5945144,-7.6200284,ville,centre_ville
4926,Pharmacie Place Ahmed Mekwar,pharmacie,522354795,"1, bd de la Gare (Aïn Sebâa) Casablanca",Casablanca,,33.6106081,-7.5276433,rue,nominatim
48,Pharmacie Prefecture Bernoussi,pharmacie,522730555,cité Sidi Bernoussi derb Maaguiz bloc 20 n°23 Sidi Bernoussi Casablanca,Casablanca,,33.6121097,-7.4984264,exacte,nominatim_nom
10183,Pharmacie Quartier des Hôpitaux,pharmacie,522860654,"279 Bd Abdelmoumen, Casablanca 20340",Casablanca,,33.5784124,-7.6252674,rue,nominatim
5082,Pharmacie Rabii Al Moustakbal,pharmacie,522583415,lotiss. Al Moustakbal Gh34 imm. T301 Sidi Maârouf Casablanca,Casablanca,,33.5306861,-7.645437,exacte,osm
934,Pharmacie Rachad,pharmacie,522737257,32 avenue Souhaib Erroumi exH (s.Bernoussi Amal II Sidi Bernoussi Casablanca,Casablanca,,33.7010067,-7.3828014,exacte,nominatim_nom
3386,Pharmacie Rania,pharmacie,522870599,lot. Mandarona rue 10 n°164 Aïn Chok Casablanca,Casablanca,,33.5307571,-7.6120415,exacte,osm
2986,Pharmacie Rihab,pharmacie,522254685,5 rue Cadi Bakkar - ex Serpolet Maarif Casablanca,Casablanca,,33.5945144,-7.6200284,ville,centre_ville
969,Pharmacie Rita,pharmacie,522731087,"hay Katafa, rue 7, lotis.178 Casablanca",Casablanca,,33.5945144,-7.6200284,ville,centre_ville
4091,Pharmacie Rizk,pharmacie,522358520,5 place Haj Ahmed Mekouar-ex Soucarre Aïn Sebaâ Casablanca,Casablanca,,33.5945144,-7.6200284,ville,centre_ville
5591,Pharmacie Rochdi,pharmacie,522893286,bd Oued Oum Rabie résid. AlFirdaous GH4 imm.A 117 n°03 Oulfa Casablanca,Casablanca,,33.5945144,-7.6200284,ville,centre_ville
1412,Pharmacie Route d'Eljadida,pharmacie,522995746,240 route d' El Jadida Maarif Casablanca,Casablanca,garde 24h/24,33.5614577,-7.6445036,rue,nominatim
5764,Pharmacie Résidence Nadia,pharmacie,522237269,"bd Brahim Roudani -ex route El Jadida, c.com. Nadia, cité plateau Casablanca",Casablanca,,33.5305497,-7.6697103,exacte,osm
499,Pharmacie Saadallah,pharmacie,522706734,hay Sadri (Bournazel) grp. 2 rue 35 n°85 Hay Moulay Rachid Casablanca,Casablanca,,33.5722123,-7.5540572,quartier,nominatim_quartier
3908,Pharmacie Saber,pharmacie,522583362,résid. Erac imm. 57 C1 n°3 Sidi Maârouf Sidi Maarouf Casablanca,Casablanca,,33.5336413,-7.6483807,exacte,osm
2454,Pharmacie Sabri,pharmacie,522501125,378 avenue de Dakhla -ex H (Inara) lotiss. Chrifa Aïn Chok Casablanca,Casablanca,,33.5945144,-7.6200284,ville,centre_ville
7783,Pharmacie Sabrine,pharmacie,522741812,hay Amal I (Sidi Bernoussi) rue 11 n°165 Sidi Bernoussi CASABLANCA,Casablanca,,33.6071305,-7.5123109,exacte,osm
2546,Pharmacie Salma,pharmacie,522895772,bd Oued Oum Rabie ElOuafaa 1 n°15 Oulfa Casablanca,Casablanca,,33.5602051,-7.6731449,exacte,osm
4576,Pharmacie Samane,pharmacie,522662285,"hay Saloma II (Aïn Sebâa), n° 10 et 12 Casablanca",Casablanca,,33.5945144,-7.6200284,ville,centre_ville
4493,Pharmacie Siham,pharmacie,522526303,"lot. Omariya, rue 31 n°64 Casablanca",Casablanca,,33.5576503,-7.6449408,exacte,osm
2135,Pharmacie Souad,pharmacie,522739394,cité Sidi Bernoussi bloc 106 n°7 bis Sidi Bernoussi Casablanca,Casablanca,,33.5845275,-7.5009986,quartier,nominatim_voie
2081,Pharmacie Soulaima,pharmacie,522219894,bd de Fès résid. les Jardins de Californie 2 Californie Casablanca,Casablanca,,33.5435565,-7.6157114,exacte,osm
7968,Pharmacie Stade Zaouli,pharmacie,522673067,Pharmacie Stade Zaouli CASABLANCA,Casablanca,,33.5945144,-7.6200284,ville,centre_ville
1680,Pharmacie Tam,pharmacie,522901899,302 bd Oued Sebou (hay El Oulfa) Oulfa Casablanca,Casablanca,,33.5571504,-7.6871859,rue,nominatim
4600,Pharmacie Taouss,pharmacie,522900881,"N12 , angle rue 13 et 04, groupe 5, Hay El Oulfa, Casablanca",Casablanca,,33.5575629,-7.6807771,quartier,nominatim_quartier
9684,Pharmacie Tarik,pharmacie,522732148,"67 , AVENUE ABI DAR AL GHAFARI. SIDI BERNOUSSI. CASABLANCA",Casablanca,,33.5945144,-7.6200284,ville,centre_ville
4462,Pharmacie Tarik AlWahda,pharmacie,522359163,"1, bd Tarik El Ouahda - ex Unité Casablanca",Casablanca,,33.5945144,-7.6200284,ville,centre_ville
3381,Pharmacie Tassnime,pharmacie,522584172,1 lotiss. Al Moustakbal Sidi Maârouf Sidi Maarouf Casablanca,Casablanca,,33.5279265,-7.6458621,exacte,osm
5044,Pharmacie Tilila,pharmacie,522938684,"hay Laimoune, 47 HH Eloulfa Casablanca",Casablanca,,33.5464503,-7.6699108,exacte,osm
4433,Pharmacie Tmime,pharmacie,522973111,lotiss. Jet Sakane imm. 41 n°1 rte 1100 Sidi Maârouf Casablanca,Casablanca,,33.5576503,-7.6449408,exacte,osm
757,Pharmacie Universelle,pharmacie,522253142,398 bd Brahim Roudani Maarif Casablanca,Casablanca,,33.5808158,-7.6346035,exacte,osm
3649,Pharmacie Val fleuri,pharmacie,522232480,87 avenue Stendahl Casablanca,Casablanca,,33.5750129,-7.6346567,exacte,osm
5506,Pharmacie Vidal,pharmacie,522343218,404 bd de la Grande Ceinture (A.Sebaa) Aïn Sebaâ Casablanca,Casablanca,,33.6019879,-7.5445623,rue,nominatim_voie
4665,Pharmacie Violette,pharmacie,522212796,lotiss. Violette 57 rue 2 n°51 Casablanca,Casablanca,,33.5945144,-7.6200284,ville,centre_ville
1883,Pharmacie Vita,pharmacie,522984363,463 bd Brahim Roudani -ex route El Jadida résid. Saâda Val Fleurie Al Batha Casablanca,Casablanca,,33.5945144,-7.6200284,ville,centre_ville
1632,Pharmacie Wato Ex Mbirkou,pharmacie,522251607,153 bd El Habacha - ex Watteau Derb Ghalef Casablanca,Casablanca,,33.5945144,-7.6200284,ville,centre_ville
2058,Pharmacie Wilaya Moulouya,pharmacie,522905113,222 bd Oued Moulouya Oulfa Casablanca,Casablanca,,33.5507344,-7.6793455,exacte,osm
2696,Pharmacie Yacoub ElMansour,pharmacie,522255204,63 bd Yacoub El Mansour (Maarif) Maarif Casablanca,Casablanca,,33.5753644,-7.6416698,exacte,osm
1434,Pharmacie Yafa,pharmacie,522739444,hay Moubaraka q. Moubaraka imm.52 Casablanca,Casablanca,,33.6121097,-7.4984264,exacte,osm
4127,Pharmacie Yathrib,pharmacie,522972573,lotiss. Al Moustakbal Gh 4 n°24 Sidi Maârouf Sidi Maarouf Casablanca,Casablanca,,33.5250655,-7.6506257,exacte,osm
947,Pharmacie Youness,pharmacie,522357527,18 avenue Ali Yata -ex Foum Lahsan résid. Alhadika Beausite Casablanca,Casablanca,,33.5945144,-7.6200284,ville,centre_ville
1873,Pharmacie Zamzam,pharmacie,522580198,lotiss. Lina H2 lot. Hammam Sidi Maârouf Casablanca,Casablanca,,33.5576503,-7.6449408,exacte,osm
5164,Pharmacie Zaouia,pharmacie,522237951,121 rue El Maaden -ex Fragonard Casablanca,Casablanca,,33.5765622,-7.6278631,exacte,osm
5166,Pharmacie Zouhair,pharmacie,522506026,"bd Oulad Haddou, rue 30 n°39 bis Lakrimat Casablanca",Casablanca,,33.5945144,-7.6200284,ville,centre_ville
3977,Pharmacie Zyma,pharmacie,522994395,"27, rue Ahmed Kadmiri -ex Albert Samain Casablanca",Casablanca,,33.5576503,-7.6449408,exacte,osm
1011,Pharmacie Zénata,pharmacie,522351172,178 route des Zenatas - r.s. 111 (côtière) Aïn Sebaâ Casablanca,Casablanca,,33.6188677,-7.5392269,exacte,osm
8993,Pharmacie charm cheikh,pharmacie,522506510,bd El Qods . lotiss. Al Hamra II n°600 Ain chok,Casablanca,,33.5945144,-7.6200284,ville,centre_ville
1198,Pharmacie d'Aïn Sebâa,pharmacie,522350362,15 place Tizi Ousli - ex République Oukacha Casablanca,Casablanca,,33.6075583,-7.5235748,exacte,nominatim_nom
1251,Pharmacie de Casablanca,pharmacie,522800970,160 bd de Croix Hay El Farah Casablanca,Casablanca,,33.5749186,-7.5907414,exacte,osm
4527,Pharmacie de L'Opéra,pharmacie,522231172,82 rue Mohamed Bahi -ex Meissonnier Casablanca,Casablanca,,33.580465,-7.6331471,exacte,osm
241,Pharmacie de l'Aéroport d'Anfa,pharmacie,522390636,"72 Bis, bd Sidi Abderrahman Casablanca",Casablanca,,33.5945144,-7.6200284,ville,centre_ville
2446,Pharmacie de l'Esperance,pharmacie,522666199,bd Chefchaouni résid. Palmier imm. A mag. 5 Aïn Sebaâ Casablanca,Casablanca,,33.6164096,-7.5248878,exacte,osm
2092,Pharmacie de l'Union,pharmacie,522288677,6 bd Abdellah Senhaji - ex C lotiss. Amal Hay El Farah Casablanca,Casablanca,,33.5638203,-7.5922944,quartier,nominatim_quartier
5588,Pharmacie de la Découverte,pharmacie,522973223,"7, lotiss. Al Moustakbal, rte 1029 Sidi Maârouf Casablanca",Casablanca,,33.5945144,-7.6200284,ville,centre_ville
1986,Pharmacie de la Plage,pharmacie,522351393,46 bd Haj Ahmed Mekouar -ex C.Caillat Aïn Sebaâ Casablanca,Casablanca,,33.6177529,-7.5391068,exacte,osm
506,Pharmacie de la Renaissance (haj Tazi),pharmacie,522305385,101 rue de l' Imam El Castalani Nouvelle Médina Casablanca,Casablanca,,33.5945144,-7.6200284,ville,centre_ville
2496,Pharmacie de la colline,pharmacie,522335177,rte 1029 c.com. carrefour Sidi Maârouf Sidi Maarouf Casablanca,Casablanca,,33.5945144,-7.6200284,ville,centre_ville
1194,Pharmacie derb Ghallef,pharmacie,522232402,25 derb Ghalef - Casablanca imm. Al Omrane,Casablanca,,33.5700369,-7.6316695,quartier,nominatim_voie
4575,Pharmacie des Anges,pharmacie,522218886,quartier Oulad Taleb rue10 n°9 résid. Sans Pareil Majorelle Inara Casablanca,Casablanca,,33.5945144,-7.6200284,ville,centre_ville
3879,Pharmacie des Citronniers,pharmacie,522344670,29 X allée des Citronniers Casablanca,Casablanca,,33.6121299,-7.5269859,rue,nominatim
4638,Pharmacie des Parcs,pharmacie,522664327,"2, allée des Parcs (Aïn Sebâa) Casablanca",Casablanca,,33.6113256,-7.5406277,rue,nominatim
4702,Pharmacie des Prêles,pharmacie,522234033,18 rue Brahim Nakhai - ex Mont Cinto Casablanca,Casablanca,,33.5778147,-7.6394176,exacte,osm
4454,Pharmacie des Sciences,pharmacie,522994814,"route d' El jadida, c. com. Alaimoune II Casablanca",Casablanca,,33.545318,-7.6598498,exacte,osm
2297,Pharmacie des Stades,pharmacie,522254925,50 rue El Fourat-ex Roncevaux (Maarif) Maarif Casablanca,Casablanca,,33.5802204,-7.6404866,exacte,nominatim_nom
5744,Pharmacie des Troenes,pharmacie,522665471,38 allée des Troènes Lajiri III Oukacha Casablanca,Casablanca,,33.5945144,-7.6200284,ville,centre_ville
2758,Pharmacie des Universites,pharmacie,522995194,K070 quartier Lissasfa (route d'El Jadida) résid. Bayt AlMaarifa Lissasfa Casablanca,Casablanca,,33.5945144,-7.6200284,ville,centre_ville
3369,Pharmacie du Carrefour,pharmacie,522618365,"271, bd Ibn Tachfine Casablanca",Casablanca,,33.7020689,-7.399126,rue,nominatim_voie
9098,Pharmacie du Coin,pharmacie,522583125,10 bd Zoulikha Nasri Hay sidi maarouf 1 Casablanca - Maroc,Casablanca,,33.5945144,-7.6200284,ville,centre_ville
5087,Pharmacie du Dispensaire,pharmacie,522384050,"110, rue Bachir Belhoucine, Jamila 4 Casablanca",Casablanca,,33.5466604,-7.5665988,exacte,osm
1487,Pharmacie du Quartier,pharmacie,522732258,avenue Souhaib Erroumi exH (s.Bernoussi bloc 50 n°48 Mansour 1 Sidi Bernoussi Casablanca,Casablanca,,33.6062102,-7.5066648,exacte,osm
512,Pharmacie du Rond Point,pharmacie,522731516,"210, bd Moulay Mohamed El Baamrani -ex M, Amal 3 Casablanca",Casablanca,,33.5945144,-7.6200284,ville,centre_ville
5480,Pharmacie du Tac,pharmacie,522987361,bd Bir Anzarane - ex Danton marché derb Ghallef Casablanca,Casablanca,,33.5945144,-7.6200284,ville,centre_ville
1043,Pharmacie du Zoo,pharmacie,522660292,ancienne route de Rabat n°7 Aïn Sebaâ Casablanca,Casablanca,,33.6041676,-7.5453599,rue,nominatim_voie
3532,Pharmacie hay Amal 4,pharmacie,522753010,hay Amal IV (Sidi Bernoussi) rue 62 n°86 Casablanca,Casablanca,,33.6025766,-7.5115827,exacte,osm
3362,Pharmacie l'Epoque,pharmacie,522743948,"lot. Anassi, résid. Ennahda Fb1 mag. n°7 Casablanca",Casablanca,,33.5945144,-7.6200284,ville,centre_ville
10090,Pharmacie l'Index,pharmacie,522537367,"Pole urbain de Nouaceur Zone Economique EA37 Casablanca, Casablanca 27182",Casablanca,,33.5945144,-7.6200284,ville,centre_ville
5238,Pharmacie l'Olivier,pharmacie,522731606,hay Tarik (Sidi Bernoussi I) rue 61 n°62 Casablanca,Casablanca,,33.5769119,-7.6536874,exacte,osm
240,Pharmacie l'entente,pharmacie,522731113,147 bd Ahmed Benbassou-ex K-s.Bernoussi Amal 2 Sidi Bernoussi Casablanca,Casablanca,,33.6056126,-7.5144956,exacte,osm
4045,Pharmacie la Perle Bleue,pharmacie,522673368,"68, av de la Plage (Aïn Sebâa) Casablanca",Casablanca,,33.6176967,-7.540968,rue,nominatim_voie
5246,Pharmacie la Rosa,pharmacie,522343300,"7, bd Chefchaouni, rte 110 km 11 Casablanca",Casablanca,,33.5945144,-7.6200284,ville,centre_ville
4708,Pharmacie le Repère,pharmacie,522355011,395 bd Moulay Ismaïl (Roches Noires) rte. de rabat Oukacha Casablanca,Casablanca,,33.5945144,-7.6200284,ville,centre_ville
3702,Pharmacie les Crêtes,pharmacie,522212709,"hay Haddaouia I, Marché Haddaouia n°20 Casablanca",Casablanca,,33.6884075,-7.395669,exacte,nominatim_nom
7859,Pharmacie les Galeries,pharmacie,522796693,Pharmacie les Galeries CASABLANCA,Casablanca,,33.5945144,-7.6200284,ville,centre_ville
3697,Pharmacie les Idrissides,pharmacie,522321080,lotiss. Jnanat Sidi Maârouf Casablanca,Casablanca,,33.5945144,-7.6200284,ville,centre_ville
4668,Pharmacie les Orangers,pharmacie,522343888,"11, allée des Orangers Casablanca",Casablanca,,33.6060417,-7.54377,rue,nominatim
6562,Pharmacie AlAndalous,pharmacie,539883855,10 rue sidi Allal El Hadj CHEFCHAOUEN,Chefchaouen,,35.1687748,-5.2683454,ville,centre_ville
1668,Pharmacie AlHamra,pharmacie,539988733,av. Mly Ali Ben Rachid Chefchaouen,Chefchaouen,00H A 09H,35.1687748,-5.2683454,ville,centre_ville
7246,Pharmacie Assalam,pharmacie,539988195,av Essayeda AlHorra CHEFCHAOUEN,Chefchaouen,,35.1686287,-5.2632947,exacte,osm
6149,Pharmacie Benarafa,pharmacie,539892020,Pharmacie Benarafa CHEFCHAOUEN,Chefchaouen,,35.1687748,-5.2683454,ville,centre_ville
6080,Pharmacie Bni Ahmed,pharmacie,539881957,Pharmacie Bni Ahmed CHEFCHAOUEN,Chefchaouen,,35.1687748,-5.2683454,ville,centre_ville
8030,Pharmacie Centrale,pharmacie,539883264,bd Sidi Abd AlHamid Route Atil Asmae CHEFCHAOUEN,Chefchaouen,,35.1767427,-5.2732192,exacte,osm
763,Pharmacie Chefchaouen,pharmacie,539986158,4 av Moulay Idriss Chefchaouen,Chefchaouen,,35.1676481,-5.2660538,exacte,osm
335,Pharmacie Dhar ben Abbad,pharmacie,539987720,5 rte Gharouzim Chefchaouen,Chefchaouen,,35.1687748,-5.2683454,ville,centre_ville
8797,Pharmacie ElHafa,pharmacie,539883008,"15, av. Mohamed. V Chefchaouen",Chefchaouen,,35.1672078,-5.2690551,rue,nominatim
2855,Pharmacie ElMachichi,pharmacie,539987149,bd. El Machichi Chefchaouen,Chefchaouen,,35.1687748,-5.2683454,ville,centre_ville
602,Pharmacie Ibn Nafiss,pharmacie,539989797,Unnamed Road Chefchaouen,Chefchaouen,,35.1795794,-5.2770095,exacte,nominatim_nom
6613,Pharmacie Ibn Sina,pharmacie,539986780,53 rue Jamal Eddine Al Afghani CHEFCHAOUEN,Chefchaouen,,35.169211,-5.2699234,exacte,nominatim_nom
2800,Pharmacie La Mosquée,pharmacie,539883205,302 route AlWahda Administratif Chefchaouen,Chefchaouen,09H A 21H,35.1790282,-5.2813059,exacte,osm
2026,Pharmacie La Province,pharmacie,539883250,av La Marche Verte Quartier Administratif Chefchaouen,Chefchaouen,,35.1705538,-5.273098,exacte,osm
10109,Pharmacie Mont Bleu,pharmacie,645710868,bd Al Wahda - Autre ville Aïn Hawz Chefchaouen,Chefchaouen,,35.176917,-5.273648,exacte,osm
3019,Pharmacie Ommouma,pharmacie,539883111,bd Al Maghrib Al Arabi Chefchaouen,Chefchaouen,,35.1687748,-5.2683454,ville,centre_ville
8966,Pharmacie Ras El Ma,pharmacie,539988586,22 av Melilia q. Sidi Boujemaa Chefchaouen - Maroc,Chefchaouen,,35.1638163,-5.2615286,exacte,nominatim_nom
9057,Pharmacie Utaa Hammam,pharmacie,539989070,place Utaa Hammam Demnet ElMekhzen n°82 Chefchaouen - Maroc,Chefchaouen,,35.1689649,-5.2611811,exacte,osm
8782,Pharmacie la Santé,pharmacie,539986060,"av. Allal Ben Abdellah , hay Alkharazine Chefchaouen",Chefchaouen,,35.1664575,-5.2642183,exacte,osm
7214,Pharmacie les Parents,pharmacie,539883417,41 av. Mohamed Abdou hay Chourafae CHEFCHAOUEN,Chefchaouen,,35.1685196,-5.2719692,exacte,osm
6589,Pharmacie Chemaia,pharmacie,524468053,Pharmacie Chemaia,Chemaia,,32.0819364,-8.6248746,exacte,osm
6226,Pharmacie Essalam,pharmacie,524468666,Pharmacie Essalam CHEMAIA,Chemaia,,32.0790365,-8.6285653,exacte,osm
5853,Pharmacie Hnider,pharmacie,524468656,Pharmacie Hnider CHEMAIA,Chemaia,,32.0774118,-8.628196,ville,centre_ville
6114,Pharmacie Marche Verte,pharmacie,524468010,Pharmacie Marche Verte CHEMAIA,Chemaia,,32.0811162,-8.6238571,exacte,osm
7756,Pharmacie Sidi Boualam,pharmacie,524468116,Pharmacie Sidi Boualam CHEMAIA,Chemaia,,32.0774118,-8.628196,ville,centre_ville
7657,Pharmacie Souk Zima,pharmacie,524469127,Pharmacie Souk Zima CHEMAIA,Chemaia,,32.0773451,-8.6318294,exacte,osm
9208,Pharmacie Al Baraka,pharmacie,528931888,27 hay Al Kassam Walaa A Dakhla - Maroc,Dakhla,,23.6940663,-15.9431274,ville,centre_ville
8596,Pharmacie Al Bouchra,pharmacie,630109130,hay Essalam DAKHLA,Dakhla,,23.6904449,-15.9503908,exacte,nominatim_nom
10059,Pharmacie Al Janoub,pharmacie,525338866,hay AlMasjid Dakhla,Dakhla,,23.6981178,-15.9346929,exacte,nominatim_nom
2399,Pharmacie Al Marjia,pharmacie,808588864,8 av. Habouha ben Soudani Dakhla,Dakhla,,23.6940663,-15.9431274,ville,centre_ville
6929,Pharmacie AlAkhawayne,pharmacie,528930152,116 bd AlMasjid Massira I DAKHLA,Dakhla,,23.6940663,-15.9431274,ville,centre_ville
6133,Pharmacie AlJazira,pharmacie,528930655,bd AlMasjid n°16 Massira 1 DAKHLA,Dakhla,,23.6940663,-15.9431274,ville,centre_ville
8224,Pharmacie AlKassam,pharmacie,528931557,Pharmacie AlKassam DAKHLA,Dakhla,,23.6940663,-15.9431274,ville,centre_ville
8421,Pharmacie AlMassira,pharmacie,528930093,57 bd. Abderrahim Bouabid Hay ElMassira II DAKHLA,Dakhla,,23.6940663,-15.9431274,ville,centre_ville
8544,Pharmacie AlMoukaouama,pharmacie,528930511,bd AlMoukaouama n°1-906 DAKHLA,Dakhla,,23.6940663,-15.9431274,ville,centre_ville
6390,Pharmacie AlOuazzani,pharmacie,528898060,Pharmacie AlOuazzani DAKHLA,Dakhla,,23.6940663,-15.9431274,ville,centre_ville
7823,Pharmacie AlWahda,pharmacie,528898585,av. Laâchariat 1/1764 DAKHLA,Dakhla,,23.6940663,-15.9431274,ville,centre_ville
1584,Pharmacie Aousserd,pharmacie,528897536,hay Oum Tounssi n°1 Dakhla,Dakhla,,23.6940663,-15.9431274,ville,centre_ville
7089,Pharmacie Arrahma,pharmacie,528930875,30 bd Houcine Ben Jelloune Massira 3 DAKHLA,Dakhla,,23.6874011,-15.9432322,exacte,osm
2451,Pharmacie Bir Guendouz,pharmacie,808593597,hay El Aouda Dakhla,Dakhla,,23.6940663,-15.9431274,ville,centre_ville
9,Pharmacie Dar Dwa,pharmacie,528898078,7 hay Annahda Dakhla,Dakhla,,23.6940663,-15.9431274,ville,centre_ville
8168,Pharmacie ElWalaa,pharmacie,528898606,Pharmacie ElWalaa DAKHLA,Dakhla,,23.6940663,-15.9431274,ville,centre_ville
8429,Pharmacie Ennakhil,pharmacie,528930374,Pharmacie Ennakhil DAKHLA,Dakhla,,23.6940663,-15.9431274,ville,centre_ville
6812,Pharmacie Fadlallah,pharmacie,528898117,bd Bahnini q. Rahma 5 n°56 DAKHLA,Dakhla,,23.6940663,-15.9431274,ville,centre_ville
6615,Pharmacie Hadji,pharmacie,528931004,1070 bd Ba Hnini hay Assalam DAKHLA,Dakhla,,23.6903931,-15.948446,exacte,osm
2702,Pharmacie Haramayne,pharmacie,606051895,hay Nahda - Autre ville Dakhla,Dakhla,,23.6940663,-15.9431274,ville,centre_ville
7554,Pharmacie Hay El Hassani,pharmacie,610091112,3 hay El Hassani DAKHLA,Dakhla,,23.6940663,-15.9431274,ville,centre_ville
905,Pharmacie Imane,pharmacie,528934386,12 hay oued Achiaf Dakhla,Dakhla,,23.6940663,-15.9431274,ville,centre_ville
985,Pharmacie Khalij Dakhla,pharmacie,528932750,21 q. industriel Dakhla,Dakhla,,23.6940663,-15.9431274,ville,centre_ville
3206,Pharmacie Lemsagued,pharmacie,658979826,2038 hay Essalam - Autre ville Dakhla,Dakhla,,23.6940663,-15.9431274,ville,centre_ville
9231,Pharmacie Marjia Aya,pharmacie,667902528,60 bd Bahnini Dakhla - Maroc,Dakhla,,23.6940663,-15.9431274,ville,centre_ville
3187,Pharmacie Menhour,pharmacie,618086592,617 lot Al Wahda Dakhla,Dakhla,,23.7040615,-15.9441585,exacte,osm
7456,Pharmacie Moulay Rachid,pharmacie,528897880,Hay Moulay Rachid DAKHLA,Dakhla,,23.709409,-15.9243919,exacte,osm
873,Pharmacie Nahda,pharmacie,528932141,97 hay Nahda - Autre ville Dakhla,Dakhla,,23.7137264,-15.946784,exacte,osm
6282,Pharmacie Ouali,pharmacie,528931849,3 Av. Bahnini DAKHLA,Dakhla,,23.6892474,-15.9428445,exacte,osm
2544,Pharmacie Oued Achiaf,pharmacie,528930941,632 hay El Hassani Dakhla,Dakhla,,23.6940663,-15.9431274,ville,centre_ville
7958,Pharmacie Oued Chiaf,pharmacie,610106018,Pharmacie Oued Chiaf DAKHLA,Dakhla,,23.6940663,-15.9431274,ville,centre_ville
1329,Pharmacie Oued Dahab,pharmacie,528898125,1 av. El Hassan El Ouazzani Dakhla,Dakhla,,23.6989441,-15.9298568,exacte,nominatim_nom
627,Pharmacie Pasteur,pharmacie,777196156,7 av. Al Walae Dakhla,Dakhla,,23.6940663,-15.9431274,ville,centre_ville
6033,Pharmacie Sidi Ahmed Laaroussi,pharmacie,528930639,1249 rue Sidi Ahmed Laâroussi DAKHLA,Dakhla,,23.6981374,-15.9324378,exacte,osm
1494,Pharmacie Souk,pharmacie,669174363,94 bd Skarna hay Al Ouakala Al Wahda Dakhla,Dakhla,,23.6940663,-15.9431274,ville,centre_ville
6173,Pharmacie Sud,pharmacie,528898457,43 rue Al Kandil hay AlMasjid DAKHLA,Dakhla,,23.6940663,-15.9431274,ville,centre_ville
7865,Pharmacie des Sables,pharmacie,528930808,1 av Al Walae hay El Kassam II DAKHLA,Dakhla,,23.6940663,-15.9431274,ville,centre_ville
6667,Pharmacie du Port,pharmacie,610463465,hay Assalam bd Nouveau Port DAKHLA,Dakhla,,23.6876038,-15.9482233,exacte,osm
8341,Pharmacie la Santé,pharmacie,528930842,Pharmacie la Santé DAKHLA,Dakhla,,23.6940663,-15.9431274,ville,centre_ville
7126,Pharmacie le Sahara,pharmacie,528897921,275 bd ElWalaa DAKHLA,Dakhla,,23.7029808,-15.9282256,exacte,osm
2316,Pharmacie Al Oumrane,pharmacie,526996629,Rte Côtière dar Couche Dar bouazza,Dar Bouazza,,33.5215831,-7.8164369,ville,centre_ville
9471,Pharmacie Alhamdo Lillah,pharmacie,522290949,123 lotiss. Ansari Dar Bouazza,Dar Bouazza,09H A 21H,33.5215831,-7.8164369,ville,centre_ville
4552,Pharmacie Anis,pharmacie,522906404,"rte Mly Thami , km 13, douar Chhouba Dar bouazza",Dar Bouazza,,33.5215831,-7.8164369,ville,centre_ville
9473,Pharmacie Aquaparc,pharmacie,522290011,Km 14 Rte d'Azemmour، 20100,Dar Bouazza,09H A 21H,33.553251,-7.7325267,rue,nominatim
7368,Pharmacie Azur,pharmacie,522065454,Pharmacie Azur DAR BOUAZZA,Dar Bouazza,,33.5215831,-7.8164369,ville,centre_ville
2028,Pharmacie Azur,pharmacie,522965454,K160 rte d'Azemmour km 16 Dar bouazza,Dar Bouazza,,33.5215831,-7.8164369,ville,centre_ville
9773,Pharmacie Bahaedinne,pharmacie,522655672,K140 rte El Jadida km 14 cplxe r?sidentiel El Fajr mag 6 Ouled Ahmed Dar Bouazza - Maroc,Dar Bouazza,,33.5215831,-7.8164369,ville,centre_ville
9128,Pharmacie Bathami,pharmacie,522965869,K135 rte My Thami Km 13 500 douar Hart El Ghaba Dar Bouazza - Maroc,Dar Bouazza,,33.5576503,-7.6449408,exacte,osm
9474,Pharmacie Bayt Al Ikhlass,pharmacie,522292821,"Route Moulay Thami, Casablanca 20250",Dar Bouazza,09H A 21H,33.5215831,-7.8164369,ville,centre_ville
469,Pharmacie Belair,pharmacie,522965983,46 lotiss. Al Alia Dar bouazza,Dar Bouazza,,33.521688,-7.8140366,exacte,osm
1200,Pharmacie Belhadhoud,pharmacie,522900167,135 lotiss. Annakhil - Autre ville Madinat Arrahma Dar bouazza,Dar Bouazza,,33.5215831,-7.8164369,ville,centre_ville
9583,Pharmacie Belhadhoud,pharmacie,529837417,135 lotiss. Annakhil Madinat Arrahma Dar Bouazza - Maroc,Dar Bouazza,,33.5215831,-7.8164369,ville,centre_ville
1455,Pharmacie Benzit,pharmacie,522961978,Route d'Azemour Km 1350 Dar bouazza,Dar Bouazza,,33.5702345,-7.6283842,exacte,osm
1391,Pharmacie Berray,pharmacie,522290592,K190 Centre dar Bouazza Km 19 Front Bâti Imm. C,Dar Bouazza,,33.5215831,-7.8164369,ville,centre_ville
6244,Pharmacie Brahma,pharmacie,522969146,Pharmacie Brahma DAR BOUAZZA,Dar Bouazza,,33.5576503,-7.6449408,exacte,osm
2825,Pharmacie Camping Tamaris,pharmacie,522330063,K190 rte d'Azemmour ang. rte Tamaris 1 km 19 Dar bouazza,Dar Bouazza,,33.5524873,-7.7337007,rue,nominatim_voie
7185,Pharmacie Camping Tamaris,pharmacie,661336000,Pharmacie Camping Tamaris DAR BOUAZZA,Dar Bouazza,,33.5215831,-7.8164369,ville,centre_ville
7605,Pharmacie Dar Bouazza,pharmacie,522290174,douar Lahlalfa ouled Jarrar DAR BOUAZZA,Dar Bouazza,,33.5184125,-7.7983433,exacte,nominatim_nom
9469,Pharmacie Dar el Kenz,pharmacie,703753426,"Résidence Dar El Kenz ,101-1, ImmE2, Casablanca 27223",Dar Bouazza,09H A 00H,33.5215831,-7.8164369,ville,centre_ville
6998,Pharmacie ElAbidine,pharmacie,522290371,K110 rte d'Azemmour km 11 DAR BOUAZZA,Dar Bouazza,,33.5215831,-7.8164369,ville,centre_ville
1928,Pharmacie Espace Essaada,pharmacie,522965693,282 projet Fadaat AlMohit 2 Madinat Arrahma Dar bouazza,Dar Bouazza,,33.5215831,-7.8164369,ville,centre_ville
629,Pharmacie Fassih,pharmacie,520011192,K180 rte El Jadida km 18 Ouled Azzouz Dar bouazza,Dar Bouazza,,33.5215831,-7.8164369,ville,centre_ville
9665,Pharmacie Hejjami,pharmacie,522290393,Allee des Oliviers,Dar Bouazza,09H A 21H,33.5576503,-7.6449408,exacte,osm
951,Pharmacie Jack Beach,pharmacie,522290517,Jack Beach Dar bouazza,Dar Bouazza,09H A 21H,33.5336405,-7.8272586,rue,nominatim
2912,Pharmacie Jad,pharmacie,522930520,K160 route d' El jadida km 16 douar Oulad Azzouz Dar bouazza,Dar Bouazza,,33.5215831,-7.8164369,ville,centre_ville
1131,Pharmacie Latif,pharmacie,522961598,Route d'Azemmour G.H Massakinouna EQ4B mag.n°1 Dar bouazza,Dar Bouazza,,33.5215831,-7.8164369,ville,centre_ville
1395,Pharmacie Les Terrasses Marines,pharmacie,522291087,Route d'Azemmour résid. les Terrasses Marines Orée de Parc Dar bouazza,Dar Bouazza,,33.5524873,-7.7337007,rue,nominatim_voie
2154,Pharmacie Madinat Arrahma,pharmacie,522587399,douar Oulad Azzouz rte My Thami Dhouba DAR BOUAZZA,Dar Bouazza,,33.5215831,-7.8164369,ville,centre_ville
91,Pharmacie Masjid Essalam,pharmacie,522587017,K130 route d' El jadida km 13 mosquée Iraqi Oulad Azzouz Dar bouazza,Dar Bouazza,,33.5215831,-7.8164369,ville,centre_ville
9112,Pharmacie Mosquée Rahma,pharmacie,522894499,K030 rte My Thami Cimetière Rahma km 3 Dar Bouazza - Maroc,Dar Bouazza,,33.5351765,-7.7230322,rue,nominatim_nom
8167,Pharmacie Oued Marzag,pharmacie,522290677,K095 rte d' Azemmour km 9 5 DAR BOUAZZA,Dar Bouazza,,33.5215831,-7.8164369,ville,centre_ville
8555,Pharmacie Oulad Jarrar,pharmacie,522290803,Village pilote Passage Al Yamane n°39 DAR BOUAZZA,Dar Bouazza,09H A 21H,33.5215831,-7.8164369,ville,centre_ville
6313,Pharmacie Tamaris,pharmacie,522937004,K220 rte d'azemmour Km 22 carrière Benabid DAR BOUAZZA,Dar Bouazza,,33.5576503,-7.6449408,exacte,osm
2174,Pharmacie Zine El Abidine,pharmacie,522965479,K140 route d'Azemmour Km.14 Ouled Azzouz Dar bouazza,Dar Bouazza,,33.5215831,-7.8164369,ville,centre_ville
2662,Pharmacie des Darbistes,pharmacie,522292859,Lot Nawras Dar Bouazza,Dar Bouazza,,33.5215831,-7.8164369,ville,centre_ville
1920,Pharmacie du Littoral,pharmacie,522290433,rte d'azemmour c.com. dar Bouazza,Dar Bouazza,,33.5215831,-7.8164369,ville,centre_ville
2248,Pharmacie les Jardins de l'Océan,pharmacie,522290829,K150 rte d'Azemmour km 15 Dar bouazza,Dar Bouazza,,33.5375125,-7.767908,exacte,osm
9664,pharmacie du château,pharmacie,522292978,"lot 119 zone industrielle, Dar Bouaza",Dar Bouazza,09H A 21H,33.5215831,-7.8164369,ville,centre_ville
2727,Pharmacie Al Abawaine,pharmacie,522514049,av. al wafaa Deroua,Deroua,,33.3717782,-7.5358349,ville,centre_ville
2404,Pharmacie Al Abrar,pharmacie,522515040,lot. jawhara daroua. tel mobile: 0638370874 Deroua,Deroua,,33.3845165,-7.5253883,exacte,nominatim_nom
270,Pharmacie Al Jawhara,pharmacie,522532755,"lotissement al jawhara, diar al mostaqbal, imm 7 numéro 35 Deroua",Deroua,,33.3843919,-7.5219324,exacte,nominatim_nom
2397,Pharmacie Al Khair,pharmacie,522532514,144 lotissement badr en face de station total Deroua,Deroua,,33.3891545,-7.5336952,exacte,nominatim_nom
564,Pharmacie Al Madina Monaoira,pharmacie,522539401,"lot al hamd ea 257, près de lycée allal ben abdallah Deroua",Deroua,,33.3717782,-7.5358349,ville,centre_ville
1090,Pharmacie Al Mostaajalat,pharmacie,522515943,lotissement haj tahar près de hammam nasr Deroua,Deroua,,33.3717782,-7.5358349,ville,centre_ville
2759,Pharmacie Al Wafaa,pharmacie,522532422,"n° 160, près de cih et wafa bank Deroua",Deroua,,33.3717782,-7.5358349,ville,centre_ville
8934,Pharmacie Centrale,pharmacie,520276529,"pharmacie centrale, près de résidence riad andalous et en face de résidence saada Deroua",Deroua,,33.3717782,-7.5358349,ville,centre_ville
2176,Pharmacie Chawki,pharmacie,522532756,"lotissement makhlouf 2 , numéro 43 deroua",Deroua,,33.3831359,-7.5359586,exacte,osm
3216,Pharmacie El Faiz,pharmacie,522515869,"50 khadija 2, deroua, en face de jardin publique nait.",Deroua,,33.3717782,-7.5358349,ville,centre_ville
563,Pharmacie El Oumouma,pharmacie,522542054,244 lotissement el wafaa (ouvert jusqu'à 1h00 du matin) Deroua,Deroua,,33.3720986,-7.5284257,exacte,nominatim_nom
3044,Pharmacie El Qods,pharmacie,520040412,"lotissement saada, en face de hammam saada, près du café ecluse Deroua",Deroua,,33.3605977,-7.5429939,exacte,nominatim_nom
3085,Pharmacie Hay El Menzeh,pharmacie,522515184,"hay el menzeh, immeuble 2 numéro 1 (route souq alhad) Deroua",Deroua,,33.3717782,-7.5358349,ville,centre_ville
2904,Pharmacie Hay Salam,pharmacie,623970778,"bd 18 novembre, numéro 26 lotissement salam, près du terrain de football Deroua",Deroua,,33.3717782,-7.5358349,ville,centre_ville
771,Pharmacie Illia,pharmacie,522532757,lotissement khadija prés de l'école valériane Deroua,Deroua,,33.3717782,-7.5358349,ville,centre_ville
1466,Pharmacie Lot. Rabha,pharmacie,522515325,"lot rabha, 2, numéro 6 ? près du café amira Deroua",Deroua,,33.3546813,-7.5496591,exacte,nominatim_nom
2256,Pharmacie Mekka,pharmacie,522031968,route nationale casa berrechid? nouaceur (0661618111) Deroua,Deroua,,33.5576503,-7.6449408,exacte,osm
457,Pharmacie Nouaceur Parc,pharmacie,522537232,résidence nouaceur parc Deroua,Deroua,,33.3887509,-7.55455,exacte,osm
9680,Pharmacie Ryad Ahl Alwifaq,pharmacie,522514083,"Lot 38 rue elwifak, Deroua",Deroua,09H A 21H,33.3797216,-7.5331251,rue,nominatim_voie
2222,Pharmacie Saada,pharmacie,522532918,"fadaat saada, en face de riad al andalous Deroua",Deroua,,33.3617822,-7.5394783,exacte,nominatim_nom
432,Pharmacie AlMaghrib,pharmacie,522514442,lotiss. Massira 1684 Deroua ouled ziane,Deroua Ouled Ziane,,,,,
2140,Pharmacie Ben M'sik,pharmacie,526145075,Lot Khadija rue 2 n°5 Deroua ouled ziane,Deroua Ouled Ziane,,,,,
9056,Pharmacie Ben M'sik,pharmacie,522532058,Lot Khadija rue 2 n°5 Deroua Ouled Ziane - Maroc,Deroua Ouled Ziane,,,,,
5930,Pharmacie Chadli,pharmacie,522532858,210 lot. ElWahda II DEROUA OULED ZIANE,Deroua Ouled Ziane,,,,,
1979,Pharmacie Deroua,pharmacie,522532177,46 Centre commercial DEROUA OULED ZIANE,Deroua Ouled Ziane,,,,,
1848,Pharmacie El Houda,pharmacie,522514558,440 lotiss. Deroua Deroua ouled ziane,Deroua Ouled Ziane,,,,,
6664,Pharmacie Hay Essalam,pharmacie,540053014,26 lotiss. Essalam DEROUA OULED ZIANE,Deroua Ouled Ziane,,,,,
2332,Pharmacie Imad,pharmacie,522532192,122 lotiss. Ennour Deroua ouled ziane,Deroua Ouled Ziane,,,,,
6908,Pharmacie Kenzi,pharmacie,522532054,Lot. El Wafa n°244 Derroua DEROUA OULED ZIANE,Deroua Ouled Ziane,,,,,
9136,Pharmacie La Prevention,pharmacie,522532631,4 lotiss. Makhlouf Nabila Deroua Ouled Ziane - Maroc,Deroua Ouled Ziane,,,,,
682,Pharmacie Lotissement Rabha,pharmacie,671326735,lotissement Rabha Lot. n°2 mag. n°6 Deroua ouled ziane,Deroua Ouled Ziane,,,,,
9143,Pharmacie Oussama Aicha,pharmacie,522514956,692 lotiss. Deroua Deroua Ouled Ziane - Maroc,Deroua Ouled Ziane,,,,,
7901,Pharmacie Principale,pharmacie,522532083,Deroua bloc U n°1 DEROUA OULED ZIANE,Deroua Ouled Ziane,,,,,
1759,Pharmacie Régionale,pharmacie,522514707,94 lotiss. Naït n°4 Deroua ouled ziane,Deroua Ouled Ziane,,,,,
3032,Pharmacie la Min,pharmacie,522515339,186 lotiss. Rabha Deroua ouled ziane,Deroua Ouled Ziane,,,,,
8988,Pharmacie Izdihar,pharmacie,537626739,154 hay El Izdihar El Harhoura - Maroc,El Harhoura,,33.9116419,-6.9698401,exacte,osm
9982,Pharmacie Sable d'Or,pharmacie,530375067,4 Centre Sidi Abed El Harhoura,El Harhoura,,33.9258789,-6.9589216,ville,centre_ville
9288,Pharmacie Sid El Abed,pharmacie,537623538,2 Amical Settat plage Val d'Or El Harhoura - Maroc,El Harhoura,,33.9107817,-6.9749028,exacte,nominatim_nom
9821,Pharmacie Sup'Herbes,pharmacie,673054609,Rte El Fellah plage Sid El Abed El Harhoura - Maroc,El Harhoura,,33.9258789,-6.9589216,ville,centre_ville
16,Pharmacie Achifaa,pharmacie,523372858,19 lotiss. Ennajd I résid. Addam El jadida,El Jadida,,33.2433309,-8.49884,ville,centre_ville
52,Pharmacie Achraf Al Idrissi,pharmacie,523374920,bd Khalil Jabrane Diar Al Mansour imm. 8 GH 52 n°6 El jadida,El Jadida,,33.2433309,-8.49884,ville,centre_ville
683,Pharmacie Al Wahat,pharmacie,523371171,"lotiss. Al Irfane, n°3 El jadida",El Jadida,,33.2326482,-8.4818477,exacte,nominatim_nom
813,Pharmacie AlBalssam,pharmacie,527651649,39 X bd Bir Anzarane lotiss. Ezzahraoui EL JADIDA,El Jadida,,33.2433309,-8.49884,ville,centre_ville
1124,Pharmacie AlImam Malik,pharmacie,523390950,"15, lotiss. Laaroussi, rue Laksiba El jadida",El Jadida,,33.2433309,-8.49884,ville,centre_ville
875,Pharmacie Albreija,pharmacie,523343928,59 Pl. Abdelkrim Khattabi El jadida,El Jadida,,33.2433309,-8.49884,ville,centre_ville
1371,Pharmacie Annakhil,pharmacie,523350220,"1 Bis, rue Baghdad El jadida",El Jadida,,33.2441971,-8.4953457,exacte,nominatim_nom
1732,Pharmacie Ben Badiss,pharmacie,523370832,"4, bd Abdelhamid Bnou Badis, lotiss. AlQods El jadida",El Jadida,,33.2433309,-8.49884,ville,centre_ville
1794,Pharmacie Biladi,pharmacie,523380226,Pharmacie Biladi EL JADIDA,El Jadida,,33.2433309,-8.49884,ville,centre_ville
2055,Pharmacie Californie,pharmacie,523344936,7 lotiss. Al Massira av. Al Massira El jadida,El Jadida,,33.2366571,-8.4819324,exacte,nominatim_nom
2588,Pharmacie Cherif,pharmacie,523371150,570 hay Essalam El jadida,El Jadida,,33.2242945,-8.4990797,quartier,nominatim
3603,Pharmacie ElFalah,pharmacie,523356122,Pharmacie ElFalah EL JADIDA,El Jadida,,33.2433309,-8.49884,ville,centre_ville
3616,Pharmacie ElGhorba,pharmacie,523350202,Pharmacie ElGhorba EL JADIDA,El Jadida,,33.2433309,-8.49884,ville,centre_ville
3653,Pharmacie ElHamde,pharmacie,523399013,Pharmacie ElHamde EL JADIDA,El Jadida,,33.2433309,-8.49884,ville,centre_ville
9192,Pharmacie ElHamrae,pharmacie,766382826,rte douar Lachab n°6 El Jadida - Maroc,El Jadida,,33.2433309,-8.49884,ville,centre_ville
3791,Pharmacie ElMohit,pharmacie,523343754,"124, bd Mohammed VI El jadida",El Jadida,,33.2446114,-8.4947685,rue,nominatim_voie
3721,Pharmacie Elkoudia,pharmacie,523353313,"4, bd Mohamed Ben Larbi Alaoui, Koudiat Ben Driss El jadida",El Jadida,,33.2433309,-8.49884,ville,centre_ville
4049,Pharmacie Espace Massira,pharmacie,523343204,2 bd Massira El Khadra - Autre ville El jadida,El Jadida,,33.2398457,-8.4926873,exacte,nominatim_nom
4240,Pharmacie Grande Pharmacie,pharmacie,523364652,Grande Pharmacie EL JADIDA,El Jadida,,33.2298637,-8.4704769,exacte,osm
4421,Pharmacie Hefti,pharmacie,523352826,Pharmacie Hefti EL JADIDA,El Jadida,,33.2433309,-8.49884,ville,centre_ville
4446,Pharmacie Ibn Tofail,pharmacie,523356721,Pharmacie Ibn Tofail EL JADIDA,El Jadida,,33.2433309,-8.49884,ville,centre_ville
4512,Pharmacie Imad,pharmacie,523348303,Pharmacie Imad EL JADIDA,El Jadida,,33.2433309,-8.49884,ville,centre_ville
4545,Pharmacie Imane,pharmacie,523350683,"2, bd Annakhil El jadida",El Jadida,,33.2441971,-8.4953457,exacte,osm
4868,Pharmacie Karim,pharmacie,523373867,18 rue Ahmed Tounsi El jadida,El Jadida,,33.2403059,-8.5244509,exacte,osm
4891,Pharmacie Khmiss Metouh,pharmacie,523364309,Pharmacie Khmiss Metouh EL JADIDA,El Jadida,,33.2433309,-8.49884,ville,centre_ville
4913,Pharmacie Kouassem,pharmacie,521032697,2 rond-point Hassan II - Autre ville El jadida,El Jadida,,33.2433309,-8.49884,ville,centre_ville
10052,Pharmacie Kouassem,pharmacie,540030711,rond-point Hassan II El Jadida,El Jadida,,33.2433309,-8.49884,ville,centre_ville
5194,Pharmacie Lalla Zahra,pharmacie,523343794,95 bd Chouhada El jadida,El Jadida,,33.2536882,-8.5146733,exacte,osm
5767,Pharmacie Moderne,pharmacie,523351930,102 bd Moulay Ismail El jadida,El Jadida,,33.2559889,-8.5147903,exacte,osm
10007,Pharmacie Nouvelle Florida,pharmacie,523350204,lot florida el jadida,El Jadida,09H A 21H,33.250506,-8.506017,exacte,osm
5980,Pharmacie Oasis,pharmacie,523353431,3 bd Khalil Jabrane - Autre ville resid. Diar Al Mansour GH7 Lot 59 El jadida,El Jadida,,33.2285544,-8.5247937,exacte,osm
6055,Pharmacie Omam Motahida,pharmacie,808541448,12 bd Allal Fassi hay Al Matar El jadida,El Jadida,,33.2283266,-8.5246135,quartier,nominatim_quartier
6121,Pharmacie Ouassat Eljadida,pharmacie,523390577,bd Bandong El jadida,El Jadida,,33.2357009,-8.5193437,exacte,nominatim_nom
6220,Pharmacie Ouled Hamdane,pharmacie,523386161,Pharmacie Ouled Hamdane EL JADIDA,El Jadida,,33.2433309,-8.49884,ville,centre_ville
6281,Pharmacie Pierre Corail Hajar Almarjanne,pharmacie,523387278,"13, GH3 , resid. Diar Almarjanne El jadida",El Jadida,,33.2433309,-8.49884,ville,nominatim_voie
6377,Pharmacie Portugaise,pharmacie,523342102,"84, rue Hachmi Bahbah, cité portugaise El jadida",El Jadida,09H A 21H,33.2565475,-8.5018735,exacte,osm
6485,Pharmacie Rabie,pharmacie,529818104,33 bd Al Maghrib Al Arabi lotiss. Haraz El jadida,El Jadida,,33.2433309,-8.49884,ville,centre_ville
6711,Pharmacie Saiss,pharmacie,523386003,Pharmacie Saiss EL JADIDA,El Jadida,,33.2433309,-8.49884,ville,centre_ville
7248,Pharmacie Tissir,pharmacie,523350570,70 bd Bir Anzarane El jadida,El Jadida,,33.2387467,-8.496767,exacte,osm
8556,Pharmacie Zine,pharmacie,523364141,Pharmacie Zine EL JADIDA,El Jadida,,33.2433309,-8.49884,ville,centre_ville
2708,Pharmacie de Garde à El Jadida,pharmacie,523348946,Station Afriquia Route Moulay Abdellah Sidi Bouzid El Jadida,El Jadida,,33.2433309,-8.49884,ville,centre_ville
2802,Pharmacie de l'Union,pharmacie,523343364,160 bd Mohammed V El jadida,El Jadida,,33.2465224,-8.5001893,exacte,osm
2778,Pharmacie de la Paix,pharmacie,523353372,bd Mohamed Toufani El jadida,El Jadida,,33.2533024,-8.5121384,exacte,osm
9375,Pharmacie du Plateau,pharmacie,523343002,138 Bis bd Abi Chouaib Doukkali El Jadida - Maroc,El Jadida,09H A 21H,33.2529009,-8.5102349,exacte,nominatim_nom
5334,Pharmacie l'Hôpital,pharmacie,523355745,32 rue Fès Plateau El jadida,El Jadida,,33.2496463,-8.5122782,rue,nominatim
4935,Pharmacie la Côte,pharmacie,523345148,Pharmacie la Côte EL JADIDA,El Jadida,,33.2433309,-8.49884,ville,centre_ville
9111,Pharmacie la Lune,pharmacie,523393533,25 avenue Ennasr Rte cotière El Jadida - Maroc,El Jadida,,33.2433309,-8.49884,ville,centre_ville
5142,Pharmacie la Victoire,pharmacie,523390196,1 lotiss. Annasr mouilha El jadida,El Jadida,,33.2499096,-8.5206546,exacte,osm
5236,Pharmacie le Dauphin,pharmacie,523393916,"lotiss. Al Manar, (Bencherki), zone 6 n°130 El jadida",El Jadida,,33.2433309,-8.49884,ville,centre_ville
5240,Pharmacie le Grand Parc,pharmacie,634654049,74 av. Ibn Badis El jadida,El Jadida,,33.2377999,-8.5111008,exacte,osm
5279,Pharmacie les Parents,pharmacie,523332187,bd Abdelhamid Bnou Badis ang. rue Brahim Roudani c.com. Acima B 3 El jadida,El Jadida,,33.2435201,-8.51347,exacte,nominatim_nom
9855,Pharmacie ElKebab,pharmacie,535394066,Centre Elkebab El Kebab - Maroc,El Kebab,,32.7413178,-5.5219046,exacte,osm
9837,Pharmacie du Centre,pharmacie,535394814,bd Hassan II - Autre ville El Kebab - Maroc,El Kebab,,32.7408057,-5.5184322,exacte,osm
8147,Pharmacie Al yosr,pharmacie,661857535,Pharmacie Al yosr EL KELAA DES M'GOUNA,El Kelaa Des M'Gouna,,,,,
6496,Pharmacie AlAmal,pharmacie,524836133,Pharmacie AlAmal EL KELAA DES M'GOUNA,El Kelaa Des M'Gouna,,,,,
6682,Pharmacie Aït Hammou,pharmacie,524836544,Pharmacie Aït Hammou EL KELAA DES M'GOUNA,El Kelaa Des M'Gouna,,,,,
6563,Pharmacie ElKaram,pharmacie,524836728,Pharmacie ElKaram EL KELAA DES M'GOUNA,El Kelaa Des M'Gouna,,,,,
6635,Pharmacie Roses du Dades,pharmacie,524836123,Pharmacie Roses du Dades EL KELAA DES M'GOUNA,El Kelaa Des M'Gouna,,,,,
9654,Pharmacie Al Qods,pharmacie,535368176,rue Challah Er-Rich - Maroc,Er-Rich,,32.2582098,-4.5037033,exacte,nominatim_nom
10184,Pharmacie Bir Anzarane,pharmacie,535368738,"N, 72 Avenue Bir Anzarane, Rich",Er-Rich,,32.25677,-4.498189,ville,centre_ville
9628,Pharmacie Centrale,pharmacie,535589104,1 rue El Guers Er-Rich - Maroc,Er-Rich,,32.2559456,-4.5045741,exacte,osm
9610,Pharmacie Jib,pharmacie,535368698,centre Er-Rich Er-Rich - Maroc,Er-Rich,,32.25677,-4.498189,ville,centre_ville
9629,Pharmacie Nouvelle,pharmacie,535368401,rue Sidi Ali Er-Rich - Maroc,Er-Rich,,32.2549622,-4.5000434,exacte,osm
9728,Pharmacie Ziz,pharmacie,535589792,28 av Allal Ben Abdellah Er-Rich - Maroc,Er-Rich,,32.257661,-4.5051729,exacte,osm
7428,Pharmacie Al Aati,pharmacie,535791918,70 lot Ain Al Aati 2 Errachidia,Errachidia,,31.929089,-4.4340807,ville,centre_ville
7384,Pharmacie Al Amal,pharmacie,535570568,hay Touchka rue 1 n°3 ERRACHIDIA,Errachidia,,31.9414126,-4.4219408,exacte,nominatim_nom
6504,Pharmacie Al Fath,pharmacie,535572038,91 bd Moulay Ali Cherif ERRACHIDIA,Errachidia,,31.284735,-4.266987,ville,nominatim
3078,Pharmacie Al Inara,pharmacie,535570009,lotiss. Almostakbal n°194 Errachidia,Errachidia,,31.9129148,-4.4323783,exacte,nominatim_nom
4666,Pharmacie Al Massira,pharmacie,535571371,Cité ElMassira rue 1 n°44 Errachidia,Errachidia,,31.929089,-4.4340807,ville,centre_ville
2938,Pharmacie Al Mountazah,pharmacie,535791705,528 X lotiss. Oued Eddahab Errachidia,Errachidia,,31.929089,-4.4340807,ville,centre_ville
9122,Pharmacie Al Oum Aicha,pharmacie,535791552,Cité Al Massira rue 21 n°13 Errachidia - Maroc,Errachidia,,31.9174209,-4.4214494,exacte,nominatim_nom
4629,Pharmacie Al Waha,pharmacie,535791914,810 lot Boutalamine Errachidia,Errachidia,00H A 09H,31.929089,-4.4340807,ville,centre_ville
7641,Pharmacie AlMoustakbal,pharmacie,535570195,1 X lot Municipalité Errachidia,Errachidia,,31.929089,-4.4340807,ville,nominatim_voie
9349,Pharmacie Arroqay,pharmacie,707817469,91 Rte Errachidia souk El Had Errachidia - Maroc,Errachidia,,31.929089,-4.4340807,ville,centre_ville
10051,Pharmacie Atlas,pharmacie,535589967,av. Abou Salim Al Ayachi Errachidia,Errachidia,,31.929089,-4.4340807,ville,centre_ville
7305,Pharmacie Azemmour,pharmacie,535573269,Azemmour El Jadid rue 2 n°16 ERRACHIDIA,Errachidia,,31.929089,-4.4340807,ville,centre_ville
6868,Pharmacie Boutalamine,pharmacie,535571368,20 bd Dakhla Boutalamine ERRACHIDIA,Errachidia,,31.929089,-4.4340807,ville,centre_ville
96,Pharmacie Chifae,pharmacie,535571443,27 rue Knadssa Errachidia,Errachidia,,31.9308822,-4.4225252,exacte,osm
8242,Pharmacie Eddakhla,pharmacie,535790719,10 av Dakhla Errachidia,Errachidia,,31.9340249,-4.429126,rue,nominatim
885,Pharmacie El Mamoun,pharmacie,535790122,hay Oued Eddahab lot n° 194 Errachidia,Errachidia,09H A 21H,31.929089,-4.4340807,ville,centre_ville
2994,Pharmacie ElMasjid,pharmacie,535571379,76 rue Moulay Abdellah Ben Ali Errachidia,Errachidia,,31.929089,-4.4340807,ville,centre_ville
3619,Pharmacie Ennakhil,pharmacie,535571898,95 bd Al Alaouiyine Al Mouhit Errachidia,Errachidia,,31.929089,-4.4340807,ville,centre_ville
9053,Pharmacie Ennour,pharmacie,535791333,468 lotiss. Ain El Atti Errachidia - Maroc,Errachidia,,31.929089,-4.4340807,ville,centre_ville
804,Pharmacie Errachidia,pharmacie,535572339,5 av Zerktouni Errachidia,Errachidia,,31.9322755,-4.4272453,exacte,osm
7476,Pharmacie Errazi,pharmacie,535790184,54 av My Abdellah boutalamine Errachidia,Errachidia,,31.929089,-4.4340807,ville,centre_ville
6573,Pharmacie Fdail,pharmacie,535783567,Pharmacie Fdail ERRACHIDIA,Errachidia,,31.929089,-4.4340807,ville,centre_ville
6221,Pharmacie Gourama,pharmacie,535888214,Pharmacie Gourama ERRACHIDIA,Errachidia,,31.929089,-4.4340807,ville,centre_ville
3227,Pharmacie Hôpital,pharmacie,535574597,2 rue Ait Khlifa l'Habitat Errachidia,Errachidia,00H A 09H,31.929089,-4.4340807,ville,centre_ville
7302,Pharmacie Ibn Sina,pharmacie,535571925,32 lotiss. Municipalité Errachidia,Errachidia,,31.9253155,-4.4247745,exacte,nominatim_nom
2711,Pharmacie Ifegh,pharmacie,535794623,1157 rue de la Mosquée - Autre ville Fraternite Errachidia,Errachidia,,31.929089,-4.4340807,ville,centre_ville
4718,Pharmacie L'Aéroport,pharmacie,535790949,2 oulad Elhaj rte 21 Errachidia,Errachidia,09H A 21H,31.9362822,-4.4045728,exacte,osm
5117,Pharmacie L'habitat,pharmacie,535574285,rue Abdelkrim Khattabi N.H Errachidia,Errachidia,,31.928671,-4.4210573,exacte,osm
5458,Pharmacie La Nouvelle,pharmacie,535572075,ouled Elhaj rue 37 n°28 Errachidia,Errachidia,,31.9363453,-4.4115714,exacte,osm
1383,Pharmacie Lahdeb,pharmacie,535570479,Cité Al Massira rue 1 n°68 Errachidia,Errachidia,,31.929089,-4.4340807,ville,centre_ville
1045,Pharmacie Masjid Targa Jdida,pharmacie,535791337,36 Targa Jdida rue 16 Errachidia,Errachidia,,31.93061,-4.4422649,exacte,nominatim_nom
1730,Pharmacie Messaoudia,pharmacie,535574782,lot Boutalamine bloc 17 n°67 Errachidia,Errachidia,,31.929089,-4.4340807,ville,centre_ville
10122,Pharmacie Naim,pharmacie,535474407,"lotiss. Al Moustakbal , N°1 Errachidia",Errachidia,,31.929089,-4.4340807,ville,centre_ville
2333,Pharmacie Ouled Lhaj,pharmacie,535571950,72 oueld Lhaj rue 34 Errachidia,Errachidia,,31.929089,-4.4340807,ville,centre_ville
6537,Pharmacie Saghrou,pharmacie,535884255,Pharmacie Saghrou ERRACHIDIA,Errachidia,,31.929089,-4.4340807,ville,centre_ville
8803,Pharmacie Targa,pharmacie,535571416,"Targa Jdida , rue 50 n°5 Errachidia",Errachidia,,31.93061,-4.4422649,exacte,nominatim_nom
10155,Pharmacie Zerktouni,pharmacie,750281197,Errachidia,Errachidia,,31.9472332,-4.4012841,quartier,nominatim
1582,Pharmacie des Vallées,pharmacie,535572464,Place de la mosquée Errachidia,Errachidia,,31.9307461,-4.4262615,exacte,osm
4378,Pharmacie l'Université,pharmacie,535574571,av Principal Targa Jdida Errachidia,Errachidia,,31.9318237,-4.4456618,exacte,osm
7403,Pharmacie la Santé,pharmacie,535790214,Ain Al Ati 1 bloc 18 n°1282 ERRACHIDIA,Errachidia,,31.9195486,-4.4194715,rue,nominatim_voie
10040,Pharmacie AL Yasser,pharmacie,639955195,6 bd Al Moukaouama - Autre ville Essaouira,Essaouira,,31.5118281,-9.7620903,ville,centre_ville
9242,Pharmacie Al Haddadah,pharmacie,524473714,63 bd AlIstiqlal Essaouira - Maroc,Essaouira,,31.5135619,-9.7690238,exacte,nominatim_nom
1026,Pharmacie AlYamama,pharmacie,524472222,341 lotiss. Tafoukte I Essaouira,Essaouira,,31.5118281,-9.7620903,ville,centre_ville
8755,Pharmacie Almasjid,pharmacie,524794504,Pharmacie Almasjid ESSAOUIRA,Essaouira,,31.5118281,-9.7620903,ville,centre_ville
10064,Pharmacie Argana,pharmacie,529899516,lotissement Argana Essaouira,Essaouira,,31.5118281,-9.7620903,ville,centre_ville
6332,Pharmacie Azlef,pharmacie,524474232,626 lot. Azlef ESSAOUIRA,Essaouira,,31.505743,-9.7583099,exacte,osm
360,Pharmacie Bab Doukkala,pharmacie,524475198,av. ElMassira ElKhadra Essaouira,Essaouira,,31.5159071,-9.7652952,exacte,osm
5898,Pharmacie Bab Marrakech,pharmacie,524472307,135 rue Med. ElQuorry ESSAOUIRA,Essaouira,,31.5159071,-9.7652952,exacte,nominatim_nom
6246,Pharmacie Bouhaira,pharmacie,524472568,102 rue Allal El Fassi ESSAOUIRA,Essaouira,,31.5161079,-9.7569267,exacte,osm
6733,Pharmacie Charrouj,pharmacie,524472788,av Farhat Hachad n°13-52 Sekala ESSAOUIRA,Essaouira,,31.5118281,-9.7620903,ville,centre_ville
10065,Pharmacie Chifaa,pharmacie,524783895,rue Abou Moussa El Achari Essaouira,Essaouira,,31.5118281,-9.7620903,ville,centre_ville
3111,Pharmacie El Ghazoua Mogador,pharmacie,524792947,17 lotiss. Regraga hay El Ghazoua Essaouira,Essaouira,,31.4529934,-9.7410509,exacte,nominatim_nom
278,Pharmacie El Massira,pharmacie,524473030,40 av. Al Massira Al Khadra Essaouira,Essaouira,,31.5159833,-9.7648725,exacte,osm
6809,Pharmacie ElBorj,pharmacie,524783438,5 rue 11 Janvier ElBorj I ESSAOUIRA,Essaouira,,31.5029762,-9.7592422,exacte,osm
6271,Pharmacie ElMostakbal,pharmacie,524785977,652 lotiss. AlMostakbal borj 1 ESSAOUIRA,Essaouira,,31.5118281,-9.7620903,ville,centre_ville
2528,Pharmacie Erraounak,pharmacie,524473464,164 lotiss. Erraounak Essaouira,Essaouira,,31.4994725,-9.7533725,exacte,osm
2945,Pharmacie Hamad,pharmacie,524475163,5 Place Chefchaouni Essaouira,Essaouira,,31.5122164,-9.7709752,exacte,osm
9229,Pharmacie Hizam Al Akhdar,pharmacie,808530494,2 Av Attaif lot Azlef Essaouira - Maroc,Essaouira,00H A 09H,31.5040498,-9.7543868,exacte,nominatim_nom
6620,Pharmacie Hôpital,pharmacie,524475307,135 X bd Mohamed ElKery ESSAOUIRA,Essaouira,,31.5118281,-9.7620903,ville,centre_ville
6412,Pharmacie Ibn Sina,pharmacie,524475980,54 av. Akaba q.i. ESSAOUIRA,Essaouira,,31.5195945,-9.75607,exacte,osm
8628,Pharmacie Koutoubia,pharmacie,524474390,365 bd Koutoubia - Autre ville lotiss. 5 ESSAOUIRA,Essaouira,,31.5118156,-9.7575245,exacte,osm
860,Pharmacie Koutoubia,pharmacie,701573275,"365 bd koutoubia, lot. 5 Essaouira",Essaouira,,31.5118156,-9.7575245,exacte,osm
6594,Pharmacie La Sakala,pharmacie,524783684,28 bd ElAqaba lot. Regraga ESSAOUIRA,Essaouira,,31.5219615,-9.7543919,exacte,osm
7245,Pharmacie Lalla Amina,pharmacie,524473443,7 complexe commercial Lalla Amina ESSAOUIRA,Essaouira,,31.5134242,-9.761614,exacte,osm
6119,Pharmacie Les Dunes,pharmacie,524473003,583 bd Al Aqaba lot. n°4 ESSAOUIRA,Essaouira,,31.5141168,-9.7586436,exacte,osm
6988,Pharmacie Mallah Kdim,pharmacie,524476022,122 rue Mohamed Ben Abdellah ESSAOUIRA,Essaouira,,31.5145768,-9.7694615,exacte,osm
922,Pharmacie Massira,pharmacie,524475996,bd de la marche verte Essaouira,Essaouira,,31.5142935,-9.7637187,exacte,nominatim_nom
7791,Pharmacie Mogador,pharmacie,524472535,42 av. 2 Mars ESSAOUIRA,Essaouira,,31.5166647,-9.7624538,exacte,osm
6604,Pharmacie Najib,pharmacie,524474226,5 bd ElAkaba Dar Taleb ESSAOUIRA,Essaouira,,31.5113287,-9.759934,exacte,osm
10211,Pharmacie Nour,pharmacie,524784440,"404 Lotissement, Rue Argana",Essaouira,,31.5118281,-9.7620903,ville,centre_ville
6318,Pharmacie Populaire,pharmacie,524474474,av. El Aqaba ESSAOUIRA,Essaouira,,31.5074891,-9.7609797,exacte,osm
7071,Pharmacie Principale,pharmacie,524474794,1 rue Boutouile ESSAOUIRA,Essaouira,,31.5151071,-9.7672153,exacte,osm
6181,Pharmacie Sidi Magdoul,pharmacie,524472935,lotiss. La Lagune lot 5 n°1 ESSAOUIRA,Essaouira,,31.5089598,-9.7578162,exacte,osm
1197,Pharmacie Smimou,pharmacie,524784421,av Al Massira Smimou ESSAOUIRA,Essaouira,,31.5150638,-9.764448,exacte,osm
7125,Pharmacie la Gare,pharmacie,524472750,av. Mly Driss 1 ESSAOUIRA,Essaouira,,31.5161531,-9.7601048,exacte,osm
9215,Pharmacie la Kasbah,pharmacie,524475151,14 rue Allal Ben Abdellah Essaouira - Maroc,Essaouira,,31.5129836,-9.7710801,exacte,osm
9222,Pharmacie la Mosquée,pharmacie,524784683,243 av Ibnou Toufail n°1 Essaouira - Maroc,Essaouira,,31.5019629,-9.7571233,exacte,osm
6728,Pharmacie la Plage,pharmacie,524785848,1 av Lalla Amina imm. Bounar ESSAOUIRA,Essaouira,,31.5054776,-9.76265,exacte,osm
481,Pharmacie Abou Fadl,pharmacie,523436867,hay Zohour 1 n°11 bloc 40 Fkih ben salah,Fkih Ben Salah,,32.5132715,-6.6985096,exacte,nominatim_nom
3495,Pharmacie Abouali,pharmacie,523434237,"111, bd Allal ben abdellah Fkih ben salah",Fkih Ben Salah,,32.504541,-6.6860405,ville,centre_ville
1959,Pharmacie Al Fath,pharmacie,623882688,"178, q. Al Fath Fkih ben salah",Fkih Ben Salah,,32.504541,-6.6860405,ville,centre_ville
4756,Pharmacie AlAmal,pharmacie,523435109,"255, av. Allal Ben Abdellah Fkih ben salah",Fkih Ben Salah,,32.504541,-6.6860405,ville,centre_ville
5188,Pharmacie AlFarabi,pharmacie,523437046,"1, bd. Allal Ben Abdellah ang. place de la liberté Fkih ben salah",Fkih Ben Salah,,32.504541,-6.6860405,ville,centre_ville
4134,Pharmacie AlMoujahid,pharmacie,523437426,bd des Far Fkih ben salah,Fkih Ben Salah,,32.504541,-6.6860405,ville,centre_ville
3699,Pharmacie AlQods,pharmacie,523436424,50 bd Allal Ben Abdellah Fkih ben salah,Fkih Ben Salah,,32.504541,-6.6860405,ville,centre_ville
4480,Pharmacie Alkindi,pharmacie,523437150,"119, cité Jamila Fkih ben salah",Fkih Ben Salah,,32.504541,-6.6860405,ville,centre_ville
348,Pharmacie Alyosr,pharmacie,523438044,av. AlMassira Alkhadra Fkih ben salah,Fkih Ben Salah,,32.504541,-6.6860405,ville,centre_ville
3972,Pharmacie Andalous,pharmacie,523431977,cité Andalous ouled sidi Chennane Fkih ben salah,Fkih Ben Salah,,32.4968359,-6.7068331,exacte,osm
762,Pharmacie Bab Tlat,pharmacie,523435238,91 rue Bab Tlat Fkih ben salah,Fkih Ben Salah,,32.5002278,-6.6896792,exacte,osm
4350,Pharmacie Boukhari,pharmacie,523439312,139 lot Khaled Fkih ben salah,Fkih Ben Salah,,32.4995865,-6.6782924,exacte,osm
9086,Pharmacie Béni Oukil,pharmacie,523420310,centre Béni Oukil Fkih Ben Salah - Maroc,Fkih Ben Salah,,32.5063531,-6.7024786,exacte,nominatim_nom
1543,Pharmacie Chifaa,pharmacie,523439076,"av. Hassan II , cité AlMajd n°46 Fkih ben salah",Fkih Ben Salah,,32.4889322,-6.6886706,exacte,osm
1575,Pharmacie DHIRAT,pharmacie,662631612,Ouled aissa ouled ali dhirat Fquih Ben Salah,Fkih Ben Salah,,32.504541,-6.6860405,ville,centre_ville
4487,Pharmacie Doha,pharmacie,523431046,"hay Farida , rue 6 n°81 Fkih ben salah",Fkih Ben Salah,,32.4935369,-6.697736,exacte,osm
5312,Pharmacie ElAmana,pharmacie,523439431,Oulad Sidi Chennane Fkih ben salah,Fkih Ben Salah,,32.504541,-6.6860405,ville,centre_ville
4206,Pharmacie ElHansali,pharmacie,523438176,"73, rue ElHansali Fkih ben salah",Fkih Ben Salah,,32.504541,-6.6860405,ville,centre_ville
2585,Pharmacie ElModafar,pharmacie,523436565,97 bd Houmane Fetouaki Fkih ben salah,Fkih Ben Salah,,32.504541,-6.6860405,ville,centre_ville
5582,Pharmacie ElYassamine,pharmacie,523433156,"141, bd Allal Ben Abdellah Fkih ben salah",Fkih Ben Salah,,32.504541,-6.6860405,ville,centre_ville
5609,Pharmacie Errahma,pharmacie,523435733,65 rue Mohamed ElQori Fkih ben salah,Fkih Ben Salah,,32.4970431,-6.6931938,exacte,osm
5913,Pharmacie Hafir,pharmacie,523432312,Pharmacie Hafir FKIH BEN SALAH,Fkih Ben Salah,,32.504541,-6.6860405,ville,centre_ville
863,Pharmacie Hay M'ssala,pharmacie,523438646,hay massala rue 59 n°138 Fkih ben salah,Fkih Ben Salah,,32.504541,-6.6860405,ville,centre_ville
2369,Pharmacie Hôpital,pharmacie,523433780,quartier M'salla rue 91 n°213 Fkih ben salah,Fkih Ben Salah,,32.5058514,-6.6837123,exacte,osm
5490,Pharmacie Ibn Rochd,pharmacie,523432860,Ibtissam 2 bloc 1 n°6 Fkih ben salah,Fkih Ben Salah,,32.504541,-6.6860405,ville,centre_ville
3534,Pharmacie La Victoire,pharmacie,523439292,"228 Bis, cité Zohour E Fkih ben salah",Fkih Ben Salah,,32.504541,-6.6860405,ville,centre_ville
979,Pharmacie Meskaoui,pharmacie,523438680,bd Palestine Fkih ben salah,Fkih Ben Salah,,32.4991151,-6.7050366,exacte,osm
2988,Pharmacie Nahda,pharmacie,523439383,98 rue Imam Malik hay Nahda Fkih ben salah,Fkih Ben Salah,,32.504541,-6.6860405,ville,centre_ville
4771,Pharmacie Nezha 1,pharmacie,523434141,"hay Nezha 1 , bloc A n°50 bis Fkih ben salah",Fkih Ben Salah,,32.504541,-6.6860405,ville,centre_ville
993,Pharmacie Oulad Hdiddou,pharmacie,523437951,rue Oulad Hdiddou Fkih ben salah,Fkih Ben Salah,,32.504541,-6.6860405,ville,centre_ville
3980,Pharmacie Pasteur,pharmacie,523434793,"98, lot. ElYassmine Fkih ben salah",Fkih Ben Salah,,32.5136272,-6.6748361,exacte,osm
3343,Pharmacie Raja,pharmacie,523437557,3 rue Beni Mellal Fkih ben salah,Fkih Ben Salah,,32.4959283,-6.6898981,exacte,osm
5001,Pharmacie Sabil,pharmacie,523432180,lot. Nezha II 325 bloc D Fkih ben salah,Fkih Ben Salah,,32.4904933,-6.685399,exacte,osm
2280,Pharmacie Souk El Arbeaa,pharmacie,523435922,bd Allal Ben Abdallah - Autre ville hay Farida Fkih ben salah,Fkih Ben Salah,,32.504541,-6.6860405,ville,centre_ville
3668,Pharmacie Souk Jdid,pharmacie,523433510,"166, Izza Khouyti Fkih ben salah",Fkih Ben Salah,,32.4974178,-6.7107975,exacte,nominatim_nom
8360,Pharmacie Yaqine,pharmacie,523432222,Pharmacie Yaqine FKIH BEN SALAH,Fkih Ben Salah,,32.504541,-6.6860405,ville,centre_ville
5768,Pharmacie Zerktouni,pharmacie,523432583,29 bd Zerktouni Fkih ben salah,Fkih Ben Salah,,32.504541,-6.6860405,ville,centre_ville
4673,Pharmacie Zohour,pharmacie,523439470,cité Zohour Fkih ben salah,Fkih Ben Salah,,32.504541,-6.6860405,ville,centre_ville
5868,Pharmacie de la Gare,pharmacie,523436564,Pharmacie de la Gare FKIH BEN SALAH,Fkih Ben Salah,,32.494544,-6.6871905,exacte,osm
2464,Pharmacie populaire,pharmacie,523439258,34 av. Hassan II Fkih ben salah,Fkih Ben Salah,,32.5021835,-6.6868638,exacte,osm
583,Pharmacie Ain Kadouss,pharmacie,535646094,"av. youssef ben tachfine, ain kadous proche du cinéma mauritanie Fes",Fès,,34.0598898,-5.008256,exacte,nominatim_nom
899,Pharmacie Al Anouar,pharmacie,535649077,"place lahbabi, bab el khokha lfakharine Fes",Fès,garde 24h/24,34.0637703,-4.9664302,exacte,nominatim_nom
1252,Pharmacie Al Ghassani,pharmacie,535940078,douar al asker. route hopital al ghassani. face de la caserne militaire Fes,Fès,,34.0403695,-4.9898563,exacte,nominatim_nom
1288,Pharmacie Al Hanae,pharmacie,535763516,"jnane tbib hay el m'cela, dehors bab lftouh. en face lot. tajmouati Fes",Fès,,34.0488103,-4.9606574,exacte,nominatim_nom
2207,Pharmacie Amine,pharmacie,535760770,n°32 double route jadida rassif proche de l'hopital route el jadida Fes,Fès,,34.0584106,-4.972887,exacte,nominatim_nom
2267,Pharmacie Annamae,pharmacie,608186722,"pharmacie annamae, hay annamae lot 354 bensouda, route hay al massira Fes",Fès,,33.9986675,-5.0577644,exacte,osm
2527,Pharmacie Asmae,pharmacie,535732193,"122 s narjis , 42 bd rachad , 200 metres du hamam narjis Fes",Fès,,34.0136448,-4.9752165,exacte,osm
2794,Pharmacie Azzaytoune,pharmacie,535726898,"pharmacie azzaytoune, lot. azzaytoune km 7 n 8 ras el ma bensouda Fes",Fès,,34.0346534,-5.0161926,ville,centre_ville
628,Pharmacie Aïn Smen,pharmacie,535602419,bloc b 172 hay al wifaq route ain smen Fes,Fès,,34.0120186,-5.0262209,exacte,nominatim_nom
2869,Pharmacie Bab Boujloud,pharmacie,535633222,place bab boujloud fès médina Fes,Fès,,34.0346534,-5.0161926,ville,centre_ville
2882,Pharmacie Bab El Hamra,pharmacie,535648220,"n°6 ras kaleaa, derrière sidi ali boughaleb, a coté dépot municipal Fes",Fès,,34.0346534,-5.0161926,ville,centre_ville
3065,Pharmacie Bab Elkhokha,pharmacie,535649610,5 lotiss. Najah Bab El Khokha Fès,Fès,,34.0638323,-4.961036,exacte,osm
3077,Pharmacie Bab Guissa,pharmacie,535635584,numéro 25 bab guissa a cote du palais jamaai Fes,Fès,,34.068623,-4.9757032,exacte,nominatim_nom
3146,Pharmacie Bab Lghoul,pharmacie,535626927,n° 85. bab lghoul. dhar lmehraz. a coté de l'hopital al ghassani Fès,Fès,,34.0346534,-5.0161926,ville,centre_ville
3155,Pharmacie Bab Siffer,pharmacie,535646136,Pharmacie Bab Siffer FES,Fès,,34.0346534,-5.0161926,ville,centre_ville
3400,Pharmacie Belmhani,pharmacie,535733993,Pharmacie Belmhani FES,Fès,,34.0523606,-4.9924017,exacte,osm
3417,Pharmacie Benjelloun,pharmacie,535610967,"lotiss krikach, n°24 hay tarik a coté de l'école malaika en face du palais FES",Fès,,34.0268021,-5.0219356,exacte,osm
3469,Pharmacie Benmimoun,pharmacie,535610848,"pharmacie benmimoun, 60, rue annasr hay riad, route ain smen FES",Fès,,34.0261278,-5.0099827,quartier,nominatim_quartier
3585,Pharmacie Blad Skallia,pharmacie,535764271,Pharmacie Blad Skallia FES,Fès,,34.0346534,-5.0161926,ville,centre_ville
3623,Pharmacie Bled Tahiriyine,pharmacie,535630682,bled belmakhlouf n°46 rue1. tahiriyine Fes,Fès,,34.0474135,-4.9562404,exacte,osm
3650,Pharmacie Blida,pharmacie,632775720,"n°30 chouwara. hay blida fès medina, entre sidi ahmed tijani et dar dbagh Fes",Fès,,34.0665469,-4.9713274,exacte,osm
3695,Pharmacie Blida,pharmacie,667410073,"pharmacie blida, 30 chouwara hay blida, entre sidi ahmed tijani et dar dbagh Fes",Fès,,34.0665469,-4.9713274,exacte,osm
3853,Pharmacie Boutouil,pharmacie,535652845,"46 boutouil, derb btatha, fes jdid a cote ecole bab ryafa",Fès,,34.0560401,-4.9870892,exacte,osm
4101,Pharmacie Complexe Sportif,pharmacie,535732873,"28, bd arrahma narjis d. hay al qods. près de l'école al bakri et mosquée arrahma FES",Fès,,34.0171017,-4.9699202,exacte,osm
4126,Pharmacie Dar Dmana,pharmacie,535630740,hafrat bennis a coté du centre santé ain nokbi FES,Fès,,34.0650353,-4.9574981,exacte,nominatim_nom
4362,Pharmacie Derb Lamty,pharmacie,535761583,"n°1, derb lamty, rue fouah, r'cif Fes",Fès,,34.0346534,-5.0161926,ville,centre_ville
4640,Pharmacie Douiet,pharmacie,535726023,Pharmacie Douiet FES,Fès,,34.0346534,-5.0161926,ville,centre_ville
4684,Pharmacie Driss,pharmacie,532002800,"2 lot. almssala, hay al mssala bab ftouh Fes",Fès,,34.0501087,-4.9644643,exacte,nominatim_nom
5005,Pharmacie El Menzeh,pharmacie,535711096,"sehrij guenaoua, n°46, bab ftouh",Fès,,34.0346534,-5.0161926,ville,centre_ville
5367,Pharmacie Fares,pharmacie,535751912,dhar lkhmis 4. hafrat ben slimane. a coté collège abd el ali benchakroun Fes,Fès,,34.071732,-4.9894408,exacte,osm
5394,Pharmacie Fatima Fihria,pharmacie,535741353,"pharmacie fihria, n°167, derb bouajjara, bab jdid Fes",Fès,,34.0346534,-5.0161926,ville,centre_ville
5416,Pharmacie Fatima Zahra,pharmacie,535604521,"pharmacie fatima zahra, 2 lot. tourya anas 3 a coté clinique arrazi FES",Fès,,34.0346534,-5.0161926,ville,centre_ville
5451,Pharmacie Fes Shore,pharmacie,535619528,"n° 212 lot alhawaa el jamil. 200m de la faculté du médecine, route sidi hrazem Fes",Fès,,34.0093643,-4.9616705,exacte,nominatim_nom
5463,Pharmacie Filali,pharmacie,535622163,boulevard obaida ibn aljarah .proche du consulat de la france Fes,Fès,,34.0400364,-5.0057261,exacte,osm
5599,Pharmacie Hanane,pharmacie,535649181,"54a bis, jnane bennis, route bab khokha. (face du mosquée tajmouaati) Fes",Fès,,34.0667619,-4.9635254,exacte,osm
5608,Pharmacie Haoudi,pharmacie,535642005,Pharmacie Haoudi FES,Fès,,34.0196338,-4.9851537,exacte,osm
5812,Pharmacie Hay Laalou,pharmacie,535751978,"n°30. hay laalou. hay ain haroun agadir, proche du terminus des bus 7-8-49 Fes",Fès,,34.0651138,-5.0121204,exacte,nominatim_nom
5885,Pharmacie Ibn Baytar,pharmacie,535669035,"4, rue Senhaja, Jnane suissi Fès",Fès,,34.0694733,-4.9624125,exacte,nominatim_nom
6190,Pharmacie Ilya,pharmacie,631713183,Pharmacie Ilya FES,Fès,,34.0451274,-4.9876615,exacte,osm
6178,Pharmacie Ilya,pharmacie,613917179,"lot. bab elghoul a5 dher elmahraz, proche de l'hopital el ghassani Fes",Fès,,34.0451274,-4.9876615,exacte,osm
6466,Pharmacie Jbel Tghat,pharmacie,535750788,hay tghat a cote de préfecture zouagha moulay yacoub route marjane Fes,Fès,,34.0577633,-5.0212595,exacte,osm
6569,Pharmacie Jnane Drader,pharmacie,535763849,"pharmacie jnane drader, 34 rue 3 jnane drader sidi boujida Fes",Fès,,34.0346534,-5.0161926,ville,centre_ville
6672,Pharmacie Kamal,pharmacie,535762065,numéro 12 rue blad saadani sehb al ward a cote du terminus 53 Fes,Fès,,34.0571051,-4.9544992,exacte,osm
6719,Pharmacie Karaouine,pharmacie,535640749,Pharmacie Karaouine FES,Fès,,34.0067267,-5.0165884,exacte,nominatim
6786,Pharmacie La Baraka,pharmacie,535748766,numéro 15 lot firdaws hay adarissa a cote de mosquée al baraka a cote de ista Fes,Fès,,34.0189521,-5.0152133,exacte,osm
7102,Pharmacie La Lavande,pharmacie,535607879,hay Rajae rue 2 n°13 Champ de Cours Fès,Fès,,34.0335369,-5.022362,exacte,osm
7149,Pharmacie La Menara,pharmacie,535615672,635 bd al karaouiyine narjiss c rte de sefrou Fes,Fès,,34.0142987,-4.9681185,exacte,osm
7307,Pharmacie Laguzira,pharmacie,535763900,n° 13 fran chrarda laguzira a coté de la mosquée al makhfiya et cinéma al amal FES,Fès,,34.0346534,-5.0161926,ville,centre_ville
7375,Pharmacie Lavande,pharmacie,536607879,Pharmacie Lavande FES,Fès,,34.0335369,-5.022362,exacte,osm
7452,Pharmacie Les Merinides,pharmacie,535645169,"numéro 24, hay ben zakour dher lkhmiss en face préfecture meriniyine Fes",Fès,,34.0346534,-5.0161926,ville,centre_ville
7541,Pharmacie Louageryine,pharmacie,535940033,Pharmacie Louageryine FES,Fès,,34.0346534,-5.0161926,ville,centre_ville
7544,Pharmacie Louizate,pharmacie,535629882,"pharmacie louizate, bled diouri n°44, douar riafa, bab ftouh Fes",Fès,,34.0770571,-5.0412562,ville,nominatim_quartier
7587,Pharmacie Mabrouka,pharmacie,535700377,"27, lotiss. mabrouka 2, belkhayat, terminus 37 Fes",Fès,,34.071724,-5.00249,exacte,osm
7644,Pharmacie Malaika,pharmacie,535962247,hay badr 1 lot. mehdi n°50 pres ecole malaika Fes,Fès,,34.0250218,-5.0195794,quartier,nominatim_voie
7651,Pharmacie Marhaba,pharmacie,535641381,"hay el mernissi sidi brahim, a coté poste sidi brahim et hotel fès inn FES",Fès,,34.0269793,-4.9880236,exacte,osm
7856,Pharmacie Mouene,pharmacie,535711748,hay Msallah lotiss. Andalous Fès,Fès,,34.054109,-4.959813,exacte,osm
7921,Pharmacie Mounad,pharmacie,535763503,hay Sehb El Ward rue 1 n°17 bis blad Raiss Fès,Fès,,34.0346534,-5.0161926,ville,centre_ville
8005,Pharmacie Nationale,pharmacie,535634313,n°42. rue talaa sghira Fes,Fès,,34.0626035,-4.9795049,exacte,osm
8047,Pharmacie Nour,pharmacie,535943513,n° 85. bd les marinides. mellah Fes,Fès,,34.0529333,-4.9921724,exacte,osm
8067,Pharmacie Nouzha,pharmacie,535610374,route ain chqef. mosquée mouad ibn jabel. lotissement nouzha. face écoles al falah Fes,Fès,,34.0117154,-5.0108792,exacte,osm
8106,Pharmacie Oued Zhoun,pharmacie,535635969,"numéro 47 , arssat betioui oued zhoun Fes",Fès,,34.0685381,-4.9706313,exacte,nominatim_nom
8156,Pharmacie Oum El Banine,pharmacie,535635562,"n°10, boulevard ahmed mekouar, bathaa, près du lycée oum el banine Fes",Fès,,34.0346534,-5.0161926,ville,centre_ville
9607,Pharmacie Oxygène,pharmacie,535657902,2 hay Dhar El Mehraz rue Tarik Al Moqadassa Fès - Maroc,Fès,,34.0346534,-5.0161926,ville,centre_ville
8182,Pharmacie Oxygène,pharmacie,611706272,cité 2 rue tariq al moqadassa dher lmahraz Fes,Fès,,34.0346534,-5.0161926,ville,centre_ville
8228,Pharmacie Populaire,pharmacie,535621929,"92, bab jyaf en face de bab samarine boulkhsisat, fes jdid",Fès,,34.0539632,-4.9893255,exacte,osm
8264,Pharmacie R'cif,pharmacie,535633323,"rahbat tben, bab jdid .r'cif Fes",Fès,,34.0346534,-5.0161926,ville,centre_ville
8365,Pharmacie Sagha,pharmacie,535634042,hay sagha Fes,Fès,,34.066239,-4.9748059,exacte,osm
8411,Pharmacie Sebti,pharmacie,535640666,"n°1, bloc c, rue benzakour. en face du lycée ben tachfine - clinique riyad atlas FES",Fès,garde 24h/24,34.0323654,-5.0003964,exacte,osm
8426,Pharmacie Sehb Elward,pharmacie,535761484,"5, sehb elward, rue 3 en d'hors du bab ftouh Fes",Fès,,34.0346534,-5.0161926,ville,centre_ville
8432,Pharmacie Sehrij Gnaoua,pharmacie,535630816,"n°201 blad tahri, sahrij gnaoua FES",Fès,,34.0346534,-5.0161926,ville,centre_ville
8451,Pharmacie Sidi Ali Boughaleb,pharmacie,535649500,drouj malakia bab ftouh Fes,Fès,,34.0608412,-4.9664226,exacte,nominatim_nom
8452,Pharmacie Sidi Boujida,pharmacie,535648703,sidi boujida Fes,Fès,,34.0690138,-4.9672801,quartier,nominatim
8537,Pharmacie Tadamoune,pharmacie,535649215,hay Sahrij Gnaoua bloc 30 B n°54 Elmenzeh Fès,Fès,,34.0346534,-5.0161926,ville,centre_ville
8681,Pharmacie Youssef Ibn Tachfine,pharmacie,535753702,lot riad limoune s14 n°3 route meknes Fes,Fès,,34.0346534,-5.0161926,ville,centre_ville
8734,Pharmacie Zalagh,pharmacie,535701025,lot hadika tranche 2. route entre dauaa et oued fès Fes,Fès,,34.0346534,-5.0161926,ville,centre_ville
8750,Pharmacie Zemmouri,pharmacie,535601446,"pharmacie zemmouri, route ain smen a cote istea Fes",Fès,,34.0185021,-5.0190467,exacte,osm
8756,Pharmacie Ziat,pharmacie,535634446,12 hay ziat bathaa,Fès,,34.0585728,-4.9791927,exacte,nominatim_nom
7232,Pharmacie la Ménara,pharmacie,535658694,635 bd Al Karaouiyine Narjiss C rtede Sefrou Fès,Fès,,34.0142987,-4.9681185,exacte,osm
7464,Pharmacie les Trois Sources,pharmacie,535963300,rte d'imouzzer lotiss. labar n°61 FES,Fès,,34.0346534,-5.0161926,ville,centre_ville
9995,pharmacie olha,pharmacie,677208990,"N° 1 lot A151 lot,bab el ghoul tranche 2 dhar mahraz-fes a cote hôtel saharai",Fès,,34.0346534,-5.0161926,ville,centre_ville
1591,La Grande Pharmacie de Guelmim,autre_point_de_vente,528872015,Avenue Al Massira angle av. Youssef Ben Tachefine Guelmim,Guelmim,09H A 21H,28.9882002,-10.0574895,exacte,osm
7327,Pharmacie Al Azhar,pharmacie,528871819,59 av Tayert hay Adarissa II GUELMIM,Guelmim,,28.9863852,-10.0574351,ville,centre_ville
7481,Pharmacie Al Fath,pharmacie,528770170,29 lotiss. Al Fath Guelmim,Guelmim,,28.9863852,-10.0574351,ville,centre_ville
182,Pharmacie Al Mokhtar Soussi,pharmacie,528773319,bd Mokhtar Soussi Guelmim,Guelmim,,28.9863852,-10.0574351,ville,centre_ville
5288,Pharmacie AlMassira,pharmacie,528873422,192 rue AlMassira Guelmim,Guelmim,,28.9863852,-10.0574351,ville,centre_ville
1667,Pharmacie Almahatta,pharmacie,528872394,136 av. Ibn Battouta Guelmim,Guelmim,,28.9937886,-10.0577391,exacte,osm
7397,Pharmacie Amhirich,pharmacie,528773284,av 3 Mars rte de Tan Tan GUELMIM,Guelmim,,28.9863852,-10.0574351,ville,centre_ville
4002,Pharmacie Arrahma,pharmacie,528870720,bd Prince Héritier Guelmim,Guelmim,,28.9863852,-10.0574351,ville,centre_ville
1821,Pharmacie Assalam,pharmacie,528772155,189 bd Hassan I Nwader Guelmim,Guelmim,,28.9863852,-10.0574351,ville,centre_ville
5086,Pharmacie Bab Sahra,pharmacie,528872426,22 av des Far Guelmim,Guelmim,,28.9859932,-10.054632,exacte,nominatim_nom
1421,Pharmacie Beddine,pharmacie,528771760,av Tan Tan Guelmim,Guelmim,,28.4347898,-11.0886442,quartier,nominatim
3952,Pharmacie Ben Tahr,pharmacie,528771314,56 av Allal Ben Abdellah hay Al Massira II Guelmim,Guelmim,,28.9863852,-10.0574351,ville,centre_ville
4819,Pharmacie Charia Al Wad,pharmacie,528772853,bd Moulay Hicham Al Wad Guelmim,Guelmim,,28.9863852,-10.0574351,ville,centre_ville
3408,Pharmacie Chifaa,pharmacie,528770545,382 av Hassan II Guelmim,Guelmim,,28.9908318,-10.0645579,exacte,osm
9005,Pharmacie Corniche,pharmacie,528774700,bd Ibn Batouta Guelmim - Maroc,Guelmim,,28.996762,-10.0633205,exacte,osm
7779,Pharmacie Dakhla,pharmacie,528871288,av. Ibn Toumert (jdid) hay Miri Guelmim,Guelmim,,28.9799847,-10.0477496,quartier,nominatim_quartier
10120,Pharmacie El Hoda,pharmacie,528770303,bd Amane Ouchen Guelmim,Guelmim,,28.9863852,-10.0574351,ville,centre_ville
1642,Pharmacie Gharnata,pharmacie,808521255,10 hay nouader Zrouila Guelmim,Guelmim,,28.976552,-10.0647052,exacte,osm
4297,Pharmacie Guelmim,pharmacie,528873055,212 place Bir Anzarane Guelmim,Guelmim,,28.9858139,-10.0571567,exacte,nominatim_nom
8784,Pharmacie Hôpital Régional,pharmacie,808560362,hay Arrahma - Autre ville rte Sidi Ifni bloc 3 Guelmim,Guelmim,,28.9863852,-10.0574351,ville,centre_ville
7284,Pharmacie Ichraq,pharmacie,528770543,hay Essaadiyine rue 20 n°20 Guelmim,Guelmim,,28.9863852,-10.0574351,ville,centre_ville
6192,Pharmacie Ifrane,pharmacie,528788950,Pharmacie Ifrane GUELMIM,Guelmim,,28.9863852,-10.0574351,ville,centre_ville
7704,Pharmacie Jamal,pharmacie,528871100,257 av. Al Moukaouama GUELMIM,Guelmim,,28.9863852,-10.0574351,ville,centre_ville
2262,Pharmacie Kenza,pharmacie,528873655,"av. 3 Mars , Rte de Tan Tan Guelmim",Guelmim,,28.9863852,-10.0574351,ville,centre_ville
238,Pharmacie Lotfi,pharmacie,528872216,56 bd. Mehdi Ben Toumert Guelmim,Guelmim,,28.9863852,-10.0574351,ville,centre_ville
9135,Pharmacie Meryem,pharmacie,649941730,32 bd Hassan II Guelmim - Maroc,Guelmim,,28.9863852,-10.0574351,ville,centre_ville
8951,Pharmacie Moderne,pharmacie,528772460,bd Ibn Toumert n°314/316 Guelmim - Maroc,Guelmim,,28.9888222,-10.0519683,exacte,osm
5656,Pharmacie Mouqaouama,pharmacie,528770354,30 av. Mouqaouama Guelmim,Guelmim,,28.9863852,-10.0574351,ville,centre_ville
6899,Pharmacie Nouvelle,pharmacie,528770488,162 av. Mehdi Ben Toumert GUELMIM,Guelmim,,28.9849335,-10.0503222,exacte,osm
2409,Pharmacie Oued Noun,pharmacie,528873848,av. Hassan II n°40 Guelmim,Guelmim,00H A 09H,28.9872898,-10.059278,exacte,osm
254,Pharmacie Oumaima,pharmacie,528772838,av. Ibn Rochd Guelmim,Guelmim,,28.9859564,-10.0527293,exacte,osm
8367,Pharmacie Plage Blanche,pharmacie,528871377,av Hassan II rte d'Ifni hay Rahma Guelmim,Guelmim,,28.9863852,-10.0574351,ville,centre_ville
6046,Pharmacie Principale,pharmacie,528873184,Pharmacie Principale GUELMIM,Guelmim,,28.9854097,-10.0524484,exacte,osm
4196,Pharmacie Route d'Ifni,pharmacie,528871110,415 Av. Hassan II Guelmim,Guelmim,,28.9897875,-10.0633678,exacte,osm
3849,Pharmacie Sabor,pharmacie,528771888,157 av. Abainou Guelmim,Guelmim,,28.9863852,-10.0574351,ville,centre_ville
2052,Pharmacie Sidi El Ghazi,pharmacie,528772080,293 av. des F.a.r Guelmim,Guelmim,,28.9863852,-10.0574351,ville,centre_ville
5124,Pharmacie Tafilalet,pharmacie,528771832,44 av. Youssef Ibn Tachfine Guelmim,Guelmim,,28.9852011,-10.0598706,exacte,osm
7516,Pharmacie Tayert,pharmacie,528873795,av Ibnou Sina hay Tayert Guelmim,Guelmim,,28.9904504,-10.0429191,exacte,osm
570,Pharmacie centrale,pharmacie,528872148,37 Boulevard Mohammed V Guelmim,Guelmim,09H A 21H,28.9863852,-10.0574351,ville,centre_ville
148,Pharmacie de la Santé,pharmacie,528771891,130 bd. Agadir Guelmim,Guelmim,09H A 21H,28.9916662,-10.0549912,exacte,osm
4749,Pharmacie du Palais,pharmacie,528771030,179 av. ElMassira place 20 Août Guelmim,Guelmim,,28.989643,-10.0596443,exacte,osm
8987,Pharmacie du Peuple,pharmacie,528772816,138 av ElKourchi Guelmim - Maroc,Guelmim,,28.9863852,-10.0574351,ville,centre_ville
2129,Pharmacie du Souk,pharmacie,528872013,"place Hassan II , n°90 Guelmim",Guelmim,,28.981415,-10.0581115,exacte,osm
411,Pharmacie du Sud,pharmacie,528873474,av Med VI route d'Agadir Guelmim,Guelmim,,28.9863852,-10.0574351,ville,centre_ville
6440,Pharmacie l'Hopital,pharmacie,528872278,181 av. Aabouda GUELMIM,Guelmim,,28.9799912,-10.0555265,exacte,osm
9803,Pharmacie Abdelkarim Khattabi,pharmacie,535676876,bd Abdelkrim Kattabi - Autre ville Guercif - Maroc,Guercif,garde 24h/24,34.225576,-3.352345,ville,centre_ville
9371,Pharmacie Al Baladia,pharmacie,535200909,"Bd Allal Ben Abdellah, Guercif",Guercif,garde 24h/24,34.2243171,-3.3510185,rue,nominatim
9960,Pharmacie Al Farabi,pharmacie,535676089,rte de Taza - Autre ville Guercif,Guercif,,34.225576,-3.352345,ville,centre_ville
9700,Pharmacie Al Filali,pharmacie,535200958,hay Ennajd Guercif - Maroc,Guercif,,34.225576,-3.352345,ville,centre_ville
9827,Pharmacie Al Hourria,pharmacie,535675199,lotiss. El Houria - Autre ville Guercif - Maroc,Guercif,,34.225576,-3.352345,ville,centre_ville
10125,Pharmacie Alfassi Senhaji,pharmacie,535202022,"lotissement Wiam , n°10 Guercif",Guercif,,34.225576,-3.352345,ville,centre_ville
9783,Pharmacie Allal Ben Abdellah,pharmacie,535200771,147 bd Allal Ben Abdallah - Autre ville Guercif - Maroc,Guercif,,34.2247052,-3.3506307,exacte,nominatim_nom
9819,Pharmacie Annarjis,pharmacie,535200459,4 bd Tafilelt - Autre ville Guercif - Maroc,Guercif,,34.2243286,-3.3432199,exacte,osm
6358,Pharmacie Aïn Zoura,pharmacie,535675450,104 av Mly Youssef GUERCIF,Guercif,,34.225576,-3.352345,ville,centre_ville
7077,Pharmacie Centrale,pharmacie,535675056,bd. Mohammed V ang. av. Al Ittihad GUERCIF,Guercif,,34.2238699,-3.3502097,exacte,osm
1425,Pharmacie Chifae,pharmacie,535675478,11 rue Melwiya GUERCIF,Guercif,,34.225576,-3.352345,ville,centre_ville
6047,Pharmacie Chouiber,pharmacie,535200961,574 hay Chouiber II GUERCIF,Guercif,,34.225576,-3.352345,ville,centre_ville
9854,Pharmacie Ennour,pharmacie,535202133,lotiss. Malouiya Guercif - Maroc,Guercif,,34.225576,-3.352345,ville,centre_ville
5936,Pharmacie Grande Pharmacie du Rif,pharmacie,535200441,60 av Abdelmoumen Ben Ali GUERCIF,Guercif,,34.2269062,-3.3446501,exacte,osm
6463,Pharmacie Guercif,pharmacie,535676210,11 av Mly Youssef GUERCIF,Guercif,,34.2274367,-3.3484757,exacte,osm
9961,Pharmacie Harchat Gambir,pharmacie,535200293,hay Al Arass Guercif,Guercif,,34.2458948,-3.3492161,exacte,osm
5911,Pharmacie Houara,pharmacie,535200694,218 bd. My Youssef rte Oujda GUERCIF,Guercif,,34.2172097,-3.3545061,exacte,nominatim_nom
9802,Pharmacie Ibn Al Haytam,pharmacie,535675438,rue Ibn Al Haytam Guercif - Maroc,Guercif,,34.225576,-3.352345,ville,centre_ville
6829,Pharmacie Ibnou Sina,pharmacie,535675055,100 Av. Mly Hassan GUERCIF,Guercif,,34.225576,-3.352345,ville,centre_ville
9836,Pharmacie Idrissi,pharmacie,535202442,Lotissement Omrane Guercif - Maroc,Guercif,,34.2166421,-3.3598024,exacte,osm
9812,Pharmacie L'Oriental,pharmacie,535676194,Rte Saka Guercif - Maroc,Guercif,,34.2378616,-3.341287,exacte,osm
8397,Pharmacie La Clinique,pharmacie,535675144,3 X av. Abdelkrim El Khattabi hay Nougd GUERCIF,Guercif,,34.2327174,-3.3511304,exacte,osm
9908,Pharmacie Labiad,pharmacie,538610652,"n° 85, Avenue adbelkrim khattabi, Guercif",Guercif,,34.225576,-3.352345,ville,centre_ville
9778,Pharmacie Moderne,pharmacie,535201321,lotissement laaricha Guercif - Maroc,Guercif,,34.2381242,-3.344852,exacte,osm
9828,Pharmacie Moulay Ahmed,pharmacie,535200573,Route Saka Guercif - Maroc,Guercif,,34.225576,-3.352345,ville,centre_ville
8503,Pharmacie Moulouya,pharmacie,535675602,av Mohamed V GUERCIF,Guercif,,34.2284085,-3.3427502,exacte,osm
7344,Pharmacie Nougd,pharmacie,535200115,36 bd. Abdelkrim El Khattabi hay Nougd GUERCIF,Guercif,,34.225576,-3.352345,ville,centre_ville
9747,Pharmacie Othmane ben Affane,pharmacie,538505196,lotiss. Najah - Autre ville Guercif - Maroc,Guercif,,34.225576,-3.352345,ville,centre_ville
9804,Pharmacie Ouled Hamoussa,pharmacie,535200954,bd Ibn Haytam rue 2 n?1 Guercif - Maroc,Guercif,,34.225576,-3.352345,ville,centre_ville
10223,Pharmacie Pôle Ghayta (Qotb),pharmacie,707159000,"pole urbain ghiata secteur 3 N:5, Guercif",Guercif,,34.225576,-3.352345,ville,centre_ville
5960,Pharmacie Rochdi,pharmacie,535675857,av Itihad GUERCIF,Guercif,,34.2226925,-3.3489191,exacte,osm
9954,Pharmacie Route Saka,pharmacie,538650302,lotiss. Al Houda rte se Saka Guercif,Guercif,,34.225576,-3.352345,ville,centre_ville
933,Pharmacie Tarik,pharmacie,535676160,89 bd Mohammed V Guercif,Guercif,,34.225151,-3.3478469,exacte,osm
10049,Pharmacie Val D’or,pharmacie,537749494,"No 22, Val D'or, Harhoura, Avenue Moulay Abdellah, 12040",Harhoura,,33.9107817,-6.9749028,exacte,nominatim_nom
6152,Pharmacie AlFadila,pharmacie,535567546,146 hay AlAtlas IFRANE,Ifrane,,33.527605,-5.107408,ville,centre_ville
6625,Pharmacie Alouafae,pharmacie,535563850,Pharmacie Alouafae IFRANE,Ifrane,,33.527605,-5.107408,ville,centre_ville
7848,Pharmacie Belyazid,pharmacie,535566415,hay Essalam bloc Gb n°20 IFRANE,Ifrane,,33.527605,-5.107408,ville,centre_ville
586,Pharmacie Du Dispensaire,pharmacie,535566060,369 hay essalam Ifrane,Ifrane,,33.5197176,-5.1193816,exacte,osm
8799,Pharmacie Essalam,pharmacie,535566677,186 hay Essalam IFRANE,Ifrane,,33.527605,-5.107408,ville,centre_ville
6542,Pharmacie Iris,pharmacie,535567576,Marché Municipale IFRANE,Ifrane,,33.5258284,-5.1164239,exacte,osm
1964,Pharmacie Michlifen,pharmacie,535566496,7 rue des Erables Ifrane,Ifrane,,33.5291013,-5.1069944,exacte,osm
6284,Pharmacie Timahdite,pharmacie,535560460,Centre Timahdite IFRANE,Ifrane,,33.527605,-5.107408,ville,centre_ville
7950,Pharmacie du Bouling,pharmacie,535567784,bd la Marche Verte résid. Ifrane Bowling Center hay Ryad,Ifrane,,33.527605,-5.107408,ville,centre_ville
9962,Pharmacie AlMasjid,pharmacie,539806677,rue 2 n° 2 Imzouren,Imzouren,,35.1242118,-3.8680876,rue,nominatim_voie
9917,Pharmacie Dina Santé,pharmacie,633767975,220 bd Al Wahda - Autre ville Imzouren,Imzouren,,35.1462944,-3.8497277,ville,centre_ville
6199,Pharmacie Nekor,pharmacie,539806904,Pharmacie Nekor IMZOUREN,Imzouren,,35.1462944,-3.8497277,ville,centre_ville
9932,Pharmacie Tarik Ibn Ziad,pharmacie,539806809,bd Casablanca rue Tamassind Imzouren,Imzouren,,35.1462944,-3.8497277,ville,centre_ville
3545,Pharmacie 10 Ramadan,pharmacie,528833866,"rue 569 n°149 , Tarrast Inezgane",Inezgane,,30.3511,-9.5438205,exacte,osm
2353,Pharmacie Aabir,pharmacie,528333728,62 x bd hassan ii - taghzout Inezgane,Inezgane,00H A 09H,30.3607941,-9.5379534,rue,nominatim
2484,Pharmacie Al Firdaouss,pharmacie,633669516,av de l arrondissement rue 707 Tarrast Inezgane,Inezgane,,30.3562929,-9.5459347,ville,centre_ville
2809,Pharmacie Al Moggar,pharmacie,528834848,45 av mokhtar soussi Inezgane,Inezgane,,30.3603503,-9.5284788,rue,nominatim
2983,Pharmacie AlMassira,pharmacie,528834420,95 av. mohammed v Inezgane,Inezgane,,30.3753497,-9.5570483,rue,nominatim
547,Pharmacie AlWafa,pharmacie,528835032,rte. principale tarrast Inezgane,Inezgane,,30.3562929,-9.5459347,ville,centre_ville
3493,Pharmacie Argana,pharmacie,528336830,"193, bd. My Abdellah Inezgane",Inezgane,,30.3578887,-9.5380152,exacte,osm
6156,Pharmacie Assalam,pharmacie,528836361,hay Sidi Fadoul zone 1 n°102 Tarrast INEZGANE,Inezgane,,30.3562929,-9.5459347,ville,centre_ville
3366,Pharmacie Bouzgar,pharmacie,528838225,"Bouzgar , rue 640 n°4 Inezgane",Inezgane,,30.3474382,-9.5353018,exacte,osm
5487,Pharmacie Chahir,pharmacie,528330101,rue Bouzager squar jorf Inezgane,Inezgane,09H A 21H,30.3474849,-9.5420669,exacte,osm
982,Pharmacie Des Hopitaux,pharmacie,528834201,"av. mly ali chrif bounaman, près de l'hopital d'inezgane",Inezgane,,30.3562929,-9.5459347,ville,centre_ville
2714,Pharmacie El Hilal,pharmacie,528335882,"av al amaouiine (chanti jdid), rue 558 n°8 tarrast Inezgane",Inezgane,,30.3503715,-9.5470536,exacte,nominatim_nom
1072,Pharmacie El Walidaine,pharmacie,528330307,"2 bis, timegrad jorf , rue 433 Inezgane",Inezgane,,30.3562929,-9.5459347,ville,centre_ville
5792,Pharmacie ElAmine,pharmacie,528271177,"409, bd Moukhtar Soussi , El Ghiaten, Dcheira Inezgane",Inezgane,,30.3562929,-9.5459347,ville,centre_ville
1396,Pharmacie Essaâda,pharmacie,528832815,"109, bd hassan i Inezgane",Inezgane,,30.3552733,-9.5383156,exacte,nominatim_nom
4469,Pharmacie Ezzahra,pharmacie,528337507,"34 Bis, bd Al Mourabitine , cité des Fonctionnaires Inezgane",Inezgane,,30.3562929,-9.5459347,ville,centre_ville
2337,Pharmacie Ezzahra,pharmacie,668456715,"34 bis, bd al mourabitine, cité des fonctionnaires (tel2: 0528337507) Inezgane",Inezgane,,30.3562929,-9.5459347,ville,centre_ville
5130,Pharmacie Hader,pharmacie,528837650,"lot. Rmel 2 , n° E13, Tarrast Inezgane",Inezgane,,30.3585031,-9.5498036,exacte,osm
4623,Pharmacie Hagounia,pharmacie,528832161,"1, av Mokhtar Essoussi imm. Hagounia Inezgane",Inezgane,,30.360173,-9.5282762,exacte,osm
5698,Pharmacie Hanane,pharmacie,528337236,"place du café, jorf Inezgane",Inezgane,,30.4325751,-9.5827459,exacte,osm
4854,Pharmacie Jamal,pharmacie,528333718,"35, av des F.a.r. , cité Oued Eddahab Inezgane",Inezgane,,30.3641032,-9.5396173,exacte,nominatim_nom
1088,Pharmacie Jorf,pharmacie,528836313,route pl de Jorf Derb Aliouat Inezgane,Inezgane,,30.3489706,-9.537748,exacte,nominatim_nom
4987,Pharmacie Kourtit,pharmacie,528270724,"54, rue Faïssal Ben Abd ElAziz , Takarkout, Dcheira Inezgane",Inezgane,,30.3562929,-9.5459347,ville,centre_ville
3427,Pharmacie La Grande Pharmacie Jorf,pharmacie,528833064,"50, entrée arrondissement Jorf Inezgane",Inezgane,,30.3562929,-9.5459347,ville,centre_ville
2760,Pharmacie Lot Couscouss,pharmacie,528272399,lot ElFaiz n°40 rue 2071 Dcheira Inezgane,Inezgane,,30.3562929,-9.5459347,ville,centre_ville
4128,Pharmacie Masdoura,pharmacie,528335044,rue 507 n°5 Bouzgar Mesdoura Inezgane,Inezgane,,30.3624762,-9.5362016,rue,nominatim_voie
7096,Pharmacie Najah Igroumai,pharmacie,528271800,266 bd Sidi Haj Lahbib Igroumai Dcheira INEZGANE,Inezgane,,30.3774992,-9.5391625,exacte,osm
852,Pharmacie Nass Jorf,pharmacie,528337474,"18, jorf inezgane , rue 442, près de la mosquée maou3ida",Inezgane,,30.3440704,-9.5394131,exacte,osm
5412,Pharmacie Nouvelle,pharmacie,528837860,"12, bd M'hand Obrahim , Bouzegar hay Jorf Inezgane",Inezgane,,30.3449545,-9.5431523,exacte,nominatim_nom
7336,Pharmacie Pasteur,pharmacie,528272947,201 av. Mokhtar Soussi Dcheira INEZGANE,Inezgane,,30.3675201,-9.5409826,exacte,osm
1005,Pharmacie Rahal Ben Ahmed,pharmacie,528836747,103 lot Amlal Inezgane,Inezgane,,30.3562929,-9.5459347,ville,centre_ville
5554,Pharmacie Rmel,pharmacie,528337314,"515, Lot. Rmel 2 , Tarrast Inezgane",Inezgane,09H A 21H,30.3559595,-9.5476869,exacte,osm
1409,Pharmacie Souk Al Houria,pharmacie,661378843,777 souk al houria Inezgane,Inezgane,,30.3562929,-9.5459347,ville,centre_ville
2826,Pharmacie Souk Al Houria,pharmacie,771532334,"777 souk al houria, entrée 8 (tél2: 0661378843) Inezgane",Inezgane,,30.3562929,-9.5459347,ville,centre_ville
275,Pharmacie Taghzoute,pharmacie,528335556,avenue mohamed v ang. av 3 mars cité hassani Inezgane,Inezgane,,30.3465451,-9.4968823,rue,nominatim_voie
3645,Pharmacie Taj,pharmacie,528334242,av. Mly Ali Cherif Mesdoura Inezgane,Inezgane,,30.3519425,-9.5413046,exacte,osm
1824,Pharmacie Tarraste,pharmacie,528833033,route principale tarraste Inezgane,Inezgane,,30.352322,-9.5475282,exacte,osm
4644,Pharmacie Vittoria,pharmacie,528271894,"hay Rochdi, rue 1518 n°61 , Dcheira Inezgane",Inezgane,,30.3562929,-9.5459347,ville,centre_ville
3464,Pharmacie de la Grande Mosquée,pharmacie,528330767,"place de la grande mosquée , q. Tarraste Inezgane",Inezgane,,30.3562929,-9.5459347,ville,centre_ville
1482,Pharmacie de la place,pharmacie,528832510,3 rue des écoles imm. Chahrazade Inezgane,Inezgane,,30.2968896,-9.4734809,exacte,osm
1174,Pharmacie du sud,pharmacie,528832332,105 rue des écoles (tel 2: 0528 83 23 31) Inezgane,Inezgane,,30.3562929,-9.5459347,ville,centre_ville
9279,Pharmacie les Chalets 2,pharmacie,528331113,100 cit,Inezgane,,30.3562929,-9.5459347,ville,centre_ville
6148,Pharmacie Itzer,pharmacie,535598145,Pharmacie Itzer,Itzer,,32.879137,-5.054056,ville,centre_ville
6985,Pharmacie AlHamd,pharmacie,524642670,Pharmacie AlHamd JEMAA SEHAIM,Jemaa Sehaim,,32.3489166,-8.8428545,ville,centre_ville
6161,Pharmacie Centrale,pharmacie,524642045,Pharmacie Centrale JEMAA SEHAIM,Jemaa Sehaim,,32.3489166,-8.8428545,ville,centre_ville
8018,Pharmacie Principale,pharmacie,524642313,Pharmacie Principale JEMAA SEHAIM,Jemaa Sehaim,,32.3489166,-8.8428545,ville,centre_ville
7438,Pharmacie Taieb,pharmacie,524642651,Pharmacie Taieb JEMAA SEHAIM,Jemaa Sehaim,,32.3489166,-8.8428545,ville,centre_ville
7122,Pharmacie AlAmal,pharmacie,537555339,Pharmacie AlAmal KHEMISSET,Khemisset,,33.830287,-6.072605,ville,centre_ville
6876,Pharmacie AlHouda,pharmacie,537554466,Amicale Essafa n°116 hay Essada KHEMISSET,Khemisset,,33.830287,-6.072605,ville,centre_ville
6870,Pharmacie AlMasjid AlKadim,pharmacie,537556027,Pharmacie AlMasjid AlKadim KHEMISSET,Khemisset,,33.830287,-6.072605,ville,centre_ville
2431,Pharmacie AlMostakbal,pharmacie,537551211,Pharmacie AlMostakbal KHEMISSET,Khemisset,,33.830287,-6.072605,ville,centre_ville
952,Pharmacie Alwafae,pharmacie,537558526,185 av. Mohammed V Khemisset,Khemisset,,33.830287,-6.072605,ville,centre_ville
6209,Pharmacie Annasr,pharmacie,537554125,Pharmacie Annasr KHEMISSET,Khemisset,,33.834177,-6.0656779,exacte,osm
6402,Pharmacie Arrahma,pharmacie,537558816,77 X rue Oued Tensift Zahrra KHEMISSET,Khemisset,,33.830287,-6.072605,ville,centre_ville
6122,Pharmacie Asmae,pharmacie,537552285,Pharmacie Asmae KHEMISSET,Khemisset,,33.830287,-6.072605,ville,centre_ville
2743,Pharmacie Bel Hassan Louazani,pharmacie,537556662,129 hay Riad Khemisset,Khemisset,,33.830287,-6.072605,ville,centre_ville
7076,Pharmacie Bouchaara,pharmacie,537555444,94 av. Allal Ben Abdellah KHEMISSET,Khemisset,,33.830287,-6.072605,ville,centre_ville
6718,Pharmacie Centrale,pharmacie,537553226,149 rue Rahmani Allal hay Essalam KHEMISSET,Khemisset,,33.8272307,-6.0638701,exacte,osm
10156,Pharmacie Diar Al Hamraa,pharmacie,537559715,"hay Marrakech , Diour Alhomar Khémisset",Khemisset,,33.830287,-6.072605,ville,centre_ville
6478,Pharmacie ElBassatine,pharmacie,537555638,110 lot ElBassatine 2 KHEMISSET,Khemisset,,33.830287,-6.072605,ville,centre_ville
6399,Pharmacie ElWahda,pharmacie,537552713,Pharmacie ElWahda KHEMISSET,Khemisset,,33.830287,-6.072605,ville,centre_ville
6077,Pharmacie Essalam,pharmacie,537553022,147 av. Bir Anzarane hay Salam KHEMISSET,Khemisset,,33.830287,-6.072605,ville,centre_ville
7132,Pharmacie Firdaous,pharmacie,537550550,158 X rue Cdt Driss Harti hay Essalam KHEMISSET,Khemisset,,33.8295721,-6.0675107,exacte,osm
7000,Pharmacie Hakamat,pharmacie,537552444,28 rue Benzert lot Hakamat KHEMISSET,Khemisset,,33.8304728,-6.0596374,exacte,osm
6926,Pharmacie Hourri,pharmacie,537558474,rue Ait Baamrane hay Najah KHEMISSET,Khemisset,,33.8316033,-6.0681409,exacte,osm
6493,Pharmacie Ibn AlBaytar,pharmacie,537551110,61 lotiss. El Fath KHEMISSET,Khemisset,,33.830287,-6.072605,ville,centre_ville
7177,Pharmacie Le Chateau,pharmacie,537559290,393 av Mohamed Zerktouni hay ElFarah I KHEMISSET,Khemisset,,33.8378438,-6.0797827,exacte,osm
6928,Pharmacie Maamora,pharmacie,537556559,14 av. Abderrahmane Zemmouri hay Maâmoura KHEMISSET,Khemisset,,33.830287,-6.072605,ville,centre_ville
6379,Pharmacie Marmouche,pharmacie,537516743,Pharmacie Marmouche KHEMISSET,Khemisset,,33.830287,-6.072605,ville,centre_ville
6621,Pharmacie Najah,pharmacie,537551345,rue Ait Abbou KHEMISSET,Khemisset,,33.8336833,-6.0690831,exacte,osm
7194,Pharmacie Naji,pharmacie,537559453,Pharmacie Naji KHEMISSET,Khemisset,,33.8380249,-6.0751614,exacte,osm
6572,Pharmacie Sidi Ghandour,pharmacie,537551629,"510, hay Rettaha KHEMISSET",Khemisset,,33.8438073,-6.0660822,exacte,nominatim_nom
6369,Pharmacie Sidi Ghrib,pharmacie,537559222,Pharmacie Sidi Ghrib KHEMISSET,Khemisset,,33.8342588,-6.0647357,exacte,osm
5847,Pharmacie Zerktouni,pharmacie,587558978,Pharmacie Zerktouni KHEMISSET,Khemisset,,33.8348037,-6.0781568,exacte,osm
6821,Pharmacie Zône Industrielle,pharmacie,537559758,Pharmacie Zône Industrielle KHEMISSET,Khemisset,,33.8209947,-6.0784847,exacte,osm
6727,Pharmacie de Ville,pharmacie,537551146,193 rue Oued Sebou hay Zahra KHEMISSET,Khemisset,,33.830287,-6.072605,ville,centre_ville
1150,Pharmacie des Cliniques,pharmacie,537551018,av. Khalid Ibn El Oualid lot Hakamat Khemisset,Khemisset,,33.830287,-6.072605,ville,centre_ville
1659,Pharmacie des Zemmours,pharmacie,537552794,274 bd Mohammed V Khemisset,Khemisset,,33.830287,-6.072605,ville,centre_ville
8212,Pharmacie la Belle Vie,pharmacie,537550427,av Mohammed V galerie Belle Vie KHEMISSET,Khemisset,,33.830287,-6.072605,ville,centre_ville
6413,Pharmacie la Fontaine,pharmacie,537559352,32 rue Hilali Larbi Essalam KHEMISSET,Khemisset,,33.830287,-6.072605,ville,centre_ville
6195,Pharmacie lirac,pharmacie,537556234,19 rue Abou Dhabi KHEMISSET,Khemisset,,33.8208441,-6.0709123,exacte,osm
6305,Pharmacie marhaba,pharmacie,537558297,Pharmacie marhaba KHEMISSET,Khemisset,,33.8258355,-6.0658392,exacte,osm
33,Pharmacie 21 Août,pharmacie,523561012,"rue 21 Août , bloc D n°3 Khouribga",Khouribga,,32.8826763,-6.9159339,exacte,osm
303,Pharmacie Akhoune,pharmacie,675192695,16 rue Aarif Mehdi Khouribga,Khouribga,,32.8856482,-6.908798,ville,centre_ville
536,Pharmacie Al Khair,pharmacie,523495952,bd Moulay Idriss 1er Trik Al Fokara Khouribga,Khouribga,,32.8856482,-6.908798,ville,centre_ville
615,Pharmacie Al Manal,pharmacie,523494263,rue Zaitouna 3 n° 923 Khouribga,Khouribga,09H A 21H,32.8856482,-6.908798,ville,centre_ville
748,Pharmacie Al Ouafa,pharmacie,523560253,hay Al Massira Rihane 3 n° 1 Khouribga,Khouribga,,32.8856482,-6.908798,ville,centre_ville
1334,Pharmacie AlMarjane,pharmacie,523495122,43 X nouveaux logements O.c.p. Khouribga,Khouribga,,32.8856482,-6.908798,ville,centre_ville
1374,Pharmacie AlMasjid,pharmacie,523492606,6 hay Mohammedi Khouribga,Khouribga,,32.8856482,-6.908798,ville,centre_ville
1529,Pharmacie AlMassira,pharmacie,523499119,"294, av Ahmed ElHiba , bloc C Khouribga",Khouribga,,32.8856482,-6.908798,ville,centre_ville
1949,Pharmacie Amtoun,pharmacie,523561700,bd Mohammed VI c.com. Marjane n°8 Khouribga,Khouribga,,32.8882019,-6.9073428,exacte,osm
1973,Pharmacie Aneflous,pharmacie,540156912,81 bd Massira El Khadra coopérative Bir Anzaran hay Saâda Khouribga,Khouribga,,32.8976696,-6.9282918,exacte,osm
2233,Pharmacie Assalam,pharmacie,523566220,"cité AlMassira , bd Ahmed ElHiba Khouribga",Khouribga,,32.8883098,-6.8935856,exacte,osm
2350,Pharmacie Azzaitouna,pharmacie,523490063,"134, nouveaux logements O.c.p. Khouribga",Khouribga,,32.8856482,-6.908798,ville,centre_ville
9119,Pharmacie Belbsir,pharmacie,523492452,3 mosquée Errahmane hay ElFaraj Khouribga - Maroc,Khouribga,,32.8856482,-6.908798,ville,centre_ville
9299,Pharmacie Benjelloul,pharmacie,689355222,Douar Benjelloul n° 342 Khouribga - Maroc,Khouribga,,32.8856482,-6.908798,ville,centre_ville
2654,Pharmacie Bnou Haytam,pharmacie,523563404,179 Yasmina 1 2°tranche Khouribga,Khouribga,,32.8856482,-6.908798,ville,centre_ville
2655,Pharmacie Boujniba,pharmacie,523570295,Pharmacie Boujniba KHOURIBGA,Khouribga,,32.8982514,-6.7791135,exacte,osm
2692,Pharmacie Boulanouar,pharmacie,523577808,Pharmacie Boulanouar KHOURIBGA,Khouribga,,32.8856482,-6.908798,ville,centre_ville
2769,Pharmacie Centrale,pharmacie,523560980,13 rue Moulay Abderrahmane Khouribga,Khouribga,,32.8844199,-6.9133502,exacte,osm
3002,Pharmacie Cherkaoui,pharmacie,523564971,136 rue Moulay Driss Khouribga,Khouribga,,32.8856482,-6.908798,ville,centre_ville
3045,Pharmacie Chifa,pharmacie,523562653,3 rue de Meknés Khouribga,Khouribga,,32.8856482,-6.908798,ville,centre_ville
3590,Pharmacie Eddakhla,pharmacie,523565254,96 B rue des Amandiers hay Dakhla Khouribga,Khouribga,,32.8929747,-6.9088002,quartier,nominatim_quartier
3660,Pharmacie El Ghaz,pharmacie,671634580,rue Bab Lakbir Khouribga,Khouribga,,32.8856482,-6.908798,ville,centre_ville
4013,Pharmacie Ennour,pharmacie,523564902,169 av. 16 Novembre hay Nahda Khouribga,Khouribga,,32.8856482,-6.908798,ville,centre_ville
4247,Pharmacie Ghizlaine,pharmacie,673141886,Khouadria Jdad bloc 1 n° 16 Khouribga,Khouribga,,32.8856482,-6.908798,ville,centre_ville
4312,Pharmacie Gnadiz,pharmacie,523410152,Pharmacie Gnadiz KHOURIBGA,Khouribga,,32.8856482,-6.908798,ville,centre_ville
4334,Pharmacie Hattane,pharmacie,523574746,Pharmacie Hattane KHOURIBGA,Khouribga,,32.8856482,-6.908798,ville,centre_ville
4590,Pharmacie Ibn Tofail,pharmacie,523498242,"19, rue Tinghir , lot. Iqbal Khouribga",Khouribga,,32.8860122,-6.9008217,exacte,nominatim_nom
4745,Pharmacie Irfane,pharmacie,540007324,Rte Al Khatawate lotiss Al Hamraa n°12 Khouribga,Khouribga,,32.8856482,-6.908798,ville,centre_ville
5572,Pharmacie Mly Youssef,pharmacie,523565111,18 bd Mly Youssef Khouribga,Khouribga,,32.8856482,-6.908798,ville,centre_ville
5626,Pharmacie Mouhcine,pharmacie,523560086,2 rue Ibn Batouta Khouribga,Khouribga,,32.8860258,-6.9208103,exacte,osm
5631,Pharmacie Nahda,pharmacie,523561537,15 rue de la Mosquée Khouribga,Khouribga,,32.8854903,-6.9120525,exacte,osm
5983,Pharmacie Oum ElQora,pharmacie,523492385,Pharmacie Oum ElQora KHOURIBGA,Khouribga,,32.8856482,-6.908798,ville,centre_ville
6117,Pharmacie Principale,pharmacie,523570175,Pharmacie Principale KHOURIBGA,Khouribga,,32.8977106,-6.7759273,exacte,osm
6239,Pharmacie Rabbah,pharmacie,603085178,9 rue Mly Hassan Khouribga,Khouribga,,32.8856482,-6.908798,ville,centre_ville
6389,Pharmacie Rochdi,pharmacie,523567541,50 av. de l'Egypte lot. Errachaid Khouribga,Khouribga,,32.8921797,-6.89802,exacte,osm
6438,Pharmacie Roudani,pharmacie,523562511,214 Rue Brahim Roudani Khouribga,Khouribga,,32.8839129,-6.9212835,exacte,osm
6986,Pharmacie Tlat Oulad Azzouz,pharmacie,668446669,Pharmacie Tlat Oulad Azzouz KHOURIBGA,Khouribga,,32.8856482,-6.908798,ville,centre_ville
3344,Pharmacie de Marrakech,pharmacie,523493730,46 Rue Marrakech Khouribga,Khouribga,,32.8814213,-6.9140125,exacte,osm
9180,Pharmacie du 2 Mars,pharmacie,624492896,16 lotiss. Zaitoune 1° tranche Khouribga - Maroc,Khouribga,,32.8856482,-6.908798,ville,centre_ville
3560,Pharmacie du Village,pharmacie,523492667,bd Farid Bouji ang rue Med El Ayachi n° 1 bis Khouribga,Khouribga,,32.8765125,-6.9082636,exacte,osm
10213,Pharmacie Filatova,pharmacie,537556085,"rue El Kayraouane , Izdihar Khémisset",Khémisset,,33.8330394,-6.0614047,exacte,osm
9109,Pharmacie Laboratoire Atlas,pharmacie,537552670,142 Avenue Mohammed V Khémisset - Maroc,Khémisset,,33.8258559,-6.0691902,exacte,osm
9120,Pharmacie de Khémisset,pharmacie,537552131,4 rue de la Gendarmerie Royale Khémisset - Maroc,Khémisset,,33.823884,-6.0665943,exacte,osm
9092,Pharmacie du sahara,pharmacie,537552164,128 Rue Zerktouni Khémisset - Maroc,Khémisset,,33.8301666,-6.072581,exacte,osm
9127,Pharmacie populaire,pharmacie,537552543,147 Rue Ibnou Sina Khémisset - Maroc,Khémisset,,33.8280338,-6.0707597,exacte,osm
2717,Pharmacie 8 Mars,pharmacie,535586395,Cité Pam rue 1 n°20 Khénifra,Khénifra,,32.9321576,-5.6688252,exacte,osm
7050,Pharmacie Abouchane,pharmacie,535586858,64 X Rue 20 Aôut KHENIFRA,Khénifra,,32.939164,-5.6696004,exacte,osm
8315,Pharmacie Achbaro,pharmacie,535588867,hay Ennassim bloc 1 n°13 KHENIFRA,Khénifra,,32.9264753,-5.6670646,exacte,osm
449,Pharmacie Afilal,pharmacie,535384751,Centre Tighessaline Khénifra,Khénifra,,32.9357718,-5.6696504,ville,centre_ville
6745,Pharmacie Afilal,pharmacie,535596969,Pharmacie Afilal KHENIFRA,Khénifra,,32.9357718,-5.6696504,ville,centre_ville
7233,Pharmacie Aguelman Azgza,pharmacie,535385496,2 bd Zerktouni KHENIFRA,Khénifra,,32.5957509,-6.2630361,rue,nominatim
10215,Pharmacie Al Course,pharmacie,535588558,"hay Course , rue 2 n°23 Khénifra",Khénifra,,32.9357718,-5.6696504,ville,centre_ville
6278,Pharmacie Al Massira,pharmacie,535385205,313 rue Massira Amalou Ighriben KHENIFRA,Khénifra,,32.9357718,-5.6696504,ville,centre_ville
6435,Pharmacie Alfath,pharmacie,535382552,105 rue 1 Hay Alfath KHENIFRA,Khénifra,,32.9357718,-5.6696504,ville,centre_ville
6755,Pharmacie Atlas,pharmacie,535586506,37 bd Mohammed V KHENIFRA,Khénifra,,32.9361843,-5.6738082,exacte,osm
7054,Pharmacie Azir,pharmacie,535587757,11 rue Diour Chioukh ancienne Médina KHENIFRA,Khénifra,garde 24h/24,32.9357718,-5.6696504,ville,centre_ville
5974,Pharmacie Centre El Ksab,pharmacie,535394150,155 bd Hassan II El kbab KHENIFRA,Khénifra,,32.9357718,-5.6696504,ville,centre_ville
6914,Pharmacie Centre de Santé,pharmacie,535399315,Ait Ishak KHENIFRA,Khénifra,,32.7596253,-5.7245637,exacte,nominatim
10110,Pharmacie Chaab,pharmacie,538695890,"quartier Champs de course , rue 2 Khénifra",Khénifra,,32.9357718,-5.6696504,ville,centre_ville
6395,Pharmacie Cèdre,pharmacie,535586582,261 rue Massira Amalou Ighriben KHENIFRA,Khénifra,,32.9383404,-5.6534616,exacte,osm
5988,Pharmacie El Amal,pharmacie,535384166,58 rue oued Sebou hay Hamria KHENIFRA,Khénifra,,32.9357718,-5.6696504,ville,centre_ville
166,Pharmacie El Habri,pharmacie,535383003,185 bd El Massira Amalou Ighriben KHENIFRA,Khénifra,,32.9386758,-5.6519625,exacte,nominatim_nom
7956,Pharmacie Ennajd,pharmacie,624820550,Hay Ennajd n°179 KHENIFRA,Khénifra,,32.9493911,-5.6597647,exacte,osm
5844,Pharmacie Fleurs,pharmacie,535382242,hay Essalam bloc H n°361 KHENIFRA,Khénifra,,32.9357718,-5.6696504,ville,centre_ville
251,Pharmacie Ghrissi,pharmacie,535587857,66 bd Mohammed V cité Hassan II Khénifra,Khénifra,,32.9428803,-5.6770795,exacte,osm
10075,Pharmacie Hamria,pharmacie,535586701,139 lot. Al Arz 2 Khénifra,Khénifra,,32.9357718,-5.6696504,ville,centre_ville
10117,Pharmacie Healing Atlas,pharmacie,535381983,Khénifra,Khénifra,,32.9357718,-5.6696504,ville,nominatim
8470,Pharmacie Ibn Rochd,pharmacie,535588889,Cité Agricate rue 6 n°26 KHENIFRA,Khénifra,,32.9480169,-5.6645119,exacte,nominatim_nom
6243,Pharmacie Ibn Sina,pharmacie,535588808,34 rue Elmassira cité Oum Rabia KHENIFRA,Khénifra,,32.9372741,-5.6590069,exacte,nominatim_nom
7026,Pharmacie Jabbour,pharmacie,535588847,17 bd Massira Khadra KHENIFRA,Khénifra,,32.9378553,-5.6632577,exacte,osm
6521,Pharmacie Kaf Nsour,pharmacie,535382941,Pharmacie Kaf Nsour KHENIFRA,Khénifra,,32.9357718,-5.6696504,ville,centre_ville
7151,Pharmacie Karaouia,pharmacie,535384848,1 bd Abdellah Chefchaouni hay Ismailia KHENIFRA,Khénifra,,32.9357718,-5.6696504,ville,centre_ville
5895,Pharmacie Najah,pharmacie,535384545,hay Najah rue 3 n°2 KHENIFRA,Khénifra,,32.9337714,-5.6692509,exacte,osm
6063,Pharmacie Nasr,pharmacie,535383672,68 bd Massira Amalou KHENIFRA,Khénifra,,32.9407468,-5.6472683,exacte,osm
8447,Pharmacie Noor,pharmacie,535586643,Pharmacie Noor KHENIFRA,Khénifra,,32.9357718,-5.6696504,ville,centre_ville
2771,Pharmacie Oum El Qora,pharmacie,535384143,Lotissement El Abdellaoui rte. de Meknés n°31 bis KHENIFRA,Khénifra,,32.9525428,-5.6647156,exacte,nominatim_nom
6183,Pharmacie Principale,pharmacie,535384606,69 Casablanca KHENIFRA,Khénifra,,32.3389918,-6.3443913,rue,nominatim
6951,Pharmacie Rahma,pharmacie,535588468,Route de Béni Mellal KHENIFRA,Khénifra,,32.9239971,-5.6696272,exacte,osm
6373,Pharmacie Razi,pharmacie,535587344,Pharmacie Razi KHENIFRA,Khénifra,,32.9357718,-5.6696504,ville,centre_ville
6840,Pharmacie Tighessaline,pharmacie,535596006,bd Mohammed V Tighessaline KHENIFRA,Khénifra,,32.9357718,-5.6696504,ville,centre_ville
6062,Pharmacie Touhami,pharmacie,535587800,33 quartier Ikhamen KHENIFRA,Khénifra,,32.9321676,-5.6651001,exacte,osm
6134,Pharmacie Tounifit,pharmacie,535580622,7 place Marche Verte Tounifit KHENIFRA,Khénifra,,32.9357718,-5.6696504,ville,centre_ville
3165,Pharmacie Zayan,pharmacie,535586041,3 bd. Mohamed V Khénifra,Khénifra,,32.9345999,-5.6713701,exacte,osm
711,Pharmacie des Cliniques,pharmacie,661649124,54 lotiss. Oum Rabii - Autre ville Amalou Khénifra,Khénifra,,32.9349695,-5.6613909,exacte,osm
6932,Pharmacie la Gare,pharmacie,535382038,200 bd Zerktouni cité Michlifen KHENIFRA,Khénifra,,32.9302153,-5.6687732,exacte,osm
1091,Pharmacie nouvelle,pharmacie,535586521,237 bd. Mohamed V Khénifra,Khénifra,,32.9399501,-5.6757494,exacte,osm
5643,Pharmacie Abi AlMahassin,pharmacie,539905555,hay ElMassira ElKhadra grp.D rue 10 n°65 Ksar el kebir,Ksar El Kebir,,34.999218,-5.898724,ville,centre_ville
816,Pharmacie Al Balsam,pharmacie,539919894,260 rte de Larache Ksar el kebir,Ksar El Kebir,,34.999218,-5.898724,ville,centre_ville
3808,Pharmacie Al Fath,pharmacie,539905582,Lotissement Hamza Dar Dokan Ksar el kebir,Ksar El Kebir,,34.999218,-5.898724,ville,centre_ville
4188,Pharmacie Al Madina,pharmacie,539903744,"84 Bis, hay Lalla Fatima Andaloussia Ksar el kebir",Ksar El Kebir,,34.999218,-5.898724,ville,centre_ville
8566,Pharmacie Al Yaqtine,pharmacie,658308651,Pharmacie Al Yaqtine KSAR EL KEBIR,Ksar El Kebir,,34.999218,-5.898724,ville,centre_ville
1408,Pharmacie Al Yaqtine,pharmacie,539907734,hay Ouled Hmayde Ksar el kebir,Ksar El Kebir,,34.999218,-5.898724,ville,centre_ville
5585,Pharmacie AlAmal,pharmacie,539906246,Hay Ouelad Hmayd Ksar el kebir,Ksar El Kebir,,34.999218,-5.898724,ville,centre_ville
5016,Pharmacie AlMassira,pharmacie,539907658,"hay ElMassira , grp. A n°46 Ksar el kebir",Ksar El Kebir,,34.999218,-5.898724,ville,centre_ville
4107,Pharmacie AlQods,pharmacie,539918763,42 X av. My Ali Boughaleb Ksar el kebir,Ksar El Kebir,,34.999218,-5.898724,ville,centre_ville
3020,Pharmacie Almahata,pharmacie,539919005,77 bd. Med. Zerktouni Ksar el kebir,Ksar El Kebir,,34.999218,-5.898724,ville,centre_ville
3798,Pharmacie Aloroba,pharmacie,539906737,"hay Aloroba , grp. B rue 8 n°11 Ksar el kebir",Ksar El Kebir,,34.999218,-5.898724,ville,centre_ville
857,Pharmacie Alwafae,pharmacie,539918888,43 Avenue Bir Anzarane Ksar el kebir,Ksar El Kebir,,34.999218,-5.898724,ville,centre_ville
4865,Pharmacie Andalouss,pharmacie,539906542,"hay Andalouss , grp. A rue 15 n°58 Ksar el kebir",Ksar El Kebir,,34.9985255,-5.9110399,exacte,osm
289,Pharmacie Annassime,pharmacie,539908300,Hay Andalous rue 18 n°7 Ksar el kebir,Ksar El Kebir,,34.999218,-5.898724,ville,centre_ville
5798,Pharmacie Assalam,pharmacie,539907022,"7, av Ennasr Jardin Assalam Ksar el kebir",Ksar El Kebir,,34.9938505,-5.9047407,exacte,osm
2502,Pharmacie Azzaitoun,pharmacie,539903730,23 X lotiss. Al Fadl Bounouara Azzaitoun Ksar el kebir,Ksar El Kebir,,34.999218,-5.898724,ville,centre_ville
4557,Pharmacie Bab ElOued,pharmacie,539904800,25 rte. de Rabat Ksar el kebir,Ksar El Kebir,,34.999218,-5.898724,ville,centre_ville
837,Pharmacie Badr,pharmacie,539904804,"25, lotiss. Badr Ksar el kebir",Ksar El Kebir,,35.0207205,-5.9179957,exacte,osm
3652,Pharmacie Dar Doukhane,pharmacie,539904264,4 rue Oued ElMakhazine Ksar el kebir,Ksar El Kebir,,34.999218,-5.898724,ville,centre_ville
4159,Pharmacie ElMoussalah,pharmacie,539907190,"102, rte. de Larache Ksar el kebir",Ksar El Kebir,,34.999218,-5.898724,ville,centre_ville
4844,Pharmacie Ibn Khaldoun,pharmacie,539904690,25 av. de Municipalité Ksar el kebir,Ksar El Kebir,,35.0049127,-5.9054918,exacte,osm
946,Pharmacie Ibn Rochd,pharmacie,539918634,20 av. des Briques Ksar el kébir,Ksar El Kebir,,35.0200269,-5.9141493,exacte,nominatim_nom
4513,Pharmacie Ibn Sina,pharmacie,539902525,82 av. 20 Août Ksar el kebir,Ksar El Kebir,,34.999218,-5.898724,ville,centre_ville
2613,Pharmacie Imane,pharmacie,539907176,bd Annakhil Chaabi Ksar el kebir,Ksar El Kebir,,34.999218,-5.898724,ville,centre_ville
9191,Pharmacie Ksar ElKebir,pharmacie,539906462,7 av. de La Station Ksar El Kébir - Maroc,Ksar El Kebir,,34.999218,-5.898724,ville,centre_ville
3379,Pharmacie Laboratoire Essaada,pharmacie,539918477,101 Av. 20 Aout Ksar el kebir,Ksar El Kebir,,34.999218,-5.898724,ville,centre_ville
1945,Pharmacie Loukkous,pharmacie,539918679,9 rue Tlemcani Ksar el kebir,Ksar El Kebir,,34.9968706,-5.9077972,exacte,osm
4720,Pharmacie Mansour Eddahbi,pharmacie,539906852,hay Sidi Redwan Derb 1 n°3 Ksar el kebir,Ksar El Kebir,,34.999218,-5.898724,ville,centre_ville
3308,Pharmacie Nouvelle,pharmacie,539907229,"hay Ourouba , rue 16 n°8 Ksar el kebir",Ksar El Kebir,,34.999218,-5.898724,ville,centre_ville
2786,Pharmacie Oued Elmakhazine,pharmacie,539918772,2 Place Chouhada Ksar el kebir,Ksar El Kebir,,34.999218,-5.898724,ville,centre_ville
3324,Pharmacie Ouelad Hmayd,pharmacie,539918465,rue de Brique Oulad Hmayd Ksar el kebir,Ksar El Kebir,,34.999218,-5.898724,ville,centre_ville
4848,Pharmacie Populaire,pharmacie,539902255,131 Route de Larache Ksar el kebir,Ksar El Kebir,,34.999218,-5.898724,ville,centre_ville
2728,Pharmacie Rouafa Oulia,pharmacie,539902163,hay Essalam grp N rue 37 n°26 Ksar el kebir,Ksar El Kebir,,34.999218,-5.898724,ville,centre_ville
720,Pharmacie Samaa,pharmacie,642646042,lotiss. Riad 1 El Menzeh Ksar el kebir,Ksar El Kebir,,34.999218,-5.898724,ville,centre_ville
3638,Pharmacie Sidi AlKamil,pharmacie,539903850,135 rue de Rabat Sidi AlKamil Ksar el kebir,Ksar El Kebir,,34.999218,-5.898724,ville,centre_ville
5739,Pharmacie Sidi Biyati,pharmacie,539905045,"route Sidi El Biyati , grp Z n°75 Ksar el kebir",Ksar El Kebir,,34.999218,-5.898724,ville,centre_ville
3670,Pharmacie Sidi Makhlouf,pharmacie,539918412,hay Salam 1-3 Merina Ksar el kebir,Ksar El Kebir,,34.9958969,-5.9003112,exacte,nominatim_nom
3846,Pharmacie Taoud,pharmacie,539903520,303 route de Tatoft Ksar el kebir,Ksar El Kebir,,34.999218,-5.898724,ville,centre_ville
1963,Pharmacie Tatoft,pharmacie,539918403,144 route de Tatoft Ksar el kebir,Ksar El Kebir,,35.0006873,-5.8987401,exacte,osm
4626,Pharmacie Wahrani,pharmacie,534629568,"hay Assalam , grp. D rue 15 n°16 Ksar el kebir",Ksar El Kebir,,34.9961484,-5.8977224,exacte,osm
98,Pharmacie Abderrahmane Nacer,pharmacie,537371712,5 rue Tanger Kenitra,Kénitra,,34.2614172,-6.5972373,rue,nominatim
1095,Pharmacie Arizq,pharmacie,537387698,Pharmacie Arizq KENITRA,Kénitra,,34.26457,-6.570169,ville,centre_ville
1214,Pharmacie Arsat Elcadi,pharmacie,537382309,"bd mohammed v, lot n°4 Kenitra",Kénitra,,34.26457,-6.570169,ville,centre_ville
1244,Pharmacie Assafae,pharmacie,537391044,878 lotiss. Assafa T.a. Saknia Kénitra,Kénitra,,34.2443081,-6.5449575,exacte,osm
1569,Pharmacie Azharoun,pharmacie,537350020,"363, lotiss. Azharoune Kenitra",Kénitra,,34.2678735,-6.6019298,exacte,osm
1751,Pharmacie Benlahsen,pharmacie,537370350,"12, rue Ibn Batouta, ville haute Kenitra",Kénitra,,34.26457,-6.570169,ville,centre_ville
1818,Pharmacie Centrale,pharmacie,537378080,Pl. Chouhada rue 33 n°28 bis diour Saniak Kenitra,Kénitra,,34.26457,-6.570169,ville,centre_ville
1950,Pharmacie Dachra,pharmacie,537440586,Pharmacie Dachra KENITRA,Kénitra,,34.26457,-6.570169,ville,centre_ville
2008,Pharmacie Dar Doua,pharmacie,537360288,rue Idriss Al Akbar résid El Qods imm.G Kenitra,Kénitra,,34.254084,-6.5861316,exacte,osm
2046,Pharmacie De La Renaissance (annahda),pharmacie,537382069,"169, bd bacha abdelhamid el alaoui Kenitra",Kénitra,,34.26457,-6.570169,ville,centre_ville
2152,Pharmacie Des F.a.r,pharmacie,537366748,bd des f.a.r. près de la grande gare Kenitra,Kénitra,,34.2541472,-6.5792543,exacte,nominatim_nom
2276,Pharmacie Echam,pharmacie,537351300,"hay sayad, coopératif el amal n°40 KENITRA",Kénitra,,34.2684734,-6.6099719,exacte,osm
2308,Pharmacie El Bahaa,pharmacie,611759872,"Z.i Bir Rami, Ouled M'barek n°75 Kenitra",Kénitra,,34.26457,-6.570169,ville,centre_ville
2939,Pharmacie Firdaous,pharmacie,537371679,322 bd Mohammed V Kenitra,Kénitra,,34.2619653,-6.5789191,exacte,osm
2981,Pharmacie Ghani,pharmacie,537379806,Pharmacie Ghani KENITRA,Kénitra,,34.2522018,-6.6013654,exacte,osm
3101,Pharmacie Hind,pharmacie,537361296,81 X rue Oued Sebou Kénitra,Kénitra,,34.2563828,-6.5764181,exacte,osm
3751,Pharmacie Jemaa,pharmacie,537440975,Pharmacie Jemaa KENITRA,Kénitra,,34.2631994,-6.5741981,exacte,osm
3811,Pharmacie Karam,pharmacie,661877817,lotiss. le Vallon Kenitra,Kénitra,,34.2629525,-6.6052548,exacte,osm
5065,Pharmacie L'Horizon,pharmacie,537352569,Pharmacie L'Horizon KENITRA,Kénitra,,34.2573692,-6.5899621,exacte,osm
4400,Pharmacie La Cigogne,pharmacie,808374750,quartier la Cigogne rue 330 n°14 Kenitra,Kénitra,,34.2589371,-6.5689805,exacte,osm
4418,Pharmacie La Cigogne,pharmacie,537375896,Pharmacie La Cigogne KENITRA,Kénitra,,34.2589371,-6.5689805,exacte,osm
4546,Pharmacie La Grande Pharmacie,pharmacie,537371046,62 bd Mohamed Diouri Kenitra,Kénitra,,34.2655024,-6.5878748,rue,nominatim_voie
5424,Pharmacie Masjid Palestine,pharmacie,537364406,"1, lotiss. el menzeh, bir rami est KENITRA",Kénitra,,34.2429074,-6.6051373,exacte,nominatim_nom
5270,Pharmacie Maâmora,pharmacie,537376447,30 rue Hassan Bnou Tabit Kenitra,Kénitra,,34.2576566,-6.5832276,exacte,nominatim_nom
5569,Pharmacie Mohamed,pharmacie,661906890,Pharmacie Mohamed KENITRA,Kénitra,,34.258304,-6.5882253,exacte,nominatim
5634,Pharmacie Mohammed,pharmacie,537373573,"2, rue ibn benna, mosquée lalla khadija Kenitra",Kénitra,,34.2541012,-6.5840229,exacte,osm
5743,Pharmacie Moussa,pharmacie,537380172,210 lotiss. Andalous lot O Arfa Kenitra,Kénitra,,34.2440493,-6.5421522,exacte,osm
7163,Pharmacie Rochdi,pharmacie,537360404,Nouvelle Gare TGV mag. K1 Kenitra,Kénitra,,34.2517251,-6.5821413,exacte,osm
7255,Pharmacie Route Mehdia,pharmacie,537355407,"134, lotiss. Azharoune, n°1 Kenitra",Kénitra,,34.2703875,-6.6014248,exacte,osm
7276,Pharmacie Saknia,pharmacie,537380034,hay Saknia gpe Tadla n°1 Kenitra,Kénitra,,34.246333,-6.5505542,exacte,osm
7512,Pharmacie Sidi Larbi Boujemaâ,pharmacie,537364898,272 bd Mohammed V Kenitra,Kénitra,,34.2631994,-6.5741981,exacte,osm
7802,Pharmacie Takaddoum,pharmacie,537379997,100 rue Sidi Mohammed Kenitra,Kénitra,,34.2656005,-6.5738629,exacte,osm
8211,Pharmacie Universelle,pharmacie,537371888,"66 Bis, bd Youssef Ibn Tachfine Kenitra",Kénitra,,34.2595762,-6.5774926,exacte,osm
1819,Pharmacie centre ville,pharmacie,537376729,bd Mohamed Diouri ang. rue Med. Amraoui Kenitra,Kénitra,,34.2576566,-6.5832276,exacte,nominatim_nom
2012,Pharmacie de la Gare,pharmacie,537376175,162 bd Mohamed Diouri Kenitra,Kénitra,,34.2547194,-6.5819361,exacte,osm
2039,Pharmacie de la province,pharmacie,537375255,"27, bd hassan ii Kenitra",Kénitra,,34.2595715,-6.5806913,exacte,osm
2141,Pharmacie des F.A.R,pharmacie,537374200,bd des F.a.r. Kenitra,Kénitra,,34.2541472,-6.5792543,exacte,nominatim_nom
2228,Pharmacie du Marché,pharmacie,537371054,1 bd Prince Moulay Abdallah Kenitra,Kénitra,,34.2634309,-6.5842031,exacte,osm
2245,Pharmacie du Port,pharmacie,537370978,Pharmacie du Port KENITRA,Kénitra,,34.2640181,-6.580874,exacte,osm
3112,Pharmacie hôtel de ville,pharmacie,537371398,"412, bd mohammed v Kenitra",Kénitra,,34.258304,-6.5882253,exacte,nominatim_nom
4488,Pharmacie la Fontaine - Ennafoura,pharmacie,537373281,401 bd Mohammed V Kenitra,Kénitra,,34.26457,-6.570169,ville,centre_ville
1256,Pharmacie Al Fath,pharmacie,539522751,lotiss. Maghreb El Jadid Larache,Larache,,35.1952327,-6.152913,ville,centre_ville
8034,Pharmacie Al Marssa,pharmacie,539500080,"1, av Daraa Larache",Larache,,35.1979366,-6.1481178,exacte,nominatim_nom
4047,Pharmacie Al Marssa,pharmacie,539500039,"1, rue Dora Larache",Larache,,35.1979366,-6.1481178,exacte,nominatim_nom
1211,Pharmacie Al Plazza,pharmacie,539910675,10 bd Essaadiyine Larache,Larache,,35.1948713,-6.1564536,exacte,nominatim_nom
7038,Pharmacie AlAndalous,pharmacie,539911313,165 av. Moulay Ismail LARACHE,Larache,,35.195327,-6.1576003,rue,nominatim
7279,Pharmacie AlMaghreb ElJadid,pharmacie,539523874,1871 lot Al Maghreb El Jadid LARACHE,Larache,,35.1952327,-6.152913,ville,centre_ville
9491,Pharmacie AlMahkama,pharmacie,539913193,20 bd. Ifriquia Larache - Maroc,Larache,,35.1952327,-6.152913,ville,centre_ville
5090,Pharmacie AlMasjid,pharmacie,539912212,64 bd Sor Ichara Larache,Larache,,35.1952327,-6.152913,ville,centre_ville
5260,Pharmacie Alkawtar,pharmacie,539916006,56 av. Abderrahman ElGhafiki Larache,Larache,,35.1952327,-6.152913,ville,centre_ville
5426,Pharmacie Arrahma,pharmacie,539521123,1 bd. Oqba Bnou Nafia loti. Arrahma Larache,Larache,,35.177512,-6.1522773,exacte,osm
7027,Pharmacie Assalam,pharmacie,539911579,54 lotiss. Assalam LARACHE,Larache,,35.1817619,-6.1439677,exacte,osm
4903,Pharmacie Azouagh,pharmacie,539911888,30 bd Omar Ben Abdelaziz Larache,Larache,,35.1861205,-6.1468454,exacte,osm
6252,Pharmacie Boutaina,pharmacie,539501540,Pharmacie Boutaina LARACHE,Larache,,35.1928781,-6.1553246,exacte,osm
5203,Pharmacie C.d.g.,pharmacie,539521355,hay Alwahda Larache,Larache,,35.1952327,-6.152913,ville,centre_ville
9459,Pharmacie Centrale de Larache,pharmacie,539912346,1 Bis bd Mohamed Ben Abdellah Larache - Maroc,Larache,,35.196572,-6.1524199,exacte,nominatim_nom
5521,Pharmacie Chaabane,pharmacie,539520331,327 lot Chaabane Larache,Larache,,35.1666725,-6.1481436,exacte,osm
825,Pharmacie Coliseo,pharmacie,539913143,"11, rue caid ahmed riffi Larache",Larache,,35.1947614,-6.1543643,exacte,osm
22,Pharmacie Gharnata,pharmacie,539912929,19 bd. Hassan II Larache,Larache,,35.1945642,-6.1518752,exacte,osm
1128,Pharmacie Hay ElJadid,pharmacie,539916843,207 bd Mehdi Ben Toumert Larache,Larache,,35.1952327,-6.152913,ville,centre_ville
5401,Pharmacie Ibn Khaldoun,pharmacie,539914531,49 bd Mohamed Ben Abdellah Larache,Larache,,35.1912968,-6.1541289,exacte,osm
4670,Pharmacie Ibn Rochd,pharmacie,539915607,"88, bd. Abdelmoumen Ben Ali Larache",Larache,,35.1890139,-6.1515995,exacte,nominatim_nom
7582,Pharmacie Jaoui,pharmacie,539910044,av Ali Abi Taleb résid. AlFath M4/A Larache,Larache,,35.1919075,-6.1476864,exacte,osm
4829,Pharmacie Jnane Bacha,pharmacie,539914992,92 bd Oqba Ibn Nafie Larache,Larache,,35.1861581,-6.1494024,exacte,osm
4886,Pharmacie La farola,pharmacie,539501017,93 bd. Abdelmoumen Ben Ali Larache,Larache,,35.1952327,-6.152913,ville,centre_ville
636,Pharmacie Lalla Mennana,pharmacie,539916544,52 bd mohammed v Larache,Larache,,35.1933595,-6.1499852,exacte,osm
8277,Pharmacie Larache,pharmacie,539914543,5 bd Omar Ben Abdelaziz Larache,Larache,,35.1892942,-6.1480772,exacte,osm
3116,Pharmacie Libika Hay Nasr,pharmacie,661715758,"avenue des far, près du café nasr Larache",Larache,,35.1952327,-6.152913,ville,centre_ville
8418,Pharmacie Lixus,pharmacie,539914020,112 bd. Hassan II Larache,Larache,,35.192844,-6.1514186,exacte,osm
2491,Pharmacie Maghreb El Jadida,pharmacie,680703131,lot Maghreb El Jadid Larache,Larache,,35.1952327,-6.152913,ville,centre_ville
1361,Pharmacie Masjid AlForkan,pharmacie,539521121,17 lotiss. des Fonctionnaires hay ElJadid Larache,Larache,,35.1952327,-6.152913,ville,centre_ville
5766,Pharmacie Nahda,pharmacie,539521020,av Mehdi Ben Toumert Larache,Larache,,35.1952327,-6.152913,ville,centre_ville
8492,Pharmacie Populaire,pharmacie,539911217,Pharmacie Populaire LARACHE,Larache,,35.1965086,-6.1506662,exacte,osm
4494,Pharmacie Populaire,pharmacie,539501345,"27, av. Al Massira Al Khadra Larache",Larache,,35.1965086,-6.1506662,exacte,osm
3521,Pharmacie Principale,pharmacie,539501111,3 place des Martyrs Larache,Larache,,35.1908599,-6.1514154,exacte,osm
7270,Pharmacie Riad,pharmacie,539911327,124 bd Mly Med Ben Abdellah LARACHE,Larache,,35.1934403,-6.1539653,exacte,osm
5210,Pharmacie Rihab,pharmacie,539913091,19 place de la Mecque Larache,Larache,,35.1882493,-6.155194,exacte,osm
3154,Pharmacie Salama,pharmacie,539915786,161 bd Oqba Ibn Nafie Larache,Larache,,35.1952327,-6.152913,ville,centre_ville
9810,Pharmacie Sidi Larbi,pharmacie,539524909,69 Lotiss. hay El Jadid 2 Larache - Maroc,Larache,,35.1952327,-6.152913,ville,centre_ville
5690,Pharmacie des Far,pharmacie,539501818,106 bd des Far Larache,Larache,,35.1830457,-6.1570935,exacte,nominatim_nom
632,Pharmacie du Stade Municipal,pharmacie,539501124,64 Lotissement Al Khadra rue des Orangers Larache,Larache,,35.1804749,-6.1478848,exacte,osm
4656,Pharmacie hay nador,pharmacie,539916004,rue jakarta jnane bouhssina Larache,Larache,,35.1916976,-6.1619767,exacte,nominatim_nom
9480,Pharmacie 25 Mars,pharmacie,525136777,139 avenue 30 hay 25 Mars Laâyoune - Maroc,Laâyoune,,27.1239462,-13.1564689,exacte,nominatim_nom
24,Pharmacie Abadila,pharmacie,528990073,232 bd skkima LAAYOUNE,Laâyoune,,27.1435925,-13.1975094,exacte,osm
68,Pharmacie Achraf,pharmacie,528893975,153 bd skikima chadma 1 LAAYOUNE,Laâyoune,,27.1464185,-13.1972466,exacte,osm
79,Pharmacie Aicha,pharmacie,528894864,312 rue Zaouiat Cheikh Khatramla LAAYOUNE,Laâyoune,,27.1432679,-13.1935183,exacte,osm
316,Pharmacie Al Andalous,pharmacie,699152704,bd qaid nnajem (près du mosquée lahouhom) Laayoune,Laâyoune,,27.154512,-13.1953921,ville,centre_ville
519,Pharmacie Al Fadl,pharmacie,528990454,"bd al qods, près du cabinet du dr al khattabi Laayoune",Laâyoune,,27.1494985,-13.1901065,exacte,nominatim_nom
540,Pharmacie Al Haramain,pharmacie,528997799,"boulevard zaid ibn tabit, lotissement al wahda Laayoune",Laâyoune,,27.1401297,-13.1782919,exacte,nominatim_nom
10145,Pharmacie Al Qimma,pharmacie,528984141,hay Moulay Rachid Laâyoune,Laâyoune,,27.1451369,-13.1797949,exacte,nominatim_nom
1319,Pharmacie Al Yousr,pharmacie,528996584,"rue smara, immeuble kharif Laayoune",Laâyoune,,27.1359956,-13.1814945,exacte,nominatim_nom
1363,Pharmacie AlFath,pharmacie,528991488,av alforsane lot n°707 hay qods LAAYOUNE,Laâyoune,,27.154512,-13.1953921,ville,centre_ville
1617,Pharmacie AlQods,pharmacie,528990010,bd AlQods hay mly Rachid LAAYOUNE,Laâyoune,,27.154512,-13.1953921,ville,centre_ville
1988,Pharmacie Arrahma,pharmacie,528893833,place jamaa derhem Laayoune,Laâyoune,,27.154512,-13.1953921,ville,centre_ville
9323,Pharmacie Avenue Habouha,pharmacie,663153319,rue Omar Ibn El Ass hay Al Moustakbal Laâyoune - Maroc,Laâyoune,,27.154512,-13.1953921,ville,centre_ville
2213,Pharmacie Azzahra,pharmacie,528997998,hay moulay rachid - boulevard maghreb arabe Laayoune,Laâyoune,,27.149952,-13.1953959,exacte,osm
2497,Pharmacie Chaabia,pharmacie,528890402,"bd boukraa, près du rond-point Laayoune",Laâyoune,,27.154512,-13.1953921,ville,centre_ville
2934,Pharmacie ElAndalous,pharmacie,528994123,av Kayd Najem LAAYOUNE,Laâyoune,,27.154512,-13.1953921,ville,centre_ville
2980,Pharmacie Erraha,pharmacie,528892126,707 av de la mécque rte de smara Laayoune,Laâyoune,,27.154512,-13.1953921,ville,centre_ville
3007,Pharmacie Farhana,pharmacie,527652211,354 av Mecque rte. Smara LAAYOUNE,Laâyoune,,27.154512,-13.1953921,ville,centre_ville
3110,Pharmacie Granada,pharmacie,528990766,170 av. mezouar LAAYOUNE,Laâyoune,,27.1391052,-13.191486,rue,nominatim_voie
3121,Pharmacie Grande Pharmacie,pharmacie,528980041,lot 204 bloc F cité Mly Rachid LAAYOUNE,Laâyoune,,27.1391919,-13.1973582,exacte,nominatim_nom
3128,Pharmacie Grande Pharmacie Skikima,pharmacie,528992371,424 av skikima hay wahda i LAAYOUNE,Laâyoune,,27.1391919,-13.1973582,exacte,nominatim_nom
3175,Pharmacie Habiba,pharmacie,528894649,"douirat, près de la mosquée douirat - mobile: 06 63 08 34 91 Laayoune",Laâyoune,,27.1382918,-13.1753576,exacte,osm
3215,Pharmacie Hagounia,pharmacie,618688947,"bd boukraa, entre attijari wafa bank et le centre de santé Laayoune",Laâyoune,,27.1407286,-13.1993967,exacte,osm
5857,Pharmacie Hôpital Universitaire 25 Mars,pharmacie,663686611,25 mars numéro 258 bloc w en face de dar al hayat Laayoune,Laâyoune,,27.1312044,-13.144498,exacte,nominatim_nom
6017,Pharmacie Ibn Sina,pharmacie,528890361,252 bd mzouar LAAYOUNE,Laâyoune,,27.137423,-13.1900293,exacte,nominatim_nom
6196,Pharmacie Kalinoss,pharmacie,528985462,"bd abd moumen mouahid, derrière hotel salwan, tél mobile: 06 23 69 25 55 Laayoune",Laâyoune,garde 24h/24,27.154512,-13.1953921,ville,centre_ville
6398,Pharmacie Laâyoune,pharmacie,528892357,153 av Jamal Eddine Afghani LAAYOUNE,Laâyoune,,27.1398382,-13.1888716,exacte,osm
6729,Pharmacie Mekka,pharmacie,528892028,route ssmara (près du supermarché wenni) LAAYOUNE,Laâyoune,,27.154512,-13.1953921,ville,centre_ville
6791,Pharmacie Meryem,pharmacie,528984734,31 rue salmane el farissi - autre ville hay erraha Laayoune,Laâyoune,,27.154512,-13.1953921,ville,centre_ville
10164,Pharmacie Mohamed,pharmacie,528980103,hay Moulay Rachid hay Moulay Rachid Laâyoune,Laâyoune,,27.1614814,-13.2154936,exacte,nominatim_nom
6853,Pharmacie Mokhayam,pharmacie,623274404,"bd la poste mokhayam, hay moulay rachid, près de aswak marhaba Laayoune",Laâyoune,,27.154512,-13.1953921,ville,centre_ville
6909,Pharmacie Moulay Rachid,pharmacie,528890378,"hay moulay rchid (lirak), bd zerktouni, pres de l'ecole allal bn abdellah Laayoune",Laâyoune,,27.1488207,-13.1868933,exacte,osm
7134,Pharmacie Najib,pharmacie,528992662,259 X av Bir Jdid LAAYOUNE,Laâyoune,,27.154512,-13.1953921,ville,centre_ville
7567,Pharmacie Omm Saad,pharmacie,528994574,"bd boukraa, numéro 140, près de rhiba Laayoune",Laâyoune,,27.154512,-13.1953921,ville,centre_ville
7615,Pharmacie Oued Eddahab,pharmacie,528891037,av Mekka route Smara LAAYOUNE,Laâyoune,,27.1478149,-13.1957675,exacte,osm
7846,Pharmacie Principale,pharmacie,528892227,bd boukrâa LAAYOUNE,Laâyoune,,27.1495101,-13.1993876,exacte,nominatim
7889,Pharmacie Rabab,pharmacie,528992424,av albaat hay elqods n°82 LAAYOUNE,Laâyoune,,27.1394345,-13.1858946,exacte,osm
7989,Pharmacie Ras AlKhaima,pharmacie,528996332,boulevard ras alkhaima - 06 76 71 15 31 LAAYOUNE,Laâyoune,,27.154512,-13.1953921,ville,centre_ville
8309,Pharmacie Route Smara,pharmacie,528980512,bd ssmara (mahajj mohammed 6)-près du banque populaire al wahda et café sonbola LAAYOUNE,Laâyoune,,27.142786,-13.1891103,exacte,osm
8409,Pharmacie Samid,pharmacie,528892735,"hay nahda, en face du petit rond-point dans le bd entre station pitrom sahara et la nouvelle mosquée du quartier nahda bilal ibn rabah dans hay moulay rachid Laayoune",Laâyoune,,27.154512,-13.1953921,ville,centre_ville
8194,Pharmacie M'diq,pharmacie,539975038,"Avenue Lalla Nouzha, Route de Sebta, 3",M'Dieq,09H A 21H,,,,
8610,Pharmacie Al Marsa,pharmacie,539663666,Pharmacie Al Marsa M'DIQ,M'Diq,,35.6833598,-5.3232161,ville,centre_ville
7550,Pharmacie Alami,pharmacie,539663766,Pharmacie Alami M'DIQ,M'Diq,,35.6835962,-5.3261375,exacte,osm
8500,Pharmacie Badr,pharmacie,539975708,Pharmacie Badr M'DIQ,M'Diq,,35.6833598,-5.3232161,ville,centre_ville
8216,Pharmacie Chifae,pharmacie,539663771,Pharmacie Chifae M'DIQ,M'Diq,,35.6865892,-5.3256156,exacte,osm
7983,Pharmacie El Ouazzani Taibi,pharmacie,539975706,Pharmacie El Ouazzani Taibi M'DIQ,M'Diq,,35.6836546,-5.3220866,exacte,nominatim_nom
6037,Pharmacie Harras,pharmacie,539975024,Pharmacie Harras M'DIQ,M'Diq,,35.6844532,-5.3245841,exacte,osm
8052,Pharmacie Hay AlKalaa,pharmacie,539663017,Pharmacie Hay AlKalaa M'DIQ,M'Diq,,35.6833598,-5.3232161,ville,centre_ville
7844,Pharmacie Kharkhour,pharmacie,539975150,Pharmacie Kharkhour M'DIQ,M'Diq,,35.683068,-5.3238449,exacte,osm
8262,Pharmacie La Cassia,pharmacie,539978978,Pharmacie La Cassia M'DIQ,M'Diq,,35.6833598,-5.3232161,ville,centre_ville
6259,Pharmacie Rincon,pharmacie,539664017,Pharmacie Rincon M'DIQ,M'Diq,,35.684522,-5.3234125,exacte,osm
6832,Pharmacie Tamouda Bay,pharmacie,539663788,Pharmacie Tamouda Bay M'DIQ,M'Diq,,35.6833598,-5.3232161,ville,centre_ville
9912,Pharmacie 7ème Art,pharmacie,524377885,"H2V6+V6V, Av. du 7ème Art, Marrakech",Marrakech,,31.6258257,-7.9891608,ville,centre_ville
38,Pharmacie Abihafs,pharmacie,524017896,"Route d'Essaouira vers Marjane Massira, tournez à droite Addoha Douja 20 n°5 Les Portes de Marrakech",Marrakech,,31.6258257,-7.9891608,ville,centre_ville
151,Pharmacie Ain Itti,pharmacie,524329798,"8, Qt. Ain Itti Jnanat V, prés de la poste et du Centre de Santé Ain Itti MARRAKECH",Marrakech,,31.6484334,-7.9829258,exacte,nominatim_nom
216,Pharmacie Al Akhawayne,pharmacie,524205244,"2531, Lot Azzouzia, à 100m du centre de santé urbaine Azzouzia Marrakech",Marrakech,,31.6258257,-7.9891608,ville,centre_ville
248,Pharmacie Al Akwas,pharmacie,524361486,"372, M’hamid 4, entre Douar Chaouf et l’Ecole Ibn Zaïdoune Marrakech",Marrakech,,31.5981715,-8.0338547,exacte,nominatim_nom
391,Pharmacie Al Hamd,pharmacie,524361040,"251, Lot. Zerktouni Bouakkaz devant nouvelle entrée de l’Aéroport «Rond Point» à côté de Hamam Ali Ben Fellah Marrakech",Marrakech,,31.5944487,-8.0263045,exacte,nominatim_nom
406,Pharmacie Al Ihssane,pharmacie,524302410,"39, Dar Al Bir Wa Al Ihssane à côté de l'Hôpital CHU Mohamed 6 et Merchich Marrakech",Marrakech,,31.662572,-7.993474,exacte,nominatim_nom
534,Pharmacie Al Kasbah,pharmacie,524376778,"Ksibt Nhass, 33-34 Trik Sahrij Gnawa Kasbah Marrakech",Marrakech,,31.5928873,-7.9860777,exacte,nominatim_nom
552,Pharmacie Al Khalil,pharmacie,524383662,"251 Bis, Kasba prés de Sidi Mansour rue Mechouar Marrakech",Marrakech,,31.6132322,-7.9868341,exacte,nominatim_nom
593,Pharmacie Al Manal,pharmacie,524372708,"877, Bouakkaz derrière station Afriquia à côté de Boulangerie Ezzarktouni et près de l’Aéroport Marrakech",Marrakech,,31.5974734,-8.0206438,exacte,nominatim_nom
662,Pharmacie Al Matar,pharmacie,524360800,"64, Ighli I M'hamid Imm. ERAC Lakwass Marrakech",Marrakech,,31.5924724,-8.031882,exacte,nominatim_nom
665,Pharmacie Al Mounir,pharmacie,524360636,"633 A, M'hamid I, en face Hammam douche Douar Chaouf, en face de l’école Al Adarissa Marrakech",Marrakech,,31.5970014,-8.0313424,exacte,nominatim_nom
1024,Pharmacie Ariha,pharmacie,524312173,Pharmacie Ariha MARRAKECH,Marrakech,,31.6503251,-7.9894099,exacte,osm
1047,Pharmacie Arrahma,pharmacie,524383038,"8, Diour Saboun, à 300 m de Bab Taghzout vers Sakayat (Ch'reb ou Chouf) Marrakech",Marrakech,,31.6342899,-7.9879576,exacte,osm
1069,Pharmacie Arset Banni,pharmacie,524387963,En face de Bab Aghmat à côté de Khiria Bd. Cadi Ayad Marrakech,Marrakech,,31.624288,-7.9744268,exacte,nominatim_nom
1097,Pharmacie Assafwa,pharmacie,529177676,"Lot. Zerktouni n°139, Bouakkaz Extension Mhamid près de la Mosquée Al Amira (Al Houda) Marrakech",Marrakech,09H A 23H,31.6258257,-7.9891608,ville,centre_ville
1143,Pharmacie Assounna,pharmacie,524361622,"384, M'hamid C, près du café Al Boughaz en face du collège Tarek Ibn Ziad MARRAKECH",Marrakech,,31.6258257,-7.9891608,ville,centre_ville
1279,Pharmacie Azzahra,pharmacie,524443424,"107, Place Rahba Lakdima Marrakech",Marrakech,09H A 23H,31.6290112,-7.9869143,exacte,osm
1293,Pharmacie Bab Ailen,pharmacie,524443738,à 100m de Bab Aïlen près de Moulay Ali Cherif et à côté de Derb El Majjat MARRAKECH,Marrakech,,31.6258257,-7.9891608,ville,centre_ville
1347,Pharmacie Bab Elkhemis,pharmacie,524301284,Pharmacie Bab Elkhemis MARRAKECH,Marrakech,,31.6258257,-7.9891608,ville,centre_ville
1349,Pharmacie Bab Fteuh,pharmacie,524442678,"46, Place Bab Fteuh, près de la Place Jamaâ El Fna, à côté du café Argana Marrakech",Marrakech,,31.6273414,-7.9893007,exacte,nominatim_nom
1488,Pharmacie Belbekkar,pharmacie,524314794,"Hay Belbekar fin Av. de Palestine 264 Sakar en face de SPANA, Diour Masakin MARRAKECH",Marrakech,,31.6618916,-7.9875529,rue,nominatim_nom
1562,Pharmacie Bennouna,pharmacie,524302582,"283, Belbekkar 2 près du Marché Municipal Daoudiate et Jet sakane derrière la Mosquée Belbekkar MARRAKECH",Marrakech,,31.6594257,-7.9886009,exacte,osm
1639,Pharmacie Binlakchali,pharmacie,524436082,"142, Bine Lekchali 300 m après Victor Hugo Route de Targa à droite Marrakech",Marrakech,,31.6258257,-7.9891608,ville,centre_ville
1653,Pharmacie Borj Ennakhil,pharmacie,524329789,"Route de Fès "" Nakhla al 3ouja "" Entrée Tamsna en face du Jnane Lkbir MARRAKECH",Marrakech,,31.6486658,-7.9630905,exacte,nominatim_nom
1775,Pharmacie C.h.u.,pharmacie,524313567,En face de Diour L’masakine à côté de l'école Mohamed Abdou entre SPANA et le Marché Municipal Hay Mohammadi Marrakech,Marrakech,,31.6573723,-7.9905237,exacte,osm
1815,Pharmacie Carrefour,pharmacie,625545253,"Centre Commercial Al Mazar, route d'Ourika zone touristique Agdal Marrakech",Marrakech,,31.6258257,-7.9891608,ville,centre_ville
1817,Pharmacie Carrefour Almazar,pharmacie,524378061,Pharmacie Carrefour Almazar MARRAKECH,Marrakech,,31.6258257,-7.9891608,ville,centre_ville
1851,Pharmacie Chahrazade,pharmacie,524305757,"212, derrière le Stade de Foot Hay Mohammadi Unité III (Diour L’massakine) Marrakech",Marrakech,,31.6258257,-7.9891608,ville,centre_ville
1861,Pharmacie Chair El Hamra,pharmacie,524302766,"Rue Abou Oubaïda cité Mohammadia Unité 2, daoudiate, à côté de la Salle Couverte et lycée Al Kadissia Marrakech",Marrakech,,31.6258257,-7.9891608,ville,centre_ville
1896,Pharmacie Chatebi,pharmacie,524304396,"535, Bel Bekkar 2 Hay Mohammadi à côte du Collège Chatebi MARRAKECH",Marrakech,,31.6573724,-7.9873005,exacte,osm
1903,Pharmacie Chater,pharmacie,524376444,"51, Arset Bardii près de Harat Soura MARRAKECH",Marrakech,,31.6333163,-7.9851825,exacte,osm
2035,Pharmacie Dar Lahlib,pharmacie,524458364,"144, Hay Zaytoune Jdid à côté de l'école de la Gendarmerie Royale derrière le pont Dar Lahlib Marrakech",Marrakech,,31.6258257,-7.9891608,ville,centre_ville
2070,Pharmacie Dar Tounsi,pharmacie,524329652,"66, Biout El Boun Rte de Meknès après Aïn Itti et en face de Villas Borj Ennakhil et près de METRO MARRAKECH",Marrakech,,31.648825,-7.9517422,exacte,nominatim_nom
2077,Pharmacie Debagh,pharmacie,524377097,Pharmacie Debagh MARRAKECH,Marrakech,,31.633586,-7.9825338,exacte,osm
2111,Pharmacie Derb Dabachi,pharmacie,524426834,"54, Derb Dabachi Souika Médina MARRAKECH",Marrakech,,31.6271092,-7.9855954,exacte,nominatim_nom
2169,Pharmacie Douar Graoua,pharmacie,524377650,"43, Douar Graoua à côté de Dar My Driss Kennaria Marrakech",Marrakech,,31.6254721,-7.9829115,exacte,nominatim_nom
2201,Pharmacie Du Citoyen,pharmacie,524373998,"372, Lot. Ibn Sina Maatallah Mhamid, à côté de Douar El Hafra et Ecole Primaire El Ahd El Jadid Marrakech",Marrakech,,31.6258257,-7.9891608,ville,centre_ville
2488,Pharmacie El Antaki,pharmacie,524378928,"Place Bab El khmiss, en face de l’Hôpital El Antaki Marrakech",Marrakech,,31.6258257,-7.9891608,ville,centre_ville
2514,Pharmacie El Bahia,pharmacie,524445476,"99-100, Bd. Houmane El Fatouaki Arset Lamaâch en face Marché Mellah El Kher à côté du Commissariat et Collège Ibn Al Banna Marrakech",Marrakech,,31.6258257,-7.9891608,ville,centre_ville
2572,Pharmacie El Hamidi,pharmacie,524307350,"26, Aïn Itti devant le cimetière de Bab lakhmis Marrakech",Marrakech,,31.6451705,-7.9850595,exacte,nominatim_nom
2667,Pharmacie El Imame Ali,pharmacie,524328868,"631, Zohour I Aïn Itti, à côté de l’Hôtel Tikida et poste de Police Ain Itti Marrakech",Marrakech,,31.6486115,-7.979973,exacte,nominatim_nom
2721,Pharmacie El Machouer,pharmacie,524376063,"1, Sidi Amara «Squala» d’Agdal entre les portes d’Agdal et Ighli sur la Rte d’Ourika Marrakech",Marrakech,,31.6258257,-7.9891608,ville,centre_ville
2772,Pharmacie El Mellah,pharmacie,524385229,1 et 2 Derb Sekkaya Hay Salam (EL Mellah) près des Herboristes Médina MARRAKECH,Marrakech,,31.6258257,-7.9891608,ville,centre_ville
2787,Pharmacie El Moukef,pharmacie,670371717,"79 Bis, Toualat El Moukef, à côté de l'Hôpital El Antaki Marrakech",Marrakech,,31.6348519,-7.9834371,exacte,nominatim_nom
2820,Pharmacie ElGhorfi,pharmacie,524376262,Pharmacie ElGhorfi MARRAKECH,Marrakech,,31.6258257,-7.9891608,ville,centre_ville
2907,Pharmacie Fakhara,pharmacie,524314672,"130, Hay Fekhara, à côté du Village Touristique Rte Wilaya SYBA (entre Bab Kechich et Bab Dbagh) MARRAKECH",Marrakech,,31.6281073,-8.0915033,exacte,osm
3003,Pharmacie Guennoun,pharmacie,524328518,"Rte menant de Wilaya de la Sureté Nationale Ain Itti vers Rte de Casa, nouveau pont Guennoun face Belbekkar MARRAKECH",Marrakech,,31.6639524,-7.9856643,exacte,osm
3132,Pharmacie Hay El Hassani,pharmacie,524491553,"268 B, Toualat Massira II, entre terminus n° 8 et Lycée Salaheddine Ayoubi Marrakech",Marrakech,09H A 23H,31.6258257,-7.9891608,ville,centre_ville
3682,Pharmacie Houman El Fatouaki,pharmacie,524405554,"956, Av. Houman El Fatouaki, Sidi Youssef Ben Ali à côté du garage Hmad-Mouh Marrakech",Marrakech,,31.6258257,-7.9891608,ville,centre_ville
3550,Pharmacie HÔpital Mohamed Vi,pharmacie,524290002,"169, Lot. Boumassmar CHU Mohammed VI Cité de L’Hôpital Errazi Amerchich -Sakar- Marrakech",Marrakech,,31.6657771,-7.9949076,exacte,nominatim_nom
3529,Pharmacie Hôpital Med VI,pharmacie,524300002,Pharmacie Hôpital Med VI MARRAKECH,Marrakech,,31.6258257,-7.9891608,ville,centre_ville
4348,Pharmacie Ibn Zohr,pharmacie,524372795,"547, M’hamid 4 (Chaouf), derrière école Annassim Marrakech",Marrakech,,31.6003671,-8.0329125,exacte,nominatim_nom
4796,Pharmacie Jardins Hay Chrifia,pharmacie,524202175,"Rue des Ecoles, à côté de la Mosquée Al Houda (Al Amira) à Bouakkaz, en face de Hammam Walili Jardins Hay Chrifia Marrakech",Marrakech,,31.5895537,-8.0218567,quartier,nominatim_quartier
5438,Pharmacie Jnane El Afia,pharmacie,524376476,"4, Rue Jnane El Afia Toualate El Miara Hay Essalam, face du cimetière juif Mellah Marrakech",Marrakech,,31.6203307,-7.9804821,exacte,nominatim_nom
5705,Pharmacie Kabbadj,pharmacie,524372626,"1197, Lot. Zerktouni Bouakkaz M’hamid en face de Masjid El Houda (La Grande Mosquée) Marrakech",Marrakech,,31.5924249,-8.0218114,exacte,osm
5804,Pharmacie Kawtar,pharmacie,524328892,Pharmacie Kawtar MARRAKECH,Marrakech,,31.6352986,-7.9765795,exacte,osm
5793,Pharmacie Kawtar,pharmacie,524292696,"C9, Lot. Kawtar Ennakhil Sud en face de la porte de Aouda Saadia vers la gauche à côté de Ferran Laaraj Marrakech",Marrakech,09H A 23H,31.6352986,-7.9765795,exacte,osm
5874,Pharmacie Kennaria,pharmacie,524427521,Pharmacie Kennaria MARRAKECH,Marrakech,,31.6256229,-7.9856652,exacte,osm
5919,Pharmacie Khalid Ben Walid,pharmacie,524309094,"12, Unité 5 à côté du Stade Daoudiate Marrakech",Marrakech,,31.6539211,-7.9986407,exacte,nominatim_nom
1588,Pharmacie Koulyate,pharmacie,524300608,"2, Lot. Razi en face Fac des Lettres et près de la Fac de Droit Amerchich derrière C.H.U Mohamed VI Marrakech",Marrakech,,31.6258257,-7.9891608,ville,centre_ville
5973,Pharmacie Ksar ElHamra,pharmacie,524426154,Pharmacie Ksar ElHamra MARRAKECH,Marrakech,,31.6258257,-7.9891608,ville,centre_ville
6431,Pharmacie L'hÔpital Regional,pharmacie,525093377,"30, Op. Badr 2, Bouakkaz Mhamid Sud Marrakech",Marrakech,,31.6258257,-7.9891608,ville,centre_ville
6012,Pharmacie La Famille,pharmacie,524394920,"Fin Av. Tachfine Qt. Riad Al Menara (nouveau quartier), direction l'Aéroport à côté de la Mosquée Al Ghorfrane MARRAKECH",Marrakech,,31.6132656,-8.0486328,exacte,osm
6039,Pharmacie La Grande Pharmacie,pharmacie,524370333,"86, M'hamid Saâda I, Bd. El Boughaz à côté de l'Etablissement Al Inchirah Marrakech",Marrakech,,31.6521415,-8.0365209,exacte,nominatim_nom
6111,Pharmacie La Place,pharmacie,766883557,Place Jemaâ El Fna Marrakech,Marrakech,,31.6254905,-7.9885542,exacte,osm
6141,Pharmacie La Victoire,pharmacie,524300331,"798, Unité 4, à côté de Diour Massakine et Boulangerie Ayourli Marrakech",Marrakech,09H A 23H,31.6592991,-7.9970209,exacte,osm
6193,Pharmacie Lamhamid,pharmacie,524360159,"241, Saâda IV Lamhamid Laqwas, près du Docteur Haraki MARRAKECH",Marrakech,,31.5948888,-8.0321086,exacte,nominatim_nom
6258,Pharmacie Le 11 Janvier,pharmacie,524447470,"Bd. 11 Janvier, entre la Gare Routière Bab Doukkala et la Wilaya à côté de la Station Ifriquia Marrakech",Marrakech,,31.6410406,-7.9968308,exacte,osm
6261,Pharmacie Le Caducee,pharmacie,524361343,"17, Ighly 7, M'hamid près du dispensaire Marrakech",Marrakech,,31.6258257,-7.9891608,ville,centre_ville
6416,Pharmacie Les Vergers,pharmacie,524423378,Lot. Badr 16 près de la Résidence Abir 2 Hay Mabrouka Marrakech,Marrakech,,31.6543053,-8.0289268,exacte,nominatim_nom
6484,Pharmacie Lina,pharmacie,524361117,Mhamid5 près du nouveau centre de santé et lycée Abdellah Ibrahim (centre mhamid5) Marrakech,Marrakech,,31.5965232,-8.0391624,exacte,osm
6526,Pharmacie Loughribi,pharmacie,524328055,"244, Dar Tounsi en face de Metro Arrondissement Ennakhil Marrakech",Marrakech,09H A 23H,31.6482637,-7.9444873,exacte,osm
8977,Pharmacie M Avenue,pharmacie,524446158,2 bd de la Ménara Marrakech - Maroc,Marrakech,,31.5965801,-8.0350969,exacte,nominatim_nom
6636,Pharmacie Mammar An-nakhil,pharmacie,524307876,"336, Belbekkar 2 Hay El Mohamadi, à 280m de la Mosquée Belbekkar et à côté de Jet Sakane face Douar Guennoun Marrakech",Marrakech,,31.6258257,-7.9891608,ville,centre_ville
9911,Pharmacie Masjid Aicha,pharmacie,524311040,"M294+2XC, Marrakech 40000",Marrakech,,31.6258257,-7.9891608,ville,centre_ville
6690,Pharmacie Masjid Daoudiate,pharmacie,524309782,"597, Unité II Bloc 41, près du cinéma Rif et en face du Masjid Daoudiate Marrakech",Marrakech,,31.6498026,-7.9930251,exacte,nominatim_nom
6700,Pharmacie Masjid Nahda,pharmacie,524361356,Nahda Assoghra à 200m du Café Taiba vers la direction du Lycée Collège Idriss Ben Zikri Marrakech,Marrakech,,31.6014089,-8.0378945,exacte,nominatim_nom
6750,Pharmacie Miftah Al Atlas,pharmacie,526355356,"Lamhamid Bouakkaz, Op. Miftah Al Atlas Imm. n° 13 Magasin n° 3, près de Marché de Poisson et du Terrain de Foot Marrakech",Marrakech,,31.5861113,-8.0312374,exacte,nominatim_nom
6779,Pharmacie Mohammadia,pharmacie,524302878,Av. La Palestine Daoudiate Marrakech,Marrakech,,31.6493959,-7.9972179,exacte,osm
6794,Pharmacie Morakab Souk Lkhmiss,pharmacie,660757325,"1, Morakab Bab Lkhmiss ( à côté de Souk Lkhmiss) MARRAKECH",Marrakech,,31.6258257,-7.9891608,ville,centre_ville
6805,Pharmacie Mosquée Chrifia,pharmacie,524384214,Pharmacie Mosquée Chrifia MARRAKECH,Marrakech,,31.6258257,-7.9891608,ville,centre_ville
6817,Pharmacie Mouassine,pharmacie,524441725,Après 100 m de Kouass Laqsour près de Mosquée Mouassine et à côté de Derb Snane MARRAKECH,Marrakech,,31.6293402,-7.9904177,exacte,osm
6896,Pharmacie Moutadamine,pharmacie,524307372,"1, Unité III Daoudiate au centre de Diour Al Massakine, près du poste de Police MARRAKECH",Marrakech,,31.654952,-7.9919882,exacte,osm
7002,Pharmacie Natura,pharmacie,524447797,Pharmacie Natura MARRAKECH,Marrakech,,31.623557,-8.0035288,exacte,osm
7033,Pharmacie Nour Ennakhil,pharmacie,524328234,Pharmacie Nour Ennakhil MARRAKECH,Marrakech,,31.6258257,-7.9891608,ville,centre_ville
7046,Pharmacie Oualili,pharmacie,524360780,"546, Lot. Zerktouni (Bouakkaz) M’hamid en face du Lycée Takadoum Marrakech",Marrakech,,31.5910531,-8.0246644,exacte,osm
9924,Pharmacie Palmeraie Elbahja,pharmacie,524330009,"N1, Passage palmeraie, porte 20, Marrakech 40000",Marrakech,,31.6258257,-7.9891608,ville,centre_ville
9693,Pharmacie Pestana,pharmacie,524439070,33 bd Moulay Hassan - Autre ville r?sid. Hivernage Garden imm. DM Marrakech - Maroc,Marrakech,23H A 09H,31.6258257,-7.9891608,ville,centre_ville
7242,Pharmacie Populaire,pharmacie,524382293,"336, Place Riad Laarousse Marrakech",Marrakech,,31.633907,-7.9909252,exacte,osm
7266,Pharmacie Prestigio,pharmacie,524391866,Av. Mohamed VI Village Marrakech Prestigia (à côté de Bureau de Vente Prestigia et 6éme Café),Marrakech,09H A 23H,31.6258257,-7.9891608,ville,centre_ville
7269,Pharmacie Principale Chrifia,pharmacie,524204114,Res. Jardins Hay Chrifia (Bouakkaz) derrière Mosquée Al Amira et Boulangerie Gaza Bouakkaz Marrakech,Marrakech,,31.5872981,-8.0239658,exacte,nominatim_nom
7320,Pharmacie Qaryia Syahyia,pharmacie,524306547,"Qaria Syahia, rte Bab khmis, en face porte Kechich entre Fekhara et Zouhour Ain Itti Marrakech",Marrakech,,31.6258257,-7.9891608,ville,centre_ville
7353,Pharmacie Qortoba,pharmacie,524372836,"77, Lot. Zerktouni Bouakkaz M’hamid en face de la piscine municipale et le 20èmes Arrondissement de Marrakech",Marrakech,,31.5919487,-8.0270787,exacte,osm
7394,Pharmacie Rahimi,pharmacie,524431005,Pharmacie Rahimi MARRAKECH,Marrakech,,31.6201298,-8.0132087,exacte,osm
7465,Pharmacie Razi,pharmacie,524314600,"398, Unité 2 Hay Mohamadi en face Boulangerie Takadoum et près station Taxi de Sidi Youssef (Daoudiate) Marrakech",Marrakech,,31.6527748,-7.9935289,exacte,osm
7525,Pharmacie Riad Al Atlas,pharmacie,524018000,"14, Lot. Embarka 3 les Riads de l'Atlas à côté de l'Hôpital privé de Marrakech et en face de HEM (ve",Marrakech,,31.6258257,-7.9891608,ville,centre_ville
7594,Pharmacie Saadiens,pharmacie,524381852,Rue Boutouil Kasbah Marrakech,Marrakech,,31.6168888,-7.9893335,exacte,osm
7705,Pharmacie Salle Couverte,pharmacie,524311723,"185, Hay Mohammadi, Unité 2 Daoudiate à côté du Cinéma Al Massira et la Salle Couverte MARRAKECH",Marrakech,,31.64773,-7.9946862,exacte,osm
7709,Pharmacie Salma,pharmacie,524372247,"Lot. Zerktouni Bouâkkaz 1436, à côté de l'Ecole Assabila et l'Academie Taher Lakhlaj M'hamid Marrakech",Marrakech,,31.5945653,-8.0188833,exacte,osm
7583,Pharmacie SaÂda 5,pharmacie,524370885,Saada 5 à côté de l'école Al Imam Mouslim et Imm. Ittifak ou bien à 600m de la Mosquée Chkili en dir Marrakech,Marrakech,,31.5902817,-8.0489984,exacte,nominatim_nom
7771,Pharmacie Sheraton,pharmacie,524433083,Av. Mohammed VI residence Meriem à côté de la Banque Populaire et Ménara Mall MARRAKECH,Marrakech,,31.6199021,-8.0104364,exacte,osm
7777,Pharmacie Sidi Abdelaaziz,pharmacie,524443576,Pharmacie Sidi Abdelaaziz MARRAKECH,Marrakech,,31.6258257,-7.9891608,ville,centre_ville
7797,Pharmacie Sidi Abdelaziz,pharmacie,696171904,"4 Bis, Riad Laârouss Souk Jeled près du mausolée Sidi Abdelaziz Marrakech",Marrakech,,31.6258257,-7.9891608,ville,centre_ville
9190,Pharmacie Sidi Belabbès,pharmacie,524380583,71 Pl. Bab Taghzout Marrakech - Maroc,Marrakech,,31.6258257,-7.9891608,ville,centre_ville
7825,Pharmacie Sidi Boutchich,pharmacie,525200516,Rue Sidi Boutchich auprès du Hammam et Mosquée Jnane Ben Chagra Marrakech,Marrakech,,31.6230845,-7.9810132,exacte,nominatim_nom
7880,Pharmacie Sidi Mimoun,pharmacie,524384243,"37, Quartier Sidi Mimoun à côté de l'hôpital Mamounia MARRAKECH",Marrakech,,31.6258257,-7.9891608,ville,centre_ville
7932,Pharmacie Skalli,pharmacie,524370294,"M’hamid3 à côté entrée l’Aéroport derrière la RADEEMA et Sailane,en face école Moulik à côté clinique Al Matar MARRAKECH",Marrakech,,31.5951819,-8.0290308,exacte,osm
8191,Pharmacie Tabhirte,pharmacie,524380019,"92, El Moukef entre le Marché de Légumes et Bab Debagh Toualat Tabhirt Marrakech",Marrakech,,31.6340419,-7.9814812,exacte,osm
8250,Pharmacie Tikida,pharmacie,524328323,"152, Rte de Meknès Aïn Itti en face de la BP et la RADEEMA et près de la Station Ifriquia MARRAKECH",Marrakech,,31.645998,-7.9785674,exacte,osm
8441,Pharmacie Unité Quatre,pharmacie,524302030,"450, au centre de l’Unité Quatre, devant l’école Aicha Oum al Mouminin et à côté de Mosquée l’Unité IV MARRAKECH",Marrakech,,31.6258257,-7.9891608,ville,centre_ville
8603,Pharmacie Wilayat Al Amne,pharmacie,524300305,"N°4 et 5, Complexe commercial Saqar à côté de la préfecture de police et du centre de la visite technique e Marrakech",Marrakech,,31.6258257,-7.9891608,ville,centre_ville
8752,Pharmacie Zohour,pharmacie,524328342,Zohour 2 Aïn Itti derrière cimetière Bab Khmiss près de la nouvelle Station Total Rte Méknès MARRAKECH,Marrakech,23H A 09H,31.6428754,-7.9827121,exacte,osm
6157,Pharmacie l'Aéroport de Marrakech,pharmacie,524446038,Pharmacie l'Aéroport de Marrakech,Marrakech,,31.6258257,-7.9891608,ville,centre_ville
6136,Pharmacie la Province,pharmacie,524309431,Pharmacie la Province MARRAKECH,Marrakech,,31.6455351,-7.9818213,exacte,osm
9154,Pharmacie les Jardins D'Anas,pharmacie,525550150,5 Av. Guemmassa imm.1 Marrakech - Maroc,Marrakech,,31.6258257,-7.9891608,ville,centre_ville
9903,pharmacie El hrichi,pharmacie,524011175,"9 Tranche 12, Marrakech 40000",Marrakech,,31.6258257,-7.9891608,ville,centre_ville
8249,Pharmacie Addiafa,pharmacie,539688942,2 av. Hassan II imm. Alqods MARTIL,Martil,,35.6176315,-5.2762632,rue,nominatim_voie
7459,Pharmacie Ahrik,pharmacie,539979465,Place Mohamed Ali q. Ahrik MARTIL,Martil,,35.6277124,-5.2832572,exacte,osm
9676,Pharmacie Al-Fidae,pharmacie,808615151,Lotissement Annasr 3-1. Av des facultés. Martil Martil,Martil,,35.612368,-5.294472,exacte,osm
8071,Pharmacie AlAbrar,pharmacie,539689405,quartier Al Montalaq MARTIL,Martil,,35.6166861,-5.291773,exacte,nominatim_nom
6311,Pharmacie AlAghrass,pharmacie,539689933,169 av. My ElHassan Hay AlArghrass MARTIL,Martil,,35.617441,-5.274154,ville,centre_ville
6599,Pharmacie Annour,pharmacie,539688396,260 rte Cabo Negro MARTIL,Martil,,35.617441,-5.274154,ville,centre_ville
1631,Pharmacie Dar Dmana,pharmacie,539688923,av. Mly Rachid Miramar Martil,Martil,,35.617441,-5.274154,ville,centre_ville
250,Pharmacie Del Lero,pharmacie,539688907,Rue Mer Meditérranée cplxe. Essafia bloc 36 n°1 Martil,Martil,,35.6188518,-5.2851403,exacte,nominatim_nom
2612,Pharmacie Diza,pharmacie,539689942,av. Diza Martil,Martil,,35.617441,-5.274154,ville,centre_ville
7021,Pharmacie ElBorj,pharmacie,539688584,46 av Mly Abdeslam MARTIL,Martil,,35.617441,-5.274154,ville,centre_ville
6417,Pharmacie ElHadj,pharmacie,539688392,331 av. My Rachid MARTIL,Martil,,35.617441,-5.274154,ville,centre_ville
8396,Pharmacie Elharamaine,pharmacie,539688830,av. Mly Rachid MARTIL,Martil,,35.617441,-5.274154,ville,centre_ville
8640,Pharmacie La Corniche,pharmacie,539689635,av. La Corniche lot Karima MARTIL,Martil,,35.622075,-5.272309,exacte,nominatim_nom
8355,Pharmacie Martil,pharmacie,539979353,28 av Mly ElHassan MARTIL,Martil,,35.6182901,-5.2729257,exacte,osm
6082,Pharmacie Miramar,pharmacie,539688459,av. My Rachid (ex Miramar) MARTIL,Martil,,35.6229414,-5.2738227,exacte,osm
9163,Pharmacie Nouvelle,pharmacie,539979547,bd Mly ElHassan Martil - Maroc,Martil,,35.5711799,-5.3756053,exacte,osm
895,Pharmacie Oumkeltoum,pharmacie,539979326,Lotiss. Oumkeltoum résid. Bahia rdc n°1 Martil,Martil,,35.617441,-5.274154,ville,centre_ville
8240,Pharmacie Principale,pharmacie,539689696,159 bd Mly ElHassan MARTIL,Martil,,35.6143172,-5.2811889,exacte,osm
7259,Pharmacie Réda,pharmacie,539688088,119 Prince Héritier MARTIL,Martil,,35.6155082,-5.2736356,exacte,osm
8299,Pharmacie Souk,pharmacie,539689256,1 av. Mohammed V MARTIL,Martil,,35.6179078,-5.2749795,exacte,nominatim_nom
6032,Pharmacie du Lycée,pharmacie,539689668,bd Ibn Sina MARTIL,Martil,,35.6185431,-5.2766336,rue,nominatim
6241,Pharmacie la Mosquée,pharmacie,539979775,109 av. de la résistance MARTIL,Martil,,35.617441,-5.274154,ville,centre_ville
6987,Pharmacie la playa,pharmacie,539688008,5 av. la plage MARTIL,Martil,,35.620369,-5.2719345,exacte,osm
8104,Pharmacie Agdal,pharmacie,528260153,Pharmacie Agdal MASSA,Massa,,30.3389408,-9.4998724,exacte,nominatim
8875,El Menzah Médical,autre_point_de_vente,535511320,2 bd des F.a.r. résid. Shahrazad v.n Meknès - Maroc,Meknès,,33.8984131,-5.5321582,ville,nominatim_voie
450,Pharmacie Al Wassila,pharmacie,535520123,8 rue El kifa av. des F.a.r. Meknes,Meknès,,33.8949777,-5.5471547,exacte,nominatim_nom
9189,Pharmacie Allali,pharmacie,532550033,476 z.i. Mejjat lot Bridiya Meknès - Maroc,Meknès,,33.8984131,-5.5321582,ville,centre_ville
596,Pharmacie Ancienne Médina,pharmacie,535559272,ancienne Médina souikat Jbala n°13 Meknes,Meknès,,33.8984131,-5.5321582,ville,centre_ville
900,Pharmacie Ayachi,pharmacie,535451162,92 X rue El Maarka Meknes,Meknès,,33.867619,-5.5455112,exacte,osm
915,Pharmacie Bab Kbich,pharmacie,535439584,23 rue Zair Sidi M'barek Zitoune Meknes,Meknès,,33.8633928,-5.5516018,exacte,nominatim_nom
930,Pharmacie Bab Khemis,pharmacie,535537868,1 rue Meknès Riad Meknes,Meknès,,33.8833978,-5.5648813,rue,nominatim
9554,Pharmacie Bahri,pharmacie,535554120,622 à côté du dispensaire ancienne préfecture ismailla Agdal,Meknès,,33.8984131,-5.5321582,ville,centre_ville
1116,Pharmacie Boumehdi,pharmacie,535547511,Pharmacie Boumehdi MEKNES,Meknès,,33.8984131,-5.5321582,ville,centre_ville
1117,Pharmacie Bounoua,pharmacie,535521809,3 rue Bir Anzarane Rte ElHajeb Meknès,Meknès,,33.8923247,-5.547768,exacte,osm
1182,Pharmacie Chams,pharmacie,535500881,"rue Essaadiyine, résid. Mabrouka, imm. B ElBassatine Meknes",Meknès,,33.8932979,-5.5173656,exacte,osm
1231,Pharmacie Cornette,pharmacie,535403096,10 Pl. Dr Giguet Cornette Meknes,Meknès,,33.9043338,-5.5519073,exacte,osm
1832,Pharmacie Fac De Droit,pharmacie,676240193,hay takaddoum douar jbala derrière fac de droit borj machkouk Meknes,Meknès,,33.8984131,-5.5321582,ville,centre_ville
1890,Pharmacie Gare Routière,pharmacie,535555474,hay Sidi Said cplxe Walili Meknes,Meknès,,33.8911847,-5.5767928,exacte,nominatim_nom
2177,Pharmacie Hayati,pharmacie,535500128,hay Al Bassatine 18 Olm Ext. Sud Meknes,Meknès,,33.8892021,-5.5077668,exacte,osm
2405,Pharmacie In Yansorkom Allah,pharmacie,535502246,"35, lotiss. Al Bassatine Meknes",Meknès,,33.8955407,-5.4992075,exacte,osm
2412,Pharmacie Injad,pharmacie,535530092,297 lotiss. Dakhla hay Salam Meknes,Meknès,,33.894869,-5.5852147,exacte,osm
295,Pharmacie Jennat (Al Inbiâat),pharmacie,535467740,"hay Kamilia, lot Al Inbiâat 2 n°19 Meknes",Meknès,,33.8984131,-5.5321582,ville,centre_ville
2548,Pharmacie Kenza Mountazah,pharmacie,535585826,2 lotiss. Al Mountazah 1 - Autre ville sect 2 bloc 1 Meknes,Meknès,,33.8984131,-5.5321582,ville,centre_ville
2643,Pharmacie Lahlimi,pharmacie,535535008,"664, hay Agdal Meknes",Meknès,,33.8800133,-5.548042,exacte,osm
2673,Pharmacie Larhlimi,pharmacie,535537123,Pharmacie Larhlimi MEKNES,Meknès,,33.8984131,-5.5321582,ville,centre_ville
2893,Pharmacie Lina,pharmacie,535402751,"10, rue El Mourabitine Meknes",Meknès,,33.8984131,-5.5321582,ville,centre_ville
3094,Pharmacie Mausolée,pharmacie,535555347,5 derb Filala Mly Ismail Meknes,Meknès,,33.8984131,-5.5321582,ville,centre_ville
3185,Pharmacie Millenaire,pharmacie,535402094,"hay borj Moulay Omar, anciens combatants, imm. Zerhoune bloc D n°10 Meknes",Meknès,,33.8984131,-5.5321582,ville,centre_ville
3197,Pharmacie Mimousa,pharmacie,535450824,hay Al Wahda 1 n°6 Sidi Bouzekri Meknes,Meknès,,33.8984131,-5.5321582,ville,centre_ville
3622,Pharmacie Nassim,pharmacie,535554478,"hay Sidi Baba, douar Jdid n°63 Meknes",Meknès,,33.9112893,-5.5808006,exacte,osm
3807,Pharmacie Oued Jdida,pharmacie,535546598,Pharmacie Oued Jdida MEKNES,Meknès,,33.8984131,-5.5321582,ville,centre_ville
3869,Pharmacie Oujah Arrous,pharmacie,535532606,4021 bd El Kebir Oujah Arrous Meknes,Meknès,,33.8984131,-5.5321582,ville,centre_ville
5986,Pharmacie Route de Fès,pharmacie,535515966,"bd des F.a.r., lotiss. Al Wifaq Meknes",Meknès,,33.8995176,-5.5185191,exacte,nominatim_nom
6576,Pharmacie Safae,pharmacie,535536056,lotiss. Annasr rue 8 n°190 Rte d'agourai Meknes,Meknès,,33.878929,-5.5743548,exacte,osm
6820,Pharmacie Sarameto,pharmacie,662530605,sarameto 5 diour l'erac 2ème rue après la radem sbata près de 12ème arondisement de police touargua Meknes,Meknès,garde 24h/24,33.8984131,-5.5321582,ville,centre_ville
6846,Pharmacie Saramito,pharmacie,535536581,hay Touarga Saramito 5 n°35 Meknes,Meknès,,33.8796088,-5.5640693,exacte,nominatim_nom
6852,Pharmacie Sbai,pharmacie,535467356,lotiss. Mansour 2 A imm. B1 n°3 et 4 Meknès,Meknès,,33.8679475,-5.5848182,exacte,osm
7101,Pharmacie Sidi Amer,pharmacie,535559292,109 derb Souahel sidi Amer Meknes,Meknès,,33.8984131,-5.5321582,ville,centre_ville
7609,Pharmacie Sidi Massoud,pharmacie,535404002,Pharmacie Sidi Massoud MEKNES,Meknès,,33.9076538,-5.5257847,exacte,nominatim
7648,Pharmacie Sidi Slimane,pharmacie,535300148,Pharmacie Sidi Slimane MEKNES,Meknès,,33.8984131,-5.5321582,ville,centre_ville
7923,Pharmacie Squalli,pharmacie,535467722,5 lotiss. Marjana - Autre ville tranche 1 Meknes,Meknès,,33.857988,-5.5549754,exacte,osm
8670,Pharmacie Zitouna,pharmacie,661352429,4 Al Mansouria imm. 1 et 2 Meknes,Meknès,,33.8677104,-5.5812712,exacte,osm
1335,Pharmacie de la Santé,pharmacie,535521045,"60, bd Allal Ben Abdallah Meknes",Meknès,,34.0338306,-5.0052377,rue,nominatim
1511,Pharmacie du Borj,pharmacie,535523535,11 bd Khalid Bnou Loualid secteur 9 Meknes,Meknès,,33.8840913,-5.5780946,exacte,osm
2863,Pharmacie les Nobles,pharmacie,535466151,hay Marjane 1 tranche 2 Samouni n°26 Meknes,Meknès,,33.8591021,-5.5581191,exacte,nominatim_nom
9383,Pharmacie Ain Tadawt,pharmacie,535361170,quartier Tadaout Midelt - Maroc,Midelt,,32.680347,-4.739897,ville,centre_ville
9535,Pharmacie Al Akhawayn,pharmacie,635566226,13 bd Ali Bnou Abi Taleb Midelt - Maroc,Midelt,,32.680347,-4.739897,ville,centre_ville
9428,Pharmacie Al Andalous,pharmacie,535582735,200 lotiss. Mimlal Midelt - Maroc,Midelt,,32.6934141,-4.7522828,exacte,nominatim_nom
9374,Pharmacie Al Madina,pharmacie,662346313,Place Adlinistrative Midelt - Maroc,Midelt,,32.680347,-4.739897,ville,centre_ville
9406,Pharmacie Annour,pharmacie,535580170,13 Route Nationale Ait Ayach Midelt - Maroc,Midelt,,32.6754352,-4.7276834,exacte,osm
9566,Pharmacie Arrahma,pharmacie,535361021,86 av. de Méknès Midelt - Maroc,Midelt,,32.6873364,-4.7454732,exacte,osm
9569,Pharmacie Grand Atlas,pharmacie,535361360,70 lotiss. Al Karam Midelt - Maroc,Midelt,,32.680347,-4.739897,ville,centre_ville
9511,Pharmacie Hidaya,pharmacie,697433652,av. la Marche Verte Midelt - Maroc,Midelt,,32.680347,-4.739897,ville,centre_ville
9560,Pharmacie Ifsane,pharmacie,535580706,rue Laâyoune Tadaout Midelt - Maroc,Midelt,,32.6859732,-4.7361827,exacte,osm
9544,Pharmacie Izugaghen,pharmacie,614114181,1 av. Moulay Idriss Midelt - Maroc,Midelt,,32.680347,-4.739897,ville,centre_ville
6289,Pharmacie Jabal Ayachi,pharmacie,535583305,Pharmacie Jabal Ayachi MIDELT,Midelt,,32.6863638,-4.7433086,exacte,osm
9362,Pharmacie Midelt,pharmacie,535582421,13 Place Al Ittihad Midelt - Maroc,Midelt,,32.6873364,-4.7454732,exacte,nominatim_nom
9414,Pharmacie Moulay Idriss,pharmacie,535580498,rue Moulay Idriss Midelt - Maroc,Midelt,,32.6886313,-4.7425154,exacte,osm
6291,Pharmacie Omar,pharmacie,535583393,Pharmacie Omar MIDELT,Midelt,,32.680347,-4.739897,ville,centre_ville
9556,Pharmacie Principale,pharmacie,535582148,av. Hassan II Midelt - Maroc,Midelt,,32.6791461,-4.7387863,exacte,osm
9517,Pharmacie Roudayna,pharmacie,691750016,Route de Méknès Midelt - Maroc,Midelt,,32.680347,-4.739897,ville,centre_ville
9439,Pharmacie Souk Al Ahad,pharmacie,535361390,256 av. Moulay Rachid Midelt - Maroc,Midelt,,32.680347,-4.739897,ville,centre_ville
9348,Pharmacie centrale,pharmacie,535582525,1 Avenue des F.a.r. Midelt - Maroc,Midelt,,32.6803485,-4.7426417,exacte,osm
9690,Pharmacie de l'Hôpital,pharmacie,535582290,4 lot Hassan Dakhil Rte Saha Al Khadra Midelt - Maroc,Midelt,,32.680347,-4.739897,ville,centre_ville
9330,Pharmacie de la Sante,pharmacie,535580194,87 rue Salé Midelt - Maroc,Midelt,,32.680347,-4.739897,ville,centre_ville
9548,Pharmacie la Gare,pharmacie,535580173,bd Hassan II Midelt - Maroc,Midelt,,32.6796875,-4.7258484,exacte,osm
106,Pharmacie Abderrahim,pharmacie,523316136,169 lotissement moumen Mohammedia,Mohammedia,,33.6864402,-7.3705346,exacte,osm
489,Pharmacie Al Akssa,pharmacie,523281080,"bd palestine, lotiss. ben hamdoun n°5 Mohammedia",Mohammedia,,33.687663,-7.3744439,exacte,nominatim_nom
2684,Pharmacie Al Moqawama,pharmacie,523314304,"numéro 16, bd de la résistance Mohammedia",Mohammedia,,33.679016,-7.3916839,exacte,nominatim_nom
2737,Pharmacie Al Mouna,pharmacie,523323687,"340 bis, derb chabab Mohammedia",Mohammedia,,33.6902091,-7.384695,exacte,nominatim_nom
2861,Pharmacie AlFalah,pharmacie,523283314,"1676, bd Riad Mohammedia",Mohammedia,,33.5583991,-7.5495037,exacte,osm
3151,Pharmacie AlMajd,pharmacie,523312992,"34, bd Al Moukaouama, Riad I Mohammedia",Mohammedia,,33.6958383,-7.3893292,ville,centre_ville
3713,Pharmacie Ayour,pharmacie,523310742,"18, bd Fès ang. bd Allal El Fassi Mohammedia",Mohammedia,,33.7031453,-7.3895935,exacte,osm
3774,Pharmacie Bismillah,pharmacie,523280717,"hay Errachidia III, Ecran samir n°39 Alia Mohammedia",Mohammedia,,33.6794296,-7.3765227,exacte,nominatim_nom
3945,Pharmacie Centrale,pharmacie,523323231,"5, bd Sebta, résid. Laila ElAlia Mohammedia",Mohammedia,,33.6781346,-7.4133686,exacte,nominatim_nom
3949,Pharmacie Chabab,pharmacie,523324441,"n° 2, bd el houria (liberté) bloc castor 3 Mohammedia",Mohammedia,,33.6865769,-7.3892151,exacte,osm
3989,Pharmacie Chifa,pharmacie,523282252,"hay hassania ii, bloc b, n°213 Mohammedia",Mohammedia,,33.6958383,-7.3893292,ville,centre_ville
4191,Pharmacie Derb Marrakech,pharmacie,523322478,"bd al maghrib al arabi, bloc 11 n°50, el alia Mohammedia",Mohammedia,,33.6958383,-7.3893292,ville,centre_ville
4332,Pharmacie El Ahl,pharmacie,523327756,"394, bd la liberté lot. al houria Mohammedia",Mohammedia,09H A 21H,33.6958383,-7.3893292,ville,centre_ville
4344,Pharmacie El Hassania,pharmacie,523287661,"pharmacie elhassania, n° 165 bd la résistance hay hassania Mohammedia",Mohammedia,09H A 21H,33.677093,-7.393481,exacte,nominatim_nom
4375,Pharmacie El Idrissi,pharmacie,523280385,"bd Mokhtar Soussi, hay Ennasr n°1 ElAlia Mohammedia",Mohammedia,,33.6780972,-7.3860567,exacte,nominatim_nom
4428,Pharmacie ElJoulane,pharmacie,523283827,"860, bd Palestine Mohammedia",Mohammedia,,33.6848637,-7.3730371,rue,nominatim
4463,Pharmacie ElWahda,pharmacie,523285840,"427, lotiss. Al Wahda, El Alia Mohammedia",Mohammedia,,33.6958383,-7.3893292,ville,centre_ville
4473,Pharmacie Essaâda,pharmacie,523287127,"pharmacie essaâda, 242 bd oued eddahab hay essaada Mohammedia",Mohammedia,09H A 21H,33.6808914,-7.3940196,exacte,osm
4532,Pharmacie Fedala,pharmacie,523302014,"419, bloc 23, hay el falah, el alia Mohammedia",Mohammedia,,33.6811127,-7.3823768,exacte,osm
4637,Pharmacie Hay Erreda,pharmacie,523287879,75 b lotissement reda MOHAMMEDIA,Mohammedia,,33.6984448,-7.3579367,rue,nominatim_voie
4699,Pharmacie Ibn Nafis,pharmacie,523303636,33 bloc 'b' bd monastir Mohammedia,Mohammedia,,33.6898614,-7.3909642,exacte,nominatim_nom
4730,Pharmacie Ibn Rochd,pharmacie,523323129,"501, bd Abdelkrim Khattabi, El Alia Mohammedia",Mohammedia,,33.6901605,-7.3873124,exacte,nominatim_nom
4847,Pharmacie Idrissi,pharmacie,523032885,hay ennasr Mohammedia,Mohammedia,,33.6780972,-7.3860567,exacte,osm
4857,Pharmacie Imane,pharmacie,523283218,"628, bd al moukaouama, hassania 1 Mohammedia",Mohammedia,,33.6793043,-7.390762,rue,nominatim_nom
4866,Pharmacie Jamila,pharmacie,523315128,"145, bd Tadla, derb Jamila Mohammedia",Mohammedia,,33.545992,-7.5764371,exacte,osm
9801,Pharmacie Laayoune,pharmacie,520677181,"35, lotissement la gare Mohammedia - Maroc",Mohammedia,,33.6943834,-7.3843837,exacte,osm
5620,Pharmacie Mekka,pharmacie,523317192,"27, lotiss. Grini 1, ElAlia Mohammedia",Mohammedia,,33.6915786,-7.3827277,exacte,osm
9118,Pharmacie Mesk Ellil,pharmacie,523325454,39 lotiss. Mesk Ellil Mohammedia - Maroc,Mohammedia,09H A 21H,33.6958383,-7.3893292,ville,centre_ville
5820,Pharmacie Mohammedia,pharmacie,523284598,"1, bd Chourafa, Saada El Alia Mohammedia",Mohammedia,,33.6836696,-7.3930492,exacte,osm
6669,Pharmacie Moumen,pharmacie,523284485,"bd Palestine, Lotiss. Moumen El Alia Mohammedia",Mohammedia,,33.5632246,-7.6070821,exacte,osm
6864,Pharmacie Nasr,pharmacie,523281677,"pharmacie nasr, bloc b numéro 2 rachidia 3, complexe zouhour Mohammedia",Mohammedia,,33.6852596,-7.3786399,exacte,nominatim_nom
7631,Pharmacie Palestine,pharmacie,523323073,"111, bd Palestine Mohammedia",Mohammedia,,33.6898042,-7.3808236,exacte,osm
7898,Pharmacie Riad,pharmacie,523323605,"162, bd monastir, derb chabab Mohammedia",Mohammedia,,33.6991418,-7.3571747,exacte,nominatim_nom
7916,Pharmacie Riad El Ali,pharmacie,523282815,riad essalam 32 bc Mohammedia,Mohammedia,,33.6958383,-7.3893292,ville,centre_ville
8231,Pharmacie Sarah,pharmacie,523286281,"pharmacie sarah, hay errachidia 3, bloc a n°184 Mohammedia",Mohammedia,,33.6859114,-7.3801692,exacte,nominatim_nom
8699,Pharmacie Youssef,pharmacie,523287757,"138, Hay Hassania II, El Alia Mohammedia",Mohammedia,,33.6766534,-7.3899685,exacte,nominatim_nom
4164,Pharmacie de l'Espoir,pharmacie,523280369,"5, bd Sebta, douar Essafa Mohammedia",Mohammedia,,33.6958383,-7.3893292,ville,centre_ville
4290,Pharmacie des Facultés,pharmacie,523301019,Pharmacie des Facultés MOHAMMEDIA,Mohammedia,,33.7025351,-7.3586691,exacte,nominatim
4314,Pharmacie du Port,pharmacie,523304817,bd Ferhat Hachad ang. rue Ibn Toumart Mohammedia,Mohammedia,,33.7083916,-7.3999213,exacte,osm
9203,Pharmacie la Liberté,pharmacie,523320306,336 lotiss. El Houria Lotissement houria Mohammedia - Maroc,Mohammedia,,33.5918762,-7.6162505,exacte,osm
4056,Pharmacie Ahkim,pharmacie,536320906,12 rue Tanger Nador,Nador,,35.1865817,-2.9282427,exacte,osm
8455,Pharmacie Ahlane,pharmacie,536402372,Pharmacie Ahlane NADOR,Nador,,35.1739922,-2.9281198,ville,centre_ville
1505,Pharmacie Al Montazah,pharmacie,536603377,route Principale de Cimetière Nador,Nador,,35.1836393,-2.9363312,exacte,nominatim_nom
2325,Pharmacie Al Mostakbal,pharmacie,536330332,Rte Berraka hay El Fid Nador,Nador,,35.1635518,-2.9441069,rue,nominatim_nom
2592,Pharmacie Al Omal,pharmacie,536353788,bd Al Wahda Jaadar Nador,Nador,,35.1508846,-2.9918953,exacte,nominatim_nom
2375,Pharmacie AlAndalous,pharmacie,536602909,39 bd 3 mars Nador,Nador,,35.1733785,-2.9361718,rue,nominatim
7943,Pharmacie AlAssil,pharmacie,536337255,rue Abass Mohamed Nador,Nador,,35.1739922,-2.9281198,ville,centre_ville
5156,Pharmacie AlAzhar,pharmacie,536603875,quartier Oulad Boutaib sect. A n°145 Nador,Nador,,35.1739922,-2.9281198,ville,centre_ville
8939,Pharmacie Alhilal,pharmacie,536607004,"414, av. AlMassira Nador",Nador,,35.1739922,-2.9281198,ville,centre_ville
2916,Pharmacie Arrisala,pharmacie,530123898,10 hay Al Matar - Autre ville imm. Essaada Nador,Nador,,35.1739922,-2.9281198,ville,centre_ville
366,Pharmacie Aviation,pharmacie,536606641,68 rue Arrid Bloc 2 Nador,Nador,,35.1666528,-2.9265202,exacte,osm
5611,Pharmacie Babel,pharmacie,536605544,65 rue Taha Houcein Nador,Nador,,35.1690034,-2.9229359,exacte,osm
3788,Pharmacie Benchellal,pharmacie,536607834,"58, rue Mly Ali Charif Nador",Nador,,35.1729098,-2.9307534,exacte,osm
5002,Pharmacie Blanco,pharmacie,536337303,Hay Ould Boutayeb rue 3 n°176 Nador,Nador,,35.1638278,-2.947465,exacte,osm
1857,Pharmacie Dar Al Olom,pharmacie,536380959,hay Al Matar résid. Al Ikhlass Nador,Nador,,35.1501931,-2.9183282,quartier,nominatim_voie
1623,Pharmacie ElKendy,pharmacie,536603670,431 av. Mly Hassan 1er Nador,Nador,,35.1739922,-2.9281198,ville,centre_ville
2068,Pharmacie Errazi,pharmacie,536603117,425 Avenue des far Nador,Nador,,35.1702214,-2.9326496,exacte,osm
5807,Pharmacie Granada,pharmacie,536606767,39 Rte Principale Taouima Nador,Nador,,35.1622872,-2.9310054,exacte,osm
888,Pharmacie Hay Chouhadae,pharmacie,536380933,hay Taouima Nador,Nador,,35.1731317,-2.9337468,exacte,nominatim
5915,Pharmacie Ibn Hazm,pharmacie,536606711,hay Laâroussi rue 4 n°78 NADOR,Nador,,35.1658108,-2.922218,exacte,nominatim_nom
574,Pharmacie Ibn Rochd,pharmacie,536603239,70 av des far Nador,Nador,,35.1737402,-2.9240335,exacte,nominatim
387,Pharmacie Ibn Sina,pharmacie,536603043,242 bd. Youssef Ben Tachfine Nador,Nador,,35.1768281,-2.930624,exacte,nominatim_nom
3909,Pharmacie Laboratoire Pasteur,pharmacie,536604272,103 Rte Principale taouima Nador,Nador,,35.1685111,-2.932632,exacte,nominatim_nom
6616,Pharmacie Lamalmi,pharmacie,536334815,594 bd. AlMassira NADOR,Nador,,35.1642969,-2.9286665,exacte,osm
5770,Pharmacie Laârassi,pharmacie,536600380,356 bd Prince Héritier Sidi Mohamed q. Laârassi Nador,Nador,,35.1655401,-2.9256544,exacte,osm
9534,Pharmacie Le Monde,pharmacie,536334384,rue 10 n°67 ouled Mimoun Nador - Maroc,Nador,,35.171119,-2.9350865,exacte,osm
2973,Pharmacie Lotissement Sara,pharmacie,536336076,quartier Arrid II rue 104 Nador,Nador,,35.154635,-2.9343193,exacte,osm
7781,Pharmacie Marchica,pharmacie,536334381,5 Hay Chaala NADOR,Nador,,35.1739922,-2.9281198,ville,centre_ville
7449,Pharmacie Masjid Badr,pharmacie,536600832,lotiss. Boulghoudan NADOR,Nador,,35.1739922,-2.9281198,ville,centre_ville
8983,Pharmacie Méditérranée,pharmacie,536604274,av des Far ang. rue Marche verte imm. Rahmouni Nador - Maroc,Nador,,35.1717653,-2.928422,exacte,osm
7182,Pharmacie Nador,pharmacie,536330660,12 quartier Laarassi NADOR,Nador,,35.162871,-2.9230325,exacte,osm
4135,Pharmacie Noor,pharmacie,536337657,213 bd Massira El Khadra Nador,Nador,,35.174146,-2.9284707,exacte,osm
861,Pharmacie Ouled Brahim,pharmacie,536336181,633 av. Hassan 1er NADOR,Nador,,35.1664786,-2.9310188,exacte,nominatim_nom
1249,Pharmacie Ouled Mimoun,pharmacie,536606151,190 quartier Ouled Mimoun Nador,Nador,,35.1727969,-2.9347161,exacte,nominatim_nom
5927,Pharmacie Syndicat Régional des Pharmaciens de Nador,pharmacie,536603752,Syndicat Régional des Pharmaciens de Nador,Nador,,35.162871,-2.9230325,exacte,osm
83,Pharmacie Tahiri,pharmacie,536601731,route principale de Joutia sidi Ahmed Larhrib Nador,Nador,,35.1739922,-2.9281198,ville,centre_ville
4894,Pharmacie Tarik,pharmacie,536606596,"106, bd AlFarabi Nador",Nador,,35.1684169,-2.9258488,exacte,osm
4739,Pharmacie Terakaa,pharmacie,536600750,42 Rte Melilia q. Teraquaa 2 Nador,Nador,,35.1739922,-2.9281198,ville,centre_ville
6885,Pharmacie Trois Provinces,pharmacie,536408072,Pharmacie Trois Provinces NADOR,Nador,,35.1739922,-2.9281198,ville,centre_ville
4272,Pharmacie la Fontaine,pharmacie,536336654,167 av. 3 Mars Nador,Nador,,35.1751249,-2.9325114,exacte,osm
8973,Pharmacie Casadiaa,pharmacie,522537799,complexe commercial Casadiaa Nouasseur - Maroc,Nouasseur,,33.4066641,-7.62306,exacte,osm
9799,Pharmacie Kindil,pharmacie,522537712,13 lotiss. Ennour - Autre ville zone ?conomique Nouasseur - Maroc,Nouasseur,,33.3692836,-7.5870086,ville,centre_ville
1748,Pharmacie Nouaceur,pharmacie,522538269,22 Marché Municipal Nouasseur,Nouasseur,,33.3692836,-7.5870086,ville,centre_ville
7588,Pharmacie de l'Aeroport Mohammed V,pharmacie,522538675,Aéroport Mohamed V c.com. NOUASSEUR,Nouasseur,,33.3692836,-7.5870086,ville,centre_ville
9662,La Grande Pharmacie de Tajda,autre_point_de_vente,638382882,"Route de Zagora, Tajda, N9, Ouarzazate 45006",Ouarzazate,,30.920193,-6.910923,ville,centre_ville
7062,Pharmacie Adrar,pharmacie,524835765,Pharmacie Adrar OUARZAZATE,Ouarzazate,,30.920193,-6.910923,ville,centre_ville
9015,Pharmacie Ait Kdif,pharmacie,524885577,Hay Ait Kdif n°1066 Ouarzazate - Maroc,Ouarzazate,,30.9254492,-6.8842953,exacte,osm
8420,Pharmacie Al Fadilia,pharmacie,524886886,2 bd Mohammed V lotiss. Ennader Ouarzazate,Ouarzazate,,30.9271763,-6.8896044,exacte,nominatim_nom
6869,Pharmacie Al Hizame,pharmacie,524888081,77 av. My Abdellah OUARZAZATE,Ouarzazate,,30.9276764,-6.927051,exacte,nominatim_nom
1765,Pharmacie Al Maghreb Al Arabi,pharmacie,524888355,1398 bd Al Maghrib Al Arabi cité Al Wahda Ouarzazate,Ouarzazate,,30.9283813,-6.8994142,exacte,osm
6263,Pharmacie Al Mansour,pharmacie,524854534,Pharmacie Al Mansour OUARZAZATE,Ouarzazate,,30.920193,-6.910923,ville,centre_ville
2876,Pharmacie Al Massira,pharmacie,524890505,44 hay Al Massira Ouarzazate,Ouarzazate,,30.920193,-6.910923,ville,centre_ville
1545,Pharmacie Al Moussala,pharmacie,524885533,550 hay Al Wahda Ouarzazate,Ouarzazate,09H A 21H,30.9291997,-6.9056763,exacte,nominatim_nom
1372,Pharmacie Al Wahda,pharmacie,524887990,311 av. Al Maghreb Al Arabi lotiss. Al Wahda Ouarzazate,Ouarzazate,,30.9269364,-6.9047722,exacte,nominatim_nom
6306,Pharmacie AlMasjid,pharmacie,524890967,cité de la résistance bloc 18 n°18 bis OUARZAZATE,Ouarzazate,,30.920193,-6.910923,ville,centre_ville
6689,Pharmacie Annour,pharmacie,524887373,place la Municipalité bd. Med. V OUARZAZATE,Ouarzazate,,30.920319,-6.9121125,exacte,osm
3069,Pharmacie Atlas,pharmacie,524887877,av. Maghreb Al Arabi Lot. El Wahda n°1714 Ouarzazate,Ouarzazate,,30.9270673,-6.8963151,exacte,osm
9621,Pharmacie Ayour,pharmacie,524888199,centre Agouime Amerzgane Ouarzazate - Maroc,Ouarzazate,,30.920193,-6.910923,ville,centre_ville
7197,Pharmacie Chifa,pharmacie,524883588,bd Moulay Rachid imm. Daoudi OUARZAZATE,Ouarzazate,,30.9231033,-6.9119124,exacte,osm
589,Pharmacie Dadouch,pharmacie,524887852,hay Mohammadi n°329 Ouarzazate,Ouarzazate,00H A 09H,30.9339167,-6.9235483,exacte,osm
7820,Pharmacie El Qods,pharmacie,524883903,56 hay Al Qods OUARZAZATE,Ouarzazate,,30.9291997,-6.9056763,exacte,nominatim_nom
2586,Pharmacie Ibn Al Atik,pharmacie,524884078,Av Moulay Abdellah Lot chems 2 n° 65 Ouarzazate,Ouarzazate,,30.9289584,-6.9236083,exacte,nominatim_nom
2271,Pharmacie Itrane,pharmacie,669846770,bd Al Maghrib Al Arabi Ouarzazate,Ouarzazate,,30.9258423,-6.9095214,exacte,osm
9016,Pharmacie La Santé,pharmacie,524888155,bd. Mohammed V Ouarzazate - Maroc,Ouarzazate,,30.9224447,-6.9267583,exacte,osm
7614,Pharmacie Noumidia,pharmacie,524888715,bd My Abdellah OUARZAZATE,Ouarzazate,,30.920193,-6.910923,ville,centre_ville
10160,Pharmacie Nour El Baraka,pharmacie,524884060,"hay Mohammadi , rue Al Haouz Ouarzazate",Ouarzazate,,30.9397095,-6.9382365,quartier,nominatim_quartier
6482,Pharmacie Principale,pharmacie,524888837,129 lotiss. du centre OUARZAZATE,Ouarzazate,,30.9228712,-6.9191107,exacte,osm
8806,Pharmacie Qods Al Maghreb,pharmacie,524885669,67 hay Al Qods Ouarzazate,Ouarzazate,,30.920193,-6.910923,ville,centre_ville
7798,Pharmacie Rte de Zagora,pharmacie,524854646,Pharmacie Rte de Zagora OUARZAZATE,Ouarzazate,,30.920193,-6.910923,ville,centre_ville
7412,Pharmacie Sidi Daoud,pharmacie,524883380,bd Mohammed V lotiss. Tichka OUARZAZATE,Ouarzazate,,30.9230924,-6.8973362,exacte,nominatim_nom
7562,Pharmacie Sidi Hsein,pharmacie,524882588,1 hay Sidi Hsein Ben Nacer OUARZAZATE,Ouarzazate,,30.9261772,-6.9169441,exacte,nominatim_nom
9798,Pharmacie Tamright,pharmacie,524852372,bd Mohammed V - Autre ville Skoura Ouarzazate - Maroc,Ouarzazate,,30.920193,-6.910923,ville,centre_ville
7432,Pharmacie Tarmigt,pharmacie,524854848,Pharmacie Tarmigt OUARZAZATE,Ouarzazate,,30.9027208,-6.9115673,exacte,osm
6023,Pharmacie Tassoumaate,pharmacie,524887499,10 bd Mohammed V OUARZAZATE,Ouarzazate,,30.9239006,-6.9300105,exacte,osm
7730,Pharmacie centrale,pharmacie,524882601,33 bd Mohammed V OUARZAZATE,Ouarzazate,,30.9201487,-6.9164236,exacte,osm
305,Pharmacie du Sud,pharmacie,524884000,rue El Mouahidine lot du centre Ouarzazate,Ouarzazate,,30.921605,-6.9158769,exacte,nominatim_nom
3233,Pharmacie et Laboratoire d'Analyses Médicales du Sud,pharmacie,524882828,16 av. El Mouahidine Bahja Ouarzazate,Ouarzazate,,30.920193,-6.910923,ville,centre_ville
9063,Pharmacie l'Aéroport,pharmacie,524886614,52 lot El Wahda Erac Ouarzazate - Maroc,Ouarzazate,,30.920193,-6.910923,ville,centre_ville
6285,Pharmacie l'hôpital,pharmacie,524885500,78 bd Mohammed VI OUARZAZATE,Ouarzazate,,30.9248886,-6.9142318,exacte,osm
8474,Pharmacie l'oasis,pharmacie,524854339,Pharmacie l'oasis OUARZAZATE,Ouarzazate,,30.920193,-6.910923,ville,centre_ville
7373,Pharmacie la Gare Routière,pharmacie,524886990,100 rue Moulay Tahar Ben Abdelkrim bloc D cité la Résistance Ouarzazate,Ouarzazate,,30.9251932,-6.9274807,exacte,osm
7271,Pharmacie la Kasbah,pharmacie,524887900,av. Mohamed V résid. AlWaha OUARZAZATE,Ouarzazate,,30.9192043,-6.9054837,exacte,osm
7707,Pharmacie la Palmeraie,pharmacie,524883234,hay Sidi Daoud n°28 OUARZAZATE,Ouarzazate,,30.9222956,-6.8940313,exacte,osm
1684,Pharmacie la Renaissance,pharmacie,524882203,Bd Mohammed V ang. place du 3 Mars Ouarzazate,Ouarzazate,,30.9217847,-6.9239616,exacte,osm
7746,Pharmacie la Résistance,pharmacie,524884901,256 rue Moulay Tahar Ben Abdelkrim cité la Résistance Ouarzazate,Ouarzazate,,30.9236406,-6.9233742,exacte,osm
152,Pharmacie Abdelmoumen,pharmacie,536702819,100 rue Ras Asfour Oujda,Oujda,,34.6746769,-1.9093982,exacte,osm
9050,Pharmacie Ajdaini,pharmacie,538376475,18 rte Aouinia rue Bour Said Oujda - Maroc,Oujda,,34.677874,-1.929306,ville,centre_ville
428,Pharmacie Al Faraj,pharmacie,536702828,3 hay Annasr rte Marhnia OUJDA,Oujda,,34.7156774,-1.8929609,exacte,nominatim_nom
1549,Pharmacie AlMaksam,pharmacie,536501734,31 bd. Yacoub ElMansour Hay ElMaksam Oujda,Oujda,,34.677874,-1.929306,ville,centre_ville
1203,Pharmacie Alfarabi,pharmacie,536686141,66 bd. Lieutenant Belhoucine OUJDA,Oujda,,34.677874,-1.929306,ville,centre_ville
1953,Pharmacie Asfour,pharmacie,536686613,174 rue Ras Asfrou Oujda,Oujda,,34.6774059,-1.9082252,exacte,osm
2579,Pharmacie Benmansour,pharmacie,536686035,93 rue sidi driss elaounia OUJDA,Oujda,,34.6829521,-1.9054924,exacte,osm
3056,Pharmacie Chifa,pharmacie,536688664,26 bd des Far Mosquée My Slimane Oujda,Oujda,,34.677874,-1.929306,ville,centre_ville
4169,Pharmacie Figuig,pharmacie,536689419,Pharmacie Figuig OUJDA,Oujda,,34.6870193,-1.9106433,exacte,osm
4202,Pharmacie Fourkane,pharmacie,536707325,Pharmacie Fourkane OUJDA,Oujda,,34.677874,-1.929306,ville,centre_ville
4180,Pharmacie Fourkane,pharmacie,536690077,derb Mbasso rue 5 n°76 Oujda,Oujda,,34.677874,-1.929306,ville,centre_ville
4562,Pharmacie Hay Azouhour,pharmacie,536517829,"lotiss. Azzouhour 2, rte Ain Beni Mathar Oujda",Oujda,,34.677874,-1.929306,ville,centre_ville
4727,Pharmacie Hay Nasr,pharmacie,536680015,lot ElBoukhari rte. des Frontieres Oujda,Oujda,,34.7107256,-1.8931156,exacte,nominatim_nom
4977,Pharmacie Ibn Tofail,pharmacie,536705653,216 rte Tairet Oujda,Oujda,,34.6769178,-1.9056738,exacte,nominatim
9150,Pharmacie Ihyae Chark,pharmacie,536542116,195 hay Agdal lot Ihyae Chark Oujda - Maroc,Oujda,,34.6754794,-1.857572,quartier,nominatim_voie
5366,Pharmacie La Grande,pharmacie,536510817,lotiss. Benkhirane rue 01/29 Oujda,Oujda,,34.6542092,-1.9352301,exacte,osm
5651,Pharmacie Les Trois Fontaines,pharmacie,536712122,15 bd Ferrane Ouled Aissa Oujda,Oujda,,34.677874,-1.929306,ville,centre_ville
5972,Pharmacie Merjane,pharmacie,536707191,2 bd Ennakhil lot. Belhoucine OUJDA,Oujda,,34.6924603,-1.8990871,exacte,osm
6189,Pharmacie Moderne,pharmacie,536682871,35 Rue de Marrakech Oujda,Oujda,,34.6817349,-1.9119481,exacte,osm
6274,Pharmacie Mostafa,pharmacie,536748698,334 lotiss. El Farah - Autre ville Oujda,Oujda,,34.677874,-1.929306,ville,centre_ville
6333,Pharmacie Moulay Tayeb,pharmacie,536742060,Pharmacie Moulay Tayeb OUJDA,Oujda,,34.677874,-1.929306,ville,centre_ville
6381,Pharmacie Mouslim,pharmacie,536706066,25 bd. Mohammed V Oujda,Oujda,,34.6831136,-1.9160562,exacte,osm
6383,Pharmacie Moustaousef Mbasso,pharmacie,536703001,"av. Allal El Fassi, lotiss. Sahli-B5.n°1 Oujda",Oujda,,34.677874,-1.929306,ville,centre_ville
10053,Pharmacie Médina,pharmacie,536682860,Place Sidi Abdelouahab Oujda,Oujda,,34.680241,-1.9084824,exacte,osm
6512,Pharmacie Nasrallah,pharmacie,536541638,"53, bd Hassan II , hay Moustakbal Oujda",Oujda,,34.6651247,-1.8796507,exacte,osm
6527,Pharmacie Nasser,pharmacie,536745741,"Dhar Lamhala , Lotiss. Alj, rue A n°82 Oujda",Oujda,,34.677874,-1.929306,ville,centre_ville
6650,Pharmacie Nour Marjane Moussaoui,pharmacie,536680473,hay El Hassani Nour Borj n°3 Oujda,Oujda,,34.677874,-1.929306,ville,centre_ville
7057,Pharmacie Oujda,pharmacie,536684103,rue Figuig ang. rue Mly ElHassan Oujda,Oujda,,34.6838515,-1.9098647,exacte,osm
7382,Pharmacie Riad,pharmacie,536685102,bd Allal El Fassi Bloc 11 n°1 Oujda,Oujda,,34.680038,-1.9035539,exacte,osm
7508,Pharmacie Rjafellah,pharmacie,536367039,78 lotiss. Taoufik - Autre ville rte d’Algérie Oujda,Oujda,,34.677874,-1.929306,ville,centre_ville
7805,Pharmacie Sfakes,pharmacie,536542227,1124 Lotiss Ennajd II route sidi yahya Oujda,Oujda,,34.677874,-1.929306,ville,centre_ville
8080,Pharmacie Souk Mellilia,pharmacie,536680404,1 Rte. Bouknadel Oujda,Oujda,,34.6784462,-1.9065907,exacte,osm
8733,Pharmacie Zohir,pharmacie,536682725,rue d'Oran ang. rue d'Alger Oujda,Oujda,,34.6858497,-1.9143154,exacte,osm
3593,Pharmacie d'Urgence de l'Hôpital de l'Universitaire,pharmacie,536500550,760 X bd Oum Rabii rte Aouint Serrak lot Iris n°1 Oujda,Oujda,,34.6576325,-1.9145475,exacte,osm
3368,Pharmacie du Conseil,pharmacie,536512100,lotiss. Jaouhara rue C n°58 Oued Nachef OUJDA,Oujda,,34.6694055,-1.9285715,exacte,osm
3519,Pharmacie du progrès,pharmacie,536685510,92 bd. Maghreb Al Arabi Oujda,Oujda,,34.6785243,-1.9113108,exacte,osm
3576,Pharmacie du stade Municipal,pharmacie,536696878,rue de Casa place du Stade de Municipal imm. Habous Oujda,Oujda,,34.6858757,-1.9069287,exacte,nominatim_nom
5596,Pharmacie l'Avenir,pharmacie,536697038,479 rue Boudir Oujda,Oujda,,34.6943211,-1.9030273,exacte,osm
5659,Pharmacie l'Urgence,pharmacie,536682916,"bd Razi , imm. Benjeloune n°2 Oujda",Oujda,,34.6765935,-1.9131969,exacte,osm
43,Pharmacie Abdelkrim ElKhattabi,pharmacie,537203881,"272, avenue Abdelkrim Al Khattabi, Océan Rabat",Rabat,,34.022493,-6.8496097,rue,nominatim
1614,Pharmacie Al Hikma,pharmacie,537293392,"1376, quartier Amal 5, Al Massira Rabat",Rabat,,34.0218454,-6.8408929,ville,centre_ville
2187,Pharmacie Al Jazaa,pharmacie,537721002,75 -77 avenue mohammed v al jazaa rabat medina,Rabat,,34.0218454,-6.8408929,ville,centre_ville
2264,Pharmacie Al Mamoune,pharmacie,537560315,"rue al anisse, guich loudaya Rabat",Rabat,,33.9427007,-6.8834139,exacte,nominatim_nom
3104,Pharmacie Al Wifak,pharmacie,537777555,,Rabat,,34.0218454,-6.8408929,ville,nominatim
3240,Pharmacie AlAlfiya,pharmacie,537673796,"15, avenue de Michlifen Rabat",Rabat,,33.993923,-6.8489655,rue,nominatim
3251,Pharmacie AlAnbar,pharmacie,537292770,Pharmacie AlAnbar RABAT,Rabat,,34.0218454,-6.8408929,ville,centre_ville
3325,Pharmacie AlIntilak,pharmacie,537295377,"5, bd Mohamed Triki, résid. Attaisir Rabat",Rabat,,34.0044614,-6.8551339,rue,nominatim_voie
3297,Pharmacie Alfadila,pharmacie,537690742,"avenue Ennour, bloc K, n°9 c.y.m Rabat",Rabat,,34.0218454,-6.8408929,ville,centre_ville
3378,Pharmacie Almaghreb Alarabi,pharmacie,537732637,"25, avenue Maghrib Al Arabi Rabat",Rabat,,34.0218454,-6.8408929,ville,centre_ville
3499,Pharmacie Anasse,pharmacie,537298899,résidence ifrane av hassan ii mag d3 (a côté de la nouvelle gare rabat agdal),Rabat,,34.0218454,-6.8408929,ville,centre_ville
3501,Pharmacie Annour,pharmacie,537691180,"33, avenue Ennour sect.""H"" Est c.y.m Rabat",Rabat,,34.0569994,-6.7774004,exacte,osm
3531,Pharmacie Anzi,pharmacie,537691313,n°4 angle av hassan ii et rue abbas ibn farnas (en face de la gare rabat agdal sur l'avenue hassan ii.),Rabat,,34.0031796,-6.8585763,exacte,osm
3672,Pharmacie Azhar,pharmacie,537680817,44.av fal ould oumeir Rabat,Rabat,,33.9990146,-6.8495212,exacte,nominatim
3691,Pharmacie Bab Jdid,pharmacie,537726227,"265, avenue Mohammed V, Legza Rabat",Rabat,,34.0218454,-6.8408929,ville,centre_ville
3706,Pharmacie Badr,pharmacie,537773462,"15, avenue fal ouled oumeir Rabat",Rabat,,34.0218454,-6.8408929,ville,centre_ville
3734,Pharmacie Belmahi,pharmacie,537722650,"1, rue tonkin (av madagascar) prés l'école andre malraux et marché diour jamaa Rabat",Rabat,,34.0162248,-6.8497592,exacte,osm
3796,Pharmacie Berbich,pharmacie,537260772,"12 bis, avenue alghazali quartier les orangers (en face du centre commercial les orangers) Rabat",Rabat,,34.0218454,-6.8408929,ville,centre_ville
3868,Pharmacie Bon Secours,pharmacie,537722363,Pharmacie Bon Secours RABAT,Rabat,,34.0202562,-6.8433934,exacte,osm
3938,Pharmacie Boukroune,pharmacie,537722468,"12, rue Bouqroun Rabat",Rabat,,34.0218454,-6.8408929,ville,centre_ville
3939,Pharmacie C.h.u,pharmacie,537672532,16.av ibnourochd (en face de l’hôpital d’enfant) Rabat,Rabat,,33.9877718,-6.8530394,exacte,osm
3959,Pharmacie Centrale,pharmacie,537724395,,Rabat,,34.0218454,-6.8408929,ville,nominatim
3973,Pharmacie Centre de Transfusion Sanguine,pharmacie,537692469,résidence aribat n°9 entre av hassan ii et douar rjaf laah c.y.m Rabat,Rabat,,34.0218454,-6.8408929,ville,centre_ville
4010,Pharmacie Chellah,pharmacie,537724723,"2, place de Melilya Rabat",Rabat,,34.0217171,-6.8312237,exacte,osm
4029,Pharmacie Chem's,pharmacie,632322026,"19, rue Al Moujahid Al Ayachi, hay Phosphate, Akkari Rabat",Rabat,,34.0218454,-6.8408929,ville,centre_ville
4040,Pharmacie Cherqi,pharmacie,537207474,100-100 bis avenue laalou medina Rabat,Rabat,,34.0286307,-6.8387859,exacte,osm
4078,Pharmacie Choukro Allah,pharmacie,537290543,"9 Bis, quartier Al Kouass, bloc DG Rabat",Rabat,,33.9877056,-6.8732178,exacte,nominatim_nom
4301,Pharmacie De L'agdal,pharmacie,537671600,"avenue des nations unies, rue ibn hanbal résidence ibn khaldoun (en face de paul agdal et de la clinique des nations unies) Rabat",Rabat,,33.9887734,-6.848024,exacte,nominatim_nom
4318,Pharmacie De L'ocean,pharmacie,537202176,54 av abdelkrim al khatabi Rabat,Rabat,,34.0251959,-6.8464955,exacte,osm
4434,Pharmacie Des Universites,pharmacie,537670404,79.av ibn sina Rabat,Rabat,,33.9881575,-6.8513294,exacte,osm
4520,Pharmacie Diour Jamaa,pharmacie,537261668,rue tahiti sur avenue hassan ii Rabat,Rabat,,34.0166694,-6.8465681,exacte,osm
4622,Pharmacie Du Minaret,pharmacie,537726495,252 avenue Hassan II Rabat,Rabat,,34.0140137,-6.8480362,exacte,osm
4689,Pharmacie El Kamra,pharmacie,537295141,bloc l n187 el kamra cym (en face immeubles touarga) Rabat,Rabat,,34.0218454,-6.8408929,ville,centre_ville
4800,Pharmacie ElAmine,pharmacie,537726932,"281, avenue Hassan II Rabat",Rabat,,33.9701969,-6.8823251,rue,nominatim
4922,Pharmacie Errahma,pharmacie,537652930,Pharmacie Errahma RABAT,Rabat,,34.2590768,-5.9350318,exacte,nominatim
4877,Pharmacie Errahma,pharmacie,537638226,hay al maouadda n°63 - route al oulja (prés de l'ancien mini parc) Rabat,Rabat,,34.0218454,-6.8408929,ville,centre_ville
10096,Pharmacie Fellat,pharmacie,537720887,16 place de Russia (Russie) Rabat,Rabat,,34.0195444,-6.8499448,exacte,osm
5042,Pharmacie Gharbia,pharmacie,537201650,35 rue karatchi ocean (sania gharbia) prés de la joutia des (motos) et de la cimetiére achouhada Rabat,Rabat,,34.0273181,-6.8455781,exacte,osm
9506,Pharmacie Guedira,pharmacie,537730300,"Av. Allal Ben Abdellah, Rabat",Rabat,,34.0215779,-6.8363628,exacte,osm
5095,Pharmacie Guennoun,pharmacie,537698002,rés oum keltoum 175 av hassan ii Rabat,Rabat,,34.0218454,-6.8408929,ville,centre_ville
5167,Pharmacie Hay Echabab,pharmacie,537692902,Pharmacie Hay Echabab RABAT,Rabat,,34.0218454,-6.8408929,ville,centre_ville
5256,Pharmacie Ibn Nafis,pharmacie,537720657,"12, rue Jazirat Al Arab Rabat",Rabat,,34.0231219,-6.8429543,rue,nominatim
5282,Pharmacie Ibn Sina,pharmacie,537672016,angle av fal oueld oumeir et av.atlas Rabat,Rabat,,34.1873728,-6.6817926,exacte,osm
5309,Pharmacie Ibn Toumerte,pharmacie,537702095,bd ibn toumerte les orangers près clinique al boustane et l'école badr Rabat,Rabat,,34.0161602,-6.8391178,exacte,nominatim_nom
5339,Pharmacie Ibn Zohr,pharmacie,537695523,"19,bloc c av al kifah al kamra (en face la gare routière kamra) Rabat",Rabat,,33.9915637,-6.8681016,exacte,nominatim_nom
5354,Pharmacie Iswane,pharmacie,537670777,rue jaâfar essadik résidence lakhdar mag n°37 (en face hôpital avicenne) Rabat,Rabat,,33.9895467,-6.846137,rue,nominatim_voie
5753,Pharmacie L'etoile,pharmacie,537671414,"rue el amir abde kader, (en face salle allal el fassi) ex salle soumaya - a côté du centre culturel de l'agdal Rabat",Rabat,garde 24h/24,33.9900489,-6.8541423,exacte,osm
5509,Pharmacie La Grande Pharmacie,pharmacie,537709148,rue abou fariss al marini Rabat,Rabat,,34.0163793,-6.8319284,exacte,nominatim_nom
5710,Pharmacie Les Arcades,pharmacie,537724222,44 bis av pasteur (angle av pasteur et av la victoire) Rabat,Rabat,,34.0125082,-6.8425147,exacte,nominatim_nom
5733,Pharmacie Les Iris,pharmacie,537776290,33 av. ibn sina (entre clinique agdal et ecole mohammadia des ingénieurs) Rabat,Rabat,,33.9974277,-6.8510312,exacte,osm
9877,Pharmacie Maghrebine ( Ex Hopital ),pharmacie,537725368,"18 Place des alliés Océan, Rabat",Rabat,garde 24h/24,34.0220605,-6.8493704,rue,nominatim
6003,Pharmacie Marassa,pharmacie,537201963,angle avenue misr et rue qobross Rabat,Rabat,,34.0251367,-6.8416741,exacte,osm
9140,Pharmacie Michlifen,pharmacie,537672687,2 avenue de Michlifen Rabat - Maroc,Rabat,,33.9947531,-6.8507219,exacte,osm
6705,Pharmacie Moderne,pharmacie,537772354,place rabiaa al adaouia (entre marché de l'agdal et résidence kays) Rabat,Rabat,,34.0002024,-6.8468272,exacte,nominatim_nom
7268,Pharmacie Nahim,pharmacie,537691693,"douar El Garaa, n° 309, Cym Rabat",Rabat,,33.9945332,-6.8697116,exacte,osm
7359,Pharmacie Napoli,pharmacie,537720859,,Rabat,,34.0218454,-6.8408929,ville,nominatim
7418,Pharmacie Normale,pharmacie,537707765,"21, av. allal ben abdellah Rabat",Rabat,,34.0173741,-6.8340586,rue,nominatim
7453,Pharmacie Oqba,pharmacie,537772699,62 avenue oqba Rabat,Rabat,,34.0031697,-6.8496954,exacte,osm
7629,Pharmacie Rabat Ville,pharmacie,537706375,4 av moulay youssef (entre gare rabat ville & bab rouahet en face de l'hôtel belere),Rabat,,34.0218454,-6.8408929,ville,centre_ville
7759,Pharmacie Rennaissance,pharmacie,537722422,356 bd mohamed v Rabat,Rabat,,34.2259972,-5.7128918,rue,nominatim
7775,Pharmacie Résidence la Corniche Marjolain,pharmacie,537294770,"lotissement Mountalak, villa 62 Amal 6 C.y.m. Rabat",Rabat,,34.0218454,-6.8408929,ville,centre_ville
8155,Pharmacie Sayarh,pharmacie,537292876,Pharmacie Sayarh RABAT,Rabat,,34.0218454,-6.8408929,ville,centre_ville
8256,Pharmacie Souika,pharmacie,537703036,"172, rue souika mag n°5 - medina Rabat",Rabat,,34.0248495,-6.835563,rue,nominatim_voie
8413,Pharmacie Tansift,pharmacie,537681676,"80, rue Tansift Rabat",Rabat,,34.0019671,-6.8478505,rue,nominatim
8568,Pharmacie Universelle,pharmacie,808508679,"1, avenue allal ben abdellah Rabat",Rabat,,34.0173741,-6.8340586,rue,nominatim
8621,Pharmacie Zahra,pharmacie,537708103,"12, av prince my abdellah Rabat",Rabat,,34.0174629,-6.8350178,exacte,nominatim_nom
4319,Pharmacie de Rabat,pharmacie,537707468,Pharmacie de Rabat,Rabat,,34.0184271,-6.8457835,exacte,osm
4243,Pharmacie de la Résistance,pharmacie,537724055,,Rabat,,34.0229167,-6.8462022,exacte,osm
4232,Pharmacie de la médina,pharmacie,537727062,6 bis rue bab chellah Rabat,Rabat,,34.0218454,-6.8408929,ville,centre_ville
4338,Pharmacie des Cités,pharmacie,537560335,lotissement warda Rabat,Rabat,,33.9371887,-6.8933101,exacte,nominatim_nom
4394,Pharmacie des Nations Unies,pharmacie,537670719,avenue des nations unies rue jabal al ayachi (à côté de station ola energy) s Rabat,Rabat,,33.9956587,-6.8455968,exacte,nominatim_nom
9910,Pharmacie des orangers,pharmacie,537260227,"189 Av. Hassan II, Rabat 10000",Rabat,,34.0198347,-6.8425075,exacte,nominatim
4539,Pharmacie du 16 novembre,pharmacie,537670024,16.av du 16 novembre - haut agdal (prés du kitea) Rabat,Rabat,,33.991146,-6.8489787,exacte,osm
4633,Pharmacie du Théâtre,pharmacie,537702794,11 rue haj abdeslam kabbaj ex rue al marj Rabat,Rabat,,34.0195429,-6.8310709,exacte,osm
5006,Pharmacie gare Agdal,pharmacie,537774220,rue abderrahmane ghafiki a l’intérieur de la gare al boraq accÈs porte cÔtÉ agdal - Rabat,Rabat,,34.0218454,-6.8408929,ville,centre_ville
5460,Pharmacie la Corniche,pharmacie,537729744,n°4 rue adis ababa route cotière (prés visite technique d'auto mobiles) Rabat,Rabat,,34.0258963,-6.8485412,exacte,osm
5735,Pharmacie les Ministères d'Agdal,pharmacie,537682562,11 cité de la garde agdal Rabat,Rabat,,33.9960667,-6.8549065,rue,nominatim
8158,Pharmacie Rich,pharmacie,535589299,Pharmacie Rich,Rich,,32.258804,-4.5056928,exacte,osm
9046,Pharmacie imam malik,pharmacie,535589989,Rich - Maroc,Rich,,32.2625921,-4.4939119,exacte,osm
8999,Grande Pharmacie Française,pharmacie,524464225,28 Place de l'indépendance Safi - Maroc,Safi,,32.2965194,-9.2438119,exacte,osm
5132,Pharmacie Abc,pharmacie,524629831,"161, av Mohammed V Safi",Safi,,32.3105396,-9.2273703,rue,nominatim
5769,Pharmacie Achbar,pharmacie,524623888,"rue Bel Vue , ang. Mimosa Safi",Safi,,32.3044261,-9.2366333,exacte,osm
7930,Pharmacie Addouha,pharmacie,524640057,Pharmacie Addouha SAFI,Safi,,32.299424,-9.239533,ville,centre_ville
203,Pharmacie Afiya,pharmacie,525069393,quartier ezzouhour bloc 53 n 123 safi,Safi,,32.299424,-9.239533,ville,centre_ville
5148,Pharmacie Al Yousr,pharmacie,524651929,lotiss. Soumiya qt. Matar Safi,Safi,,32.2654373,-9.2370349,exacte,nominatim_nom
5450,Pharmacie AlAndalous,pharmacie,524651577,"160, rue Omar , ElQors Safi",Safi,,32.299424,-9.239533,ville,centre_ville
4140,Pharmacie AlBouchra,pharmacie,524622146,1 rue 5 Tancre II ville nouvelle Safi,Safi,,32.299424,-9.239533,ville,centre_ville
6837,Pharmacie AlMatar,pharmacie,524652134,Lotiss. de l'Aviation SAFI,Safi,,32.299424,-9.239533,ville,centre_ville
4389,Pharmacie AlQods,pharmacie,524630362,"rue Jardin Public , Jnane Fessiane Safi",Safi,,32.299424,-9.239533,ville,centre_ville
2307,Pharmacie Annassiha,pharmacie,524653117,hay Kaouki bloc 4 rue 16 n°1 bis Safi,Safi,,32.2561618,-9.2502106,quartier,nominatim_voie
1325,Pharmacie Arrazi,pharmacie,524622379,23 bd Zerktouni imm. Anaville Safi,Safi,,32.293218,-9.2336688,exacte,osm
5060,Pharmacie Attae,pharmacie,524668353,Sidi Abdelkerim 1 lot. 173 Safi,Safi,,32.3182398,-9.2296965,exacte,osm
914,Pharmacie Benmira,pharmacie,524622510,59 rue Oualidia - Biada Safi,Safi,,32.3072822,-9.2349116,exacte,osm
911,Pharmacie Chagar,pharmacie,626740405,"1, rue Oued Tensift Safi",Safi,,32.299424,-9.239533,ville,centre_ville
7868,Pharmacie Ejjennane,pharmacie,524667318,2 rue Doukkala Ejjennene Safi,Safi,09H A 21H,32.3074684,-9.2376579,exacte,osm
261,Pharmacie El jouri,pharmacie,617301368,Lot N 129 LOTISSEMENT AMOUNI SECTEUR 3 Safi (M),Safi,,32.299424,-9.239533,ville,nominatim_quartier
5491,Pharmacie ElHassania,pharmacie,524650189,"5, rue Kobba , Sidi Ouassel Safi",Safi,,32.299424,-9.239533,ville,centre_ville
9519,Pharmacie Ezzakani,pharmacie,529255178,hay Sidi M'barek lot Biyar Oulja Ilane Safi - Maroc,Safi,,32.299424,-9.239533,ville,centre_ville
1234,Pharmacie Hadirat Al Mohit,pharmacie,525116957,323 Rte Sidi Abderrahman rue 4 lot Salma Safi,Safi,,32.299424,-9.239533,ville,centre_ville
3644,Pharmacie Hadmi,pharmacie,524611066,"1, lotiss. Bouzoubâa , q. Plateau Safi",Safi,,32.299424,-9.239533,ville,centre_ville
9417,Pharmacie Internationale,pharmacie,663465897,2 lotiss. Marjana rte souk sebt Safi - Maroc,Safi,,32.299424,-9.239533,ville,centre_ville
3234,Pharmacie Kodali,pharmacie,524610417,5 centre commercial Safi,Safi,,31.5931085,-7.9864499,exacte,nominatim
7492,Pharmacie Lafraidi,pharmacie,524668073,330 Lot. Sidi Abdelkerim SAFI,Safi,,32.3206339,-9.2283245,exacte,osm
7277,Pharmacie Laghiat,pharmacie,524635203,Pharmacie Laghiat SAFI,Safi,,32.299424,-9.239533,ville,centre_ville
3720,Pharmacie Lamine,pharmacie,524652219,"231, rue Manzil , sidi Ouassel Safi",Safi,,32.2612822,-9.2448455,exacte,osm
4166,Pharmacie Les Jasmins,pharmacie,524462731,"av. Mohammed V, coin de Paris Safi",Safi,,32.2925924,-9.2395131,exacte,nominatim_nom
2125,Pharmacie Miftah Arraha,pharmacie,524628416,lot Miftah Arraha q. Lamia Safi,Safi,,32.299424,-9.239533,ville,centre_ville
856,Pharmacie Mirabelle,pharmacie,524611610,hay Anas rue 38 n°9 Safi,Safi,,32.2861648,-9.2392415,exacte,osm
3023,Pharmacie Mouslih,pharmacie,525033989,931 lotiss. Marja q. Chems Safi,Safi,,32.2855676,-9.2090895,exacte,osm
1316,Pharmacie Nass Lahcen,pharmacie,524464639,M'rayat El Beid Safi,Safi,,32.299424,-9.239533,ville,centre_ville
5674,Pharmacie Pasteur,pharmacie,524630564,"7, rue ElKendi , v.n. Safi",Safi,,32.2893008,-9.2343718,exacte,osm
1825,Pharmacie Skalli,pharmacie,524623248,hay Mohammadi n° 2048 Safi,Safi,,32.278078,-9.2319193,exacte,osm
4392,Pharmacie de l'Hôpital,pharmacie,524461555,"102, bd Kennedy Safi",Safi,,32.2892361,-9.2374423,exacte,osm
3860,Pharmacie du Plateau,pharmacie,524627281,14 bd Mly Ismail v.n. Safi,Safi,,32.2938486,-9.2294047,exacte,osm
5088,Pharmacie l'Avenir,pharmacie,524623559,"115, av Marche Verte Safi",Safi,,32.299424,-9.239533,ville,centre_ville
3723,Pharmacie la Marine,pharmacie,524630608,83 bd Chakib Arssalane oued ElBacha Safi,Safi,,32.307277,-9.2377579,exacte,osm
5797,Pharmacie la Santé,pharmacie,524462774,25 bd. Mohammed Ben Abdellah Safi,Safi,,32.2914422,-9.2368711,exacte,osm
2846,Pharmacie la Vallée,pharmacie,524621010,7 bd Hassan II - Autre ville ang. dar Si Aissa imm.A4 Safi,Safi,,32.299424,-9.239533,ville,centre_ville
8836,Ma Petite Para,autre_point_de_vente,537863990,71 rue Bouchouk hay Karima Salé - Maroc,Salé,,34.0538383,-6.7917073,exacte,osm
114,Pharmacie 20 Aôut,pharmacie,537863198,"Hay Tabriquet, résid. 20 Aôut, imm. B 1, mag. 2 Sale",Salé,,34.0410484,-6.7798573,exacte,nominatim_nom
188,Pharmacie Abid,pharmacie,537871525,,Salé,,34.044889,-6.814017,ville,nominatim
393,Pharmacie Agoumi,pharmacie,537845503,lot bachir ii hay chemaou (route de kenitra) Sale,Salé,,34.0677079,-6.7978894,quartier,nominatim_quartier
783,Pharmacie Al Fadila,pharmacie,537874595,hay arrahma secteur b n° 9 Sale,Salé,,34.044889,-6.814017,ville,centre_ville
1842,Pharmacie AlBaraka,pharmacie,537845959,Pharmacie AlBaraka SALE,Salé,,34.044889,-6.814017,ville,centre_ville
2716,Pharmacie Amar,pharmacie,537862094,av mohamed v - Salé,Salé,,33.9436808,-6.9340169,exacte,osm
9495,Pharmacie Amer Kobra,pharmacie,537875215,rue Lbrahma Salé - Maroc,Salé,,34.044889,-6.814017,ville,centre_ville
3516,Pharmacie Belyamani,pharmacie,537853296,Pharmacie Belyamani SALE,Salé,,34.044889,-6.814017,ville,centre_ville
3554,Pharmacie Bentaleb Hajar,pharmacie,537861111,180 bd 6 novembre hay al qods Sale,Salé,,34.0485319,-6.7999683,quartier,nominatim_quartier
3607,Pharmacie Boubcher,pharmacie,537871037,"236, bd Al Amal, hay Oued Dahab Sale",Salé,,34.044889,-6.814017,ville,centre_ville
3610,Pharmacie Carrefour,pharmacie,537845928,centre commercial carrefour route de kénitra Sale,Salé,,34.044889,-6.814017,ville,centre_ville
3810,Pharmacie Dahab,pharmacie,537851291,47 bd Six Novembre hay Hourya Tabriquet Salé,Salé,,34.044889,-6.814017,ville,centre_ville
4043,Pharmacie Douae,pharmacie,537800744,"rue Al Arak, hay Cheikh Lamfadel Sale",Salé,,34.044889,-6.814017,ville,centre_ville
4266,Pharmacie ElBrahma,pharmacie,537875423,5 rte El Fouarat Douar ElBrahma Salé,Salé,,34.044889,-6.814017,ville,centre_ville
4309,Pharmacie ElFilali,pharmacie,537782388,Pharmacie ElFilali SALE,Salé,,34.044889,-6.814017,ville,centre_ville
4357,Pharmacie ElMamounia,pharmacie,537864757,11 hay Mamounia Tabriquet Salé,Salé,,34.0503377,-6.8005667,exacte,osm
4816,Pharmacie Hmimou,pharmacie,670093108,"ouled Mazouz , n°261 Sale",Salé,,34.044889,-6.814017,ville,centre_ville
5073,Pharmacie Inaya,pharmacie,537862787,Pharmacie Inaya SALE,Salé,,34.044889,-6.814017,ville,centre_ville
5076,Pharmacie Inbiat,pharmacie,537853724,31 zankate ameur av essalam douar cheikh lamfadel(face à souk assalihine) Sale,Salé,,34.0517494,-6.7908946,exacte,osm
5493,Pharmacie Maamora,pharmacie,537833995,Pharmacie Maamora SALE,Salé,,34.2541012,-6.5840229,exacte,nominatim
5495,Pharmacie Macha Allah,pharmacie,533061664,Pharmacie Macha Allah SALE,Salé,,33.9343147,-6.9097087,exacte,nominatim
9239,Pharmacie Marzouka,pharmacie,537843104,34 lotiss. Marzouka hay chmaou Salé - Maroc,Salé,,34.044889,-6.814017,ville,centre_ville
5502,Pharmacie Marzouka,pharmacie,665642998,av essalam 34 hay marzouka route de mehdia Sale,Salé,,34.044889,-6.814017,ville,centre_ville
5586,Pharmacie Mohammed,pharmacie,537524141,q. Brahma Sale,Salé,,34.0489348,-6.7994052,exacte,osm
5587,Pharmacie Mohammed V,pharmacie,537863294,"6, bd Mohammed V, Tabriquet Sale",Salé,,34.0489348,-6.7994052,exacte,osm
5692,Pharmacie Naciri,pharmacie,537861818,"bd Al Salwa, sect.4B Tabriquet Sale",Salé,,34.044889,-6.814017,ville,centre_ville
5781,Pharmacie Oum Al Kora,pharmacie,537871346,av youssef ibn tachfine n°110 bis hay cheikh lamfadel - Sale,Salé,,34.044889,-6.814017,ville,centre_ville
9859,Pharmacie Rif,pharmacie,537866063,"lot mimoza 6, magasin 01- Tabriquet, imm 6 Av. Abderrahim Bouabid, Salé",Salé,,34.044889,-6.814017,ville,nominatim_voie
6514,Pharmacie Rima,pharmacie,537803125,bd boukraa n°64 hay cheikh lamfadel Sale,Salé,,34.0527763,-6.7832939,rue,nominatim_voie
6905,Pharmacie Rizk,pharmacie,537862027,avenue 6 novembre hay rizk Sale,Salé,,34.0479125,-6.8079038,exacte,osm
6952,Pharmacie Rostane,pharmacie,537863186,759 av du sahara sect 8 Sale,Salé,,34.044889,-6.814017,ville,centre_ville
7324,Pharmacie Salah Eddine El Ayoubi,pharmacie,537885859,lot dadda n°1 (dérrière centrale laitière) route mehdia Sale,Salé,,34.0558772,-6.8098055,exacte,osm
7348,Pharmacie Salam,pharmacie,537801044,"24, bd Abderrahim Bouabid, sect. 7 Hay Essalam Sale",Salé,,34.0558772,-6.8098055,exacte,nominatim_nom
7828,Pharmacie Tabriquet,pharmacie,537863335,"bd Lalla Asmaa, lotiss. Fabi n° 9 Sale",Salé,,34.0489348,-6.7994052,exacte,nominatim_nom
8590,Pharmacie Zakaria,pharmacie,537855537,hay rahma n°1262 (sect c) Sale,Salé,,34.0578583,-6.7978164,rue,nominatim_voie
4111,Pharmacie du quartier industriel,pharmacie,537871069,"581, bd Ibn El Khatib ang. Ouarkziz dar Hamra Sale",Salé,,34.0586393,-6.7889178,exacte,osm
4763,Pharmacie hay Karima,pharmacie,537855058,"46, bd Mohammed V Sale",Salé,,34.0552061,-6.7934252,exacte,osm
5231,Pharmacie la Mamora,pharmacie,537854087,angle av my youssef et av soudan (en face de l'école nationale forestiere des ingenieurs) Sale,Salé,,34.044889,-6.814017,ville,centre_ville
5397,Pharmacie les Orangers,pharmacie,652801331,Pharmacie les Orangers SALE,Salé,,34.044889,-6.814017,ville,centre_ville
5396,Pharmacie les Orangers,pharmacie,537803134,"bd Boukraâ ang. rue les orangers, Cheikh Lamfadel Sale",Salé,,34.044889,-6.814017,ville,centre_ville
8865,Smart Para,autre_point_de_vente,662222020,bd Mohammed V c/o Marjane hay Karima Salé - Maroc,Salé,,34.044889,-6.814017,ville,centre_ville
370,Pharmacie Al Hourria,pharmacie,523720582,"3, bd mohammed v , lot. ben driss Settat",Settat,,32.9957233,-7.6199364,exacte,osm
631,Pharmacie Al Massira,pharmacie,523403172,"49, bd hassan2, près de sidi lghlimi Settat",Settat,,33.0049371,-7.6199137,exacte,nominatim_nom
1219,Pharmacie AlWilaya,pharmacie,523401759,"4, bd Hassan II Settat",Settat,,33.0087133,-7.6188795,exacte,osm
1017,Pharmacie Albarid,pharmacie,523403922,place de la liberté Settat,Settat,,33.002085,-7.6213019,exacte,osm
1125,Pharmacie Allal Ben Abdellah,pharmacie,523404635,"29, bd allal ben abdellah Settat",Settat,,32.9994677,-7.6239135,exacte,osm
1195,Pharmacie Alqods,pharmacie,523402064,"46, bd Mohammed V Settat",Settat,,33.0007181,-7.6185788,exacte,osm
1741,Pharmacie Attaouhid,pharmacie,612136940,Pharmacie Attaouhid SETTAT,Settat,,33.002397,-7.619867,ville,centre_ville
1742,Pharmacie Azzouzi,pharmacie,523402008,"95, bd Mohammed V Settat",Settat,,32.998089,-7.6187481,exacte,osm
8798,Pharmacie Barradi,pharmacie,523721965,"276, bd zerktouni , smaala Settat",Settat,,33.002397,-7.619867,ville,centre_ville
9543,Pharmacie Barradi,pharmacie,546159276,276 Bd Zerktouni Smaala Settat - Maroc,Settat,,33.002397,-7.619867,ville,centre_ville
1795,Pharmacie Batoul,pharmacie,523721095,"20, rue my ahmed derb omar Settat",Settat,,33.0005094,-7.6154184,exacte,osm
1984,Pharmacie Batoul,pharmacie,523405080,"20, derb omar, bd moulay ahmed, près du cimetière moulay ahmed Settat",Settat,,33.0005094,-7.6154184,exacte,osm
2259,Pharmacie Boumahdi,pharmacie,523402914,"43 Bis, rue Jbel Oukaimden , hay Mabrouka Settat",Settat,,32.9968233,-7.6208575,quartier,nominatim_quartier
2418,Pharmacie De La Renaissance,pharmacie,523402669,"86, boulevard général kettani, route ouled said, près de casa prix Settat",Settat,,33.002397,-7.619867,ville,centre_ville
2430,Pharmacie De Settat,pharmacie,523403865,"56, bd. allal el fassi, en face kissariat zzahra et snak italie de direction rue dehbiya Settat",Settat,garde 24h/24,32.996751,-7.6167278,exacte,nominatim_nom
2448,Pharmacie Derb Omar,pharmacie,523404493,Pharmacie Derb Omar SETTAT,Settat,,33.0016873,-7.6125296,exacte,osm
2947,Pharmacie El Wafaa,pharmacie,523403333,"34, av des F.a.r. Settat",Settat,,33.002397,-7.619867,ville,centre_ville
2969,Pharmacie ElAmal,pharmacie,523403585,"74, bd Bouchaïb Bellabssir Settat",Settat,,33.002397,-7.619867,ville,centre_ville
3230,Pharmacie ElSettati,pharmacie,523400730,"235, bd. la Princesse Lalla Aïcha Settat",Settat,,33.002397,-7.619867,ville,centre_ville
3449,Pharmacie Er-razi,pharmacie,523723582,"114, av. des Far Settat",Settat,,33.0042318,-7.616074,exacte,osm
3461,Pharmacie Essaada,pharmacie,523722837,"83, rue Aïn Louh , Mabrouka Settat",Settat,,32.9973854,-7.6153771,exacte,osm
3804,Pharmacie Hanine,pharmacie,523402507,"51, rue des Martyrs Settat",Settat,,33.002998,-7.6183344,exacte,osm
3864,Pharmacie Hôpital Hassan 2,pharmacie,523406210,bd bir anzarane _ hay mebrouka Settat,Settat,,32.9946845,-7.6163934,exacte,osm
3911,Pharmacie Ibn Abbad,pharmacie,523402122,"200, av des F.a.r. Settat",Settat,,33.002397,-7.619867,ville,centre_ville
3936,Pharmacie Ibn Sina,pharmacie,523404151,"157, bd lalla a?cha Settat",Settat,,32.993043,-7.6168425,exacte,nominatim_nom
4326,Pharmacie Maarouf,pharmacie,523402256,"362, bd des f.a.r. Settat",Settat,,32.9990338,-7.6159228,exacte,osm
4701,Pharmacie Motaouakkil,pharmacie,523723619,"9, bd. hassan ii , imm. boutaleb, près du cinéma al ahram Settat",Settat,,32.9988128,-7.6200248,exacte,osm
4893,Pharmacie Nazih,pharmacie,523400312,"16, bd. Mohamed Zerktouni Settat",Settat,,33.0051377,-7.6213965,exacte,osm
5085,Pharmacie Pam,pharmacie,523403558,n°37 rue moulay slimane. hay pam. près des taxis ben hmed- mosquée pam SETTAT,Settat,,33.0031208,-7.6112898,exacte,osm
5160,Pharmacie Rabha,pharmacie,523724586,"41, bd Changuit , Smaâla Settat",Settat,,32.9972352,-7.6242469,exacte,osm
5328,Pharmacie Rayhana Farah,pharmacie,523726499,"1 Bis, rue Khansaa , hay Farah II Settat",Settat,,33.007684,-7.6355572,exacte,nominatim_nom
5398,Pharmacie Ridouan,pharmacie,523401340,65. boulevard abdelkrim al khattabi. hay maymouna Settat,Settat,,33.002397,-7.619867,ville,centre_ville
5593,Pharmacie Rohi,pharmacie,523401580,"751, bd Changhit Settat",Settat,garde 24h/24,33.0043043,-7.6229854,exacte,osm
5763,Pharmacie Salman,pharmacie,523404314,Pharmacie Salman SETTAT,Settat,,33.002397,-7.619867,ville,centre_ville
5669,Pharmacie Saïd,pharmacie,523720085,Pharmacie Saïd SETTAT,Settat,,33.002397,-7.619867,ville,centre_ville
6334,Pharmacie Sidi Abdelkrim,pharmacie,523722707,"164, bd ourika , bloc pam Settat",Settat,,33.0005456,-7.6104802,exacte,osm
7339,Pharmacie Sidki,pharmacie,523724647,"233, bd ElArbi ElOuadi Settat",Settat,,33.0043073,-7.6094689,exacte,osm
7699,Pharmacie Smaâla,pharmacie,523405015,"148, bd. Mohamed Zerktouni Settat",Settat,,32.9986905,-7.6214409,exacte,osm
8000,Pharmacie Tantaoui,pharmacie,523723118,"13, bd la Résistance Settat",Settat,,33.0004385,-7.6206115,exacte,osm
2827,Pharmacie du train,pharmacie,523403477,"8 Bis, rue de la gare , Smaâla Settat",Settat,,32.9945966,-7.6217248,exacte,osm
8388,Pharmacie Ahlam,pharmacie,523349916,44 rue Aswane SIDI BENNOUR,Sidi Bennour,,32.6482306,-8.4282823,exacte,osm
2531,Pharmacie Ain Chifa,pharmacie,523359104,127 Bd Mohamed V Sidi bennour,Sidi Bennour,,32.6502552,-8.4296307,exacte,osm
2117,Pharmacie Al Masjid,pharmacie,523359463,509 Av 20 Aout bloc Pam Sidi bennour,Sidi Bennour,garde 24h/24,32.6507792,-8.4242087,ville,centre_ville
2041,Pharmacie Al Qods,pharmacie,523349292,413 Bd Massira lotiss. Widad Sidi bennour,Sidi Bennour,,32.6507329,-8.423771,exacte,nominatim_nom
6507,Pharmacie AlHassania,pharmacie,523359035,18 rue Ibrahim Roudani SIDI BENNOUR,Sidi Bennour,,32.6507792,-8.4242087,ville,centre_ville
1081,Pharmacie AlMotahida,pharmacie,523349220,Avenue de l'armée royale Sidi bennour,Sidi Bennour,,32.6507792,-8.4242087,ville,centre_ville
1099,Pharmacie AlMoustakbal,pharmacie,523349421,13 Bd Moulay Abdellah kiss. AlMoustakbal Sidi bennour,Sidi Bennour,,32.6507792,-8.4242087,ville,centre_ville
6470,Pharmacie AlWafaa,pharmacie,523349314,Lotiss. Essaada II n°2 SIDI BENNOUR,Sidi Bennour,,32.6507792,-8.4242087,ville,centre_ville
7160,Pharmacie AlWidad,pharmacie,523349922,132 bd. Amir Sidi Mohamed SIDI BENNOUR,Sidi Bennour,,32.6507792,-8.4242087,ville,centre_ville
6903,Pharmacie Alyassine,pharmacie,523349060,42 lotiss. Alyassine SIDI BENNOUR,Sidi Bennour,,32.6507792,-8.4242087,ville,centre_ville
2653,Pharmacie Badr,pharmacie,523349224,335 Avenue Massira Sidi bennour,Sidi Bennour,,32.65245,-8.4226361,exacte,osm
6529,Pharmacie Belcouyed,pharmacie,523359245,bd. Atoufah Ard ElKhair SIDI BENNOUR,Sidi Bennour,,32.6507792,-8.4242087,ville,centre_ville
1385,Pharmacie Bouroud,pharmacie,523369210,705 Bd Mohamed V hay El Massira Sidi bennour,Sidi Bennour,,32.6492803,-8.4314073,exacte,osm
2837,Pharmacie Centrale,pharmacie,523349145,109 bd Dakhla lotiss. Pam SIDI BENNOUR,Sidi Bennour,,32.648065,-8.4204169,exacte,osm
6031,Pharmacie Charafi,pharmacie,523359346,231 bd. ElMokhtar Essoussi Lot. Fath SIDI BENNOUR,Sidi Bennour,,32.645245,-8.4259538,exacte,osm
6145,Pharmacie El Ghazali,pharmacie,523359170,43 bd Al Amir Sidi Mohamed SIDI BENNOUR,Sidi Bennour,,32.6507792,-8.4242087,ville,centre_ville
7935,Pharmacie ElGrichet,pharmacie,523369199,centre ElGrichet Cercle Sidi Bennour,Sidi Bennour,,32.6507792,-8.4242087,ville,centre_ville
6138,Pharmacie Errahma,pharmacie,523369260,bd. My Abdellah 1 rue Imam Malek SIDI BENNOUR,Sidi Bennour,,32.6507792,-8.4242087,ville,centre_ville
6580,Pharmacie Errazi,pharmacie,523369437,hay Pam n°627 SIDI BENNOUR,Sidi Bennour,,32.6507792,-8.4242087,ville,centre_ville
9078,Pharmacie Essalam,pharmacie,523369377,41 Bis bd Houmane ElFetouaki Sidi Bennour - Maroc,Sidi Bennour,,32.6507792,-8.4242087,ville,centre_ville
1260,Pharmacie Grar,pharmacie,523349647,250 Bd Dakhla citée Pam Sidi bennour,Sidi Bennour,,32.6507792,-8.4242087,ville,centre_ville
715,Pharmacie Ibn Sina,pharmacie,523349034,2 Bd Oued Eddahab Pam Sidi bennour,Sidi Bennour,,32.6507792,-8.4242087,ville,centre_ville
6171,Pharmacie Ibnou Rochd,pharmacie,523349518,10 bd. Hassan II SIDI BENNOUR,Sidi Bennour,,32.7387112,-9.0260509,rue,nominatim
5969,Pharmacie Issaad,pharmacie,523349975,rue Laayoune bd. Allal Ben Abdellah SIDI BENNOUR,Sidi Bennour,,32.6507792,-8.4242087,ville,centre_ville
8567,Pharmacie Kridid,pharmacie,523356793,Sebt ElMaarif n°40 SIDI BENNOUR,Sidi Bennour,,32.6507792,-8.4242087,ville,centre_ville
7181,Pharmacie Meftah Elkhair,pharmacie,523359622,lotiss. Massira n°491 SIDI BENNOUR,Sidi Bennour,,32.6507792,-8.4242087,ville,centre_ville
7065,Pharmacie Nadia,pharmacie,523359068,68 X bd Hassan Ouazzani SIDI BENNOUR,Sidi Bennour,,32.6507792,-8.4242087,ville,centre_ville
6769,Pharmacie Noury,pharmacie,523359130,28 lotiss. Ard Alkhair SIDI BENNOUR,Sidi Bennour,,32.6512816,-8.4195798,exacte,osm
8695,Pharmacie Ouled Aissa,pharmacie,523386247,Had Oulad Aissa SIDI BENNOUR,Sidi Bennour,,32.6507792,-8.4242087,ville,centre_ville
8358,Pharmacie Ouled Si Bouhya,pharmacie,523376070,centre ElGrichet SIDI BENNOUR,Sidi Bennour,,32.6507792,-8.4242087,ville,centre_ville
7034,Pharmacie Rajaa,pharmacie,523369842,lotissement Amane n°38 SIDI BENNOUR,Sidi Bennour,,32.6507792,-8.4242087,ville,centre_ville
10045,Pharmacie Tarik,pharmacie,523369275,Lotiss. Ard Lkheir Sidi Bennour,Sidi Bennour,,32.6507792,-8.4242087,ville,centre_ville
8680,Pharmacie Zyayna,pharmacie,661152808,Pharmacie Zyayna SIDI BENNOUR,Sidi Bennour,,32.6507792,-8.4242087,ville,centre_ville
9103,Pharmacie de l'hôpital,pharmacie,523359354,9 lot Ammar Sidi Bennour - Maroc,Sidi Bennour,,32.6507792,-8.4242087,ville,centre_ville
7911,Pharmacie du Village,pharmacie,523349588,centre AlKaria cercle Rural Bouhman SIDI BENNOUR,Sidi Bennour,,32.6507792,-8.4242087,ville,centre_ville
10172,Pharmacie la Cité,pharmacie,529824286,"av la Marche Verte , résid. Asaad, i4, mm. B1, bloc A n°4 Sidi Bennour",Sidi Bennour,,32.650047,-8.4229282,exacte,osm
9090,Pharmacie la Famille,pharmacie,523369392,250 lot Widad Sidi Bennour - Maroc,Sidi Bennour,,32.6526487,-8.4254339,exacte,osm
1489,Pharmacie la santé,pharmacie,523359291,479 Pam bloc 5 Sidi bennour,Sidi Bennour,,32.6435757,-8.4190911,exacte,osm
1321,Pharmacie la victoire,pharmacie,523349320,Bd des F.a.r Sidi bennour,Sidi Bennour,,32.6451983,-8.4203776,exacte,osm
7633,Pharmacie Ain Deffali,pharmacie,537460745,Pharmacie Ain Deffali SIDI KACEM,Sidi Kacem,,34.226412,-5.711434,ville,centre_ville
7570,Pharmacie Ain Dorrif,pharmacie,537909473,Pharmacie Ain Dorrif SIDI KACEM,Sidi Kacem,,34.226412,-5.711434,ville,centre_ville
8293,Pharmacie Aissaoui,pharmacie,537799311,Pharmacie Aissaoui SIDI KACEM,Sidi Kacem,,34.226412,-5.711434,ville,centre_ville
314,Pharmacie Al Amal,pharmacie,537594527,11 q. Miloud n° 16 Sidi kacem,Sidi Kacem,,34.2037738,-5.7092787,quartier,nominatim_voie
8949,Pharmacie Al Houda,pharmacie,668713111,route de Tanger lot. n°241/2 Sidi Kacem - Maroc,Sidi Kacem,,34.226412,-5.711434,ville,centre_ville
7701,Pharmacie Al Joulane,pharmacie,537591077,Pharmacie Al Joulane SIDI KACEM,Sidi Kacem,,34.226412,-5.711434,ville,centre_ville
7729,Pharmacie Al Khawarizmi,pharmacie,537595584,Pharmacie Al Khawarizmi SIDI KACEM,Sidi Kacem,,34.2231898,-5.7048807,exacte,nominatim
1342,Pharmacie Al Missaha (clinique),pharmacie,537596624,32 hay Al Qods Sidi kacem,Sidi Kacem,,34.226412,-5.711434,ville,centre_ville
2083,Pharmacie Al Wifak,pharmacie,537593332,61 rte de Meknès - Autre ville rue 16 hay El Kouch Sidi kacem,Sidi Kacem,,34.226412,-5.711434,ville,centre_ville
738,Pharmacie AlKhawarizmi,pharmacie,690875123,Nouveau Quartier rue 20 n°2 Sidi kacem,Sidi Kacem,,34.226412,-5.711434,ville,centre_ville
7764,Pharmacie AlWahda,pharmacie,537909663,q. Nouveau Khenichet SIDI KACEM,Sidi Kacem,,34.226412,-5.711434,ville,centre_ville
9437,Pharmacie AlWahda,pharmacie,537998405,q. Nouveau Khenichet Sidi Kacem - Maroc,Sidi Kacem,,34.226412,-5.711434,ville,centre_ville
8165,Pharmacie AlWahda,pharmacie,537998418,Pharmacie AlWahda SIDI KACEM,Sidi Kacem,,34.226412,-5.711434,ville,centre_ville
8100,Pharmacie Allaymoune,pharmacie,537590334,hay Yasmine bloc C n°471 SIDI KACEM,Sidi Kacem,,34.226412,-5.711434,ville,centre_ville
8246,Pharmacie Azghar,pharmacie,537591302,q. Azghar ang. rue 1 n°94 SIDI KACEM,Sidi Kacem,,34.2152582,-5.7148705,exacte,osm
30,Pharmacie Badr,pharmacie,537592638,Rue 9 n°19 Sidi kacem,Sidi Kacem,,34.219909,-5.7067688,exacte,osm
268,Pharmacie Bir Anzarane,pharmacie,537593598,78 Rue Bir Anzarane Sidi kacem,Sidi Kacem,,34.2226316,-5.7111642,exacte,osm
7309,Pharmacie Chifa,pharmacie,537909604,Jorf ElMalha SIDI KACEM,Sidi Kacem,,34.2512093,-5.9293961,exacte,osm
7483,Pharmacie Chrarda,pharmacie,537595060,31 av Hassan II SIDI KACEM,Sidi Kacem,,34.2203164,-5.7088723,exacte,osm
7392,Pharmacie Croissant Rouge,pharmacie,537593376,Pharmacie Croissant Rouge SIDI KACEM,Sidi Kacem,,34.226412,-5.711434,ville,centre_ville
9188,Pharmacie El Hekim,pharmacie,667051774,hay Jawhara n° 1237 Sidi Kacem - Maroc,Sidi Kacem,,34.226412,-5.711434,ville,centre_ville
7300,Pharmacie ElFath,pharmacie,537592707,bd de Rabat rue 33 n°91 SIDI KACEM,Sidi Kacem,,34.226412,-5.711434,ville,centre_ville
7910,Pharmacie ElJoulane,pharmacie,537591012,hay ElMerse n°39 SIDI KACEM,Sidi Kacem,garde 24h/24,34.226412,-5.711434,ville,centre_ville
7697,Pharmacie Errazi,pharmacie,537595193,Mlahla rue 67 n°6 SIDI KACEM,Sidi Kacem,,34.226412,-5.711434,ville,centre_ville
8247,Pharmacie Esperance,pharmacie,537909709,Boutrika n°29 Teroaul SIDI KACEM,Sidi Kacem,,34.226412,-5.711434,ville,centre_ville
3095,Pharmacie Ezzahra,pharmacie,537593065,rte de Tanger n°376 SIDI KACEM,Sidi Kacem,,34.2302505,-5.7078634,exacte,osm
8280,Pharmacie Haouafate,pharmacie,537905504,q. Haouafate souk Jemaa SIDI KACEM,Sidi Kacem,,34.226412,-5.711434,ville,centre_ville
8184,Pharmacie Ibn Rochd,pharmacie,672307537,Cité Nouvelle rue 21 n°3 SIDI KACEM,Sidi Kacem,,34.2244259,-5.7060413,exacte,nominatim_nom
9253,Pharmacie Jorf,pharmacie,537909630,bd ElFarran Jorf ElMelha Sidi Kacem - Maroc,Sidi Kacem,,34.226412,-5.711434,ville,centre_ville
8732,Pharmacie Kebdani,pharmacie,537990426,lot. Hamid rue 8 Jorf ElMelha SIDI KACEM,Sidi Kacem,,34.226412,-5.711434,ville,centre_ville
7838,Pharmacie Ksar Aslouj,pharmacie,537310026,Douar Ouled Moussa SIDI KACEM,Sidi Kacem,,34.226412,-5.711434,ville,centre_ville
7636,Pharmacie Lemnie,pharmacie,537593590,hay Lmers rue 46 n°54 bis SIDI KACEM,Sidi Kacem,,34.226412,-5.711434,ville,centre_ville
8548,Pharmacie Maghreb Arrabe,pharmacie,537594539,142 bd Mohammed V SIDI KACEM,Sidi Kacem,,33.2429056,-8.4974368,exacte,nominatim
7734,Pharmacie Ouargha,pharmacie,537998133,31 av Hassan II Khnichat SIDI KACEM,Sidi Kacem,,34.226412,-5.711434,ville,centre_ville
8754,Pharmacie Principale,pharmacie,537596989,23 bd Mohammed V SIDI KACEM,Sidi Kacem,,34.226412,-5.711434,ville,centre_ville
2859,Pharmacie Rmila,pharmacie,537596024,33 rte de Rabat rue N2 Hay Rmila Sidi kacem,Sidi Kacem,,34.226412,-5.711434,ville,centre_ville
8645,Pharmacie Sahraoua,pharmacie,537596045,hay Sahraoua rue 80 n°15 SIDI KACEM,Sidi Kacem,,34.226412,-5.711434,ville,centre_ville
7710,Pharmacie Sidi Bousber,pharmacie,537597243,Sidi Bousber Cercle de Ouazzane SIDI KACEM,Sidi Kacem,,34.675814,-5.5479542,rue,nominatim
7740,Pharmacie Zirara,pharmacie,537594755,Zirara Centre Slatna SIDI KACEM,Sidi Kacem,,34.2410099,-5.7414921,exacte,osm
2864,Pharmacie nouvelle,pharmacie,537593346,33 Rue 22 Sidi kacem,Sidi Kacem,,34.2225834,-5.7088217,exacte,osm
6072,Pharmacie Al Markaz Assehi,pharmacie,522969387,Pharmacie Al Markaz Assehi SIDI RAHAL,Sidi Rahal,,32.8479833,-7.9346203,ville,centre_ville
298,Pharmacie Agdal,pharmacie,537501033,72 lotiss. Jalil Tazi Sidi slimane,Sidi Slimane,,34.259878,-5.927253,ville,centre_ville
640,Pharmacie Al Azhar,pharmacie,537502984,286 bd Mohammed V Sidi slimane,Sidi Slimane,,34.259878,-5.927253,ville,centre_ville
726,Pharmacie Al Houda,pharmacie,537505669,av Al Hansali hay Essalam bloc 20 n°9 Sidi slimane,Sidi Slimane,,34.259878,-5.927253,ville,centre_ville
768,Pharmacie Al Marjane,pharmacie,530650730,bd Hassan II - Autre ville Sidi slimane,Sidi Slimane,,34.2647314,-5.9149458,exacte,nominatim_nom
777,Pharmacie Al Masjid,pharmacie,537502513,hay Salam bloc 17 n°23 SIDI SLIMANE,Sidi Slimane,,34.2543679,-5.923932,exacte,nominatim_nom
1876,Pharmacie Amine,pharmacie,537502078,12 Av. Mohammed V rte Dar Belamri Sidi slimane,Sidi Slimane,,34.259878,-5.927253,ville,centre_ville
2114,Pharmacie Assafaa,pharmacie,537501046,"Hay Essalam , bloc 40 n°8 Sidi slimane",Sidi Slimane,,34.2540121,-5.9197721,exacte,osm
2561,Pharmacie Beni Hssen,pharmacie,537502176,55 av Mohamed Zerktouni Ouled ElGhazi rte de Dar Amri Sidi slimane,Sidi Slimane,garde 24h/24,34.259878,-5.927253,ville,centre_ville
2693,Pharmacie Bir Anzarane,pharmacie,537502900,63 bd. Bir Anzarane SIDI SLIMANE,Sidi Slimane,,34.2226316,-5.7111642,exacte,osm
2697,Pharmacie Bismillah,pharmacie,537500688,3 lotiss. Agdal SIDI SLIMANE,Sidi Slimane,,34.259878,-5.927253,ville,centre_ville
3064,Pharmacie Chifaa,pharmacie,537503034,hay Laymoune bloc 27 n°7 SIDI SLIMANE,Sidi Slimane,,34.2512093,-5.9293961,exacte,osm
3439,Pharmacie Debbarh,pharmacie,661491076,lot Agdal n° 3 Sidi slimane,Sidi Slimane,,34.259878,-5.927253,ville,centre_ville
4244,Pharmacie ElHay ElJadid,pharmacie,537500650,"av Zerktouni , hay ElJadid Sidi slimane",Sidi Slimane,,34.259878,-5.927253,ville,centre_ville
4256,Pharmacie ElMerini,pharmacie,537504925,6 av Hassan II Sidi slimane,Sidi Slimane,,34.259878,-5.927253,ville,centre_ville
4393,Pharmacie Enassr,pharmacie,537503029,"hay Essalam , bloc 2 n°32 Sidi slimane",Sidi Slimane,,34.259878,-5.927253,ville,centre_ville
4525,Pharmacie Essalam,pharmacie,537501418,hay Essalam bloc 10 n°63 Sidi slimane,Sidi Slimane,,34.2577864,-5.9255332,exacte,osm
9201,Pharmacie Hôpital,pharmacie,537500040,18 av Maghreb El Arabi Sidi Slimane - Maroc,Sidi Slimane,,34.2672795,-5.9234458,exacte,osm
9132,Pharmacie Ibn Khaldoune,pharmacie,537501968,hay Ibn Khaldoun Sidi Slimane - Maroc,Sidi Slimane,,34.259878,-5.927253,ville,centre_ville
4641,Pharmacie Ibn Sina,pharmacie,537500504,hay Essalam bloc B n°6 Sidi slimane,Sidi Slimane,,34.2592699,-5.9243981,exacte,nominatim_nom
4803,Pharmacie Jalal,pharmacie,537500442,hay Essalam bloc G n°9 SIDI SLIMANE,Sidi Slimane,,34.2590402,-5.9182947,exacte,osm
4834,Pharmacie Jbirat,pharmacie,537505523,21 bd Hassan II - Autre ville rte de Kenitra SIDI SLIMANE,Sidi Slimane,,34.2635624,-5.9422486,exacte,osm
4931,Pharmacie Karima,pharmacie,661254737,141 q. administartif lotiss. Marjane Sidi slimane,Sidi Slimane,,34.261281,-5.9143657,exacte,osm
7619,Pharmacie Mansouri,pharmacie,537502012,321 av Mohammed V q. Khouribga Sidi slimane,Sidi Slimane,,34.2663506,-5.9254007,exacte,osm
7725,Pharmacie Ouled El Ghazi,pharmacie,537505871,"10, av Zerktouni , lot. Lemhamed Sidi slimane",Sidi Slimane,,34.259878,-5.927253,ville,centre_ville
7835,Pharmacie Ouled Malek,pharmacie,537505321,hay Ouled Zid Sidi slimane,Sidi Slimane,,34.259878,-5.927253,ville,centre_ville
7894,Pharmacie Populaire,pharmacie,537502762,av Istiqlal ang. av Nations Unies Sidi slimane,Sidi Slimane,,34.2622822,-5.9262334,exacte,osm
7991,Pharmacie Saih,pharmacie,537502626,av Hassan II hay Essalam SIDI SLIMANE,Sidi Slimane,,34.2593841,-5.920786,exacte,osm
7996,Pharmacie Sidi Slimane,pharmacie,537503889,2 av Mohamed Diouri hay Laymoune Sidi slimane,Sidi Slimane,,34.2538874,-5.9276788,exacte,osm
8417,Pharmacie Slimania,pharmacie,537505922,"144, Slimania III Sidi slimane",Sidi Slimane,,34.259878,-5.927253,ville,centre_ville
8554,Pharmacie Yassine,pharmacie,676306817,av la Resistance ouled Malek Sidi slimane,Sidi Slimane,,34.269301,-5.9367478,exacte,osm
3719,Pharmacie du Beht,pharmacie,537502040,"56, bd Mohammed V Sidi slimane",Sidi Slimane,,34.259878,-5.927253,ville,centre_ville
10232,Pharmacie du Gharb,pharmacie,645512140,Sidi Slimane,Sidi Slimane,,34.2695549,-5.9044841,quartier,nominatim
3942,Pharmacie du Rharb,pharmacie,537502254,28 bd Hassan II Sidi slimane,Sidi Slimane,,34.259878,-5.927253,ville,centre_ville
5022,Pharmacie la Clinique,pharmacie,537501392,Hay Essalam bloc 5 n°10 SIDI SLIMANE,Sidi Slimane,,34.2554893,-5.9182958,exacte,nominatim_nom
5411,Pharmacie la Résistance,pharmacie,537503558,2 av la Résistance SIDI SLIMANE,Sidi Slimane,,34.2673508,-5.920548,exacte,osm
6856,Pharmacie le Jasmin,pharmacie,537502504,hay Salam bloc 26 n°24 Sidi slimane,Sidi Slimane,,34.259878,-5.927253,ville,centre_ville
7409,Pharmacie les Orangers,pharmacie,537501965,12 av Mohammed V Ghoumareyene Sidi slimane,Sidi Slimane,,34.259878,-5.927253,ville,centre_ville
7426,Pharmacie les Urgences,pharmacie,537503690,av de la Résistance SIDI SLIMANE,Sidi Slimane,,34.259878,-5.927253,ville,centre_ville
6782,Pharmacie Oujra,pharmacie,537301096,433 rue Fatima oum Elbanine hay El Fath SIDI YAHIA DU GHARB,Sidi Yahia Du Gharb,,,,,
10146,Pharmacie Sidi Bennour,pharmacie,523349271,"Av. Mohamed V, Sidi Bennour",Sidi-Bennour,,32.6505579,-8.4284621,exacte,osm
8526,Pharmacie Abderrahmane,pharmacie,537742171,Pharmacie Abderrahmane Skhirat,Skhirat,,33.8455538,-7.0450252,exacte,osm
7220,Pharmacie Ain ELHayat,pharmacie,533521617,Pharmacie Ain ELHayat Skhirat,Skhirat,,33.8552192,-7.0258699,exacte,nominatim
8112,Pharmacie AlMajd,pharmacie,537620187,Pharmacie AlMajd Skhirat,Skhirat,,33.850672,-7.028026,ville,centre_ville
6249,Pharmacie Arrachade,pharmacie,537742574,Pharmacie Arrachade Skhirat,Skhirat,,33.8470104,-7.0433719,exacte,osm
8581,Pharmacie Bichifa,pharmacie,537742664,Pharmacie Bichifa Skhirat,Skhirat,,33.8440205,-7.0462371,exacte,osm
6096,Pharmacie Bouayba,pharmacie,537620216,Pharmacie Bouayba Skhirat,Skhirat,,33.850672,-7.028026,ville,centre_ville
2756,Pharmacie Chaouki,pharmacie,537742301,Pharmacie Chaouki Skhirat,Skhirat,,33.8538426,-7.0347048,exacte,osm
7251,Pharmacie Hicham,pharmacie,537620578,Pharmacie Hicham Skhirat,Skhirat,,33.8483679,-7.0412448,exacte,osm
8657,Pharmacie Jaber,pharmacie,537742612,Pharmacie Jaber Skhirat,Skhirat,,33.850672,-7.028026,ville,centre_ville
2965,Pharmacie L'Amphitrite,pharmacie,537620005,Pharmacie L'Amphitrite Skhirat,Skhirat,,33.850672,-7.028026,ville,centre_ville
6618,Pharmacie Meriem,pharmacie,537742577,Pharmacie Meriem Skhirat,Skhirat,,33.9170964,-6.8990926,exacte,nominatim
8570,Pharmacie Mosquée ElHouda,pharmacie,537620637,Pharmacie Mosquée ElHouda Skhirat,Skhirat,,33.850672,-7.028026,ville,centre_ville
8088,Pharmacie Mounia,pharmacie,537620030,Pharmacie Mounia Skhirat,Skhirat,,33.850672,-7.028026,ville,centre_ville
1271,Pharmacie Ouled Ghanem,pharmacie,537742909,Pharmacie Ouled Ghanem Skhirat,Skhirat,,33.8576178,-7.0287165,exacte,nominatim
7912,Pharmacie Palais des Congrés,pharmacie,537742743,Pharmacie Palais des Congrés Skhirat,Skhirat,,33.850672,-7.028026,ville,centre_ville
7208,Pharmacie Raji,pharmacie,537742516,Pharmacie Raji Skhirat,Skhirat,,33.848757,-7.0319172,exacte,osm
6314,Pharmacie Salma,pharmacie,537742257,Pharmacie Salma Skhirat,Skhirat,,33.8572628,-7.0308915,exacte,osm
8795,Pharmacie Sebbah,pharmacie,537628481,souk el had lot n°2 commune sebbah Skhirate,Skhirat,,33.8375833,-7.0385862,exacte,nominatim_nom
8290,Pharmacie Taoufik,pharmacie,537742022,Pharmacie Taoufik Skhirat,Skhirat,,33.850861,-7.0377629,exacte,osm
8606,Pharmacie Zouhair,pharmacie,537620166,Pharmacie Zouhair Skhirat,Skhirat,,33.8456772,-7.02746,exacte,osm
8588,Pharmacie du Bien Etre,pharmacie,537620564,Pharmacie du Bien Etre Skhirat,Skhirat,,33.8430193,-7.0396416,exacte,osm
8174,Pharmacie l'Erac,pharmacie,537620558,Pharmacie l'Erac Skhirat,Skhirat,,33.8517991,-7.0399973,exacte,osm
6312,Pharmacie les Palmeraies,pharmacie,537742232,Pharmacie les Palmeraies Skhirat,Skhirat,,33.850672,-7.028026,ville,centre_ville
9161,Pharmacie Achokr,pharmacie,537620376,333 Ain El Hayat 3 Skhirate - Maroc,Skhirate,,33.8511311,-7.0238618,exacte,osm
9220,Pharmacie Aïn Arroz,pharmacie,537620062,5 rte Aïn Arroz Skhirate - Maroc,Skhirate,,33.8508787,-7.0351058,exacte,nominatim_nom
9172,Pharmacie Fadoua,pharmacie,673022609,38 lotiss. Al Moustakbal Skhirate - Maroc,Skhirate,,33.8514549,-7.0277403,exacte,osm
9179,Pharmacie Jnane Skhirat,pharmacie,537787378,48 lotiss. Al Warda centre Sud Skhirate - Maroc,Skhirate,,33.8436255,-7.0328618,exacte,nominatim_nom
9214,Pharmacie Skhirat,pharmacie,537742170,7 Aïn Rouz Skhirate - Maroc,Skhirate,,33.8436255,-7.0328618,exacte,nominatim_nom
6983,Pharmacie Smara,pharmacie,528899133,Pharmacie Smara,Smara,,26.7408247,-11.6754109,exacte,osm
7423,Pharmacie Al Amal,pharmacie,535660265,Rfaif Sefrou,Séfrou,,33.8217814,-4.8252082,exacte,nominatim
2773,Pharmacie Assalam,pharmacie,533740720,887 av. Mohamed Yakhlaf Ben Seffar Sefrou,Séfrou,,33.8296319,-4.828748,exacte,osm
221,Pharmacie Avicenne,pharmacie,535660562,bd Amir Abdelkader Sefrou,Séfrou,,34.010842,-4.950126,exacte,osm
7561,Pharmacie Aïn Karma,pharmacie,535404271,Pharmacie Aïn Karma SEFROU,Séfrou,,33.824898,-4.833336,ville,centre_ville
1176,Pharmacie Bab ElMakam,pharmacie,535661765,4 rue Ibn Tachfine SEFROU,Séfrou,,33.824898,-4.833336,ville,centre_ville
7769,Pharmacie Ben Seffar,pharmacie,535969013,"104, lotissement Hind , hay Ennahda lot. n°5 Sefrou",Séfrou,,33.8314144,-4.8264371,exacte,nominatim_nom
7896,Pharmacie Bouayad,pharmacie,534439606,Pharmacie Bouayad SEFROU,Séfrou,,33.824898,-4.833336,ville,centre_ville
612,Pharmacie Boudarham 2,pharmacie,535682479,Rte Al Manzel n°558 hay Boudarham Sefrou,Séfrou,,33.824898,-4.833336,ville,centre_ville
728,Pharmacie Cascades,pharmacie,535682925,rue Errachad bloc 2 n°°167 Séfrou,Séfrou,,33.8370429,-4.8257509,exacte,osm
8791,Pharmacie Chabbak,pharmacie,535969207,"Q. Chabbak 1 , n°117 bis Sefrou",Séfrou,,33.8299922,-4.8383002,exacte,osm
207,Pharmacie Charifi,pharmacie,535660689,av ElIdrissi rue 227 n°97 Habouna Séfrou,Séfrou,garde 24h/24,33.824898,-4.833336,ville,centre_ville
7915,Pharmacie Fadil,pharmacie,535661818,648 rue Aghaliba Sefrou,Séfrou,,33.824898,-4.833336,ville,centre_ville
9029,Pharmacie Habitat,pharmacie,535969242,114 bd Hassan 1ér Sette Massouda Séfrou,Séfrou,,33.8323172,-4.837027,exacte,osm
1595,Pharmacie Habouna El Jadida,pharmacie,535661894,312 av Ibnou Sina Habouna Séfrou,Séfrou,,33.824898,-4.833336,ville,centre_ville
8169,Pharmacie Hay El Farah,pharmacie,535683073,"hay El Farah , station Ziz Sefrou",Séfrou,,33.824898,-4.833336,ville,centre_ville
8972,Pharmacie Hay Elouz,pharmacie,535661394,q. Elouz Ben Seffar n°44 Séfrou - Maroc,Séfrou,,33.824898,-4.833336,ville,centre_ville
1370,Pharmacie Hay Sidi Boumediane,pharmacie,535969448,hay Sidi Boumediane lot. Hind n°130 Séfrou,Séfrou,,33.824898,-4.833336,ville,centre_ville
7509,Pharmacie Khalil,pharmacie,535660737,1218 Zalagh Ben Sefar SEFROU,Séfrou,,33.824898,-4.833336,ville,centre_ville
119,Pharmacie Laaouini,pharmacie,535683887,102 Lotissement Lalla Moulati rte. El Menzel Sefrou,Séfrou,,33.8254802,-4.8218266,exacte,osm
8579,Pharmacie Laaouini,pharmacie,535969429,Pharmacie Laaouini SEFROU,Séfrou,,33.8254802,-4.8218266,exacte,osm
971,Pharmacie Lmassjid,pharmacie,661355153,lot Massay n°118 Sefrou,Séfrou,,33.824898,-4.833336,ville,centre_ville
1678,Pharmacie Mhirez,pharmacie,535682650,lotiss. Essalam n°32 Mhirez Sefrou,Séfrou,garde 24h/24,33.8355756,-4.8327067,exacte,osm
7335,Pharmacie Pasteur,pharmacie,535969580,Pharmacie Pasteur SEFROU,Séfrou,,33.8282589,-4.8322908,exacte,osm
2226,Pharmacie Rachad,pharmacie,550116595,rue Errachad Séfrou,Séfrou,,33.8383635,-4.8225343,exacte,osm
8971,Pharmacie Razi,pharmacie,535969460,220 av Yaâcoub El Mansour Séfrou - Maroc,Séfrou,,33.8328329,-4.8342858,exacte,osm
7589,Pharmacie Rhizlane,pharmacie,535683411,Pharmacie Rhizlane SEFROU,Séfrou,,33.824898,-4.833336,ville,centre_ville
8488,Pharmacie Route de Boulmane,pharmacie,611262805,"72, lotiss. Moulay Ismail Sefrou",Séfrou,,33.824898,-4.833336,ville,centre_ville
8997,Pharmacie Route de Fès,pharmacie,535969538,route de Fès Séfrou - Maroc,Séfrou,,33.824898,-4.833336,ville,centre_ville
8207,Pharmacie Setti Massaouda,pharmacie,535660672,134 bd Moulay Ismail SEFROU,Séfrou,,33.824898,-4.833336,ville,centre_ville
9014,Pharmacie Sidi Ahmed Tadli,pharmacie,535660348,318 bd Abdelkrim Khattabi Séfrou - Maroc,Séfrou,,33.8322462,-4.842931,exacte,nominatim_nom
357,Pharmacie Sidi Lahcen Lyoussi,pharmacie,535660429,281 derb El Miter Sefrou,Séfrou,,33.824898,-4.833336,ville,centre_ville
7522,Pharmacie Slaoui Al Jadida,pharmacie,535969200,530 av Yacoub El Mansour SEFROU,Séfrou,,33.8317997,-4.8335571,rue,nominatim
2674,Pharmacie Zghari,pharmacie,659797970,12 x bd Hassan II lot Karim hay Ennasr Sefrou,Séfrou,,33.8243181,-4.8247475,exacte,osm
8391,Pharmacie Zine El Abidine,pharmacie,535969632,"lotiss. Atlas , Ben Seffar Sefrou",Séfrou,,33.824898,-4.833336,ville,centre_ville
1,Pharmacie centrale,pharmacie,535660484,1 pl. Bab El Mrabaa Sefrou,Séfrou,,33.8280992,-4.8374662,exacte,osm
8346,Pharmacie de Garde,pharmacie,614571759,Pharmacie de Garde SEFROU,Séfrou,,33.986015,-4.9994,exacte,osm
2815,Pharmacie de Sefrou,pharmacie,535660268,Boulevard Mohammed V Sefrou,Séfrou,,33.824898,-4.833336,ville,centre_ville
7319,Pharmacie du Stade,pharmacie,535662572,72 Lotissement Ben Hamza Massy Sefrou,Séfrou,garde 24h/24,33.8223701,-4.8328579,exacte,osm
3118,Pharmacie la Famille,pharmacie,535662264,lotissement Bir Anzarane Ben Seffar n°19 Séfrou,Séfrou,,34.0050682,-4.9869764,exacte,osm
7882,Pharmacie la Province,pharmacie,535682139,q. chram v.n. Sefrou,Séfrou,,33.8270109,-4.8398992,exacte,osm
8251,Pharmacie les Cérises,pharmacie,535683583,140 Ibnou Zaidoun Habouna SEFROU,Séfrou,,33.8264484,-4.8312035,exacte,nominatim_nom
9746,Pharmacie Ibn Rochd,pharmacie,539991026,66 av. Abderrahim Bouabid lotiss. Wilaya T?touan - Maroc,T?Touan,,,,,
2660,Pharmacie Al Mahata,pharmacie,528878066,bd Mohammed V ang rue ouled Tidrarine Tan tan,Tan Tan,,28.4424901,-11.0931478,rue,nominatim_voie
1706,Pharmacie Al Masjid,pharmacie,528766222,7 av Chahid Mehdi Bouya hay Sahara Tan tan,Tan Tan,,28.437553,-11.098664,ville,centre_ville
8200,Pharmacie AlFajr,pharmacie,528878895,Pharmacie AlFajr TAN TAN,Tan Tan,,28.437553,-11.098664,ville,centre_ville
8787,Pharmacie AlFath,pharmacie,528765161,"bd AlFath , hay AlJadid Tan tan",Tan Tan,,28.4418005,-11.0921598,exacte,osm
8050,Pharmacie AlJanoub,pharmacie,528765454,190 bd Bir Anzarane Tan tan,Tan Tan,,28.437553,-11.098664,ville,centre_ville
773,Pharmacie Almadina,pharmacie,528877264,52 rue Tarfaya Tan tan,Tan Tan,garde 24h/24,28.437553,-11.098664,ville,centre_ville
7785,Pharmacie Andalous,pharmacie,528765252,hay Sahara bloc C n°7 Tan tan,Tan Tan,,28.437997,-11.1140219,exacte,osm
317,Pharmacie Avenue Assalam,pharmacie,528766333,67 av Assalam hay Jadid Tan tan,Tan Tan,,28.437553,-11.098664,ville,centre_ville
4610,Pharmacie Bir Anzarane,pharmacie,528878478,88 av. Bir Anzaran Tan tan,Tan Tan,,28.437553,-11.098664,ville,centre_ville
9262,Pharmacie Bouanane,pharmacie,528765774,519 av. Mohamed V Ain Rahma Tan Tan - Maroc,Tan Tan,,28.4262187,-11.1095054,exacte,osm
805,Pharmacie Centrale,pharmacie,528877344,276 bd. Mohamed V TAN TAN,Tan Tan,,28.437553,-11.098664,ville,centre_ville
4471,Pharmacie Chaâb,pharmacie,528765673,1 av Mokhtar Soussi Tan tan,Tan Tan,,28.4380814,-11.0954642,exacte,osm
9264,Pharmacie Chifaa,pharmacie,528766916,hay Ain Rahma rue 18 Tan Tan - Maroc,Tan Tan,,28.4222683,-11.1105817,exacte,osm
7678,Pharmacie Ennour,pharmacie,528765799,32 rue Ecole Lalla Meryem TAN TAN,Tan Tan,,28.437327,-11.0995347,exacte,osm
565,Pharmacie Hay El Massira,pharmacie,528765614,hay Al Massira bloc 3 n°2 Tan tan,Tan Tan,,28.437553,-11.098664,ville,centre_ville
8301,Pharmacie Ibn Sina,pharmacie,528765118,hay Nahda n°65 Tan tan,Tan Tan,,28.4410413,-11.0852075,exacte,osm
1295,Pharmacie Ichbilia,pharmacie,528765859,55 rue Ichbilia - Autre ville bloc Z Tan tan,Tan Tan,,28.437553,-11.098664,ville,centre_ville
8589,Pharmacie Mekka,pharmacie,527575127,Pharmacie Mekka TAN TAN,Tan Tan,,28.437553,-11.098664,ville,centre_ville
1556,Pharmacie Meryame,pharmacie,528766868,Hay Al Jadid Tan tan,Tan Tan,,28.437553,-11.098664,ville,centre_ville
5115,Pharmacie Sahara,pharmacie,528877573,106 bd Hassan II Tan tan,Tan Tan,,28.4385123,-11.1015865,exacte,osm
8794,Pharmacie Tiguiria,pharmacie,528765872,hay Tiguiria Tan tan,Tan Tan,garde 24h/24,28.4446492,-11.1069374,exacte,osm
3179,Pharmacie Zineb,pharmacie,528879299,Pharmacie Zineb TAN TAN,Tan Tan,,28.437553,-11.098664,ville,centre_ville
70,Pharmacie de Tantan,pharmacie,528877073,106 Boulevard Mohamed V Tan tan,Tan Tan,,28.4406656,-11.1130693,exacte,nominatim_nom
4050,Pharmacie de l'Hôpital,pharmacie,528765140,Hay Sahara Bloc D n°5 Tan tan,Tan Tan,,28.4406656,-11.1130693,exacte,osm
484,Pharmacie la Résistance,pharmacie,528877777,av la Résistance Tan tan,Tan Tan,,28.4343496,-11.1032003,exacte,osm
9937,Pharmacie Aazib Abakiwke,pharmacie,520233191,"Hay Aazib Abakiw RDC Tranche N. 4414B, Tanger 90001",Tanger,,35.7696302,-5.8033522,ville,centre_ville
1521,Pharmacie Aazib Abakkiwe,pharmacie,641029048,reu aazib abakkiwe 90000 tanger - maroc,Tanger,,35.7274639,-5.768369,exacte,nominatim_nom
8509,Pharmacie Abbes,pharmacie,539317792,"88 bis, azib hadj kadour, quartier el aouina 90000 tanger - maroc",Tanger,garde 24h/24,35.7562288,-5.8440432,exacte,osm
9252,Pharmacie Abdelmajid El Atia,pharmacie,550108098,Lhjar Assfar Tanger - Maroc,Tanger,,35.7696302,-5.8033522,ville,centre_ville
3380,Pharmacie Adam,pharmacie,663048488,"880, khandaq el ouard 90000 tanger - maroc",Tanger,,35.7320608,-5.7882049,exacte,osm
5376,Pharmacie Al Azhar,pharmacie,539310874,"10, rue hay alaoui, bendibane 90000 tanger - maroc",Tanger,,35.7550766,-5.8244489,exacte,nominatim_nom
9592,Pharmacie Al Bochra,pharmacie,665254864,1 Rte Al Harrarine Tanger - Maroc,Tanger,,35.7696302,-5.8033522,ville,centre_ville
2170,Pharmacie Al Firdaous,pharmacie,539376097,"lot. flandria, boubana 90000 tanger - maroc",Tanger,,35.7543733,-5.8277417,exacte,nominatim_nom
4554,Pharmacie Al Hanae,pharmacie,539351039,"route principale, al aouama 90000 tanger - maroc",Tanger,garde 24h/24,35.7308435,-5.8029761,exacte,nominatim_nom
1805,Pharmacie Al Karam,pharmacie,539958306,"azib abkiou, route de tetouan mghougha 90000 tanger - maroc",Tanger,garde 24h/24,35.7274639,-5.768369,exacte,nominatim_nom
1077,Pharmacie Al Majd,pharmacie,539951684,"307, lots majd 90000 tanger - maroc",Tanger,,35.7450726,-5.7963218,exacte,nominatim_nom
3331,Pharmacie Al Masjid,pharmacie,539310379,"avenue des far, résidence al khalij, azib haj kadour 90000 tanger - maroc",Tanger,,35.7606341,-5.825484,exacte,nominatim_nom
3353,Pharmacie Al Yasmine,pharmacie,539318909,rue ezzahraoui mohamed 90100 tanger - maroc,Tanger,,35.7571792,-5.8404784,exacte,nominatim_nom
780,Pharmacie AlOuroud Malika,pharmacie,606035669,"hay Aouama , lotiss.AlOuroud Malika Tanger",Tanger,,35.7696302,-5.8033522,ville,centre_ville
2311,Pharmacie Alhambra,pharmacie,539954166,"30 bd Aicha Moussafir , hay haddad Aouama Tanger",Tanger,,35.7696302,-5.8033522,ville,centre_ville
8741,Pharmacie Alhilal,pharmacie,539313629,Pharmacie Alhilal TANGER,Tanger,,35.7696302,-5.8033522,ville,centre_ville
2593,Pharmacie Anas,pharmacie,531067917,"78, avenue al hoceima, rue 17, annasr 90000 tanger - maroc",Tanger,,35.751932,-5.8318449,exacte,osm
5694,Pharmacie Andalucia,pharmacie,539350197,"houamat soussi,lot. andalous, béni makada 90000 tanger - maroc",Tanger,,35.7312268,-5.8070085,exacte,osm
501,Pharmacie Annassiha,pharmacie,539954505,"16, avenue koweit, hay bouhout 90000 tanger - maroc",Tanger,,35.7696302,-5.8033522,ville,centre_ville
3536,Pharmacie Annour,pharmacie,539952910,"15, avenue mauritanie, dhar ejjaidi 90000 tanger - maroc",Tanger,,35.7447193,-5.8017768,exacte,osm
4871,Pharmacie Aouama Charkia,pharmacie,539955633,"rue al kods, hay loudaya zaouia, aouama charkia 90000 tanger - maroc",Tanger,,35.7240954,-5.79953,exacte,nominatim_nom
3426,Pharmacie Aouama Gharbia,pharmacie,539956236,"700, avenue kods, aouama gharbia 90000 tanger - maroc",Tanger,,35.7261824,-5.8038898,exacte,nominatim_nom
3082,Pharmacie Arrahman,pharmacie,531026178,"227, hay boubana rahrah 90000 tanger - maroc",Tanger,,35.7740954,-5.8638288,exacte,osm
7837,Pharmacie Asanawbar,pharmacie,534638804,Pharmacie Asanawbar TANGER,Tanger,,35.7696302,-5.8033522,ville,centre_ville
9200,Pharmacie Assabr,pharmacie,531189272,76 lotiss. Méditerranée Tanger - Maroc,Tanger,,35.7580111,-5.7604782,exacte,nominatim_nom
5157,Pharmacie Atlas,pharmacie,539311840,"16, rue ibn ardoun, nouveau quartier casabarata 90000 tanger - maroc",Tanger,,35.7650926,-5.8279345,exacte,osm
3778,Pharmacie Azhar Chifae,pharmacie,539958321,route principale aouama charkia 90090 tanger - maroc,Tanger,,35.7203293,-5.7978191,rue,nominatim_nom
9026,Pharmacie Badri,pharmacie,531313234,9 q. M'rabet Aouama Tanger,Tanger,,35.7091808,-5.8782868,exacte,osm
3470,Pharmacie Bait Al Makdiss,pharmacie,539314011,"route sidi driss, hay el mers 90000 tanger - maroc",Tanger,,35.7696302,-5.8033522,ville,centre_ville
1509,Pharmacie Bd Moulay Rachid,pharmacie,539302874,"oued chatt, rés duodet, tanja balia 90000 tanger - maroc",Tanger,,35.7577533,-5.8527663,exacte,nominatim_nom
1151,Pharmacie Bouhout Al Aouama,pharmacie,539957079,"70, lotissement farah, al aouama 90080 tanger - maroc",Tanger,,35.7696302,-5.8033522,ville,centre_ville
9409,Pharmacie Boutaour,pharmacie,661640754,Cplexe Boutaour imm.1 n°3 Tanger - Maroc,Tanger,,35.7696302,-5.8033522,ville,centre_ville
3052,Pharmacie Branes,pharmacie,539311971,"21, avenue fayçal ibn abdelaziz, casabarata 90000 tanger - maroc",Tanger,,35.7451901,-5.8698033,exacte,nominatim_nom
2408,Pharmacie Branes 2,pharmacie,539316344,"avenue, ibn abi zare, branes ii 90000 tanger - maroc",Tanger,,35.7614251,-5.8360408,exacte,nominatim_nom
259,Pharmacie Chair,pharmacie,539302652,sania kedima 90000 tanger - maroc,Tanger,,35.7626331,-5.8448568,exacte,osm
9768,Pharmacie Chairi,pharmacie,694286535,3 Hay Mrabet El Aouama Tanger - Maroc,Tanger,,35.7696302,-5.8033522,ville,centre_ville
2659,Pharmacie Dar D'bagh,pharmacie,539949292,"34, rue dar d'bagh, port medina 90000 tanger - maroc",Tanger,,35.7696302,-5.8033522,ville,centre_ville
3428,Pharmacie Doha Louama,pharmacie,539951170,route al aouama 90000 tanger - maroc,Tanger,,35.7243955,-5.806841,exacte,osm
5484,Pharmacie Du Nord,pharmacie,539310580,"3, lot. sanae ii lot 90000 tanger - maroc",Tanger,,35.7584477,-5.8280272,exacte,osm
4408,Pharmacie El Aouama,pharmacie,539959808,"31, avenue royaume arabie saoudite 90000 tanger - maroc",Tanger,,35.7433347,-5.7997666,exacte,nominatim_nom
9312,Pharmacie Europharm,pharmacie,531001323,hay bir Ghazi q. Al qods n° 520 Al aouama Tanger - Maroc,Tanger,,35.7150964,-5.8043066,exacte,osm
9234,Pharmacie Fahmi,pharmacie,634341563,4 q. beausejour Tanger - Maroc,Tanger,,35.7696302,-5.8033522,ville,centre_ville
3932,Pharmacie Fayna,pharmacie,539311859,"31, avenue forêt maamoura, branes ii 90000 tanger - maroc",Tanger,,35.7607275,-5.8396831,exacte,osm
5052,Pharmacie Grand Maghrib,pharmacie,539352246,"route al aouama, lotissement andalouss, nr. 57 90080 tanger - maroc",Tanger,,35.7696302,-5.8033522,ville,centre_ville
9482,Pharmacie Haoumat Fatima,pharmacie,531047270,Hay Haoumat Fatima Al Aouama Tanger - Maroc,Tanger,,35.7696302,-5.8033522,ville,centre_ville
4973,Pharmacie Hay Mrabett Ii,pharmacie,539356967,"86, aouama, mrabett 2 90080 tanger - maroc",Tanger,,35.7696302,-5.8033522,ville,centre_ville
8954,Pharmacie Hjar Sfar,pharmacie,531122466,Hjar Sfar Aouama Charkiya Tanger - Maroc,Tanger,,35.7230817,-5.7891985,exacte,osm
692,Pharmacie Ibn Batouta,pharmacie,539314252,"134a , rue ibn ardounn, branes i 90000 tanger - maroc",Tanger,,35.7696302,-5.8033522,ville,centre_ville
4450,Pharmacie Ibn Khaldoun,pharmacie,539360290,"lot. al majd, à côté rés. al fajr 90000 tanger - maroc",Tanger,,35.7469497,-5.7956736,exacte,nominatim_nom
2407,Pharmacie Jamila,pharmacie,539949676,"128 bis, rue de fés 90000 tanger - maroc",Tanger,,35.7729531,-5.8138968,exacte,osm
3392,Pharmacie Jihane,pharmacie,539950198,"32 route de tétouan, hay tabchicha, mghogha kbira 90000 tanger - maroc",Tanger,,35.7418848,-5.7754502,exacte,osm
1990,Pharmacie Khadak Dir,pharmacie,643207406,"khadak dir , aouama 90070 tanger - maroc",Tanger,,35.7229624,-5.7918022,exacte,osm
2853,Pharmacie L'amitie,pharmacie,539398151,"14, rue rabat, complexe 1, al irfane 3 90100 tanger - maroc",Tanger,,35.723227,-5.878017,exacte,osm
5501,Pharmacie La Source,pharmacie,539958247,"rue al kadissia, en face complexe al majd 90000 tanger - maroc",Tanger,,35.7421059,-5.7966406,exacte,osm
9734,Pharmacie Louay,pharmacie,531105732,hay Al Assil Haoumat Rouafa Tanger - Maroc,Tanger,,35.7696302,-5.8033522,ville,centre_ville
4924,Pharmacie M'ghogha,pharmacie,539363094,"route de tétouan, mghogha kdima 90000 tanger - maroc",Tanger,,35.7436011,-5.7780437,exacte,nominatim_nom
4448,Pharmacie Madchar Aouama,pharmacie,530120828,"madchar aouama, aouama charkia 90080 tanger - maroc",Tanger,,35.7696302,-5.8033522,ville,centre_ville
1776,Pharmacie Miko,pharmacie,539954478,houmat lmrabet 90000 tanger - maroc,Tanger,,35.7248815,-5.8133417,exacte,osm
3714,Pharmacie Mister-khouch,pharmacie,539937282,"36, avenue anfa, mister khouch 90000 tanger - maroc",Tanger,,35.7738241,-5.8327767,exacte,osm
9694,Pharmacie Moucharraf,pharmacie,808557732,Rte Tétouan q. Azib Tanger - Maroc,Tanger,,35.7696302,-5.8033522,ville,centre_ville
4193,Pharmacie Mountassir,pharmacie,539952311,"centre complexe al majd, al aouama 90000 tanger - maroc",Tanger,,35.7379854,-5.7990585,exacte,osm
3733,Pharmacie Narjis,pharmacie,539315769,"route des far, branes ii 90000 tanger - maroc",Tanger,,35.7556071,-5.8344612,exacte,osm
4804,Pharmacie Nouvelle,pharmacie,539313196,"4, hay al hassania nr. 2, bendibane 90000 tanger - maroc",Tanger,,35.7573328,-5.8242892,exacte,nominatim_nom
9490,Pharmacie Oudaya,pharmacie,531039109,hay Aouama Charkia Souk Khandaq Lward Tanger - Maroc,Tanger,,35.7696302,-5.8033522,ville,centre_ville
9306,Pharmacie Oudaya,pharmacie,645950851,q. Oudaya Tanger - Maroc,Tanger,,35.7696302,-5.8033522,ville,centre_ville
956,Pharmacie Principale,pharmacie,539316236,"rue hammadi ameziane, immeuble les roses de tanger, azib haj kaddour 90100 tanger - maroc",Tanger,,35.7539306,-5.8416408,exacte,osm
4215,Pharmacie Rabea Al Adaouia,pharmacie,539310896,"rue 9, nr.1, casabarata, hay el jadid Tanger",Tanger,,35.7696302,-5.8033522,ville,centre_ville
3669,Pharmacie Salima,pharmacie,539355813,"route principale aouama charkia, près de l'annexe administrative 19 bis 90080 - maroc Tanger",Tanger,,35.7205009,-5.7919902,exacte,osm
4648,Pharmacie Sanawbar,pharmacie,656411787,"79, rue sanawbar lot. narjiss, branes ii 90000 tanger - maroc",Tanger,,35.7574911,-5.8369439,exacte,osm
569,Pharmacie Souk M'Sallah,pharmacie,539933694,"127 bis, rue m'sallah 90000 tanger - maroc",Tanger,,35.7578434,-5.8120675,exacte,nominatim_nom
8359,Pharmacie Taj-eddine,pharmacie,550113906,"côté doha, val fleuri, (ex. fabrique chkayar) 90000 tanger - maroc",Tanger,,35.7696302,-5.8033522,ville,centre_ville
8133,Pharmacie Tajeddine,pharmacie,539311827,Pharmacie Tajeddine TANGER,Tanger,,35.7696302,-5.8033522,ville,centre_ville
9292,Pharmacie Ward Aouama Alliyene,pharmacie,624447086,hay Aouama 2 Khandak Al Ward lot 9305 Tanger - Maroc,Tanger,,35.7696302,-5.8033522,ville,centre_ville
1137,Pharmacie Ward Louama,pharmacie,624447080,"lotissement 9305, khandaq al ward Tanger",Tanger,,35.7696302,-5.8033522,ville,centre_ville
6847,Pharmacie Zineb,pharmacie,539362534,"45, avenue aicha al moussafir, al aouama 90000 tanger - maroc",Tanger,,35.7344339,-5.8052226,exacte,nominatim_nom
8598,Pharmacie Zone Industrielle Tanger,pharmacie,539953063,"route de tétouan, mghogha kebira 90000 tanger - maroc",Tanger,,35.7456342,-5.7826468,exacte,nominatim_nom
125,Pharmacie Zouitina,pharmacie,539352551,"quartier farah nr.52, béni makada 90000 tanger - maroc",Tanger,,35.732901,-5.8116348,exacte,osm
9913,Pharmacie Zoutina,pharmacie,531060042,"12309, Tangier 12309",Tanger,,35.7696302,-5.8033522,ville,nominatim
4,Pharmacie et Parapharmacie SatFilage,pharmacie,539315460,avenue moulay rachid 90000 tanger - maroc,Tanger,,35.7696302,-5.8033522,ville,centre_ville
5250,Pharmacie 20 Août,pharmacie,536679255,52 lotiss. 20 Août hay Takaddoum Taourirt,Taourirt,,34.399592,-2.9030863,exacte,osm
5759,Pharmacie ALHouria,pharmacie,536695660,71 rue Midelt hay ElHouria Taourirt,Taourirt,,34.4101054,-2.8989264,exacte,osm
785,Pharmacie Achour,pharmacie,536698461,108 lotiss. Nassim - Autre ville Taourirt,Taourirt,,34.412181,-2.9101362,exacte,osm
5374,Pharmacie Al Fath,pharmacie,534556744,203 lotiss. My Ali Chrif Taourirt,Taourirt,,34.413438,-2.893825,ville,centre_ville
4508,Pharmacie Al Khalil,pharmacie,536699640,1076 rue Boudnib hay Takaddoum Taourirt,Taourirt,,34.404992,-2.8980454,exacte,nominatim_nom
7745,Pharmacie Al Maghrib,pharmacie,536698575,334 lot Mly Ali Cherif TAOURIRT,Taourirt,,34.3994572,-2.8923465,exacte,nominatim_nom
1812,Pharmacie Al Mariniyine,pharmacie,536695723,19 lotis wahda Taourirt,Taourirt,,34.413438,-2.893825,ville,centre_ville
3477,Pharmacie Al Qods,pharmacie,536694510,"83, bd Mly Abdellah , hay Al Massira Taourirt",Taourirt,,34.4090509,-2.8935399,exacte,nominatim_nom
4478,Pharmacie AlHikma,pharmacie,536695681,9 hay Chouhada Taourirt,Taourirt,,34.413438,-2.893825,ville,centre_ville
986,Pharmacie AlMahatta,pharmacie,536698507,187 bd. Allal AlFassi hay El Massira Taourirt,Taourirt,,34.413438,-2.893825,ville,centre_ville
8468,Pharmacie Alaoui,pharmacie,536679342,Pharmacie Alaoui TAOURIRT,Taourirt,,34.413438,-2.893825,ville,centre_ville
1012,Pharmacie Amal,pharmacie,536694082,bd. ElMaghreb ElArabi Taourirt,Taourirt,,34.413438,-2.893825,ville,centre_ville
2972,Pharmacie Andalouss,pharmacie,536694130,bd Imam Al Ghazali hay Mokhtar Soussi Taourirt,Taourirt,,34.413438,-2.893825,ville,centre_ville
9102,Pharmacie Annassim,pharmacie,536695693,lotiss. Nassim Taourirt - Maroc,Taourirt,,34.413438,-2.893825,ville,centre_ville
3994,Pharmacie Assad,pharmacie,536699114,hay El Louissi Taourirt,Taourirt,,34.413438,-2.893825,ville,centre_ville
1059,Pharmacie Baghdadi,pharmacie,536698252,1399 place la Marche Verte hay Ennahda Taourirt,Taourirt,,34.4104689,-2.8900343,exacte,osm
5258,Pharmacie Belkaddar,pharmacie,536679540,218 av. Mly ElHassan ang. rue Derfoufi Mohamed Taourirt,Taourirt,,34.4159088,-2.8932854,exacte,osm
2459,Pharmacie Boubkeur,pharmacie,536679504,223 rue Fkih Ben Salah Taourirt,Taourirt,,34.4119225,-2.8995308,exacte,osm
7143,Pharmacie Boulevard Med. V,pharmacie,536679512,1141 bd. Med. V TAOURIRT,Taourirt,,34.413438,-2.893825,ville,centre_ville
7571,Pharmacie Chifa,pharmacie,536679233,av. Mly Elhassan ang. bd de France hay Lakdim Taourirt,Taourirt,,34.4159205,-2.8919449,quartier,nominatim_quartier
923,Pharmacie El Jabri,pharmacie,536695593,77 bd Mly Abdellah hay Jdid Taourirt,Taourirt,,34.413438,-2.893825,ville,centre_ville
5143,Pharmacie El Malhi,pharmacie,536694610,987 hay Takaddoum Taourirt,Taourirt,,34.4049167,-2.9013804,exacte,nominatim_nom
3847,Pharmacie Ennahda,pharmacie,536698424,195 rue ElHoceima hay Ennahda Taourirt,Taourirt,,34.4088715,-2.8895426,exacte,osm
8970,Pharmacie Ennour,pharmacie,536679261,968 rue Ifrane hay Nahda Taourirt - Maroc,Taourirt,garde 24h/24,34.413438,-2.893825,ville,centre_ville
8131,Pharmacie Guemmi,pharmacie,536679207,Pharmacie Guemmi TAOURIRT,Taourirt,,34.3980357,-2.893901,exacte,osm
9158,Pharmacie Karama,pharmacie,536679278,1644 rue Tendrara hay Takaddoum Taourirt - Maroc,Taourirt,,34.413438,-2.893825,ville,centre_ville
1844,Pharmacie La Grande Pharmacie,pharmacie,536694208,11 av de la Résistance hay Jdid Taourirt,Taourirt,,34.4122521,-2.8913456,exacte,osm
5823,Pharmacie Lafdil,pharmacie,536698485,521 rue Taounat hay Salam Taourirt,Taourirt,,34.413438,-2.893825,ville,centre_ville
7967,Pharmacie Masjid Al Khalil,pharmacie,536695417,"6, bd Mly Abdellah , hay Takaddoum Taourirt",Taourirt,,34.413438,-2.893825,ville,centre_ville
1135,Pharmacie Mokhtar Soussi,pharmacie,536694213,1968 Mokhtar Soussi hay Takaddoum TAOURIRT,Taourirt,,34.413438,-2.893825,ville,centre_ville
4805,Pharmacie Moulay Ali Cherif,pharmacie,536679733,70 lotiss.My Ali Cherif Taourirt,Taourirt,,34.4003572,-2.8948726,exacte,osm
5175,Pharmacie Moustaoussaf Al Halfa,pharmacie,536679242,1376 rue Al Fallah cité Attakaddoum Taourirt,Taourirt,,34.413438,-2.893825,ville,centre_ville
2344,Pharmacie N°1,pharmacie,536698715,420 hay Takadoum rue Guenfouda lotiss 20 Août Taourirt,Taourirt,,34.413438,-2.893825,ville,centre_ville
5788,Pharmacie Oued Za,pharmacie,536694659,244 X av My Abdellah Taourirt,Taourirt,,34.4008955,-2.8982261,exacte,osm
3880,Pharmacie Route Dabdou,pharmacie,536695982,153 X hay Chouhada Taourirt,Taourirt,,34.413438,-2.893825,ville,centre_ville
7611,Pharmacie Saada,pharmacie,536698781,"420, rue sidi Ifni , hay Takaddoum Taourirt",Taourirt,,34.4023105,-2.9008962,exacte,osm
9076,Pharmacie Said,pharmacie,536694548,237 lot El Massira Taourirt - Maroc,Taourirt,,34.4054146,-2.8887435,exacte,osm
5747,Pharmacie Takaddoum,pharmacie,536695300,534 X rue Sidi Chafi hay Takaddoum Taourirt,Taourirt,,34.413438,-2.893825,ville,centre_ville
244,Pharmacie Taourirt,pharmacie,536698018,578 rue Smara hay Jdid Taourirt,Taourirt,,34.4104307,-2.8921317,exacte,osm
4855,Pharmacie la Rocade,pharmacie,536679083,"105, quartier ElMassira Taourirt",Taourirt,,34.413438,-2.893825,ville,centre_ville
3310,Pharmacie la Santé,pharmacie,536679426,"2, av Lycée Al Fath , lotiss. El Massira Taourirt",Taourirt,,34.413438,-2.893825,ville,centre_ville
158,Pharmacie Aikhlass,pharmacie,528536084,Centre Aît Laaza TAROUDANT,Taroudant,,30.470651,-8.877922,ville,centre_ville
1779,Pharmacie Al Masjid,pharmacie,528551233,Local des Habouss M'Haita TAROUDANT,Taroudant,,30.470651,-8.877922,ville,centre_ville
2009,Pharmacie AlBaladia,pharmacie,528551038,48 rue Belkachach TAROUDANT,Taroudant,,30.470651,-8.877922,ville,centre_ville
2148,Pharmacie AlFadila,pharmacie,528551186,centre Mechraa ElAin annexe Ouled Mhala n°1 TAROUDANT,Taroudant,,30.470651,-8.877922,ville,centre_ville
2651,Pharmacie AlKasba,pharmacie,528850222,Pharmacie AlKasba TAROUDANT,Taroudant,,30.470651,-8.877922,ville,centre_ville
2795,Pharmacie AlKods,pharmacie,528551642,bd 20 Août Akniss TAROUDANT,Taroudant,,30.470651,-8.877922,ville,centre_ville
2910,Pharmacie AlNour,pharmacie,528850700,228 av. Dakhla hay El Hassani Bouzamarne TAROUDANT,Taroudant,,30.470651,-8.877922,ville,centre_ville
3182,Pharmacie Aslami,pharmacie,528216393,Targal Mlalt imm. Khay Taroudant,Taroudant,,30.470651,-8.877922,ville,centre_ville
323,Pharmacie Aït Iaaza,pharmacie,528536188,Pharmacie Aït Iaaza TAROUDANT,Taroudant,,30.4776338,-8.8631478,exacte,nominatim
6848,Pharmacie Bab Elkhmiss,pharmacie,528854599,210 av. Brahim Roudani bab ElKhemiss TAROUDANT,Taroudant,,30.470651,-8.877922,ville,centre_ville
7388,Pharmacie Bab Targhount,pharmacie,528550050,214 Bd. Mohamed V Bab Targhount Taroudant,Taroudant,,30.4694033,-8.887357,exacte,nominatim_nom
9036,Pharmacie Bab Zorgane,pharmacie,528850498,300 avenue El Mansour Addahbi Taroudant - Maroc,Taroudant,,30.4664133,-8.8754256,exacte,nominatim_nom
7461,Pharmacie El Maadyate,pharmacie,528551952,5 av Hassan II Hors Bab Zorgane TAROUDANT,Taroudant,,30.470651,-8.877922,ville,centre_ville
7480,Pharmacie Grande Pharmacie Igherm,pharmacie,528859311,Igherm Centre TAROUDANT,Taroudant,,30.470651,-8.877922,ville,centre_ville
7581,Pharmacie Hay ElHassani,pharmacie,528550123,405 rue Dakhla hay El Hassani Bouzamarne Taroudant,Taroudant,,30.470651,-8.877922,ville,centre_ville
7642,Pharmacie Hay ElHassani,pharmacie,525550123,Pharmacie Hay ElHassani TAROUDANT,Taroudant,,30.470651,-8.877922,ville,centre_ville
7661,Pharmacie Ibn Sina,pharmacie,528850791,49 av. Mly Rchid Frek Lahbab Taroudant,Taroudant,,30.4729886,-8.8786487,exacte,nominatim_nom
7753,Pharmacie Jamaâ Lkbir,pharmacie,528850252,quartier Benyard TAROUDANT,Taroudant,,30.470651,-8.877922,ville,centre_ville
7812,Pharmacie Jawad,pharmacie,528550011,Pharmacie Jawad TAROUDANT,Taroudant,,30.469068,-8.8746934,exacte,osm
7833,Pharmacie Jnane Jamaâ,pharmacie,528850713,hay Alkods imm. Lakhsassi n°12 TAROUDANT,Taroudant,,30.4663175,-8.8796708,exacte,nominatim_nom
7875,Pharmacie Jnane Tasrif,pharmacie,528852885,27 lotiss. Bouhdoud Jnane Tasrif M'Haita Taroudant,Taroudant,,30.4784104,-8.8661643,exacte,nominatim_nom
7992,Pharmacie Lahbab,pharmacie,528550185,16 av. Brahim Roudani TAROUDANT,Taroudant,,30.4742399,-8.8780987,exacte,osm
8012,Pharmacie Lastah,pharmacie,528851685,399 hay Mohammadi Taroudant,Taroudant,,30.486599,-8.873825,exacte,osm
8026,Pharmacie Lemhadi,pharmacie,528216690,Douar Kasbah Lemhadi rte d'agadir TAROUDANT,Taroudant,,30.470651,-8.877922,ville,centre_ville
8046,Pharmacie Mentaga,pharmacie,528550037,Pharmacie Mentaga TAROUDANT,Taroudant,,30.4780982,-8.8746825,exacte,osm
8048,Pharmacie Mhaita,pharmacie,528550166,Ait Azizou Jnane Tessrif imm. 5 Mhaya TAROUDANT,Taroudant,,30.4776338,-8.8631478,exacte,osm
10028,Pharmacie Nadim,pharmacie,660066466,1 rte Sidi Bourja Taroudant,Taroudant,,30.4694926,-8.861658,exacte,osm
9587,Pharmacie Nadir,pharmacie,528521916,15 douar Labaarir cr Zt Sidi Tahar Taroudant - Maroc,Taroudant,,30.470651,-8.877922,ville,centre_ville
8142,Pharmacie Naoufi,pharmacie,528852653,557 bd Mohammed V TAROUDANT,Taroudant,,30.5372205,-7.9345488,rue,nominatim
8234,Pharmacie Ouled Bounouna,pharmacie,528850654,71 av AlMoukaouama TAROUDANT,Taroudant,,30.4751137,-8.8840363,exacte,osm
8364,Pharmacie Sidi Ou Sidi,pharmacie,528854033,rue Sidi O Sidi TAROUDANT,Taroudant,,30.470651,-8.877922,ville,centre_ville
8533,Pharmacie Soussi,pharmacie,528536262,lot. Essalam bloc E n° 150 Ait Laaza TAROUDANT,Taroudant,,30.5071605,-8.8025796,exacte,osm
8587,Pharmacie Tafelaget,pharmacie,528854626,rue Tafelaget TAROUDANT,Taroudant,,30.470651,-8.877922,ville,centre_ville
9047,Pharmacie Taroudant,pharmacie,528853194,73 Place Alouine Assarag Taroudant - Maroc,Taroudant,,30.4691752,-8.8822857,exacte,osm
8773,Pharmacie Zraib,pharmacie,528550999,87 bd Al Wahda Zraib Old Bounouna TAROUDANT,Taroudant,,30.4766525,-8.8891343,exacte,osm
7398,Pharmacie des Saadiens,pharmacie,528551274,235 bd Bir Anzarane Taroudant,Taroudant,,30.4702135,-8.8795699,exacte,osm
7410,Pharmacie du 20 Août,pharmacie,528850363,98 X av. du 20 Août Taroudant,Taroudant,,30.4732373,-8.8812673,exacte,osm
7448,Pharmacie du Sud,pharmacie,528852259,188 Place Ennasr Taroudant,Taroudant,,30.4686501,-8.880126,exacte,osm
8288,Pharmacie principale,pharmacie,528851342,364 av. 20 août TAROUDANT,Taroudant,,30.4695641,-8.8842913,exacte,osm
8292,Pharmacie sidi belkass,pharmacie,528550623,1 rue sidi belkass TAROUDANT,Taroudant,,30.4702782,-8.8945907,rue,nominatim
9685,Pharmacie Foum Zguid,pharmacie,528806595,Centre Foum Zguid Tata - Maroc,Tata,,29.746392,-7.9696051,ville,centre_ville
208,Nouvelle Pharmacie Taza,autre_point_de_vente,676892633,36 rte de Fès - Autre ville Taza,Taza,,34.2258306,-3.9751054,exacte,nominatim_nom
2556,Pharmacie Aharrach,pharmacie,535270008,Place Mly ElHassan Taza haut,Taza,,34.2095349,-4.0152044,exacte,osm
342,Pharmacie Al Gaada,pharmacie,535284848,rue Sebta Taza,Taza,,34.2209393,-4.0000301,exacte,nominatim_nom
1355,Pharmacie Al Massbah,pharmacie,535283384,24 Hay Jiarine B Taza,Taza,,34.230155,-4.010104,ville,centre_ville
584,Pharmacie Al Mountazah,pharmacie,601622727,311 lotiss. Seddik 1 - Autre ville Rte Oujda hay Al Mountazah,Taza,,34.230155,-4.010104,ville,centre_ville
6186,Pharmacie Anouar La Sophal,pharmacie,535285190,26 hay Anouar TAZA,Taza,,34.230155,-4.010104,ville,centre_ville
1187,Pharmacie Assalam,pharmacie,535672848,49 lotiss. Ourida - Autre ville Gh B Taza,Taza,,34.230155,-4.010104,ville,centre_ville
9327,Pharmacie Bab Rih,pharmacie,535270188,50 rue Riad Aznak Taza - Maroc,Taza,,34.211542,-4.0199452,exacte,nominatim_nom
6506,Pharmacie Bab Zitouna,pharmacie,535270268,bd. My Ismaïl TAZA,Taza,garde 24h/24,34.2080822,-4.0199038,exacte,nominatim_nom
7654,Pharmacie Bni Fath,pharmacie,535285061,Pharmacie Bni Fath TAZA,Taza,,34.230155,-4.010104,ville,centre_ville
839,Pharmacie Centrale,pharmacie,535673585,Place de l'Indépendance Taza,Taza,,34.2222102,-4.0081508,exacte,osm
7617,Pharmacie Centre,pharmacie,535275231,Pharmacie Centre TAZA,Taza,,34.230155,-4.010104,ville,centre_ville
6647,Pharmacie El Fath,pharmacie,535672364,3 av. 11 Janvier hay Tennis TAZA,Taza,,34.2139772,-4.0139717,exacte,nominatim_nom
1304,Pharmacie El Koucha,pharmacie,535270178,hay El Koucha Takaddoum I bloc 4 n°1 Taza,Taza,,34.2166871,-4.0166013,exacte,nominatim_nom
9413,Pharmacie ElAlaouiyine,pharmacie,535282973,hay ElAlaouiyine n°45 Taza - Maroc,Taza,,34.230155,-4.010104,ville,centre_ville
6299,Pharmacie ElAmal,pharmacie,535674804,quartier Aviation bloc 3 n°75 TAZA,Taza,,34.230155,-4.010104,ville,centre_ville
5953,Pharmacie Friouato,pharmacie,535285766,hay ElMassoudia villa n°3 mosquée Badr TAZA,Taza,,34.2109737,-4.0075349,exacte,osm
7399,Pharmacie Had Msillah,pharmacie,535283535,Pharmacie Had Msillah TAZA,Taza,,34.230155,-4.010104,ville,centre_ville
828,Pharmacie Hay ElHassani Hajra,pharmacie,535282222,hay ElHassani Jiyarine bloc E n°232 Taza,Taza,,34.230155,-4.010104,ville,centre_ville
9060,Pharmacie Ibn Rochd,pharmacie,535672133,85 rue Sultan Abou Elhassan Taza - Maroc,Taza,,34.2238221,-4.0071766,exacte,nominatim_nom
6586,Pharmacie Ibnou Baja,pharmacie,535673075,25 Av. Hassan II imm. Couscous TAZA,Taza,,34.2295596,-4.0041856,rue,nominatim_voie
6946,Pharmacie Imam Malek,pharmacie,535673609,9 X bd 11 Janvier TAZA,Taza,,34.230155,-4.010104,ville,centre_ville
9426,Pharmacie Jammaa Lakbir,pharmacie,535270358,5 bd. Abdelkhalek Torrès Taza - Maroc,Taza,,34.230155,-4.010104,ville,centre_ville
6423,Pharmacie Jiyarine,pharmacie,535283703,hay Jiyarine TAZA,Taza,,34.230155,-4.010104,ville,centre_ville
6518,Pharmacie Lbaladiya,pharmacie,535285356,110 rue Sfax TAZA,Taza,,34.2173669,-4.0085466,exacte,osm
8725,Pharmacie Maarid,pharmacie,535284189,cité Massoudia Taza ElJadida n°253,Taza,,34.2120442,-4.0030838,exacte,osm
9289,Pharmacie Mabrouka,pharmacie,538980624,66 lotiss. Mabrouka propreté Dar Safou Taza - Maroc,Taza,,34.230155,-4.010104,ville,centre_ville
788,Pharmacie Mly Youssef,pharmacie,535285801,bd. My Youssef résid. Sara n°6 Taza,Taza,,34.230155,-4.010104,ville,centre_ville
5837,Pharmacie Mouatamir,pharmacie,535211805,Pharmacie Mouatamir TAZA,Taza,,34.230155,-4.010104,ville,centre_ville
2625,Pharmacie Omar Khayam,pharmacie,703050712,17 rte Oujda lotiss. Konouz Taza,Taza,,34.2281942,-3.9897594,exacte,nominatim_nom
776,Pharmacie Oued Dahab,pharmacie,656851775,91 hay Oued Eddahab - Autre ville douar Jdid Taza,Taza,,34.230155,-4.010104,ville,centre_ville
1747,Pharmacie Ourida,pharmacie,535673819,111 Avenue Allal Ben Abdallah Taza,Taza,,34.2187315,-4.0053679,exacte,osm
9025,Pharmacie Principale,pharmacie,535672582,av. de la gare Taza,Taza,,34.230155,-4.010104,ville,centre_ville
8995,Pharmacie Rachad,pharmacie,535285298,hay Rachad bloc 2 n°75 Taza - Maroc,Taza,,34.2104477,-3.9974648,exacte,osm
7343,Pharmacie Syndicat des Pharmaciens de Taza,pharmacie,535281813,Syndicat des Pharmaciens de Taza,Taza,,34.230155,-4.010104,ville,centre_ville
6778,Pharmacie Taza,pharmacie,535270051,266 lotiss. Koucha TAZA,Taza,,34.2174266,-4.00959,exacte,nominatim_nom
8593,Pharmacie Tizi Ouzli,pharmacie,535214125,Pharmacie Tizi Ouzli TAZA,Taza,,34.230155,-4.010104,ville,centre_ville
5942,Pharmacie Victoria,pharmacie,535281146,Cité Ourida C n°87 TAZA,Taza,,34.2135245,-4.0106228,exacte,osm
1656,Pharmacie de l'Hôpital,pharmacie,535673363,15 rue Amssoune hay Ibn Baja Taza,Taza,,34.2146306,-4.0045113,exacte,osm
7231,Pharmacie de la victoire,pharmacie,535673459,place Zerktouni TAZA,Taza,,34.230155,-4.010104,ville,centre_ville
9766,La Grande Pharmacie,autre_point_de_vente,528862583,38 bd. Mohamed V ville nouvelle Tiznit - Maroc,Tiznit,,29.6940845,-9.7327094,exacte,osm
850,La Pharmacie Centrale de Tiznit,pharmacie,528861731,La Pharmacie Centrale de Tiznit,Tiznit,,29.698624,-9.7312815,ville,centre_ville
3218,Pharmacie Abouzaid,pharmacie,528864590,Pharmacie Abouzaid TIZNIT,Tiznit,,29.7042633,-9.7402129,exacte,osm
4737,Pharmacie Afrag,pharmacie,528600788,Pharmacie Afrag TIZNIT,Tiznit,,29.6915653,-9.7344676,exacte,osm
5889,Pharmacie Al Bahia,pharmacie,528600070,Pharmacie Al Bahia TIZNIT,Tiznit,,29.6957314,-9.7321395,exacte,nominatim
6270,Pharmacie AlKairaouane,pharmacie,528865984,Pharmacie AlKairaouane TIZNIT,Tiznit,,29.698624,-9.7312815,ville,centre_ville
6651,Pharmacie AlMassira,pharmacie,528600228,Pharmacie AlMassira TIZNIT,Tiznit,,29.698624,-9.7312815,ville,centre_ville
6865,Pharmacie Atlas,pharmacie,528601534,Pharmacie Atlas TIZNIT,Tiznit,,29.6936677,-9.740902,exacte,osm
6902,Pharmacie Bab Targa,pharmacie,528601061,Pharmacie Bab Targa TIZNIT,Tiznit,,29.698624,-9.7312815,ville,centre_ville
7007,Pharmacie Bel Haj,pharmacie,528601782,Pharmacie Bel Haj TIZNIT,Tiznit,,29.698624,-9.7312815,ville,centre_ville
7228,Pharmacie Ben Omar,pharmacie,528600814,"30, lotiss. Tasskoult , av Mly Hassan Ben Youssef, Afrag Tiznit",Tiznit,,29.6891071,-9.737646,exacte,osm
7243,Pharmacie Charif Idrissi,pharmacie,528602525,Pharmacie Charif Idrissi TIZNIT,Tiznit,,29.7049436,-9.7363398,exacte,osm
9763,Pharmacie Des Amicales,pharmacie,528861550,Amicale des fonctionnaires Bloc C n?142 Tiznit - Maroc,Tiznit,,29.6973623,-9.7348807,exacte,osm
7590,Pharmacie ElMarjane,pharmacie,528600063,Pharmacie ElMarjane TIZNIT,Tiznit,,29.698624,-9.7312815,ville,centre_ville
10142,Pharmacie ElMers,pharmacie,528865278,507 rue El Mers Edalha Tiznit,Tiznit,,29.698624,-9.7312815,ville,centre_ville
7663,Pharmacie ElMers,pharmacie,626417041,Pharmacie ElMers TIZNIT,Tiznit,,29.698624,-9.7312815,ville,centre_ville
7842,Pharmacie Erac,pharmacie,528300346,Pharmacie Erac TIZNIT,Tiznit,,29.6962466,-9.7424373,exacte,osm
7945,Pharmacie Essaidia,pharmacie,528602813,Pharmacie Essaidia TIZNIT,Tiznit,,29.698624,-9.7312815,ville,centre_ville
7987,Pharmacie Europe,pharmacie,528863545,Pharmacie Europe TIZNIT,Tiznit,,29.6994453,-9.7359696,exacte,osm
8120,Pharmacie Ibn Sina,pharmacie,528860285,Pharmacie Ibn Sina TIZNIT,Tiznit,09H A 21H,29.6874947,-9.7237683,exacte,osm
8230,Pharmacie Idzekri,pharmacie,528601717,Pharmacie Idzekri TIZNIT,Tiznit,,29.698624,-9.7312815,ville,centre_ville
8298,Pharmacie Ikram,pharmacie,528602185,Pharmacie Ikram TIZNIT,Tiznit,,29.7025719,-9.7372839,exacte,osm
8337,Pharmacie La Santé,pharmacie,528602526,Pharmacie La Santé TIZNIT,Tiznit,00H A 09H,29.6996782,-9.7430989,exacte,osm
8369,Pharmacie Lakhssass,pharmacie,528670351,Pharmacie Lakhssass TIZNIT,Tiznit,,29.698624,-9.7312815,ville,centre_ville
8549,Pharmacie Mokhtar Soussi,pharmacie,528863565,Pharmacie Mokhtar Soussi TIZNIT,Tiznit,,29.6959498,-9.729636,exacte,osm
8632,Pharmacie Narjou Chifa,pharmacie,663578937,Pharmacie Narjou Chifa TIZNIT,Tiznit,,29.698624,-9.7312815,ville,centre_ville
8636,Pharmacie Nassiri,pharmacie,528600721,Pharmacie Nassiri TIZNIT,Tiznit,,29.698624,-9.7312815,ville,centre_ville
9703,Pharmacie Nouvelle,pharmacie,528862742,70 av. Sidi Abderrahmane Tiznit - Maroc,Tiznit,,29.6948045,-9.726973,exacte,osm
8644,Pharmacie Ouled Jerrar,pharmacie,528619393,Pharmacie Ouled Jerrar TIZNIT,Tiznit,,29.698624,-9.7312815,ville,centre_ville
8646,Pharmacie Provinciale,pharmacie,528600775,Pharmacie Provinciale TIZNIT,Tiznit,,29.6936625,-9.723737,exacte,osm
8669,Pharmacie Route Goulmim,pharmacie,528866778,Pharmacie Route Goulmim TIZNIT,Tiznit,,29.698624,-9.7312815,ville,centre_ville
8751,Pharmacie Tighmi,pharmacie,528616028,Pharmacie Tighmi TIZNIT,Tiznit,,29.698624,-9.7312815,ville,centre_ville
9710,Pharmacie de Tiznit,pharmacie,528862302,126 rue Hamam Tiznit - Maroc,Tiznit,,29.6974252,-9.7304523,exacte,osm
7515,Pharmacie du Sud,pharmacie,528601400,Pharmacie du Sud TIZNIT,Tiznit,,29.6979867,-9.7393009,exacte,osm
7479,Pharmacie du peuple,pharmacie,528601755,Pharmacie du peuple TIZNIT,Tiznit,,29.6966358,-9.7364701,exacte,osm
7501,Pharmacie du souk,pharmacie,528860200,Pharmacie du souk TIZNIT,Tiznit,,29.6920344,-9.7232115,exacte,osm
9722,Pharmacie la Plaine du Souss,pharmacie,528861741,65 Pl. Mechouar Tiznit - Maroc,Tiznit,,29.6973819,-9.7313873,exacte,osm
8332,Pharmacie la plaine du Souss,pharmacie,528863823,Pharmacie la plaine du Souss TIZNIT,Tiznit,,29.6973819,-9.7313873,exacte,osm
8758,Pharmacie Al Kodss,pharmacie,524780619,Pharmacie Al Kodss TLATA HANCHANE,Tlata Hanchane,,31.5207713,-9.4330693,ville,centre_ville
8248,Pharmacie El Hanchane,pharmacie,612036012,Pharmacie El Hanchane TLATA HANCHANE,Tlata Hanchane,,31.5207713,-9.4330693,ville,centre_ville
4263,Pharmacie 11 Janvier,pharmacie,537640919,"9, lotiss. El Ghazali Temara",Témara,,33.917166,-6.923804,ville,centre_ville
5652,Pharmacie 2000,pharmacie,537602312,"245, av. Mly Ali Cherif, Massira I Temara",Témara,,33.9287041,-6.9000699,exacte,osm
8039,Pharmacie Al Fajr,pharmacie,537601592,av my ali cherif Temara,Témara,,33.927296,-6.8967799,exacte,nominatim_nom
7166,Pharmacie Al Hiba,pharmacie,537609970,lot 24h sect 5 n°126 massira 1 - TEMARA,Témara,,33.9337937,-6.9020855,exacte,nominatim_nom
1663,Pharmacie Al Khiam,pharmacie,537740198,"bd,moulay rachid,khiam6 n°6 - Témara",Témara,,33.9187178,-6.9053563,exacte,nominatim_nom
3055,Pharmacie AlFarabi,pharmacie,537605603,3 Lotiss. AlMostakbal Massira 1 Témara,Témara,,33.917166,-6.923804,ville,centre_ville
4818,Pharmacie AlFirdaous,pharmacie,537605047,"369, hay El Firdaouss , Massira I Temara",Témara,,34.0690016,-6.7921217,exacte,osm
7520,Pharmacie AlMaghreb AlArabi,pharmacie,537600765,Pharmacie AlMaghreb AlArabi TEMARA,Témara,,33.917166,-6.923804,ville,centre_ville
9579,Pharmacie Amagour,pharmacie,663612850,Secteur 1 Numéro 1066 Mers El Kheir Témara,Témara,,33.917166,-6.923804,ville,centre_ville
4503,Pharmacie Bahia,pharmacie,537605210,170 av my idriss 1 massira 1 Temara,Témara,,33.9300581,-6.8992114,exacte,osm
8059,Pharmacie Bakali,pharmacie,537609117,Pharmacie Bakali TEMARA,Témara,,33.917166,-6.923804,ville,centre_ville
4265,Pharmacie Bouarous,pharmacie,537602082,"187, rue laayoun Temara",Témara,,33.9312391,-6.9014276,exacte,osm
2896,Pharmacie Camelia,pharmacie,537640769,"rue Lybie , lotiss. Alaoui, n° 76 Témara",Témara,,33.9251264,-6.9205466,exacte,osm
7203,Pharmacie El Fethouni,pharmacie,534437288,Pharmacie El Fethouni TEMARA,Témara,,33.917166,-6.923804,ville,centre_ville
9284,Pharmacie El Haq,pharmacie,537643715,Témara Centre Témara - Maroc,Témara,,33.917166,-6.923804,ville,centre_ville
5635,Pharmacie El Massira,pharmacie,537606057,sect3 n°336 (prés de l'institut najah) Temara,Témara,,33.9286568,-6.8957097,exacte,nominatim_nom
3255,Pharmacie El Moumen,pharmacie,537604411,n°28 hay nahda 1 bd zerktouni ( a côté de l'école al irfane ) - Temara,Témara,,33.9250446,-6.9086836,exacte,nominatim_nom
8268,Pharmacie ElAmal,pharmacie,537619933,Pharmacie ElAmal TEMARA,Témara,,33.917166,-6.923804,ville,centre_ville
1753,Pharmacie ElQods,pharmacie,537600043,"288, lotiss. Ouled Bennacer 1 Témara",Témara,,33.917166,-6.923804,ville,centre_ville
8252,Pharmacie Essalama,pharmacie,537747662,Pharmacie Essalama TEMARA,Témara,,33.9233742,-6.9138331,exacte,osm
8190,Pharmacie Fidaa,pharmacie,537610163,Pharmacie Fidaa TEMARA,Témara,,33.9270462,-6.9374179,exacte,osm
5213,Pharmacie Houdaya,pharmacie,537643536,,Témara,,33.921258,-6.9095421,exacte,osm
3568,Pharmacie Ibn Nafiss,pharmacie,537609439,"268, av. Mly Ali Cherif , Douar Oulad Naser Temara",Témara,,33.9305512,-6.9039631,exacte,nominatim_nom
6874,Pharmacie Ibnou Ziad,pharmacie,537611089,Pharmacie Ibnou Ziad TEMARA,Témara,,33.917166,-6.923804,ville,centre_ville
4770,Pharmacie Leila,pharmacie,537608606,168 hay al firdaous massira 1 temara proche de la poste,Témara,,33.9254898,-6.8994468,exacte,osm
1790,Pharmacie MachaAllah,pharmacie,537607506,"5, av. My Ali Cherif , lotiss. 24 H.a., hay Massira 1 Temara",Témara,,33.9265542,-6.8999464,quartier,nominatim_quartier
3326,Pharmacie Masjid Annour,pharmacie,537619778,39 gr.6 résidence annour 1 - tamesna Temara,Témara,,33.8470047,-6.9359075,exacte,nominatim_nom
3507,Pharmacie Masrour,pharmacie,537741990,"224, Hay Masrour II Temara",Témara,,33.917166,-6.923804,ville,centre_ville
5679,Pharmacie Mly Ali Chrif,pharmacie,537600525,"468, av Moulay Ali Cherif , Massira I Temara",Témara,,33.917166,-6.923804,ville,centre_ville
5144,Pharmacie Moulay Idriss,pharmacie,537602270,"lot 103 sect.1 , Massira I Temara",Témara,,34.0645711,-6.8066458,exacte,osm
2810,Pharmacie Nahda Ex-Soumaya,pharmacie,537608008,"lot. Ennassim 4 , Ennahda 2 Témara",Témara,,33.917166,-6.923804,ville,centre_ville
4928,Pharmacie Nouvelle,pharmacie,537610301,"197, rue Ben Hanifa , hay Al Inbiat Temara",Témara,garde 24h/24,33.9211395,-6.9124989,exacte,nominatim_nom
5619,Pharmacie Riad Fes (temara),pharmacie,537606038,"n°10, résidence riad fes, av tarik ibn ziad - Temara",Témara,,33.9201526,-6.9003706,exacte,nominatim_nom
209,Pharmacie Sables D'or,pharmacie,530050728,complexe commercial sid el abed n°4 harhoura Temara,Témara,,33.9161007,-6.970836,exacte,nominatim_nom
3941,Pharmacie Témara,pharmacie,537741334,av. Mly Rchid Temara,Témara,,33.9252812,-6.9172712,exacte,nominatim_nom
587,Pharmacie Vital,pharmacie,808561232,résidence as-shams im b magasin 1 harhoura – Temara,Témara,,33.9170266,-6.9663413,exacte,nominatim_nom
3204,Pharmacie croissant vert,pharmacie,537601951,"832,avenue moulay idriss 1er massira 1 Témara",Témara,,33.917166,-6.923804,ville,centre_ville
3558,Pharmacie de la famille,pharmacie,537600690,"16, av. Tarik Ibn Ziyad , Massira II Temara",Témara,,33.9264648,-6.893479,exacte,osm
8717,Pharmacie des Jardins,pharmacie,537011040,Pharmacie des Jardins TEMARA,Témara,,33.9393475,-6.8991335,exacte,nominatim
3914,Pharmacie du Centre,pharmacie,537741211,av. Hassan II - Temara centre,Témara,,33.9245592,-6.917565,exacte,nominatim_nom
5432,Pharmacie du marché,pharmacie,537606221,avenue mohamed v hay nahda i imm n°1 - Temara,Témara,,33.9281315,-6.9079699,exacte,nominatim_nom
8675,Pharmacie du quartier,pharmacie,537600779,"1457 Av. Tarik Ibn Ziad, Témara",Témara,,34.0586393,-6.7889178,exacte,osm
7540,Pharmacie la Ceinture Verte,pharmacie,537643584,av alla ben abdellah n°21 hay al andalous - Temara,Témara,,33.917166,-6.923804,ville,centre_ville
97,Grande Pharmacie Nouvelle,pharmacie,539966255,10 rue 10 Mai Tétouan,Tétouan,,35.5711799,-5.3756053,exacte,osm
235,Pharmacie Abou Bakr Seddek,pharmacie,539964466,363 bd Abou Bakr Essedik Dersa Tétouan,Tétouan,,35.5697958,-5.3746918,ville,centre_ville
462,Pharmacie Achifaa,pharmacie,539965511,17 av. Mohamed Torres Tetouan,Tétouan,,35.5697958,-5.3746918,ville,centre_ville
505,Pharmacie Ahali Coelma,pharmacie,539971713,485 hay Boujdad Tetouan,Tétouan,,35.564988,-5.347691,exacte,osm
10030,Pharmacie Ajiad,pharmacie,808658120,"N842, LOT BAISSA ROUTE MALALIYENE, Tétouan 93000",Tétouan,,35.607656,-5.334792,exacte,nominatim_nom
806,Pharmacie Akbat ElHallouf,pharmacie,539999316,55 av. Khénifra Mhanech II Tetouan,Tétouan,,35.5697958,-5.3746918,ville,centre_ville
9590,Pharmacie Al Amine,pharmacie,808579756,173 av Kallaline lotiss. Baissa Tétouan - Maroc,Tétouan,,35.611775,-5.3355004,exacte,osm
822,Pharmacie Al Aqsa,pharmacie,539990952,71 av Casablanca résid. Al Amal M'Hannech II n°3 TETOUAN,Tétouan,,35.5652984,-5.3555672,exacte,nominatim_nom
855,Pharmacie Al Qods,pharmacie,539700309,1 rue Moritania Tétouan,Tétouan,,35.5729334,-5.3794477,exacte,nominatim_nom
916,Pharmacie AlAbawaine,pharmacie,539970162,av. Chikh Ben Arbi Alaoui Boujarrah Alia TETOUAN,Tétouan,,35.5697958,-5.3746918,ville,centre_ville
938,Pharmacie AlAmal,pharmacie,539998646,343 av. Hadj Med. Bennouna TETOUAN,Tétouan,,35.5697958,-5.3746918,ville,centre_ville
1078,Pharmacie AlMatar,pharmacie,539993229,32 rue AlFarah av. Mehdi Benbarka TETOUAN,Tétouan,,35.5697958,-5.3746918,ville,centre_ville
1115,Pharmacie Almou,pharmacie,539723838,173 hay kalalien lotiss. baissa Tetouan,Tétouan,,35.5697958,-5.3746918,ville,centre_ville
1365,Pharmacie Avenue des F.a.r.,pharmacie,539996611,av. des Far rue G n°29 imm Rzini Tétouan,Tétouan,,35.5739076,-5.3605586,exacte,osm
797,Pharmacie Aïn Sidi Talha,pharmacie,637993835,"11, rue Zoubeir Bnou El Aouam, Sidi Talha Tetouan",Tétouan,,35.5697958,-5.3746918,ville,centre_ville
1447,Pharmacie Bab El Okla,pharmacie,539972738,av. M'fadel Afailal ang. av. Med Ameziane Bab Okla Tetouan,Tétouan,,35.5706719,-5.3633031,exacte,nominatim_nom
1497,Pharmacie Bab Nouader,pharmacie,539700195,13 av. laayoune Tetouan,Tétouan,,35.6843118,-5.3270289,rue,nominatim
1643,Pharmacie Bab Saïda,pharmacie,539997151,24 rue Sloukia Sidi Saïdi Tetouan,Tétouan,,35.5730051,-5.3640767,exacte,nominatim_nom
9131,Pharmacie Babtout,pharmacie,539967458,6 rue Prince Héritier Tétouan - Maroc,Tétouan,,35.5697958,-5.3746918,ville,centre_ville
1729,Pharmacie Ben Abduluahab,pharmacie,539992884,209 Bd Jabal hayane Tetouan,Tétouan,,35.5697958,-5.3746918,ville,centre_ville
1839,Pharmacie BenTahar,pharmacie,539998140,105 rue Ben Yedder Coelma Tetouan,Tétouan,,35.5697958,-5.3746918,ville,centre_ville
1750,Pharmacie Benchekroun,pharmacie,615452889,71 bd Al Azhar lotiss al wikaya Tetouan,Tétouan,,35.5697958,-5.3746918,ville,centre_ville
2051,Pharmacie Bouanane,pharmacie,808565614,Saf ElHamam rte. Torreta n°6 TETOUAN,Tétouan,,35.5697958,-5.3746918,ville,centre_ville
2191,Pharmacie Boujarah,pharmacie,539995010,47 av. Hadj Med. Bennouna Boujarrah TETOUAN,Tétouan,,35.5885238,-5.3551069,exacte,nominatim_nom
2289,Pharmacie Carthaje,pharmacie,539990131,7 bd Bni Maaden n°7 hay Qwilma rte Oued Laou Tétouan,Tétouan,,35.5697958,-5.3746918,ville,centre_ville
2599,Pharmacie Chaachoo,pharmacie,539995147,30 bd Egypte hay Matar lotiss. Souani Tetouan,Tétouan,,35.5996541,-5.3255591,exacte,osm
2895,Pharmacie Chams,pharmacie,531071768,6 lotis. Kasbat Azahra bloc 3 imm.A Tetouan,Tétouan,,35.5697958,-5.3746918,ville,centre_ville
2919,Pharmacie Chikri,pharmacie,539993128,105 av. M'fadel Afailal Tetouan,Tétouan,,35.5697958,-5.3746918,ville,centre_ville
6961,Pharmacie Coelma,pharmacie,539996500,63 av. Sidi Abdellah Alfakhar Tétouan,Tétouan,,35.564988,-5.347691,exacte,osm
9257,Pharmacie Dairiya,pharmacie,531085308,1 bd Méknes résid. La Perla Tétouan - Maroc,Tétouan,,35.5642568,-5.368613,rue,nominatim_voie
3184,Pharmacie Dar Mourssia,pharmacie,539968910,Bd Ahmed al bakal Tetouan,Tétouan,,35.5854307,-5.3714798,exacte,nominatim_nom
3247,Pharmacie Derdabi,pharmacie,539991109,7 Sakia Elfoukia Fendak TETOUAN,Tétouan,,35.5707056,-5.3663066,exacte,osm
3268,Pharmacie Dersa principale,pharmacie,539710585,606 av. Otman Ibn Affane Jbel Dersa TETOUAN,Tétouan,,35.5783285,-5.3776272,exacte,nominatim_nom
3525,Pharmacie El Amraoui,pharmacie,539715561,84 rue Walili lotis. Mounia Tetouan,Tétouan,,35.5697958,-5.3746918,ville,centre_ville
3765,Pharmacie El Feddane,pharmacie,539967461,"2, bd. Mohammed V Tetouan",Tétouan,,35.190292,-6.1487957,rue,nominatim
3662,Pharmacie El Gharnati,pharmacie,539717943,bd abderrahmane Dakhil Tetouan,Tétouan,,35.5697958,-5.3746918,ville,centre_ville
3731,Pharmacie El Haddad,pharmacie,539996719,av des Far rte de Marjane Tetouan,Tétouan,,35.596363,-5.3399282,exacte,nominatim_nom
3895,Pharmacie Faculté des Sciences,pharmacie,539970020,227 av. Hajeb Mhanech II Tétouan,Tétouan,,35.5646185,-5.3646802,exacte,nominatim_nom
3934,Pharmacie Fadil,pharmacie,539994311,K050 rue de Sebta km 5 n°13 Mallalienne Hajrat Laâroussa Tetouan,Tétouan,,35.6048499,-5.3356337,exacte,osm
4224,Pharmacie Haoumat Issaoua,pharmacie,539713355,84 av. Otman Ibn Affan Tetouan,Tétouan,,35.5790332,-5.3880374,exacte,osm
4308,Pharmacie Hjar Laaroussa,pharmacie,539991273,"q. Hjar Laaroussa , resid. Amina Tetouan",Tétouan,,35.5697958,-5.3746918,ville,centre_ville
4634,Pharmacie Houmat Tanjaoua,pharmacie,539992971,"156, Jabal Atlas, Tanjaoua Tetouan",Tétouan,,35.5884551,-5.3517349,exacte,osm
4535,Pharmacie Hôpital des Spécialités,pharmacie,669812415,14 bd Abdelkhalek Torres Résid Chems Tetouan,Tétouan,,35.5817841,-5.3335773,exacte,nominatim_nom
4908,Pharmacie Ichara Dersa,pharmacie,539703214,5 hay Ichara ElKhandak-Jbel Dersa Tetouan,Tétouan,,35.5788166,-5.3813902,exacte,nominatim_nom
4923,Pharmacie Imane,pharmacie,539717106,Hay kouilma route azarkaa Tetouan,Tétouan,,35.5697958,-5.3746918,ville,centre_ville
5139,Pharmacie Jamaa Afailal,pharmacie,539973704,"107, av sidi mohamed elkharraz Tetouan",Tétouan,,35.5791129,-5.3597901,exacte,nominatim_nom
6153,Pharmacie Lukach,pharmacie,539998666,K030 bd Abdellah El Fakhar km 3 rte Azla hay Kouilma oued Law Tetouan,Tétouan,,35.5697958,-5.3746918,ville,centre_ville
6866,Pharmacie M'salah Kdima,pharmacie,531099221,58 bd M'salah Kdima bab Rmouze Tétouan,Tétouan,,35.5697958,-5.3746918,ville,centre_ville
6215,Pharmacie Mall Tétouan,pharmacie,660959297,13 bd Joulane - Autre ville hay Al Matar Tétouan,Tétouan,,35.5865423,-5.3354714,exacte,osm
6295,Pharmacie Marjane,pharmacie,539991861,"rte de Sebta, c/com. Marjane Tetouan",Tétouan,,35.6025277,-5.334983,exacte,osm
6570,Pharmacie Mellah,pharmacie,539703995,"17, rue Al Ankari , hay Al Qods Tetouan",Tétouan,,35.5697958,-5.3746918,ville,centre_ville
6628,Pharmacie Mestassi,pharmacie,539999149,128 av. Sebta M'hannech II TETOUAN,Tétouan,,35.5628882,-5.3623767,exacte,osm
9346,Pharmacie Oued Coelma,pharmacie,539717509,7 rue Sidi Abdallah El Fakhar Tétouan,Tétouan,,35.5623742,-5.3495173,exacte,nominatim_nom
7047,Pharmacie Palestine,pharmacie,539973845,25 av. des F.a.r. Tétouan,Tétouan,,35.5787285,-5.3560486,exacte,osm
869,Pharmacie Pharmacie Sumud Ex Al Walidayne,pharmacie,539993135,hay Touibla Marjane n°26 Tetouan,Tétouan,,35.5697958,-5.3746918,ville,centre_ville
7105,Pharmacie Polvorin Dersa,pharmacie,539712930,131 av Med Bakkal Jbel Dersa TETOUAN,Tétouan,,35.5803137,-5.372421,exacte,nominatim_nom
9618,Pharmacie River,pharmacie,539725560,29 bd Neuf Avril Tétouan - Maroc,Tétouan,00H A 09H,35.5697958,-5.3746918,ville,centre_ville
7272,Pharmacie Rkaina,pharmacie,539992734,66 av. Al Amanaa Kourat Sbâa TETOUAN,Tétouan,,35.5572127,-5.3836568,rue,nominatim_nom
7287,Pharmacie Rommana,pharmacie,539714272,"344, rue du rif , khandak zerbouh, rommana TETOUAN",Tétouan,,35.5672985,-5.3930377,exacte,osm
7337,Pharmacie Ryad,pharmacie,539991539,Pharmacie Ryad TETOUAN,Tétouan,,35.5749299,-5.4050648,exacte,nominatim
9296,Pharmacie Sidi Abdellah ElFakhar,pharmacie,539996585,M'hannech II 2ème Tranche n°79 Tétouan - Maroc,Tétouan,,35.5697958,-5.3746918,ville,centre_ville
10057,Pharmacie Souk Dar Mourssia,pharmacie,539964435,Bd Ahmed al bakal Tétouan,Tétouan,,35.5697958,-5.3746918,ville,centre_ville
7517,Pharmacie Souk ElFouki,pharmacie,539704488,15 X Sok ElFoki Tetouan,Tétouan,,35.5697958,-5.3746918,ville,centre_ville
7750,Pharmacie Thami Ouazzani,pharmacie,539970884,61 av. Massira Khadra Tetouan,Tétouan,,35.5690938,-5.3610396,exacte,nominatim
7862,Pharmacie Touabel,pharmacie,539972557,"263 Bis, av Sidi Mohamed ElKharraz , Touabel Haute II. Tetouan",Tétouan,,35.5813198,-5.3569801,exacte,osm
8051,Pharmacie Touria,pharmacie,539711605,bd Oued Martil rue 7 n°2 Tetouan,Tétouan,,35.5697958,-5.3746918,ville,centre_ville
9586,Pharmacie Yacoutat Al Andalus,pharmacie,539972782,av. Kallaline Boussafou Tétouan - Maroc,Tétouan,,35.5697958,-5.3746918,ville,centre_ville
8267,Pharmacie Zaitoune,pharmacie,539990185,Pharmacie Zaitoune TETOUAN,Tétouan,,35.5697958,-5.3746918,ville,centre_ville
8504,Pharmacie Ziana,pharmacie,539990190,254 rue Mohamed Ameziane Tetouan,Tétouan,,35.5754131,-5.3633923,exacte,osm
3364,Pharmacie destin,pharmacie,539710288,56 av. AlMoatassim lot. Mribtou hôpital Espagnol Tetouan,Tétouan,,35.5717763,-5.3914322,exacte,osm
4051,Pharmacie du Nord,pharmacie,539962207,11 bd. Mohammed V Tetouan,Tétouan,,35.5699643,-5.3714953,exacte,osm
5623,Pharmacie la Santé Coelma,pharmacie,539726752,2 Rte Bouira lot Bennouna La Rocade Tetouan,Tétouan,,35.564988,-5.347691,exacte,osm
2478,Pharmacie sordo,pharmacie,539960336,"2, rue mohammed torres Tetouan",Tétouan,,35.5697958,-5.3746918,ville,centre_ville
9974,Pharmacie Afaq,pharmacie,524649818,131 hay Agendis Youssoufia,Youssoufia,,32.245801,-8.532439,ville,centre_ville
8749,Pharmacie Agendis,pharmacie,524646491,34 lotiss. Agendis YOUSSOUFIA,Youssoufia,,32.245801,-8.532439,ville,centre_ville
611,Pharmacie Ahmar,pharmacie,524649112,24 Rue Oued Eddahab Youssoufia,Youssoufia,,32.2418627,-8.5354636,exacte,nominatim_nom
8648,Pharmacie AlQods,pharmacie,524647546,hay ElWahda 3 n°23 YOUSSOUFIA,Youssoufia,,32.245801,-8.532439,ville,centre_ville
7832,Pharmacie Annour,pharmacie,524649312,hay Laghdir n°314 YOUSSOUFIA,Youssoufia,,32.237092,-8.5326451,exacte,osm
8319,Pharmacie Baghdad,pharmacie,524649474,22 cité Laghdir YOUSSOUFIA,Youssoufia,,32.245801,-8.532439,ville,centre_ville
7454,Pharmacie Chefchaouni,pharmacie,524649508,Pharmacie Chefchaouni YOUSSOUFIA,Youssoufia,,32.2552809,-8.5336693,exacte,osm
7469,Pharmacie Dakhla,pharmacie,524648206,180 bd du Nil q. Dakhla YOUSSOUFIA,Youssoufia,,32.2330557,-8.5366846,exacte,osm
7727,Pharmacie Eddoukali,pharmacie,524645922,15 rue Mouatamid Ben Abbad YOUSSOUFIA,Youssoufia,,32.245801,-8.532439,ville,centre_ville
9139,Pharmacie El Khiria,pharmacie,524648216,25 rue Meknés cité Hassani Youssoufia - Maroc,Youssoufia,,32.245801,-8.532439,ville,centre_ville
8090,Pharmacie Errahma,pharmacie,524647752,66 rue Hamid ElKhatib YOUSSOUFIA,Youssoufia,garde 24h/24,32.245801,-8.532439,ville,centre_ville
10161,Pharmacie Erreteb,pharmacie,617564964,"hay Nahda , rue 7 n°3 Youssoufia",Youssoufia,,32.245801,-8.532439,ville,centre_ville
2261,Pharmacie Essaada,pharmacie,524646707,6 av AlAhram Youssoufia,Youssoufia,,32.0749202,-8.6303306,exacte,osm
10181,Pharmacie Ibn Sina,pharmacie,524648294,"1 rue Abda , hay Zallaka Youssoufia",Youssoufia,,32.239898,-8.5422871,exacte,nominatim_nom
10101,Pharmacie Iksir,pharmacie,524646350,"lotiss. Smara , rue 18 n°9 Youssoufia",Youssoufia,,32.245801,-8.532439,ville,centre_ville
9157,Pharmacie Inas,pharmacie,524645524,11 bd Damas q. Salam Youssoufia Youssoufia - Maroc,Youssoufia,,32.2427264,-8.5403043,exacte,osm
3067,Pharmacie Kachkat,pharmacie,524649270,9 Rue Imam Malik Youssoufia,Youssoufia,,32.2458067,-8.5332465,exacte,osm
9959,Pharmacie Louis Gentil,pharmacie,524660950,14 Bis bd Sebta - Autre ville hay Mohammadi Youssoufia,Youssoufia,,32.246148,-8.5283145,exacte,osm
7489,Pharmacie Moderne,pharmacie,524649669,9 rue Laâyoune q. Hassani YOUSSOUFIA,Youssoufia,,32.2415859,-8.5371963,exacte,osm
2231,Pharmacie Nejmi,pharmacie,524649089,Rue Walili quart.Takadoum Youssoufia,Youssoufia,,32.245801,-8.532439,ville,centre_ville
8137,Pharmacie Sidi Ahmed,pharmacie,524649719,41 hay Mohamadi Kariat Sidi Ahmed YOUSSOUFIA,Youssoufia,,32.245801,-8.532439,ville,centre_ville
9421,Pharmacie Sidi Ahmed,pharmacie,524649718,41 hay Mohamadi Kariat Sidi Ahmed Youssoufia - Maroc,Youssoufia,,32.245801,-8.532439,ville,centre_ville
1470,Pharmacie Zaid,pharmacie,524645212,13 rue Melilia - Autre ville hay Mohammadie Youssoufia,Youssoufia,garde 24h/24,32.2484544,-8.5234343,exacte,osm
9542,Pharmacie Zineb,pharmacie,524645909,342 lotiss. Agendis Youssoufia - Maroc,Youssoufia,,32.245801,-8.532439,ville,centre_ville
2002,Pharmacie Zytouna,pharmacie,524660704,65 hay Smara Al Arsa Youssoufia,Youssoufia,,32.245801,-8.532439,ville,centre_ville
9170,Pharmacie de l'Hôpital,pharmacie,524646108,25 q. Manar rue n°9 Youssoufia - Maroc,Youssoufia,,32.245801,-8.532439,ville,centre_ville
7369,Pharmacie du Souk,pharmacie,524645060,cité Erac q. com. n°31 YOUSSOUFIA,Youssoufia,,32.239991,-8.5379535,exacte,nominatim_nom
7944,Pharmacie la Municipalité,pharmacie,524645265,1 rue Abou Bakr Essadik q. Hassani YOUSSOUFIA,Youssoufia,,32.245801,-8.532439,ville,centre_ville
10083,pharmacie al fath,pharmacie,524646060,"331 Hay El Fath, Youssoufia 46300",Youssoufia,,32.245801,-8.532439,ville,centre_ville
8006,Pharmacie Al Firdaous,pharmacie,524846493,21 av. Allal Ben Abdellah ZAGORA,Zagora,09H A 21H,30.3279053,-5.8369957,ville,centre_ville
8778,Pharmacie Al Mahata,pharmacie,524838587,bd Mohamed V hay Asrir ZAGORA,Zagora,00H A 09H,30.337125,-5.8372927,rue,nominatim
9603,Pharmacie Amzrou,pharmacie,524847490,hay Amezrou Zagora - Maroc,Zagora,,30.3279053,-5.8369957,ville,centre_ville
8475,Pharmacie Assafar,pharmacie,524846271,av Mohammed V ZAGORA,Zagora,,30.3520621,-5.8395326,exacte,osm
9843,Pharmacie Attakafa,pharmacie,524848175,hay Attadamoune Ouidadiyate Zagora - Maroc,Zagora,,30.3279053,-5.8369957,ville,centre_ville
8260,Pharmacie ElBaraka,pharmacie,524847687,17 bd Hassan II ZAGORA,Zagora,,30.3257899,-5.8373809,rue,nominatim
9575,Pharmacie Ibn Sina (Avicenne),pharmacie,524838469,bd Mohammed V hay Assrir Zagora - Maroc,Zagora,,30.3279053,-5.8369957,ville,centre_ville
1039,Pharmacie Israe,pharmacie,524848819,hay El Qods Zagora,Zagora,,30.3279053,-5.8369957,ville,centre_ville
9023,Pharmacie Manssour Dahbi,pharmacie,524838116,hay Mansour Dahbi station Ahmed Benasser Zagora,Zagora,,30.3279053,-5.8369957,ville,centre_ville
2946,Pharmacie Mgouna,pharmacie,524839813,bd Mohammed VI centre Tazarine Zagora,Zagora,,30.3279053,-5.8369957,ville,centre_ville
8323,Pharmacie Rihane,pharmacie,524846142,bd Mohammed V hay ElMassira ZAGORA,Zagora,,30.3366926,-5.8387405,exacte,osm
8994,Pharmacie Salim,pharmacie,524847299,bd Mohamed V hay Zaouit El Majdoub Zagora - Maroc,Zagora,,30.3279053,-5.8369957,ville,centre_ville
8401,Pharmacie Yassine,pharmacie,524848719,278 bd Mohammed V ZAGORA,Zagora,,30.3458329,-5.8384301,exacte,osm
8534,Pharmacie Zagora,pharmacie,524847195,bd Mohammed V ZAGORA,Zagora,,30.3292377,-5.8384217,exacte,osm
