nom,nom_ar,autres_noms,type,ville,ville_ar,latitude,longitude,osm_id
Ikaouène,,,neighbourhood,Abdelghaya Souahel,عبد الغاية سواحل,34.7485323,-4.6573303,node/13964779369
Tizgui,,,suburb,Afella N'Dra,افلا ندرا,30.7884806,-6.5286838,node/2044949196
Targa et Mal,,,suburb,Afra,افرا,30.686364,-6.2750815,node/2042643883
Adrar,أدرار,,suburb,Agadir,أكادير,30.3910998,-9.5048486,node/3848202056
Aghroud,أغروض,,suburb,Agadir,أكادير,30.37257,-9.5706879,node/3918552444
Al Farah,الفرح,,suburb,Agadir,أكادير,30.3978989,-9.5618732,node/3918899593
Al Qods,القدس,,suburb,Agadir,أكادير,30.4177326,-9.5551165,node/3848139959
Al Wifaq,الوفاق,,suburb,Agadir,أكادير,30.3929571,-9.5637186,node/3918899594
Amsernate,أمسرنات,,suburb,Agadir,أكادير,30.4152918,-9.5754482,node/3866984675
Anza,أنزا,,suburb,Agadir,أكادير,30.4520064,-9.6590808,node/1057816237
Assaka,اساكا,,neighbourhood,Agadir,أكادير,30.3783766,-9.5152871,node/3918754488
Battoire,باطوار,,suburb,Agadir,أكادير,30.4119311,-9.58728,node/3918886469
Bensergao,بنسركاو,,suburb,Agadir,أكادير,30.3886754,-9.5694073,node/3839062592
Charaf,شرف,,suburb,Agadir,أكادير,30.4333735,-9.5893258,node/1054653317
Cité Suisse,سيتي سويس,,suburb,Agadir,أكادير,30.4278023,-9.5976738,node/1056895875
Dakhla,الداخلة,,suburb,Agadir,أكادير,30.4107934,-9.5495306,node/3845464675
El Houda,الهدى,,suburb,Agadir,أكادير,30.3992428,-9.5374739,node/3845453527
El Massira,المسيرة,,suburb,Agadir,أكادير,30.4114317,-9.567362,node/3848151505
El-khiam,الخيام,,suburb,Agadir,أكادير,30.4222811,-9.5709337,node/3866966358
Founty,فونتي,,suburb,Agadir,أكادير,30.3945833,-9.5931204,node/3846571063
Haut Anza,أنزا العليا,,suburb,Agadir,أكادير,30.4550002,-9.6317217,node/4038502028
Haut Founty,فونتي العليا,,suburb,Agadir,أكادير,30.399291,-9.5784304,node/3846577657
Hay Mohammedi,الحي المحمدي,,suburb,Agadir,أكادير,30.4356199,-9.5563283,node/1085905376
Iguil Oḍrḍour,إغيل أضرضور,,suburb,Agadir,أكادير,30.4433892,-9.5452713,node/3909360424
Ihchach,إحشاش,,suburb,Agadir,أكادير,30.4254499,-9.5842274,node/3855018350
Iligh,إليغ,,suburb,Agadir,أكادير,30.4413915,-9.5851818,node/3848115533
Les Amicales,ليزاميكال,,suburb,Agadir,أكادير,30.4313666,-9.5791672,node/1054483322
Lirak,ليراك,,neighbourhood,Agadir,أكادير,30.4230965,-9.5600711,node/4577761874
Marina d'Agadir,مارينا أگادير,,suburb,Agadir,أكادير,30.4250461,-9.6170696,node/1057816240
Quartier Industriel,الحي الصناعي,Industrial Quarter,suburb,Agadir,أكادير,30.4185473,-9.5830012,node/3862860271
Quartier administratif,الحي الإداري,,suburb,Agadir,أكادير,30.4213178,-9.6032497,node/6674224252
Salam,السلام,,suburb,Agadir,أكادير,30.4012452,-9.5489513,node/3845439840
Sidi Youssef,سيدي يوسف,,suburb,Agadir,أكادير,30.4107817,-9.5773793,node/3866905289
Taddart,تدارت,,suburb,Agadir,أكادير,30.4348743,-9.5828263,node/3849892483
Taddart,تدارت,,suburb,Agadir,أكادير,30.4583937,-9.6478334,node/4038500352
Talborjt,تالبرجت,,suburb,Agadir,أكادير,30.4237254,-9.5905693,node/3855001058
Tikiouine,تيكوين,,suburb,Agadir,أكادير,30.3787422,-9.5047697,node/2907763581
Tilila,تيليلا,,suburb,Agadir,أكادير,30.3984274,-9.516003,node/3845409273
Zidour,زيدور,,suburb,Aghbal,أغبال,34.9504511,-2.1155217,node/8723131490
Ighrm Aqdim n'taghia,,,neighbourhood,Aghbalou N'Kerdous,اغبالو انكردوس,31.6323666,-5.3155668,way/346102691
Toufsirine,,,quarter,Aghouatim,اغواطيم,31.3294966,-7.9466626,node/11222593142
Hay Azayani,,,neighbourhood,Ain Bni Mathar,عين بني مطهر,34.0065932,-2.0172468,node/3116343806
Ras El Ma,راس الماء,,suburb,Ain Chkef,عين الشقف,33.9712149,-5.0939752,node/8555542974
Admin,أدمين,,suburb,Ait Melloul,أيت ملول,30.3479615,-9.4847592,node/5726894497
Agdal,أگدال,,suburb,Ait Melloul,أيت ملول,30.337579,-9.5017308,node/5723348016
Ait Oujrar,ايت اوجرار,,suburb,Ait Melloul,أيت ملول,30.3532822,-9.4942957,node/5735282814
Al Arab,العرب,,suburb,Ait Melloul,أيت ملول,30.3416393,-9.5035923,node/5735303955
Al Maghrib Al Kabir,المغرب الكبير,Al Maghrib Al Arabi | المغرب العربي,suburb,Ait Melloul,أيت ملول,30.3242859,-9.5055127,node/5728381636
Al Massira,المسيرة,,suburb,Ait Melloul,أيت ملول,30.3349962,-9.5060615,node/4038513693
Argana,أركانة,,suburb,Ait Melloul,أيت ملول,30.3311295,-9.4995582,node/5723360200
Assais,أسايس,,suburb,Ait Melloul,أيت ملول,30.3473151,-9.5056093,node/5723332409
Azrou,أزرو,,suburb,Ait Melloul,أيت ملول,30.3608674,-9.4596405,node/3851551619
El Mzar,المزار,,suburb,Ait Melloul,أيت ملول,30.3178716,-9.5189928,node/3668963800
El khattarate,الخطارات,,suburb,Ait Melloul,أيت ملول,30.3359169,-9.5195675,node/5735303956
Kasbat Tahar,قصبة الطاهر,,suburb,Ait Melloul,أيت ملول,30.3328927,-9.5291531,node/3917525622
Lhrach,لحرش,,suburb,Ait Melloul,أيت ملول,30.345093,-9.4977129,node/5723332410
Tamazarte,تمزارت,,suburb,Ait Melloul,أيت ملول,30.3471577,-9.513377,node/5735298043
Tohmo,توهمو,,suburb,Ait Melloul,أيت ملول,30.3156914,-9.5009208,node/5723391168
Zone industrielle,المنطقة الصناعية,industrial zone,suburb,Ait Melloul,أيت ملول,30.3302741,-9.4873668,node/3917699887
Ksar d'Aït-Ben-Haddou,,Ksar of Ait-Ben-Haddou | La Kasbah d'Aït Ben Haddou,suburb,Ait Zineb,آيت زينب,31.0468537,-7.1296209,node/2490383234
Ikhlas,,,quarter,Al Bahraoyine,البحراويين,35.7251717,-5.7566797,node/10069584495
Badès,بادس,,neighbourhood,Al Hoceïma,الحسيمة,35.2446765,-3.9534044,node/8402471961
Barrio Briro,,,neighbourhood,Al Hoceïma,الحسيمة,35.2509221,-3.9319843,node/8402470122
Barrio Heddú,,,neighbourhood,Al Hoceïma,الحسيمة,35.2493185,-3.9371502,node/8402471982
Boujibar,بوجيبار,,neighbourhood,Al Hoceïma,الحسيمة,35.2311083,-3.9379942,node/5696691083
Cala Bonita,,,neighbourhood,Al Hoceïma,الحسيمة,35.2335464,-3.9269042,node/8402470179
Hay el Manzeh,,,neighbourhood,Al Hoceïma,الحسيمة,35.2460158,-3.9348114,node/8402470203
Iguer Azegouagh,أكر أزكواغ,,neighbourhood,Al Hoceïma,الحسيمة,35.2225712,-3.9272144,node/5696691099
Marmuca,,,neighbourhood,Al Hoceïma,الحسيمة,35.2400135,-3.9410448,node/8402471986
Mirador,,,neighbourhood,Al Hoceïma,الحسيمة,35.2495551,-3.948496,node/8402471990
Morro Viejo,,,neighbourhood,Al Hoceïma,الحسيمة,35.2402497,-3.9275694,node/8402470131
Sabadilla,صباديا,,neighbourhood,Al Hoceïma,الحسيمة,35.2519207,-3.9401758,node/8402470206
Sidi Abid,,,neighbourhood,Al Hoceïma,الحسيمة,35.2522668,-3.9360505,node/8402470182
El Aïoun Foukia,,,neighbourhood,Al Kharroub,ااخروب,35.3896171,-5.6390502,node/13605715747
El Aïoun Seflia,,,neighbourhood,Al Kharroub,ااخروب,35.3810464,-5.6424677,node/13605715749
Tafraout Fokia,,,neighbourhood,Al Kharroub,ااخروب,35.405199,-5.643256,node/13975439398
Tafraout Seflia,,,neighbourhood,Al Kharroub,ااخروب,35.3992031,-5.6402865,node/13975439399
Place Bin Laqbab,بين القباب,,suburb,Al Machouar Stinia,المشور الستينية,33.8888077,-5.5659516,way/307426034
Ait Lahcen,أيت لحسن,,neighbourhood,Amtdi,امطضي,29.3120347,-9.214643,node/11099808412
Eghir,إغير,,neighbourhood,Amtdi,امطضي,29.3099856,-9.2147489,node/11098535808
Egrramn,إكرامن,,neighbourhood,Amtdi,امطضي,29.3135589,-9.2144792,node/11098535811
Egzaln,إكزالن,,neighbourhood,Amtdi,امطضي,29.3126735,-9.2149941,node/11098535810
Ehadidn,إهاضيدن,,neighbourhood,Amtdi,امطضي,29.3122467,-9.2154731,node/11098535809
Souk el Arbaa,,,neighbourhood,Arekmane,أركمان,35.107098,-2.746927,node/13952859398
,أولاد محند السفلى,,neighbourhood,Arekmane,أركمان,35.0556506,-2.7574414,node/14148447717
,أولاد محند العليا,,neighbourhood,Arekmane,أركمان,35.0464708,-2.7602408,node/14148484238
Nakhil,,,neighbourhood,Assilah,أصيلة,35.4713524,-6.027841,node/13606312678
Hay Al Wifak 1,,,neighbourhood,Azemmour,أزمور,33.279678,-8.3582536,way/323031648
Hay Amal,,,neighbourhood,Azemmour,أزمور,33.2828871,-8.3506811,way/323031614
Hay El Wifak 2,,,neighbourhood,Azemmour,أزمور,33.2813283,-8.360054,way/323027084
Hay Oum R'bia,,,neighbourhood,Azemmour,أزمور,33.280923,-8.3534951,way/167316950
Emhal,النحال,,neighbourhood,Azzinate,الزينات,35.659087,-5.728116,node/13605704236
Zorine,,,quarter,Aït Youssef ou Ali,آيت يوسف أو علي,35.1633443,-3.8563316,way/853337095
Tifouzale ès Sefli,,,neighbourhood,Bab Taza,باب تازة,35.067562,-5.2746796,node/13980043466
Barrio Chino,,,quarter,Beni Ansar,بني انصار,35.2697428,-2.9540235,node/10019176943
Zarouala,,,quarter,Beni Ansar,بني انصار,35.2646823,-2.9513926,node/10010196396
Ain Alati,تجزئة عين العاطي,,neighbourhood,Beni Mellal,بني ملال,32.3207911,-6.3719729,way/307193786
Massira 2,المسيرة,2,quarter,Beni Mellal,بني ملال,32.3547927,-6.3611558,way/760472649
,حي الحسني,,neighbourhood,Benslimane,ابن سليمان,33.6238086,-7.1228078,node/13847133507
,حي كريم,,neighbourhood,Benslimane,ابن سليمان,33.6256051,-7.1317516,node/13847133508
Bab el madina,باب المدينة,,suburb,Berkane,بركان,34.9329882,-2.3049408,node/4155450424
Beni mehdi,بني مهدي,,suburb,Berkane,بركان,34.9435677,-2.3168727,node/4149780855
Bouhdila,حي بوهديلة,,neighbourhood,Berkane,بركان,34.9314361,-2.3436862,node/3750536228
Douar El Mika Zalaka,دوار الميكة,,quarter,Berkane,بركان,34.9122085,-2.3215673,node/4862319844
Hay Al Karam,حي الكرم,,neighbourhood,Berkane,بركان,34.9415244,-2.340543,node/3723117583
Hay Al Majd,حي المجد,,suburb,Berkane,بركان,34.9356695,-2.3213734,node/4144912256
Hay Essadek Bensaid,حي الصديق بنسعيد,,suburb,Berkane,بركان,34.9232342,-2.3102226,node/4044699492
Hay Hamza,حي حمزة,,suburb,Berkane,بركان,34.9213066,-2.3350888,node/4155453444
Hay Mohammadi El Makteb,حي المحمدي المكتب,,suburb,Berkane,بركان,34.9231549,-2.3151793,node/4040767447
Hay Riad,حي الرياض,,suburb,Berkane,بركان,34.9243469,-2.3059319,node/4141370541
Hay karrakchou,حي الليمون كراكشو,حي الليمون,neighbourhood,Berkane,بركان,34.9417619,-2.3315118,node/4207576033
Hay rami,حي الرامي,,suburb,Berkane,بركان,34.9245944,-2.3015767,node/4200593373
Hmidou Hay el Fath,حميدو حي الفتح,,suburb,Berkane,بركان,34.9212868,-2.304731,node/4200593415
Janane zitoune,جنان الزيتون,,suburb,Berkane,بركان,34.9331553,-2.3108363,node/4155449212
Lalla rakia,للا رقية,,suburb,Berkane,بركان,34.9287749,-2.2985625,node/4155440693
Lotissement Ennassim,تجزئة النسيم,,suburb,Berkane,بركان,34.8990145,-2.3018273,node/5910426264
Quartier Al Amal,حي الأمل المعلمين,,suburb,Berkane,بركان,34.9280171,-2.309915,node/4144900643
Tahtaha,طحطاحة,,neighbourhood,Berkane,بركان,34.9219466,-2.3211076,node/4058608747
le quartier administratif,الحي الإداري,,suburb,Berkane,بركان,34.9319983,-2.3181896,node/8593130543
Arsat Chaouia,عرصة الشاوية,,neighbourhood,Berrechid,برشيد,33.2933723,-7.565956,node/12444163956
Bloc,البلوك,,neighbourhood,Berrechid,برشيد,33.2725513,-7.5748028,node/12444163954
Bourehal,بورحال,,neighbourhood,Berrechid,برشيد,33.2585399,-7.5885911,node/12444163947
Coopérative Chaouia,تعاونية الشاوية,,neighbourhood,Berrechid,برشيد,33.2731579,-7.5702011,node/12444163958
Derb Arlaud,درب أرلو,Derb Arlo,neighbourhood,Berrechid,برشيد,33.2706095,-7.5871995,node/12574102733
Derb Jdid,الدرب الجديد,Hay Chabab | حي الشباب,neighbourhood,Berrechid,برشيد,33.2653158,-7.5914109,node/12556249388
Derb Lihoudi,درب اليهودي,,neighbourhood,Berrechid,برشيد,33.262642,-7.5909451,node/12574102738
Derb Tahiri,درب الطاهري,Hay El Faraj,neighbourhood,Berrechid,برشيد,33.2712383,-7.5895676,node/12574102734
Hay Al Izzdihar,حي الازدهار,,neighbourhood,Berrechid,برشيد,33.2740999,-7.5917761,node/12574102745
Hay Al Wahda,حي الوحدة,,neighbourhood,Berrechid,برشيد,33.2624931,-7.5728984,node/12556233936
Hay Amine,حي أمين,,neighbourhood,Berrechid,برشيد,33.2587556,-7.5732084,node/12556233937
Hay El Houda,حي الهدى,,neighbourhood,Berrechid,برشيد,33.2751773,-7.5897972,node/12556206817
Hay Errabii,حي الربيع,,neighbourhood,Berrechid,برشيد,33.2606766,-7.5966032,node/12444163962
Hay Essaada,حي السعادة,,neighbourhood,Berrechid,برشيد,33.2620214,-7.5887023,node/12480414081
Hay Ezzahra,حي الزهراء,,neighbourhood,Berrechid,برشيد,33.2635551,-7.5772352,node/12556249345
Hay Faraj,حي الفرج,,neighbourhood,Berrechid,برشيد,33.2594506,-7.5637558,node/12444163943
Hay Hassani,الحي الحسني,,neighbourhood,Berrechid,برشيد,33.2713823,-7.5732477,node/12444163953
Hay Kadiri,حي القادري,,neighbourhood,Berrechid,برشيد,33.2722264,-7.587752,node/12574102732
Hay Massira,حي المسيرة,,neighbourhood,Berrechid,برشيد,33.2607944,-7.571841,node/12444163960
Hay Moulay Rachid,حي مولاي رشيد,,neighbourhood,Berrechid,برشيد,33.2708092,-7.5649683,node/12455722392
Hay Moustakbal,حي المستقبل,,neighbourhood,Berrechid,برشيد,33.2646056,-7.5877432,node/12556206816
Hay Raha,حي الراحة,,neighbourhood,Berrechid,برشيد,33.2754399,-7.5727424,node/12556249346
Hay Tadamon,حي التضامن,,neighbourhood,Berrechid,برشيد,33.2695727,-7.5712419,node/12444163963
Hay Takadom,حي التقدم,,neighbourhood,Berrechid,برشيد,33.2678093,-7.5860277,node/12480414082
Hay Tissir,حي التيسير,,neighbourhood,Berrechid,برشيد,33.2667359,-7.5764953,node/12556206818
Hay Tissir 2,حي التيسير,2,neighbourhood,Berrechid,برشيد,33.2696689,-7.5773119,node/12444163959
Hay Wafiq,حي وفيق,,neighbourhood,Berrechid,برشيد,33.260491,-7.5672945,node/12444163940
Hay Yasmina,حي ياسمينة,,neighbourhood,Berrechid,برشيد,33.2648164,-7.573411,node/12444163944
Kabbaj,القباج,,neighbourhood,Berrechid,برشيد,33.267774,-7.5667319,node/12444163952
Karam,الكرم,,neighbourhood,Berrechid,برشيد,33.2534612,-7.575096,node/12444163948
La Perle d'Abrar,جوهرة الأبرار,,neighbourhood,Berrechid,برشيد,33.2523185,-7.5821521,node/12556206819
Layali,الليالي,,neighbourhood,Berrechid,برشيد,33.2758821,-7.5844323,node/12444163961
Lot Al Yousr,تجزئة اليسر,,neighbourhood,Berrechid,برشيد,33.2624388,-7.5763408,node/12536385332
Lot Assaad,تجزئة السعد,,neighbourhood,Berrechid,برشيد,33.2613314,-7.5643442,node/12444163951
Lot Baydi II,تجزئة البايضي,Lot Baydi II 2 | 2,neighbourhood,Berrechid,برشيد,33.2633466,-7.5651502,node/12556206815
Lot Benchaib,تجزئة بن الشايب,,neighbourhood,Berrechid,برشيد,33.257246,-7.5902899,node/12444163946
Lot Chama,تجزئة شامة,,neighbourhood,Berrechid,برشيد,33.2570447,-7.5656597,node/12444163942
Lot Jabrane,تجزئة جبران,,neighbourhood,Berrechid,برشيد,33.2802053,-7.5671273,node/12444163957
Lot Nasrallah,تجزئة نصرالله,,neighbourhood,Berrechid,برشيد,33.2588844,-7.5777473,node/12444163945
Lot Samira,تجزئة سميرة,,neighbourhood,Berrechid,برشيد,33.2770554,-7.590923,node/12556249389
Lot Zoubida,تجزئة زبيدة,,neighbourhood,Berrechid,برشيد,33.2803415,-7.5873152,node/12444249968
Quartier Souk lakdim,حي سوق القديم,,neighbourhood,Berrechid,برشيد,33.2644271,-7.5836375,node/12574102746
Quartier des Émirats arabes unis,حي الإمارات العربية المتحدة,,neighbourhood,Berrechid,برشيد,33.2633903,-7.5836899,node/12449750843
Regraga,رڭراڭة,,neighbourhood,Berrechid,برشيد,33.2557018,-7.5724185,node/12444163950
Riad Ouled El Bekri,رياض أولاد البكري,,neighbourhood,Berrechid,برشيد,33.2581673,-7.5600416,node/12452978476
Sidi Amer,سيدي عمر,,neighbourhood,Berrechid,برشيد,33.2738572,-7.5802133,node/12444163955
Maalla,معلا,,suburb,Biougra,بيوكرى,30.2255592,-9.371132,node/3666623872
Jaadar,,,quarter,Bni Bouifrou,بني بويفرور,35.1551565,-2.983172,node/11729331719
,الخربة,,quarter,Bni Gmil,بني جميل,35.0567348,-4.3748526,node/11688900821
,تيزي مولود,,neighbourhood,Bni Gmil,بني جميل,35.0748291,-4.3704237,node/11688916725
Haya Lahona,,,neighbourhood,Bni Guil,بني كيل,32.5360726,-1.9775051,way/247956292
Bni Zoli,بني زولي,,suburb,Bni Zoli,بني زولي,30.442198,-5.8962215,node/2039103761
Dasnaks,,,suburb,Bni Zoli,بني زولي,30.4661283,-5.9333405,node/2039103764
Aït Choukt,آيت تشوكت,,neighbourhood,Boudinar,بودينار,35.2123164,-3.6183644,node/9657123737
Ibouslimatène,إبو سليماتن,,neighbourhood,Boudinar,بودينار,35.2144552,-3.6167336,node/9657123736
Itouhamiène,إتوهايين,,neighbourhood,Boudinar,بودينار,35.2179613,-3.6103392,node/9657123733
Oulad el Fakir,,,neighbourhood,Boudinar,بودينار,35.2150095,-3.6085108,node/13952814065
Casa Green Town,كازا قرين تَون,,neighbourhood,Bouskoura,بوسكورة,33.4926624,-7.6052546,node/5670794434
Akhellouf,,,suburb,Bouzeroual,بوزروال,30.5072902,-6.0654747,node/2039103759
Ahl Assalam,أهل السلام,,neighbourhood,Casablanca,الدار البيضاء,33.5851845,-7.4798982,node/4200387943
Ain Diab,عين الذئاب,,quarter,Casablanca,الدار البيضاء,33.5811626,-7.6843877,node/7229046882
Al Fida,الفداء,,suburb,Casablanca,الدار البيضاء,33.5649078,-7.5965827,node/2186560402
Al Quds,القدس,,neighbourhood,Casablanca,الدار البيضاء,33.5376217,-7.6689929,node/2238568837
Anassi,اناسي,,neighbourhood,Casablanca,الدار البيضاء,33.5909369,-7.491909,node/5315125695
Ancienne Medina,المدينة القديمة,المدينة العتيقة,quarter,Casablanca,الدار البيضاء,33.6007224,-7.6203326,node/12215166612
Anfa,أنفا,,suburb,Casablanca,الدار البيضاء,33.5785572,-7.690557,node/13920081606
Anfa Aéropostale,,,neighbourhood,Casablanca,الدار البيضاء,33.5594236,-7.6679458,node/5604704423
Anfa Cité des Arts,,,neighbourhood,Casablanca,الدار البيضاء,33.5559198,-7.6539023,node/5604704420
Anfa Clubs,,,neighbourhood,Casablanca,الدار البيضاء,33.5605443,-7.6548366,node/5604704429
Anfa Halles,,,neighbourhood,Casablanca,الدار البيضاء,33.5539732,-7.6563231,node/5604704417
Anfa Préfecture,,,neighbourhood,Casablanca,الدار البيضاء,33.5472364,-7.6669124,node/5604704432
Anfa Supérieur,أنفا العليا,,quarter,Casablanca,الدار البيضاء,33.5890411,-7.6638742,node/2816671962
Anfa Université,,,neighbourhood,Casablanca,الدار البيضاء,33.5499854,-7.6569318,node/5604710120
Artisanat,,,neighbourhood,Casablanca,الدار البيضاء,33.5498577,-7.5731857,node/13577985532
Assoukhour Assawda,الصخور السوداء,Roches-Noires,suburb,Casablanca,الدار البيضاء,33.5931914,-7.5957822,node/2186584987
Aîn-Chifaa,,,neighbourhood,Casablanca,الدار البيضاء,33.5708833,-7.5844916,node/3769570875
Aïn Chock,عين الشق,,suburb,Casablanca,الدار البيضاء,33.5370603,-7.5981542,node/2186551375
Aïn Sebaâ,عين السبع,,suburb,Casablanca,الدار البيضاء,33.6059943,-7.5387936,node/2186602665
Bachkou,باشكو,,neighbourhood,Casablanca,الدار البيضاء,33.5570776,-7.6274253,node/12250555074
Beauséjour,بوسيجور,,quarter,Casablanca,الدار البيضاء,33.5684105,-7.6492935,node/12206926143
Ben M'Sick,ابن امسيك,,suburb,Casablanca,الدار البيضاء,33.5542611,-7.5813658,node/2186534692
Berger,بيرجي,,neighbourhood,Casablanca,الدار البيضاء,33.5727285,-7.6436131,node/13111279501
Bouchentouf,,,neighbourhood,Casablanca,الدار البيضاء,33.5644153,-7.6069902,node/4216080643
Bourgogne,بورغون,,quarter,Casablanca,الدار البيضاء,33.5985679,-7.6418596,node/12189841324
Bournazel,بورنازيل,,neighbourhood,Casablanca,الدار البيضاء,33.5728335,-7.5565598,node/4057991342
CIL,سيل,,quarter,Casablanca,الدار البيضاء,33.5724839,-7.6577176,node/12189837248
Californie,كاليفورنيا,,suburb,Casablanca,الدار البيضاء,33.5411922,-7.626038,node/12207065976
Calogera,,,neighbourhood,Casablanca,الدار البيضاء,33.5594601,-7.586155,node/4057991313
Carrières Centrales,كريان سنطرال,,neighbourhood,Casablanca,الدار البيضاء,33.5897557,-7.5613688,node/5181579620
Carrières Rehamna,كريان الرحامنة,,neighbourhood,Casablanca,الدار البيضاء,33.5887609,-7.5178771,node/5181579617
Casa Anfa,,,suburb,Casablanca,الدار البيضاء,33.5597942,-7.6627276,node/13158317482
Casablanca Finance City,القطب المالي للدار البيضاء,Casa Finance City,neighbourhood,Casablanca,الدار البيضاء,33.5631545,-7.6604232,node/12223124337
Centre-Ville,وسط المدينة,,quarter,Casablanca,الدار البيضاء,33.5906153,-7.6139096,node/13917665364
Cite Almadina Aljadida,,,neighbourhood,Casablanca,الدار البيضاء,33.5583092,-7.5313843,node/8391233224
Cité Plateau,,,quarter,Casablanca,الدار البيضاء,33.5691699,-7.6369972,node/5467941989
Cité de l'Artisanat,,,neighbourhood,Casablanca,الدار البيضاء,33.5574197,-7.6569711,node/5604704418
Dar Lamane,,,neighbourhood,Casablanca,الدار البيضاء,33.5915034,-7.5564766,node/4726578247
Derb Douam,,,neighbourhood,Casablanca,الدار البيضاء,33.5453961,-7.5759881,node/13577985540
Derb El Kodia,,,neighbourhood,Casablanca,الدار البيضاء,33.5494086,-7.5804192,node/13577985534
Derb Friha,,,neighbourhood,Casablanca,الدار البيضاء,33.5510155,-7.5703832,node/13577985538
Derb Ghallef,درب غلف,,quarter,Casablanca,الدار البيضاء,33.5736066,-7.6296039,node/12207089177
Derb Khalid,,,neighbourhood,Casablanca,الدار البيضاء,33.5444361,-7.5645734,node/3769564847
Derb Laadam,,,neighbourhood,Casablanca,الدار البيضاء,33.5479813,-7.576036,node/13612806366
Derb Lahjar,,,neighbourhood,Casablanca,الدار البيضاء,33.5488496,-7.5703234,node/13577985539
Derb Milan,درب ميلان,,neighbourhood,Casablanca,الدار البيضاء,33.5669075,-7.5830415,node/13373093206
Derb Moulay Bouchaib,,,neighbourhood,Casablanca,الدار البيضاء,33.5447972,-7.5812576,node/13577945533
Derb Salama,,,neighbourhood,Casablanca,الدار البيضاء,33.5506761,-7.578515,node/13577985533
Derb el Kheir,,,neighbourhood,Casablanca,الدار البيضاء,33.5507238,-7.5942401,node/3769570870
Diar Essaada,,,neighbourhood,Casablanca,الدار البيضاء,33.586011,-7.5218567,way/375456667
Domaine d'Anfa,,,suburb,Casablanca,الدار البيضاء,33.5585574,-7.7324388,node/12696287913
El Ahd El Jadid,,,neighbourhood,Casablanca,الدار البيضاء,33.5514946,-7.5839642,node/13577985536
El Hank,العنق,,quarter,Casablanca,الدار البيضاء,33.6042193,-7.6501754,node/12189839361
El Oulfa,الولفة,,suburb,Casablanca,الدار البيضاء,33.5544751,-7.6797967,node/2953509725
Ennassim,,,neighbourhood,Casablanca,الدار البيضاء,33.5200939,-7.6599127,node/4211461824
Farah Salam,,,neighbourhood,Casablanca,الدار البيضاء,33.5391272,-7.6929139,node/4986585198
Ferme Bretonne,ضيعة بروطون,,neighbourhood,Casablanca,الدار البيضاء,33.56399,-7.6464243,node/6037675578
Garage Allal,گراج علال,,neighbourhood,Casablanca,الدار البيضاء,33.577719,-7.6000413,node/4279367531
Gauthier,غوتيي,,quarter,Casablanca,الدار البيضاء,33.5898333,-7.6306305,node/12189801867
Hassania 2,,,neighbourhood,Casablanca,الدار البيضاء,33.5593528,-7.5823784,node/4057991314
Hay Al Azhar,,,neighbourhood,Casablanca,الدار البيضاء,33.60308,-7.4873629,node/5676756427
Hay El Amal,,,neighbourhood,Casablanca,الدار البيضاء,33.5686188,-7.593948,node/4206033142
Hay El Falah,,,neighbourhood,Casablanca,الدار البيضاء,33.5599758,-7.550001,node/4232154571
Hay El Farah,,,neighbourhood,Casablanca,الدار البيضاء,33.5682583,-7.5871927,node/4206033473
Hay El Hana,حي الهناء,,quarter,Casablanca,الدار البيضاء,33.5773715,-7.665022,node/2697113681
Hay El Houda,حي الهدى,,neighbourhood,Casablanca,الدار البيضاء,33.5369316,-7.5722695,node/3769564848
Hay Ennour,,,neighbourhood,Casablanca,الدار البيضاء,33.5387533,-7.5585397,node/3769564842
Hay Hassani,الحي الحسني,,suburb,Casablanca,الدار البيضاء,33.5702887,-7.678495,node/2186506069
Hay Hassani,الحي الحسني,,suburb,Casablanca,الدار البيضاء,33.5470387,-7.6781652,node/13920124963
Hay Laalou,حي لعلو,,neighbourhood,Casablanca,الدار البيضاء,33.5384088,-7.5746587,node/13577985530
Hay Mabrouka,حي مبروكة,,neighbourhood,Casablanca,الدار البيضاء,33.5646333,-7.5658307,node/10279055675
Hay Mandarona,,,neighbourhood,Casablanca,الدار البيضاء,33.5325713,-7.6121917,node/4224401209
Hay Mohammadi,حي المحمدي,,suburb,Casablanca,الدار البيضاء,33.5841444,-7.5569559,node/2186592254
Hay Nour,,,neighbourhood,Casablanca,الدار البيضاء,33.5493714,-7.5562794,node/3769564849
Hay Riyad,,,neighbourhood,Casablanca,الدار البيضاء,33.5571011,-7.6973696,node/4214435579
Hay Rmila,,,neighbourhood,Casablanca,الدار البيضاء,33.5566938,-7.5993038,node/4206033320
Hay Salam,,,neighbourhood,Casablanca,الدار البيضاء,33.5456748,-7.6735958,node/4264877830
Hay Salama 3,,,neighbourhood,Casablanca,الدار البيضاء,33.5605055,-7.5581006,node/4211194805
Hay Sedri,,,neighbourhood,Casablanca,الدار البيضاء,33.5696488,-7.5543089,node/4057991343
Hay Tissir,,,neighbourhood,Casablanca,الدار البيضاء,33.5733019,-7.5832613,node/4226030619
Hay Zoubair,,,neighbourhood,Casablanca,الدار البيضاء,33.5409004,-7.683532,node/4226030625
Hay el Osra,,,neighbourhood,Casablanca,الدار البيضاء,33.5355831,-7.581768,node/3769570868
Hay el Yacout,,,neighbourhood,Casablanca,الدار البيضاء,33.5491831,-7.5899389,node/3769570871
Hay moulay laarbi alaoui,,,neighbourhood,Casablanca,الدار البيضاء,33.5659199,-7.5682724,node/10279073447
Idrissia,,,quarter,Casablanca,الدار البيضاء,33.5644953,-7.5915114,node/3769570876
Jamila 1,,,neighbourhood,Casablanca,الدار البيضاء,33.5474856,-7.5805243,node/3769564846
Jamila 2,,,neighbourhood,Casablanca,الدار البيضاء,33.5493131,-7.5822965,node/3769564845
Jamila 3,,,neighbourhood,Casablanca,الدار البيضاء,33.5428009,-7.578515,node/13577985544
Jamila 4,,,neighbourhood,Casablanca,الدار البيضاء,33.546504,-7.5667545,node/13577985541
Jamila 5,,,neighbourhood,Casablanca,الدار البيضاء,33.5443345,-7.5706958,node/3769564844
Jamila 6,,,neighbourhood,Casablanca,الدار البيضاء,33.5451665,-7.5635089,node/13577985542
Jamila 7,,,neighbourhood,Casablanca,الدار البيضاء,33.5412737,-7.569497,node/13577985543
Jawadi,,,neighbourhood,Casablanca,الدار البيضاء,33.5544987,-7.5859522,node/13577985537
Kasbat Al Amine,,,neighbourhood,Casablanca,الدار البيضاء,33.5310777,-7.6846492,node/4213171044
Khaddouj Hlima,,,neighbourhood,Casablanca,الدار البيضاء,33.5575771,-7.5817496,node/4237649391
Ksar Bhar,,,neighbourhood,Casablanca,الدار البيضاء,33.5498078,-7.5831977,node/13577985535
L'Hermitage,,,quarter,Casablanca,الدار البيضاء,33.5666079,-7.6209496,node/12296411472
L'Oasis,الوازيس,,quarter,Casablanca,الدار البيضاء,33.5589388,-7.6386245,node/12244916590
La Palmeraie,النخيل,,neighbourhood,Casablanca,الدار البيضاء,33.5605561,-7.6644066,node/5604704421
Les Faubourgs d'Anfa,,,quarter,Casablanca,الدار البيضاء,33.5665503,-7.6598203,node/10914433795
Les Folies,,,neighbourhood,Casablanca,الدار البيضاء,33.5565569,-7.6558984,node/5604704419
Les Hôpitaux,المستشفيات,,quarter,Casablanca,الدار البيضاء,33.5771288,-7.6170525,node/12241613617
Les Princesses,الأميرات,,quarter,Casablanca,الدار البيضاء,33.5770141,-7.6480351,node/12244922250
Lissasfa,ليساسفة,,quarter,Casablanca,الدار البيضاء,33.5314545,-7.6724261,node/4213195806
Lotissement Yaksour,,,neighbourhood,Casablanca,الدار البيضاء,33.56611,-7.692353,node/5078862539
Maârif,المعاريف,,quarter,Casablanca,الدار البيضاء,33.5836296,-7.6367005,node/2186618782
Maârif,المعاريف,,suburb,Casablanca,الدار البيضاء,33.5708072,-7.6282984,node/13920036791
Maârif Extension,المعاريف امتداد,,quarter,Casablanca,الدار البيضاء,33.5796583,-7.6420884,node/12178902639
Mers Sultan,مرس السلطان,,suburb,Casablanca,الدار البيضاء,33.5757681,-7.5999288,node/2186570857
Messaoudia,,,neighbourhood,Casablanca,الدار البيضاء,33.5458253,-7.5795689,node/13577985531
Moulay Rachid,مولاي رشيد,,suburb,Casablanca,الدار البيضاء,33.5675448,-7.5452441,node/2186528763
Noor City,,,neighbourhood,Casablanca,الدار البيضاء,33.5771695,-7.5306159,node/4708821208
Palmiers,النخيل,,quarter,Casablanca,الدار البيضاء,33.5806544,-7.6289276,node/5081578456
Polo,بولو,,quarter,Casablanca,الدار البيضاء,33.5587054,-7.6163969,node/12897000264
Racine,راسين,,quarter,Casablanca,الدار البيضاء,33.5896092,-7.6407011,node/12178947325
Riad Sofia,رياض صوفيا,Riad Sofia o,neighbourhood,Casablanca,الدار البيضاء,33.5213874,-7.6792838,node/5158476556
Riviera,ريفييرا,,neighbourhood,Casablanca,الدار البيضاء,33.563625,-7.6421037,node/12244916589
Résidence Meriem,,,neighbourhood,Casablanca,الدار البيضاء,33.5585229,-7.5802034,node/3827126020
Salhia,,,neighbourhood,Casablanca,الدار البيضاء,33.5354679,-7.5568959,node/3769564841
Salima,,,neighbourhood,Casablanca,الدار البيضاء,33.5354803,-7.5876713,node/3769570869
Salmia 1,,,neighbourhood,Casablanca,الدار البيضاء,33.5380059,-7.5676556,node/3769564843
Salmia 2,,,neighbourhood,Casablanca,الدار البيضاء,33.5386599,-7.5530852,node/3769564840
Sbata,سباتة,,suburb,Casablanca,الدار البيضاء,33.5376589,-7.564046,node/2186537814
Sidi Belyout,سيدي بليوط,,suburb,Casablanca,الدار البيضاء,33.595906,-7.619884,node/13920019372
Sidi Bernoussi,سيدي البرنوصي,,suburb,Casablanca,الدار البيضاء,33.6190686,-7.5003234,node/2186603901
Sidi Maârouf,سيدي معروف,,quarter,Casablanca,الدار البيضاء,33.5286123,-7.646462,node/12269473986
Sidi Moumen,سيدي مومن,,suburb,Casablanca,الدار البيضاء,33.5843834,-7.5072051,node/2186522834
Sidi Othmane,سيدي عثمان,,suburb,Casablanca,الدار البيضاء,33.5570072,-7.5603844,node/2186532407
Sour Jdid,السور الجديد,,quarter,Casablanca,الدار البيضاء,33.6028391,-7.6293301,node/12207065930
Triangle d'Or,,,neighbourhood,Casablanca,الدار البيضاء,33.5883665,-7.6381283,node/13914810786
Val Fleuri,ڤال فلوري,,quarter,Casablanca,الدار البيضاء,33.5748756,-7.6369836,node/4685515491
Val d'Anfa,ڨال أنفا,,quarter,Casablanca,الدار البيضاء,33.5949159,-7.6543731,node/12790126448
Vermont,حي فيرمونت,Vermont o,neighbourhood,Casablanca,الدار البيضاء,33.5501396,-7.6263272,node/5062058869
Onsar,,,suburb,Chefchaouen,شفشاون,35.1705884,-5.2582008,way/379729908
Rif Al Andalous,,,suburb,Chefchaouen,شفشاون,35.1700284,-5.2614749,node/13606312683
Sebbanine,,,suburb,Chefchaouen,شفشاون,35.1675552,-5.2594471,node/13606312685
Souika,,,suburb,Chefchaouen,شفشاون,35.1672482,-5.2625263,node/13606312684
Souk,السوق,,suburb,Chefchaouen,شفشاون,35.1725367,-5.2667427,node/13606312682
Adarissa,الادارسة,,neighbourhood,Dcheïra El Jihadia,الدشيرة الجهادية,30.3760527,-9.5319616,node/4252840733
Ait Daoud,ايت داود,,neighbourhood,Dcheïra El Jihadia,الدشيرة الجهادية,30.373223,-9.5443387,node/4259457113
Ait Oubih,آيت أوبيه,,neighbourhood,Dcheïra El Jihadia,الدشيرة الجهادية,30.3694574,-9.5363787,node/3865088693
Ait Talb,ايت طالب,,neighbourhood,Dcheïra El Jihadia,الدشيرة الجهادية,30.3765458,-9.5381332,node/4253399325
Ait kiwan,ايت كيوان,,neighbourhood,Dcheïra El Jihadia,الدشيرة الجهادية,30.3692396,-9.5330747,node/4253404371
Al Mostawsaf,المستوصف,,neighbourhood,Dcheïra El Jihadia,الدشيرة الجهادية,30.3722603,-9.5332448,node/4244150181
Al-Amane,الامان,,neighbourhood,Dcheïra El Jihadia,الدشيرة الجهادية,30.3618907,-9.525467,node/4266260289
Amogay,أموگي,,neighbourhood,Dcheïra El Jihadia,الدشيرة الجهادية,30.3679266,-9.5334225,node/3856602095
Anache,عناش,,neighbourhood,Dcheïra El Jihadia,الدشيرة الجهادية,30.3749686,-9.540361,node/4256348521
Atlasia,الاطلسية,,neighbourhood,Dcheïra El Jihadia,الدشيرة الجهادية,30.3708459,-9.5304499,node/4359478600
Cadi Ayyad,القاضي عياض,,neighbourhood,Dcheïra El Jihadia,الدشيرة الجهادية,30.370923,-9.5433096,node/4228330299
Dcheïra,الدشيرة,,suburb,Dcheïra El Jihadia,الدشيرة الجهادية,30.3697677,-9.5392155,node/3944516595
Doha,الضحى,,neighbourhood,Dcheïra El Jihadia,الدشيرة الجهادية,30.366549,-9.5240814,node/4250425676
El Faiz,الفايز,,neighbourhood,Dcheïra El Jihadia,الدشيرة الجهادية,30.3745218,-9.5373037,node/4248901883
El Jihadia,الجهادية,,suburb,Dcheïra El Jihadia,الدشيرة الجهادية,30.3669407,-9.5279465,node/3944512816
El Mers,المرس,,quarter,Dcheïra El Jihadia,الدشيرة الجهادية,30.3709385,-9.5257259,node/4027602968
Idder,ادر,,neighbourhood,Dcheïra El Jihadia,الدشيرة الجهادية,30.3690584,-9.5461356,node/4233838689
Igi Farden,إكي فاردن,,neighbourhood,Dcheïra El Jihadia,الدشيرة الجهادية,30.3725739,-9.5348422,node/3869122963
Igi Waki,إكي واكي,,neighbourhood,Dcheïra El Jihadia,الدشيرة الجهادية,30.3712441,-9.5377594,node/3859139559
Igroumaï,إگروماعي,Igromaɛi,neighbourhood,Dcheïra El Jihadia,الدشيرة الجهادية,30.376679,-9.540094,node/3856999317
Ihsane,الإحسان,Ihsan,neighbourhood,Dcheïra El Jihadia,الدشيرة الجهادية,30.3670164,-9.5298439,node/4248815475
Ilghayaten,إلغياتن,,neighbourhood,Dcheïra El Jihadia,الدشيرة الجهادية,30.366978,-9.5380626,node/3857131155
Ilham,إلهام,,neighbourhood,Dcheïra El Jihadia,الدشيرة الجهادية,30.3638434,-9.5285717,node/4251447389
Irhalne,إرحالن,,neighbourhood,Dcheïra El Jihadia,الدشيرة الجهادية,30.3688597,-9.5426339,node/3856609533
Jdid,الجديد,,neighbourhood,Dcheïra El Jihadia,الدشيرة الجهادية,30.3637947,-9.531686,node/4248798633
Kabrane,كبران,,neighbourhood,Dcheïra El Jihadia,الدشيرة الجهادية,30.3778602,-9.5380967,node/4262388746
La Pergola,لاپرگولا,Lapergula,neighbourhood,Dcheïra El Jihadia,الدشيرة الجهادية,30.3727576,-9.5492402,node/3856580701
Nahda,النهضة,,neighbourhood,Dcheïra El Jihadia,الدشيرة الجهادية,30.3766358,-9.5358079,node/4252843561
Narjiss,النرجس,,neighbourhood,Dcheïra El Jihadia,الدشيرة الجهادية,30.3673524,-9.5219426,node/4266260290
Nassim,النسيم,,neighbourhood,Dcheïra El Jihadia,الدشيرة الجهادية,30.3661691,-9.5267124,node/4249294900
Quds,القدس,,neighbourhood,Dcheïra El Jihadia,الدشيرة الجهادية,30.3729293,-9.5297666,node/4253042254
Rabiaa,الربيع,,neighbourhood,Dcheïra El Jihadia,الدشيرة الجهادية,30.3679615,-9.5278112,node/4248832319
Riad Sidi Faris,رياض سيدي فارس,,neighbourhood,Dcheïra El Jihadia,الدشيرة الجهادية,30.3765395,-9.5257582,node/4271524939
Rochdi,رشدي,,neighbourhood,Dcheïra El Jihadia,الدشيرة الجهادية,30.370985,-9.5484404,node/4217673158
Salam,السلام,,neighbourhood,Dcheïra El Jihadia,الدشيرة الجهادية,30.3646505,-9.5258787,node/4249294901
Sbaai,السباعي,,neighbourhood,Dcheïra El Jihadia,الدشيرة الجهادية,30.3764923,-9.5339626,node/4252840734
Tabarine,تبارين,,neighbourhood,Dcheïra El Jihadia,الدشيرة الجهادية,30.3741886,-9.5310384,node/3860762446
Tafoukt,تفوكت,,neighbourhood,Dcheïra El Jihadia,الدشيرة الجهادية,30.3751992,-9.5236946,node/4271524940
Takerkourte,تكركورت,,neighbourhood,Dcheïra El Jihadia,الدشيرة الجهادية,30.3751825,-9.5447838,node/4157449301
Tassila,تاسيلا,,suburb,Dcheïra El Jihadia,الدشيرة الجهادية,30.3894286,-9.5241531,node/3845398394
Tassila-1,1-تاسيلا,Tassila-1 -1 | تاسيلا-1,neighbourhood,Dcheïra El Jihadia,الدشيرة الجهادية,30.3874571,-9.5289484,node/4271563396
Tassila-2,2-تاسيلا,Tassila-2 -2 | تاسيلا-2,neighbourhood,Dcheïra El Jihadia,الدشيرة الجهادية,30.3902521,-9.5208374,node/4271563397
Tassila-3,3-تاسيلا,Tassila-3 -3 | تاسيلا-3,neighbourhood,Dcheïra El Jihadia,الدشيرة الجهادية,30.3847176,-9.5145074,node/4271563398
Tigmi Oufla,تگمي أوفلا,,neighbourhood,Dcheïra El Jihadia,الدشيرة الجهادية,30.372541,-9.5406591,node/3856595960
Walhori,والحوري,,neighbourhood,Dcheïra El Jihadia,الدشيرة الجهادية,30.374254,-9.5338659,node/3856598291
Yassamine,الياسمين,,neighbourhood,Dcheïra El Jihadia,الدشيرة الجهادية,30.368668,-9.524532,node/4250412568
Zaitoun,الزيتون,,neighbourhood,Dcheïra El Jihadia,الدشيرة الجهادية,30.3708861,-9.5459358,node/4244181935
Zohor,الزهور,,neighbourhood,Dcheïra El Jihadia,الدشيرة الجهادية,30.3635385,-9.5242761,node/4266260291
Mellah,,,neighbourhood,Demnate,دمنات,31.734025,-7.0022982,node/8319393158
Mellah,,,neighbourhood,Demnate,دمنات,31.7340286,-7.0022059,way/895020087
Lot Rabha,تجزئة رابحة,,neighbourhood,Deroua,الدروة,33.3549563,-7.5504179,node/12444165448
Agafai,,,quarter,Douirane,أدويران,31.2573307,-8.7218958,node/11222519179
Ait Hassaine,,,quarter,Douirane,أدويران,31.2588348,-8.7264233,node/11222519178
Assersif,,,quarter,Douirane,أدويران,31.2434209,-8.7609164,node/11222519181
Azegar Lalla Aziza,,,quarter,Douirane,أدويران,31.2403113,-8.7389115,node/11222519180
Iguizoulene,,,quarter,Douirane,أدويران,31.2260412,-8.7578933,node/11222519182
Larba Idwirane,,,quarter,Douirane,أدويران,31.2128202,-8.7776326,node/11222519147
Tagantane,,,quarter,Douirane,أدويران,31.2215839,-8.7680946,node/11222519183
Tigoudar,,,quarter,Douirane,أدويران,31.2521211,-8.7309938,node/11222519177
Tagadirt N'Aabado,تگاديرت نعبادو,,suburb,Drargua,الدراركة,30.3855777,-9.4493749,node/1086646493
Astar,أسطار,,quarter,El Bibane,البيبان,34.6219221,-4.8465175,node/10303055545
,دوار الرواضي عين باردة,,quarter,El Bibane,البيبان,34.6190161,-4.8612386,node/10292841784
Cantina,,,suburb,El Hajeb,الحاجب,33.6850676,-5.3730015,node/3384656714
Chrichira,,,suburb,El Hajeb,الحاجب,33.6941941,-5.3656327,node/3139836553
Douar Chiba,,,suburb,El Hajeb,الحاجب,33.6870372,-5.3802663,node/3129815491
Paysannat,,,suburb,El Hajeb,الحاجب,33.7017687,-5.3582691,node/3384661129
Quartier Al Oumnia,,,suburb,El Hajeb,الحاجب,33.6997683,-5.3644131,node/3139833843
20 Août,,,quarter,El Jadida,الجديدة,33.2581456,-8.5080945,node/12009775371
Abou El Faraj,,,quarter,El Jadida,الجديدة,33.2186862,-8.4918428,node/12017260293
Abraj Al Boustane,,,quarter,El Jadida,الجديدة,33.234448,-8.4855474,node/11635454229
Adam,,,quarter,El Jadida,الجديدة,33.2355468,-8.5237132,node/11999965040
Al Adarissa,,,quarter,El Jadida,الجديدة,33.2446499,-8.5126354,node/12013037376
Al Alya,,,quarter,El Jadida,الجديدة,33.2294659,-8.5303302,node/12001118643
Al Alya 2,,,quarter,El Jadida,الجديدة,33.228205,-8.5331644,node/12001190108
Al Andalous,,,quarter,El Jadida,الجديدة,33.2374681,-8.5084362,node/11636089560
Al Asdikaa,,,quarter,El Jadida,الجديدة,33.2425958,-8.5090571,node/12012429565
Al Badr Ext,,,quarter,El Jadida,الجديدة,33.22667,-8.4816483,node/12121347206
Al Bahr,,,quarter,El Jadida,الجديدة,33.2527561,-8.5265918,node/12002670447
Al Barama,,,quarter,El Jadida,الجديدة,33.2382321,-8.5203675,node/12140589286
Al Bathaa,,,quarter,El Jadida,الجديدة,33.2352437,-8.4867776,node/11635454230
Al Bouchra,,,quarter,El Jadida,الجديدة,33.2296993,-8.4931662,node/11657309623
Al Boustane 2,,,quarter,El Jadida,الجديدة,33.2321179,-8.5266106,node/12208749717
Al Boustane 5,,,quarter,El Jadida,الجديدة,33.2309877,-8.486404,node/11804588949
Al Boustane 7,,,quarter,El Jadida,الجديدة,33.2258947,-8.4948742,node/12123137236
Al Boustane 9,,,quarter,El Jadida,الجديدة,33.232194,-8.4867703,node/11804588951
Al Ghazwa,الغزوة,,quarter,El Jadida,الجديدة,33.2327485,-8.5069476,node/11636079351
Al Hanaa,,,quarter,El Jadida,الجديدة,33.2395386,-8.5316416,node/12006308836
Al Irfane,,,quarter,El Jadida,الجديدة,33.2311014,-8.4810262,node/12121337564
Al Khalil,,,quarter,El Jadida,الجديدة,33.2308584,-8.5315193,node/12001190098
Al Khiyari,,,quarter,El Jadida,الجديدة,33.2558439,-8.5165365,node/12007031081
Al Maghrib Al Arabi,,,quarter,El Jadida,الجديدة,33.2262846,-8.5232029,node/12141938933
Al Malaki,,,quarter,El Jadida,الجديدة,33.256584,-8.5140456,node/12007031075
Al Mital,,,quarter,El Jadida,الجديدة,33.2325957,-8.5336033,node/12140606162
Al Mohit,,,quarter,El Jadida,الجديدة,33.246395,-8.522674,node/12001771073
Al Mostakbal,,,quarter,El Jadida,الجديدة,33.2412383,-8.5288834,node/12006308870
Al Mouahidine,,,quarter,El Jadida,الجديدة,33.2463494,-8.5255226,node/12001771053
Al Moustakbal,,,quarter,El Jadida,الجديدة,33.2300335,-8.5324527,node/12001190085
Al Moutanabi,,,quarter,El Jadida,الجديدة,33.2467587,-8.5299699,node/12002709244
Al Omrane,,,quarter,El Jadida,الجديدة,33.2327003,-8.4938383,node/12020109234
Al Qods,,,quarter,El Jadida,الجديدة,33.2276499,-8.5242197,node/11997846448
Al Qods,,,quarter,El Jadida,الجديدة,33.2361992,-8.495771,node/12121337571
Amicale Essafae,,,quarter,El Jadida,الجديدة,33.2299384,-8.4868248,node/11804588948
Amira,,,quarter,El Jadida,الجديدة,33.2243786,-8.5204127,node/11997849287
Anfa,,,quarter,El Jadida,الجديدة,33.2372722,-8.4694308,node/12125721435
Anfa,,,quarter,El Jadida,الجديدة,33.2427591,-8.4708099,node/12125721529
Anfa 1,,,quarter,El Jadida,الجديدة,33.2385682,-8.4678545,node/12125721463
Anfa 3,,,quarter,El Jadida,الجديدة,33.2395635,-8.4696793,node/12125721527
Anfa 4,,,quarter,El Jadida,الجديدة,33.2404639,-8.4677285,node/12125721521
Annakhla,,,quarter,El Jadida,الجديدة,33.2336564,-8.5292028,node/11999965018
Annasr,,,quarter,El Jadida,الجديدة,33.2528944,-8.5212178,node/12001771015
Ard Dyafa,,,quarter,El Jadida,الجديدة,33.2358599,-8.4881223,node/11635454231
Ard Lgor,,,quarter,El Jadida,الجديدة,33.2299363,-8.5291777,node/12001118644
Asmae 2,,,quarter,El Jadida,الجديدة,33.2342088,-8.5262751,node/11999726809
Assadaka,,,quarter,El Jadida,الجديدة,33.2312021,-8.5173355,node/11998752689
Assadaka,,,quarter,El Jadida,الجديدة,33.2317152,-8.515694,node/12121337599
Assanaoubar,,,quarter,El Jadida,الجديدة,33.2356673,-8.5050584,node/11636089551
Atlantic Beach Resort,,,quarter,El Jadida,الجديدة,33.2412081,-8.4851288,node/12121337527
Av. du Caire,,,quarter,El Jadida,الجديدة,33.2428349,-8.4947084,node/12154400787
Azhar II,,,quarter,El Jadida,الجديدة,33.2392387,-8.5085406,node/11657350061
Bab California,,,quarter,El Jadida,الجديدة,33.240091,-8.4796266,node/13006215947
Bahraoui,,,quarter,El Jadida,الجديدة,33.2360688,-8.5250499,node/11999965035
Balestrino,,,quarter,El Jadida,الجديدة,33.2541912,-8.5061245,node/12144942910
Barq Allil,,,quarter,El Jadida,الجديدة,33.2586269,-8.5067214,node/12009775398
Basma,,,quarter,El Jadida,الجديدة,33.231053,-8.5014757,node/11659304431
Bd Triaai,,,quarter,El Jadida,الجديدة,33.259483,-8.5084714,node/12145945215
Bd. Mohammed V,,,quarter,El Jadida,الجديدة,33.2468963,-8.5002295,node/12154184831
Bendagha Alami,,,quarter,El Jadida,الجديدة,33.2462941,-8.5182841,node/12013037444
Bennani,,,quarter,El Jadida,الجديدة,33.2430875,-8.5360727,node/12006308837
Bir Anzarane,,,quarter,El Jadida,الجديدة,33.2479656,-8.519663,node/12001190135
Bled El Hatta,,,quarter,El Jadida,الجديدة,33.2305108,-8.5061034,node/12325737915
CIBAJ,,,quarter,El Jadida,الجديدة,33.2455285,-8.499192,node/12012429566
California Atlantic,,,quarter,El Jadida,الجديدة,33.2367278,-8.4712976,node/12125721454
California Atlantic,,,quarter,El Jadida,الجديدة,33.2372984,-8.4742496,node/13064503627
California Bay,,,quarter,El Jadida,الجديدة,33.2419551,-8.4814686,node/11635454216
California II,,,quarter,El Jadida,الجديدة,33.2411875,-8.4808729,node/12120857098
Camping International,,,quarter,El Jadida,الجديدة,33.240483,-8.4875102,node/12017254190
Carpozen,كاربوزين,,quarter,El Jadida,الجديدة,33.2480053,-8.4994704,node/11637679994
Carrière Hassan,,,quarter,El Jadida,الجديدة,33.2402452,-8.4954987,node/12017254203
Carrière Khadija,,,quarter,El Jadida,الجديدة,33.2397801,-8.4949962,node/12017254202
Cata Z,,,quarter,El Jadida,الجديدة,33.2253034,-8.5277999,node/11997849366
Centrale Laitière,,,quarter,El Jadida,الجديدة,33.2240647,-8.4907458,node/12017254252
Centre-Ville,,,quarter,El Jadida,الجديدة,33.2500229,-8.5018101,node/13990681210
Chams 1,,,quarter,El Jadida,الجديدة,33.2450621,-8.5309963,node/12002709247
Chams 2,,,quarter,El Jadida,الجديدة,33.2455803,-8.5285072,node/12002709248
Chamss Al Khalil,,,quarter,El Jadida,الجديدة,33.2277564,-8.5184178,node/12141938926
Charkawa II,,,quarter,El Jadida,الجديدة,33.2329662,-8.5039265,node/11636089532
Charkawa III,,,quarter,El Jadida,الجديدة,33.2338322,-8.504699,node/11636089540
Cité Portugaise,الحي البرتغالي,,quarter,El Jadida,الجديدة,33.2567967,-8.5023323,node/11812383595
Cité Universitaire,,,quarter,El Jadida,الجديدة,33.2221474,-8.4846369,node/12132538713
Cité des Hors Cadre,,,quarter,El Jadida,الجديدة,33.2411186,-8.5078906,node/11657309628
Cités des Cadres,,,quarter,El Jadida,الجديدة,33.2429116,-8.5195655,node/11998752750
Club JLEC,,,quarter,El Jadida,الجديدة,33.2423505,-8.4833821,node/12121881380
Club de l'Ormvad,,,quarter,El Jadida,الجديدة,33.2430168,-8.4867717,node/12121881385
Colonie de Vacances OCP,,,quarter,El Jadida,الجديدة,33.2424051,-8.4739128,node/12125721530
Complexe Touristique,,,quarter,El Jadida,الجديدة,33.2426672,-8.4899617,node/12017254258
Coop. Abderrahmane Doukkali,,,quarter,El Jadida,الجديدة,33.2268175,-8.4833225,node/11804588944
Coop. Al Khair,,,quarter,El Jadida,الجديدة,33.2388656,-8.5323202,node/12006298400
Coop. Al Osra,,,quarter,El Jadida,الجديدة,33.2356328,-8.5350137,node/13982933395
Coop. Attadamoune,,,quarter,El Jadida,الجديدة,33.2427977,-8.5350869,node/12003627695
Coop. Attawhid,,,quarter,El Jadida,الجديدة,33.2401607,-8.5315469,node/12006308834
Coop. Badr,,,quarter,El Jadida,الجديدة,33.2331812,-8.5245267,node/11998752714
Coop. El Hassania,,,quarter,El Jadida,الجديدة,33.235653,-8.5330098,node/11999964990
Coop. El Mouhit,,,quarter,El Jadida,الجديدة,33.2305165,-8.4833228,node/11804588941
Coop. Ennajd,,,quarter,El Jadida,الجديدة,33.2294561,-8.4975717,node/11656400755
Coop. Ennour,,,quarter,El Jadida,الجديدة,33.2406004,-8.5318455,node/12006308826
Coop. Erraja,,,quarter,El Jadida,الجديدة,33.2350823,-8.5363472,node/12140606111
Coop. Essabile,,,quarter,El Jadida,الجديدة,33.2362803,-8.5360754,node/12140606093
Coop. Ibn Khaldoun,,,quarter,El Jadida,الجديدة,33.2263074,-8.48442,node/11804588945
Coop. La Marche Verte,,,quarter,El Jadida,الجديدة,33.2379956,-8.5166953,node/11637567046
Coop. Mohammedia,,,quarter,El Jadida,الجديدة,33.2367597,-8.4925724,node/12017254259
Coop. Moulay Rachid,,,quarter,El Jadida,الجديدة,33.2395802,-8.5323784,node/13067746553
Coop. Sana Fidiya,,,quarter,El Jadida,الجديدة,33.231924,-8.5006097,node/11656400752
Coop. Sanad,,,quarter,El Jadida,الجديدة,33.231153,-8.4996218,node/11656400753
Coop. Wahda Ennahda,,,quarter,El Jadida,الجديدة,33.2388305,-8.516178,node/11637548111
Coop. Wiam,,,quarter,El Jadida,الجديدة,33.2338114,-8.5344613,node/11804574999
Coopérative Waha,,,quarter,El Jadida,الجديدة,33.2374153,-8.4922708,node/11635454221
Dachra,,,quarter,El Jadida,الجديدة,33.2339753,-8.4920419,node/11635454227
Derb 640,,,quarter,El Jadida,الجديدة,33.2547336,-8.5119463,node/12007031119
Derb Ahmed Tahiri,,,quarter,El Jadida,الجديدة,33.2538967,-8.5055818,node/12144942906
Derb Belfakih,,,quarter,El Jadida,الجديدة,33.2543874,-8.5162977,node/12007031101
Derb Ben Driss,,,quarter,El Jadida,الجديدة,33.2536016,-8.5049879,node/11812994851
Derb Bendagha,,,quarter,El Jadida,الجديدة,33.2540506,-8.5046472,node/11812994956
Derb Benshimon,,,quarter,El Jadida,الجديدة,33.257778,-8.5067933,node/12009775399
Derb Benslimane,,,quarter,El Jadida,الجديدة,33.253321,-8.5078152,node/12144947217
Derb Bouali,,,quarter,El Jadida,الجديدة,33.2505033,-8.5234128,node/12001190154
Derb Bouhafid,,,quarter,El Jadida,الجديدة,33.2553392,-8.5132034,node/12007017068
Derb Chaoui El Guerrab,,,quarter,El Jadida,الجديدة,33.2537616,-8.5176728,node/12007031102
Derb Eddaya,,,quarter,El Jadida,الجديدة,33.2509277,-8.5044273,node/11978083061
Derb El Heddada,,,quarter,El Jadida,الجديدة,33.251792,-8.5067326,node/12142282631
Derb El Jirrari,,,quarter,El Jadida,الجديدة,33.2522605,-8.5071152,node/12144911847
Derb El Khyala,,,quarter,El Jadida,الجديدة,33.2395845,-8.4939537,node/12017254174
Derb El Mers,,,quarter,El Jadida,الجديدة,33.2531384,-8.5075294,node/12144911874
Derb El Wesaa,,,quarter,El Jadida,الجديدة,33.252362,-8.5060108,node/12144911858
Derb Erridzou,,,quarter,El Jadida,الجديدة,33.2540106,-8.5121627,node/12007031112
Derb Ferran Haouzi,,,quarter,El Jadida,الجديدة,33.2529296,-8.5063262,node/12144911861
Derb Fourniss,,,quarter,El Jadida,الجديدة,33.256525,-8.5114492,node/12007031124
Derb Fqih Belhiba,,,quarter,El Jadida,الجديدة,33.2511982,-8.5058855,node/12142194107
Derb Fqih El Mendili,,,quarter,El Jadida,الجديدة,33.2541485,-8.5043554,node/11815600383
Derb Ghallef,درب غلف,,quarter,El Jadida,الجديدة,33.2594676,-8.5121359,node/12008276808
Derb Jdid,الدرب الجديد,,quarter,El Jadida,الجديدة,33.2395714,-8.4930589,node/11637935048
Derb Ksiksou,,,quarter,El Jadida,الجديدة,33.2607558,-8.5080562,node/12008276821
Derb Lahouna,درب لاحونة,,quarter,El Jadida,الجديدة,33.240163,-8.5154216,node/11637548112
Derb Lferran (Souika),,,quarter,El Jadida,الجديدة,33.255073,-8.5049114,node/11815761643
Derb Lhaj Chaoui,,,quarter,El Jadida,الجديدة,33.2574169,-8.5157819,node/12006361212
Derb Melillia,,,quarter,El Jadida,الجديدة,33.2457494,-8.502173,node/12012538165
Derb Mustapha Ghayat,,,quarter,El Jadida,الجديدة,33.2517896,-8.5072931,node/12144911857
Derb Ouadoudi Haboul,,,quarter,El Jadida,الجديدة,33.2512718,-8.5066262,node/12142282639
Derb Ouled Salem,,,quarter,El Jadida,الجديدة,33.2525378,-8.5053366,node/12013037373
Derb Sania,,,quarter,El Jadida,الجديدة,33.2534244,-8.5065821,node/12144911867
Derb Sbitar,,,quarter,El Jadida,الجديدة,33.2516317,-8.5080709,node/12144754370
Derb Sidi Kacem,,,quarter,El Jadida,الجديدة,33.2437406,-8.4996812,node/12012538167
Derb Somic,,,quarter,El Jadida,الجديدة,33.2528241,-8.5045754,node/11831349436
Diar Al Alya 1,,,quarter,El Jadida,الجديدة,33.2326144,-8.531505,node/12000517263
Diyar Cheikh,ديار الشيخ,,quarter,El Jadida,الجديدة,33.2424236,-8.5172133,node/11637528537
Docteur Blanc,,,quarter,El Jadida,الجديدة,33.2582464,-8.5068061,node/12009775407
Douar Brahim,,,quarter,El Jadida,الجديدة,33.2280343,-8.470459,node/11635454211
Douar Chaïbat,الشعيبات,,quarter,El Jadida,الجديدة,33.2426808,-8.5336267,node/11637528515
Douar Dahhak,,,quarter,El Jadida,الجديدة,33.2313468,-8.5304071,node/12001118609
Douar El Ghenadra,,,quarter,El Jadida,الجديدة,33.2357821,-8.4656096,node/11635454213
Douar El Haj Jilali,,,quarter,El Jadida,الجديدة,33.2357907,-8.4947865,node/12020109268
Douar El Massira,,,quarter,El Jadida,الجديدة,33.2353423,-8.4751797,node/11635454215
Douar Es Swifet,,,quarter,El Jadida,الجديدة,33.2232917,-8.4862874,node/12132538765
Douar Isawi,,,quarter,El Jadida,الجديدة,33.2254804,-8.4768534,node/12123760333
Douar Lachhab,,,quarter,El Jadida,الجديدة,33.2316693,-8.4659024,node/11635454212
Douar Lahouna,,,quarter,El Jadida,الجديدة,33.2383238,-8.5173761,node/13991332362
Douar Lakrainate,,,quarter,El Jadida,الجديدة,33.2287702,-8.5155854,node/13068413389
Douar Tajine,,,quarter,El Jadida,الجديدة,33.2387,-8.4637428,node/11635454214
Dyar Al Matar,,,quarter,El Jadida,الجديدة,33.2286547,-8.5152993,node/12155385166
Dyar Al Morjane,,,quarter,El Jadida,الجديدة,33.2235525,-8.5285529,node/11998025400
Dyour Chouhada,,,quarter,El Jadida,الجديدة,33.2553893,-8.5181744,node/12006361205
El Adarissa,,,quarter,El Jadida,الجديدة,33.232343,-8.4742686,node/12123760354
El Barraka 5,,,quarter,El Jadida,الجديدة,33.2191929,-8.4927183,node/12122775622
El Borj (Douar Lahouaoura),,,quarter,El Jadida,الجديدة,33.2207756,-8.4963447,node/13065274086
El Boustane 3,,,quarter,El Jadida,الجديدة,33.2317294,-8.4835579,node/11804588940
El Braija,,,quarter,El Jadida,الجديدة,33.2267745,-8.5260296,node/11997849351
El Faïd,الفلورة,El Falora,quarter,El Jadida,الجديدة,33.2509055,-8.5166931,node/11812453052
El Gaour,,,quarter,El Jadida,الجديدة,33.2257884,-8.5169375,node/11997846409
El Gourna,,,quarter,El Jadida,الجديدة,33.2625792,-8.5127188,node/12008276794
El Hassania,,,quarter,El Jadida,الجديدة,33.2564794,-8.5121779,node/12007031125
El Herraz,,,quarter,El Jadida,الجديدة,33.2461883,-8.5323781,node/12003580468
El Hilal,,,quarter,El Jadida,الجديدة,33.2378628,-8.5337937,node/12006298390
El Houma,,,quarter,El Jadida,الجديدة,33.2399385,-8.4949449,node/12152424923
El Jador,,,quarter,El Jadida,الجديدة,33.2436195,-8.4861709,node/12121881386
El Manar,حي المنار,,quarter,El Jadida,الجديدة,33.2493655,-8.5286867,node/12006308882
El Massira,,,quarter,El Jadida,الجديدة,33.2388212,-8.4865201,node/11635454219
El Moukaouama,,,quarter,El Jadida,الجديدة,33.2429738,-8.5011117,node/12017260312
El Wafaa 1,,,quarter,El Jadida,الجديدة,33.2307771,-8.5032891,node/11636079365
El Yacout 2,,,quarter,El Jadida,الجديدة,33.2421282,-8.5061651,node/13072263382
Ennakhil 12,,,quarter,El Jadida,الجديدة,33.2317949,-8.5171876,node/12141938932
Ennakhil 2,,,quarter,El Jadida,الجديدة,33.2405322,-8.5194189,node/11998752741
Ennakhil 4,,,quarter,El Jadida,الجديدة,33.2301314,-8.5217431,node/11997846419
Ennakhil 5,,,quarter,El Jadida,الجديدة,33.2285235,-8.5220194,node/11997846423
Ennakhil 7,,,quarter,El Jadida,الجديدة,33.2271092,-8.5221597,node/11997846434
Ennaourass,,,quarter,El Jadida,الجديدة,33.2406289,-8.5129853,node/11637548120
Ennasser,,,quarter,El Jadida,الجديدة,33.2540278,-8.5253174,node/12001771024
Essim,,,quarter,El Jadida,الجديدة,33.2627788,-8.508362,node/12008276833
Ettronba,,,quarter,El Jadida,الجديدة,33.2526429,-8.5050585,node/12015274559
Fadl Allah,,,quarter,El Jadida,الجديدة,33.238392,-8.5282523,node/11999714039
Fath Allah,,,quarter,El Jadida,الجديدة,33.2295728,-8.5316212,node/12001190086
Feddan Cheikh,فدان الشيخ,,quarter,El Jadida,الجديدة,33.2349045,-8.5247521,node/11999965034
Garden City 5,,,quarter,El Jadida,الجديدة,33.2358948,-8.5066043,node/12139396431
Habous,,,quarter,El Jadida,الجديدة,33.2516529,-8.5047667,node/12012890792
Hajja Yezza,حي الحاجة يزة,,quarter,El Jadida,الجديدة,33.2374033,-8.4932507,node/11635454224
Hakima 1 1,حكيمة,,quarter,El Jadida,الجديدة,33.2371341,-8.4910548,node/11635454225
Hakima 2 2,حكيمة,,quarter,El Jadida,الجديدة,33.2365837,-8.4893597,node/11635454226
Hasnaa 3,,,quarter,El Jadida,الجديدة,33.2183701,-8.4957154,node/12122775610
Hasnae,,,quarter,El Jadida,الجديدة,33.2339137,-8.5312399,node/12000517200
Hay Al Amal,حي الأمل,,quarter,El Jadida,الجديدة,33.2387304,-8.5253037,node/11999726570
Hay Al Boustane (El Amal),,,quarter,El Jadida,الجديدة,33.2315416,-8.4853104,node/12124100457
Hay Al Qods,حي القدس,,quarter,El Jadida,الجديدة,33.2312928,-8.4959894,node/12020109250
Hay Annakhil,,,quarter,El Jadida,الجديدة,33.2439687,-8.4966521,node/12013311014
Hay Assaadiyine,حي السعديين,,quarter,El Jadida,الجديدة,33.2609584,-8.5139376,node/11812453051
Hay Chakir,,,quarter,El Jadida,الجديدة,33.2393439,-8.5280172,node/11999726573
Hay Chrifa 1,,,quarter,El Jadida,الجديدة,33.2387115,-8.537994,node/12006308822
Hay Chrifa 2,,,quarter,El Jadida,الجديدة,33.2411725,-8.5362103,node/12006298455
Hay El Berkaoui,حي البركاوي,درب البركاوي,quarter,El Jadida,الجديدة,33.2458212,-8.4978905,node/11637679992
Hay El Matar,حي المطر,,quarter,El Jadida,الجديدة,33.2301972,-8.5253493,node/11998752713
Hay Er-Rjila,الرجيلة,,quarter,El Jadida,الجديدة,33.2578305,-8.5044448,node/11809515881
Hay Erryad,,,quarter,El Jadida,الجديدة,33.2396976,-8.5208995,node/11998752736
Hay Essalam,حي السلام,,quarter,El Jadida,الجديدة,33.2242945,-8.4990797,node/11636079362
Hay Essalam Extension,,,quarter,El Jadida,الجديدة,33.2277317,-8.5022326,node/12138689995
Hay Ezzouhour,,,quarter,El Jadida,الجديدة,33.2469835,-8.5149117,node/12013037407
Hay Koudiat Ben Driss,حي كديات بن إدريس,,quarter,El Jadida,الجديدة,33.2344876,-8.498643,node/12020109267
Hay Narjiss,,,quarter,El Jadida,الجديدة,33.2503283,-8.5255192,node/12001190159
Hay Nassim,,,quarter,El Jadida,الجديدة,33.2378558,-8.5226331,node/11998752722
Hay Saada,حي السعادة,,quarter,El Jadida,الجديدة,33.2434083,-8.5281083,node/12006308881
Hay Safaa,حي الصفاء,,quarter,El Jadida,الجديدة,33.2454418,-8.5013181,node/11637679991
Ikhlass 2,,,quarter,El Jadida,الجديدة,33.2292686,-8.5195858,node/12128601290
Isbah 3,,,quarter,El Jadida,الجديدة,33.2350347,-8.5284808,node/12000517192
Jawhara,حي الجوهرة,,quarter,El Jadida,الجديدة,33.2292893,-8.4909103,node/11637601984
Jnane El Matar,,,quarter,El Jadida,الجديدة,33.2279456,-8.516526,node/13068413329
Karima 5,,,quarter,El Jadida,الجديدة,33.2370355,-8.5260404,node/11999714025
Kawtar,,,quarter,El Jadida,الجديدة,33.2254533,-8.4817669,node/11804588943
Kerdouss,,,quarter,El Jadida,الجديدة,33.2431391,-8.5369765,node/12006308783
Kissariat Benezha,,,quarter,El Jadida,الجديدة,33.2547198,-8.5043712,node/12144947214
Ksar Lahmar,,,quarter,El Jadida,الجديدة,33.2622177,-8.5098792,node/12008276841
L'Océan,,,quarter,El Jadida,الجديدة,33.2251501,-8.5126804,node/11636079357
L'Océan,,,quarter,El Jadida,الجديدة,33.2437141,-8.5228511,node/12006308856
La Caserne,,,quarter,El Jadida,الجديدة,33.2352191,-8.4822681,node/12124809386
La Cigale,,,quarter,El Jadida,الجديدة,33.2341976,-8.5321729,node/12000520777
Laaroussi,,,quarter,El Jadida,الجديدة,33.2489077,-8.5253189,node/12001190160
Labatiya,,,quarter,El Jadida,الجديدة,33.2456794,-8.5240143,node/12001771081
Lalla Meryem,,,quarter,El Jadida,الجديدة,33.2549158,-8.5109532,node/12017312123
Lalla Zahra,لالة زهرة,,quarter,El Jadida,الجديدة,33.2534484,-8.5145606,node/12007031113
Le Château,,,quarter,El Jadida,الجديدة,33.2346697,-8.503644,node/11636089546
Les Cheminoits,,,quarter,El Jadida,الجديدة,33.2362647,-8.5021346,node/11657309625
Les Jardins D'El Jadida,,,quarter,El Jadida,الجديدة,33.2297088,-8.4861532,node/11804588946
Les Jardins de Mazagan II,,,quarter,El Jadida,الجديدة,33.2313955,-8.5029178,node/11659304430
Les Jardins de l'Océan,,,quarter,El Jadida,الجديدة,33.244712,-8.5346828,node/12003627697
Les Portes Californie,,,quarter,El Jadida,الجديدة,33.2398865,-8.4716489,node/12125721494
Lillia 1,,,quarter,El Jadida,الجديدة,33.2407005,-8.5376483,node/12311747726
Lot. 240,,,quarter,El Jadida,الجديدة,33.2405381,-8.5221119,node/11998752762
Lot. Adam,,,quarter,El Jadida,الجديدة,33.2247234,-8.5077695,node/11656463174
Lot. Adam,,,quarter,El Jadida,الجديدة,33.2386747,-8.475918,node/14201684353
Lot. Adam 2,,,quarter,El Jadida,الجديدة,33.247712,-8.5318313,node/13065144631
Lot. Afif 2,,,quarter,El Jadida,الجديدة,33.2262946,-8.5256737,node/13065244434
Lot. Al Amal,,,quarter,El Jadida,الجديدة,33.2240226,-8.4814035,node/13064503626
Lot. Al Amane,,,quarter,El Jadida,الجديدة,33.2201945,-8.4935015,node/13065244437
Lot. Al Badr,,,quarter,El Jadida,الجديدة,33.2294373,-8.4809091,node/13064503625
Lot. Al Baraka,,,quarter,El Jadida,الجديدة,33.2273506,-8.5176396,node/13065244436
Lot. Al Baraka 2,,,quarter,El Jadida,الجديدة,33.2244332,-8.5194439,node/13065274093
Lot. Al Bassatine,,,quarter,El Jadida,الجديدة,33.2229426,-8.4794719,node/12124808955
Lot. Al Borouj,,,quarter,El Jadida,الجديدة,33.2282153,-8.5189817,node/13065274095
Lot. Al Fadl,,,quarter,El Jadida,الجديدة,33.2315423,-8.4697598,node/12124100609
Lot. Al Farah,,,quarter,El Jadida,الجديدة,33.2339716,-8.5057781,node/13067746556
Lot. Al Firdaous,,,quarter,El Jadida,الجديدة,33.2304766,-8.4776053,node/12124100360
Lot. Al Hamd,,,quarter,El Jadida,الجديدة,33.2281477,-8.5109316,node/11636079354
Lot. Al Hamd,,,quarter,El Jadida,الجديدة,33.2631421,-8.5111139,node/12007017060
Lot. Al Hamd,,,quarter,El Jadida,الجديدة,33.2259281,-8.523494,node/13065244421
Lot. Al Hanaa,,,quarter,El Jadida,الجديدة,33.2323858,-8.5052747,node/11636089477
Lot. Al Ikhlass 2,,,quarter,El Jadida,الجديدة,33.2281333,-8.5151245,node/13068413307
Lot. Al Ikhlass 3,,,quarter,El Jadida,الجديدة,33.2278331,-8.5144955,node/13068413317
Lot. Al Jadida,,,quarter,El Jadida,الجديدة,33.2307724,-8.5287075,node/12001118597
Lot. Al Khalil,,,quarter,El Jadida,الجديدة,33.2345461,-8.5315118,node/13384439630
Lot. Al Manzeh,,,quarter,El Jadida,الجديدة,33.2376188,-8.5269326,node/11999714029
Lot. Al Massira,,,quarter,El Jadida,الجديدة,33.2379837,-8.5373137,node/13065144628
Lot. Al Massira,,,quarter,El Jadida,الجديدة,33.2306288,-8.4698625,node/14201643097
Lot. Al Wifak,,,quarter,El Jadida,الجديدة,33.2285402,-8.5145098,node/13068392699
Lot. Al Yamane,,,quarter,El Jadida,الجديدة,33.2376448,-8.5201048,node/13078272546
Lot. Al Yassamine,,,quarter,El Jadida,الجديدة,33.2245938,-8.5218882,node/13065244418
Lot. Ali,,,quarter,El Jadida,الجديدة,33.24655,-8.5311965,node/13065274100
Lot. Ama-Zone,,,quarter,El Jadida,الجديدة,33.2277077,-8.477489,node/12138689992
Lot. Amal,,,quarter,El Jadida,الجديدة,33.2406204,-8.5352091,node/13065274096
Lot. Amal,,,quarter,El Jadida,الجديدة,33.2442421,-8.5369082,node/13982948552
Lot. Amana,,,quarter,El Jadida,الجديدة,33.2232713,-8.5096584,node/11636079359
Lot. Anass,,,quarter,El Jadida,الجديدة,33.2320539,-8.5335154,node/11804574998
Lot. Anfa 3,,,quarter,El Jadida,الجديدة,33.2389048,-8.4695764,node/13064905073
Lot. Annakhil,,,quarter,El Jadida,الجديدة,33.2283789,-8.4805083,node/12124100511
Lot. Annakhil 2,,,quarter,El Jadida,الجديدة,33.2275362,-8.4788751,node/13064503622
Lot. Annakhil 2 (Extension),,,quarter,El Jadida,الجديدة,33.2271672,-8.4809071,node/12124100514
Lot. Annakhl,,,quarter,El Jadida,الجديدة,33.2499761,-8.517038,node/12006361187
Lot. Annasr,,,quarter,El Jadida,الجديدة,33.2253209,-8.4942762,node/11657179474
Lot. Annasr,,,quarter,El Jadida,الجديدة,33.2620071,-8.5047326,node/12307731852
Lot. Annasro Minallah,,,quarter,El Jadida,الجديدة,33.2510209,-8.5219806,node/13070630840
Lot. Annouz,,,quarter,El Jadida,الجديدة,33.229708,-8.5036294,node/12163422816
Lot. Anouar,,,quarter,El Jadida,الجديدة,33.2213402,-8.4970232,node/12123137055
Lot. Ard El Hatba,,,quarter,El Jadida,الجديدة,33.2406329,-8.4702381,node/12125721579
Lot. Ard El Mekki,,,quarter,El Jadida,الجديدة,33.229235,-8.5190888,node/13982933356
Lot. Ariha,,,quarter,El Jadida,الجديدة,33.2378478,-8.4720015,node/13982948580
Lot. Arraha,,,quarter,El Jadida,الجديدة,33.2326513,-8.4777843,node/13064905093
Lot. Asfi,,,quarter,El Jadida,الجديدة,33.2405082,-8.5242853,node/11999714068
Lot. Assadaka,,,quarter,El Jadida,الجديدة,33.2310741,-8.5188208,node/12980343135
Lot. Assadaka,,,quarter,El Jadida,الجديدة,33.2307005,-8.5184426,node/13065274089
Lot. Assadaqa,,,quarter,El Jadida,الجديدة,33.2304532,-8.5196334,node/12153520613
Lot. Assafaa,,,quarter,El Jadida,الجديدة,33.2469436,-8.5330503,node/13982948566
Lot. Assafwa,,,quarter,El Jadida,الجديدة,33.2192745,-8.4935283,node/13065244438
Lot. Aya,,,quarter,El Jadida,الجديدة,33.2242227,-8.5056244,node/11636079358
Lot. Azzaytouna 2,,,quarter,El Jadida,الجديدة,33.2298474,-8.5058887,node/12138690000
Lot. Badaoui,,,quarter,El Jadida,الجديدة,33.254467,-8.5179765,node/13384405395
Lot. Badaouia,,,quarter,El Jadida,الجديدة,33.2406487,-8.4767776,node/13064503621
Lot. Badr,,,quarter,El Jadida,الجديدة,33.2287478,-8.5051127,node/12154365971
Lot. Badr,,,quarter,El Jadida,الجديدة,33.2283821,-8.482826,node/13064503623
Lot. Belkoufa (Riyad El Marjane),,,quarter,El Jadida,الجديدة,33.2253492,-8.5240759,node/12373824228
Lot. Belle Vue 2,,,quarter,El Jadida,الجديدة,33.2410734,-8.5039933,node/12373824230
Lot. Ben Chakroun,,,quarter,El Jadida,الجديدة,33.2428938,-8.5327085,node/13992377637
Lot. Benmansour,,,quarter,El Jadida,الجديدة,33.2422868,-8.5046085,node/13072263381
Lot. Bennani,,,quarter,El Jadida,الجديدة,33.2315207,-8.4765556,node/12124100346
Lot. Berrada,,,quarter,El Jadida,الجديدة,33.2268434,-8.4763395,node/13064905094
Lot. Bouafi,,,quarter,El Jadida,الجديدة,33.2493348,-8.5238224,node/13070630839
Lot. Bouhris,,,quarter,El Jadida,الجديدة,33.2257666,-8.5227108,node/13065244420
Lot. Boutaina,,,quarter,El Jadida,الجديدة,33.250608,-8.5226765,node/12001771006
Lot. Californie 2,,,quarter,El Jadida,الجديدة,33.2404177,-8.4688387,node/13066226907
Lot. Camelia 1,,,quarter,El Jadida,الجديدة,33.2323488,-8.5278982,node/13067803611
Lot. Camélia 3,,,quarter,El Jadida,الجديدة,33.2317855,-8.5277148,node/12373824227
Lot. Chafik,,,quarter,El Jadida,الجديدة,33.24033,-8.4712805,node/13064905075
Lot. Chafik,,,quarter,El Jadida,الجديدة,33.2377361,-8.4945226,node/13067746552
Lot. Charaf,,,quarter,El Jadida,الجديدة,33.2416461,-8.4691579,node/13064905078
Lot. Charifa 3,,,quarter,El Jadida,الجديدة,33.2402276,-8.5366792,node/12973740823
Lot. Chbani,,,quarter,El Jadida,الجديدة,33.2319988,-8.5035858,node/13067746558
Lot. Cité Nouvelle,,,quarter,El Jadida,الجديدة,33.2205426,-8.4823947,node/14201684341
Lot. Claire de Lune,,,quarter,El Jadida,الجديدة,33.239515,-8.4707601,node/13064905076
Lot. Dhaibya,,,quarter,El Jadida,الجديدة,33.2198074,-8.5028907,node/12138533486
Lot. Dotas,,,quarter,El Jadida,الجديدة,33.2227484,-8.4783438,node/13067812377
Lot. Douaa,,,quarter,El Jadida,الجديدة,33.2302452,-8.4805002,node/14201637477
Lot. El Ayachi,,,quarter,El Jadida,الجديدة,33.246801,-8.5230267,node/13387666892
Lot. El Baraka,,,quarter,El Jadida,الجديدة,33.218755,-8.5009875,node/12122672157
Lot. El Basma,,,quarter,El Jadida,الجديدة,33.249081,-8.5316149,node/12980399228
Lot. El Borj,,,quarter,El Jadida,الجديدة,33.2247524,-8.4943835,node/11657179488
Lot. El Fath,,,quarter,El Jadida,الجديدة,33.2598616,-8.5102467,node/12008276813
Lot. El Houda,,,quarter,El Jadida,الجديدة,33.2207911,-8.4953656,node/12123136997
Lot. El Kadar,,,quarter,El Jadida,الجديدة,33.2460688,-8.5337549,node/13982948567
Lot. El Kaddioui,,,quarter,El Jadida,الجديدة,33.2387762,-8.5271796,node/13078272552
Lot. El Khalil,,,quarter,El Jadida,الجديدة,33.2379929,-8.4828418,node/13069355374
Lot. El Omrania,,,quarter,El Jadida,الجديدة,33.2341613,-8.4833121,node/12124100487
Lot. El Wahrani,,,quarter,El Jadida,الجديدة,33.2343784,-8.5053525,node/13067746557
Lot. Ennasim,,,quarter,El Jadida,الجديدة,33.2316252,-8.5053561,node/11636089498
Lot. Ennouste,,,quarter,El Jadida,الجديدة,33.2463442,-8.5028027,node/12139396434
Lot. Errabii,,,quarter,El Jadida,الجديدة,33.219178,-8.4994131,node/13065274087
Lot. Erraha,,,quarter,El Jadida,الجديدة,33.219328,-8.5002785,node/12122672156
Lot. Essalam,,,quarter,El Jadida,الجديدة,33.2372598,-8.5169045,node/11637567050
Lot. Ezzohour,,,quarter,El Jadida,الجديدة,33.2372159,-8.5344606,node/12006298418
Lot. Faicel,,,quarter,El Jadida,الجديدة,33.2212665,-8.4949004,node/13067814400
Lot. Farah,,,quarter,El Jadida,الجديدة,33.2228762,-8.491614,node/12017260276
Lot. Fath Faycal,,,quarter,El Jadida,الجديدة,33.22904,-8.5022025,node/13068511846
Lot. Faycel,,,quarter,El Jadida,الجديدة,33.2420578,-8.5306769,node/12006308866
Lot. Feddan Draa,,,quarter,El Jadida,الجديدة,33.2234575,-8.4935147,node/13072630595
Lot. Firdaous,الفردوس,,quarter,El Jadida,الجديدة,33.2270711,-8.4923069,node/11637601985
Lot. Florida Nord,,,quarter,El Jadida,الجديدة,33.2340129,-8.4733507,node/14201637465
Lot. Floride,,,quarter,El Jadida,الجديدة,33.2344261,-8.4775324,node/12148728637
Lot. Floride 2,,,quarter,El Jadida,الجديدة,33.2335795,-8.4758306,node/13006215949
Lot. Garden City,,,quarter,El Jadida,الجديدة,33.2349754,-8.5253123,node/13384439632
Lot. Ghita,,,quarter,El Jadida,الجديدة,33.2385009,-8.4713252,node/13064905074
Lot. Ghizlane,,,quarter,El Jadida,الجديدة,33.2207269,-8.4931679,node/12122775653
Lot. Guessous,,,quarter,El Jadida,الجديدة,33.2518523,-8.5249981,node/13070630856
Lot. Habiba,,,quarter,El Jadida,الجديدة,33.2525864,-8.5177574,node/13384429115
Lot. Hadaik El Jadida,,,quarter,El Jadida,الجديدة,33.2297079,-8.5184818,node/13065244435
Lot. Hajar,,,quarter,El Jadida,الجديدة,33.2285663,-8.5196754,node/12153520604
Lot. Hakimo,,,quarter,El Jadida,الجديدة,33.2325057,-8.5013179,node/12153520659
Lot. Hamza,,,quarter,El Jadida,الجديدة,33.2354291,-8.4918988,node/11635454232
Lot. Hanane,,,quarter,El Jadida,الجديدة,33.2184218,-8.4931573,node/13065244439
Lot. Hanane,,,quarter,El Jadida,الجديدة,33.2199432,-8.4941026,node/13991302507
Lot. Hanane (Lina),,,quarter,El Jadida,الجديدة,33.2249691,-8.526584,node/11997849387
Lot. Haris,,,quarter,El Jadida,الجديدة,33.2328532,-8.4783376,node/13006215993
Lot. Hasnae,,,quarter,El Jadida,الجديدة,33.22632,-8.4916175,node/13991292013
Lot. Hazmi 2,,,quarter,El Jadida,الجديدة,33.2369743,-8.5179211,node/13068605055
Lot. Hiba,حي هبة,,quarter,El Jadida,الجديدة,33.2301684,-8.5045837,node/11636089493
Lot. Hibat El Habib,,,quarter,El Jadida,الجديدة,33.2228938,-8.4954437,node/13991229759
Lot. Hilali,,,quarter,El Jadida,الجديدة,33.2188923,-8.4747288,node/12132538879
Lot. Hind,,,quarter,El Jadida,الجديدة,33.2472302,-8.5221823,node/12001771064
Lot. Ibn Badis 3,,,quarter,El Jadida,الجديدة,33.2388353,-8.5076585,node/13070848861
Lot. Ibn Badiss,,,quarter,El Jadida,الجديدة,33.2394219,-8.5058843,node/11657309627
Lot. Imane,,,quarter,El Jadida,الجديدة,33.2287862,-8.5011045,node/12138689993
Lot. Jamaa,,,quarter,El Jadida,الجديدة,33.238217,-8.4902394,node/11635454223
Lot. Jamila,,,quarter,El Jadida,الجديدة,33.220954,-8.4916819,node/12017260281
Lot. Janate Al Binaa,,,quarter,El Jadida,الجديدة,33.2330368,-8.5281772,node/13067803610
Lot. Jawhara,,,quarter,El Jadida,الجديدة,33.2301903,-8.5145801,node/13065274088
Lot. Jdida,,,quarter,El Jadida,الجديدة,33.2300612,-8.5311465,node/12001190079
Lot. Jnane,,,quarter,El Jadida,الجديدة,33.2315778,-8.5367173,node/13067805126
Lot. Joudani,,,quarter,El Jadida,الجديدة,33.2191472,-8.4721258,node/12973740825
Lot. Kababi,,,quarter,El Jadida,الجديدة,33.2351713,-8.5324892,node/12140589293
Lot. Kafaf et Afaf,,,quarter,El Jadida,الجديدة,33.2454658,-8.5088108,node/13066226908
Lot. Kaimoussi,,,quarter,El Jadida,الجديدة,33.2177014,-8.4930562,node/12122775617
Lot. Karam,,,quarter,El Jadida,الجديدة,33.2257202,-8.4910131,node/13991292011
Lot. Karima,,,quarter,El Jadida,الجديدة,33.2414068,-8.4704991,node/13064905077
Lot. Karima 1,,,quarter,El Jadida,الجديدة,33.2270517,-8.4939708,node/12123137239
Lot. Karima 2,,,quarter,El Jadida,الجديدة,33.2269665,-8.4954657,node/12123137238
Lot. Kenza,,,quarter,El Jadida,الجديدة,33.2299349,-8.500953,node/12138561667
Lot. Khalid,,,quarter,El Jadida,الجديدة,33.2407778,-8.4755105,node/12125555817
Lot. Kharba Ville,,,quarter,El Jadida,الجديدة,33.2474869,-8.525461,node/13065341803
Lot. Kohen,,,quarter,El Jadida,الجديدة,33.2379686,-8.4974172,node/12009916941
Lot. Koudiat,,,quarter,El Jadida,الجديدة,33.2415225,-8.511806,node/11637528554
Lot. Koutbi,,,quarter,El Jadida,الجديدة,33.2426438,-8.5373995,node/13065274099
Lot. Laabad,,,quarter,El Jadida,الجديدة,33.2288496,-8.4847656,node/13991285079
Lot. Lahmam,,,quarter,El Jadida,الجديدة,33.2270936,-8.5193018,node/13072642103
Lot. Lamia,,,quarter,El Jadida,الجديدة,33.2342614,-8.5069377,node/11636089559
Lot. Lamiaa,,,quarter,El Jadida,الجديدة,33.2440542,-8.532637,node/12003627671
Lot. Les Facultées,,,quarter,El Jadida,الجديدة,33.2313394,-8.4888727,node/13081890685
Lot. Les Facultées Extension,,,quarter,El Jadida,الجديدة,33.2308,-8.4880538,node/12125541872
Lot. Limoune 2,,,quarter,El Jadida,الجديدة,33.2257161,-8.4895814,node/12138713822
Lot. Lokman,,,quarter,El Jadida,الجديدة,33.2190223,-8.5015579,node/13068424188
Lot. Lopez,,,quarter,El Jadida,الجديدة,33.2388467,-8.4902194,node/13991208747
Lot. Luxia Sud,,,quarter,El Jadida,الجديدة,33.2384611,-8.4832298,node/13069355367
Lot. Mabrouka,,,quarter,El Jadida,الجديدة,33.2231445,-8.4949307,node/11804563924
Lot. Mahrech,,,quarter,El Jadida,الجديدة,33.222046,-8.491664,node/12017260275
Lot. Majliss Sakane,,,quarter,El Jadida,الجديدة,33.2245026,-8.5275334,node/13065244433
Lot. Malak,,,quarter,El Jadida,الجديدة,33.2264691,-8.49475,node/12980209702
Lot. Mamounia,,,quarter,El Jadida,الجديدة,33.2314265,-8.5076358,node/12373824229
Lot. Marcilly,,,quarter,El Jadida,الجديدة,33.2429725,-8.4891086,node/13064905084
Lot. Marjane,,,quarter,El Jadida,الجديدة,33.2238794,-8.5266126,node/12980343149
Lot. Masarat Simo (Villa),,,quarter,El Jadida,الجديدة,33.2322095,-8.4764154,node/13006215948
Lot. Massar Assalam,,,quarter,El Jadida,الجديدة,33.2326304,-8.4803664,node/13064905087
Lot. Mazagan,,,quarter,El Jadida,الجديدة,33.2325754,-8.4845341,node/13066084897
Lot. Mazagan,,,quarter,El Jadida,الجديدة,33.2310876,-8.5041873,node/13068540656
Lot. Mbarek,,,quarter,El Jadida,الجديدة,33.2423922,-8.5127752,node/11637528553
Lot. Mehdi,,,quarter,El Jadida,الجديدة,33.2199009,-8.4916515,node/12017260286
Lot. Melk Hazmi 2,,,quarter,El Jadida,الجديدة,33.2376414,-8.5182421,node/13068605056
Lot. Miftah Al Khair,,,quarter,El Jadida,الجديدة,33.2253236,-8.5195463,node/13065274094
Lot. Morjana,,,quarter,El Jadida,الجديدة,33.2399735,-8.489455,node/13066084900
Lot. Nadia,,,quarter,El Jadida,الجديدة,33.2220022,-8.5012057,node/12123136902
Lot. Nahda,,,quarter,El Jadida,الجديدة,33.2278282,-8.5198134,node/13069355362
Lot. Najmat Californie,,,quarter,El Jadida,الجديدة,33.239827,-8.4728933,node/13066226906
Lot. Nasiria,,,quarter,El Jadida,الجديدة,33.2244688,-8.4940732,node/12124100488
Lot. Nessma,,,quarter,El Jadida,الجديدة,33.2369368,-8.5383544,node/13065144627
Lot. Newton,,,quarter,El Jadida,الجديدة,33.2291976,-8.4841698,node/12167777535
Lot. Normandie,,,quarter,El Jadida,الجديدة,33.2373844,-8.4668894,node/12149677654
Lot. Nour,,,quarter,El Jadida,الجديدة,33.2206054,-8.472865,node/12132828522
Lot. Nour Californie,,,quarter,El Jadida,الجديدة,33.2405948,-8.4649582,node/12373824231
Lot. Nour El Boustane,,,quarter,El Jadida,الجديدة,33.2261086,-8.4798636,node/14201643086
Lot. Nouzha,,,quarter,El Jadida,الجديدة,33.2420769,-8.5323931,node/12003627706
Lot. Olivette,,,quarter,El Jadida,الجديدة,33.2443861,-8.5121501,node/12348170577
Lot. Oualidia,,,quarter,El Jadida,الجديدة,33.2447493,-8.5188957,node/12013037451
Lot. Ouard,,,quarter,El Jadida,الجديدة,33.2445135,-8.5237515,node/12006308879
Lot. Ouardia Hassania,,,quarter,El Jadida,الجديدة,33.2227923,-8.4947962,node/13067783723
Lot. Ouid,,,quarter,El Jadida,الجديدة,33.2258937,-8.5216701,node/13065244419
Lot. Oum Al Qora,,,quarter,El Jadida,الجديدة,33.23883,-8.5343658,node/12373824226
Lot. Oussama,,,quarter,El Jadida,الجديدة,33.2455741,-8.5339097,node/12003627678
Lot. Oussama 5,,,quarter,El Jadida,الجديدة,33.2532749,-8.5243551,node/13065144653
Lot. Palestrino,,,quarter,El Jadida,الجديدة,33.2532143,-8.506929,node/12144911872
Lot. Plateau d'Anfa,,,quarter,El Jadida,الجديدة,33.2437591,-8.5074049,node/13064905085
Lot. Prestigia,,,quarter,El Jadida,الجديدة,33.240049,-8.4781679,node/13064503620
Lot. Prestigia 2,,,quarter,El Jadida,الجديدة,33.2236998,-8.4790197,node/13067812376
Lot. Puymalet,,,quarter,El Jadida,الجديدة,33.2480649,-8.525301,node/13065341801
Lot. Rahmoune,,,quarter,El Jadida,الجديدة,33.23764,-8.5277548,node/12000517189
Lot. Rania,,,quarter,El Jadida,الجديدة,33.2394476,-8.4734764,node/12125721477
Lot. Reda,,,quarter,El Jadida,الجديدة,33.2249225,-8.4920198,node/12017254262
Lot. Riad Californie,,,quarter,El Jadida,الجديدة,33.2384755,-8.4799386,node/13064905079
Lot. Riad El Boustane,,,quarter,El Jadida,الجديدة,33.2244902,-8.4789042,node/14201684335
Lot. Sabil,,,quarter,El Jadida,الجديدة,33.2186103,-8.497965,node/12121337598
Lot. Salama,,,quarter,El Jadida,الجديدة,33.2344801,-8.4875203,node/13067746550
Lot. Salim,,,quarter,El Jadida,الجديدة,33.2186439,-8.4944653,node/12122775637
Lot. Sanabil 1,,,quarter,El Jadida,الجديدة,33.234285,-8.5302282,node/13067803608
Lot. Slimani,,,quarter,El Jadida,الجديدة,33.2290323,-8.4991143,node/13982933368
Lot. Sofia,,,quarter,El Jadida,الجديدة,33.2444036,-8.5145633,node/11637528531
Lot. Soukaina,,,quarter,El Jadida,الجديدة,33.2271943,-8.5111604,node/12139396423
Lot. Taamoul,,,quarter,El Jadida,الجديدة,33.219595,-8.5018458,node/12122672149
Lot. Taha,,,quarter,El Jadida,الجديدة,33.2220507,-8.5021779,node/12155385165
Lot. Takafoul,,,quarter,El Jadida,الجديدة,33.2271346,-8.5249317,node/13065274090
Lot. Tamli,,,quarter,El Jadida,الجديدة,33.2212716,-8.4931834,node/13991302506
Lot. Tasnim,,,quarter,El Jadida,الجديدة,33.263124,-8.5117117,node/12307731862
Lot. Tassnim,,,quarter,El Jadida,الجديدة,33.2355585,-8.5301272,node/13067803609
Lot. Tazi,,,quarter,El Jadida,الجديدة,33.2434634,-8.4837592,node/11635454217
Lot. Tirs Hamri,,,quarter,El Jadida,الجديدة,33.2258266,-8.4924116,node/13991285097
Lot. Tissir,,,quarter,El Jadida,الجديدة,33.2342332,-8.5277813,node/13991332057
Lot. Touirsa,,,quarter,El Jadida,الجديدة,33.2282258,-8.4857165,node/13064503624
Lot. Trii,,,quarter,El Jadida,الجديدة,33.2592442,-8.5125968,node/12140616189
Lot. Wafae,,,quarter,El Jadida,الجديدة,33.2295708,-8.499598,node/13982933369
Lot. Wissal 1,,,quarter,El Jadida,الجديدة,33.2268684,-8.4798554,node/12980343126
Lot. Wissal 2,,,quarter,El Jadida,الجديدة,33.2264542,-8.478999,node/14201637498
Lot. Yahia,,,quarter,El Jadida,الجديدة,33.2478316,-8.5258982,node/13065341802
Lot. Yakout,,,quarter,El Jadida,الجديدة,33.237244,-8.5059222,node/13070840100
Lot. Yasmine,,,quarter,El Jadida,الجديدة,33.2635129,-8.5094367,node/12008276834
Lot. Zahra 2,,,quarter,El Jadida,الجديدة,33.2344809,-8.4865216,node/13067746551
Lot. Zahraoui,,,quarter,El Jadida,الجديدة,33.2238512,-8.4939731,node/11657179483
Lot. Zehar,,,quarter,El Jadida,الجديدة,33.2222373,-8.5032738,node/13067814399
Lot. Zhour,,,quarter,El Jadida,الجديدة,33.2387607,-8.5036873,node/13072263374
Lot. Zoubir,,,quarter,El Jadida,الجديدة,33.2539786,-8.518031,node/13384429106
Luxia,,,quarter,El Jadida,الجديدة,33.2399773,-8.482401,node/12121208482
Mabra Al Wafaa,,,quarter,El Jadida,الجديدة,33.2192273,-8.4952923,node/12122735000
Mabrouka,,,quarter,El Jadida,الجديدة,33.2331677,-8.4863484,node/11635454228
Machaa Allah,,,quarter,El Jadida,الجديدة,33.2475113,-8.5247072,node/12001771057
Maghreb Binae,حي المغرب بينا,,quarter,El Jadida,الجديدة,33.2370392,-8.52471,node/11999714019
Manzah Californie,,,quarter,El Jadida,الجديدة,33.2409949,-8.4668416,node/12125721503
Melk Cheikh,,,quarter,El Jadida,الجديدة,33.2360355,-8.5274575,node/11999964977
Miftah Al Khair,,,quarter,El Jadida,الجديدة,33.2477455,-8.498474,node/12012429567
Mont Fleuri,مون فلوري,,quarter,El Jadida,الجديدة,33.2389513,-8.5109502,node/11636089561
Mouilha,حي المويلحة,,quarter,El Jadida,الجديدة,33.2510203,-8.5200616,node/11812453056
Naima I,,,quarter,El Jadida,الجديدة,33.2361759,-8.5298156,node/12000517236
Naima II,,,quarter,El Jadida,الجديدة,33.2345232,-8.5304522,node/12000517235
Najd I,حي النجد,Najd I 1 | 1,quarter,El Jadida,الجديدة,33.2273579,-8.5091935,node/11636079353
Najd II,حي النجد,Najd II 2 | 2,quarter,El Jadida,الجديدة,33.2266429,-8.5050396,node/11636079352
Najmat Al Janoub 1,,,quarter,El Jadida,الجديدة,33.2443231,-8.5211058,node/12013037445
Najmat Al Janoub 2,,,quarter,El Jadida,الجديدة,33.2400842,-8.5271088,node/11999726576
Najmat Al Janoub III,,,quarter,El Jadida,الجديدة,33.2374121,-8.5305032,node/12000517211
Najmat El Janoub 7,,,quarter,El Jadida,الجديدة,33.2369004,-8.5290115,node/11999964999
Nassim 4,,,quarter,El Jadida,الجديدة,33.2412212,-8.5167466,node/11637528559
Nassim 5,النسيم,,quarter,El Jadida,الجديدة,33.2433119,-8.5155915,node/11637528552
Naïma II,,,quarter,El Jadida,الجديدة,33.2340675,-8.5307572,node/13384439631
Niema 2,,,quarter,El Jadida,الجديدة,33.2323744,-8.535336,node/12140606186
Nour Al Mouhit,,,quarter,El Jadida,الجديدة,33.2440794,-8.5356198,node/12003627686
Nour El Houda,,,quarter,El Jadida,الجديدة,33.218035,-8.4925037,node/12122775642
Oulfa,,,quarter,El Jadida,الجديدة,33.2352139,-8.5338724,node/12140606112
Oum Rabii,,,quarter,El Jadida,الجديدة,33.2256868,-8.497407,node/12123137237
Palmiers 6,,,quarter,El Jadida,الجديدة,33.2237229,-8.4951555,node/12153444639
Palmiers 8,,,quarter,El Jadida,الجديدة,33.225643,-8.5343968,node/12980209703
Panorama,حي بانوراما,,quarter,El Jadida,الجديدة,33.2591708,-8.5146886,node/11812453043
Phosphore El Fath,,,quarter,El Jadida,الجديدة,33.2241987,-8.5036967,node/11636079360
Phosphore El Fath Bloc A - C,,,quarter,El Jadida,الجديدة,33.2250786,-8.5074056,node/11656463178
Phosphore El Fath Bloc C,,,quarter,El Jadida,الجديدة,33.2239358,-8.5069621,node/11656463181
Place El Hansal,ساحة الحنصلي,Place El Hansali,quarter,El Jadida,الجديدة,33.2534834,-8.5032838,node/11805142433
Plateau,,,quarter,El Jadida,الجديدة,33.247289,-8.508932,node/12140707690
Riad Al Bahr,,,quarter,El Jadida,الجديدة,33.221949,-8.5037182,node/11636079361
Rue de France,,,quarter,El Jadida,الجديدة,33.2571796,-8.5100923,node/12017283523
Ryad Ennakhil 11,,,quarter,El Jadida,الجديدة,33.2371314,-8.5376617,node/12141938934
Ryad Salam,,,quarter,El Jadida,الجديدة,33.228489,-8.5128268,node/13068413326
Rés. Amine,,,quarter,El Jadida,الجديدة,33.2415972,-8.5346164,node/13992377638
Rés. Azilal,,,quarter,El Jadida,الجديدة,33.2389149,-8.5337901,node/12006298403
Rés. Ennour,,,quarter,El Jadida,الجديدة,33.2409332,-8.5335632,node/13992377657
Rés. Jamila,,,quarter,El Jadida,الجديدة,33.2384722,-8.5353297,node/12006298410
Rés. Nadia,,,quarter,El Jadida,الجديدة,33.2377648,-8.5320779,node/12006298391
Rés. Nour,,,quarter,El Jadida,الجديدة,33.2405506,-8.4746678,node/12017260344
Rés. Zohour,,,quarter,El Jadida,الجديدة,33.2397285,-8.5365581,node/12006298437
Résidence Al Jadida,,,quarter,El Jadida,الجديدة,33.2392148,-8.5312885,node/12003627722
Résidence Al Kadissia,,,quarter,El Jadida,الجديدة,33.2307962,-8.4989866,node/11656400754
Résidence Al Khalil,,,quarter,El Jadida,الجديدة,33.239995,-8.5379235,node/13004587453
Résidence Al Ouaha,,,quarter,El Jadida,الجديدة,33.2319152,-8.4817913,node/12123737391
Résidence Bihi,,,quarter,El Jadida,الجديدة,33.2288493,-8.4867785,node/13006215950
Résidence Deauville Plage,,,quarter,El Jadida,الجديدة,33.2410134,-8.4840523,node/12125721487
Résidence Khalil Jabrane,,,quarter,El Jadida,الجديدة,33.2250246,-8.5332392,node/12121337572
Résidence Marjana,,,quarter,El Jadida,الجديدة,33.2404972,-8.4811044,node/12153444640
Résidence Yassamine,,,quarter,El Jadida,الجديدة,33.2312228,-8.5162193,node/12141938929
Résidence des Eaux et Forêts,,,quarter,El Jadida,الجديدة,33.2341002,-8.481482,node/12124809385
Seniat El Morakib,سانية المراقب,,quarter,El Jadida,الجديدة,33.2435788,-8.5172724,node/11637528529
Seven Stars,,,quarter,El Jadida,الجديدة,33.2224405,-8.4949605,node/12139396435
Sidi Daoui,,,quarter,El Jadida,الجديدة,33.260423,-8.5054541,node/12020109233
Sidi Mouss,حي سيدي موسى,Sidi Moussa,quarter,El Jadida,الجديدة,33.2348428,-8.4897101,node/11635454220
Skippa,,,quarter,El Jadida,الجديدة,33.2624209,-8.506079,node/12309582859
Sophal,,,quarter,El Jadida,الجديدة,33.2424201,-8.5249786,node/12006308855
Soprija,,,quarter,El Jadida,الجديدة,33.2417429,-8.5242096,node/11999726791
Soujda,,,quarter,El Jadida,الجديدة,33.2406193,-8.5309595,node/12003627713
Surcouf,السركوف,,quarter,El Jadida,الجديدة,33.2471274,-8.4991273,node/11637679993
Taraj,,,quarter,El Jadida,الجديدة,33.2418829,-8.5374155,node/12006298464
Taïba,,,quarter,El Jadida,الجديدة,33.2386656,-8.494016,node/11635454222
Tibari,,,quarter,El Jadida,الجديدة,33.2458409,-8.525097,node/12001771054
Toubkal,,,quarter,El Jadida,الجديدة,33.2388342,-8.5362738,node/12006298428
Tranche 3,,,quarter,El Jadida,الجديدة,33.235212,-8.5315725,node/12000517221
Yacout V,,,quarter,El Jadida,الجديدة,33.2393801,-8.5025816,node/11657309626
Yousr Mazagan,,,quarter,El Jadida,الجديدة,33.2222168,-8.4800401,node/12973740824
Zitouna,,,quarter,El Jadida,الجديدة,33.2215153,-8.4943142,node/12123137006
Al Hamd,,,quarter,El Majjatia Ouled Taleb,المجاطية أولاد طالب,33.5130952,-7.5132584,node/10172268481
Plage de Laâyoune,,,quarter,El Marsa,المرسى,27.0952597,-13.4201791,node/9920839060
Port de Laâyoune,,,quarter,El Marsa,المرسى,27.0962326,-13.4263716,node/9920839061
cité amezouj,حي أمزوج,,suburb,Errachidia,الرشيدية,31.9386185,-4.4598714,node/3426664315
Bou Khellar,بوخلال,,suburb,Errouha,الروحا,30.3865002,-5.7946474,node/2039121580
Zaouit El Hna,زاوية الهناء,,suburb,Errouha,الروحا,30.3790005,-5.7890674,node/2039121581
Ahl Agadir,أهل أكادير,Ahl Akādīr,suburb,Essaouira,الصويرة,31.512899,-9.7679781,node/1363750183
Bani Antar,بني عنتر,,suburb,Essaouira,الصويرة,31.5148459,-9.7705145,node/1363750184
Bouakher,,,suburb,Essaouira,الصويرة,31.514591,-9.7668008,node/1363750185
Essaouira Ville Nouvelle,,,suburb,Essaouira,الصويرة,31.5106032,-9.7579112,node/309968355
La Kasbah,القصبة,Al-Qaṣba,suburb,Essaouira,الصويرة,31.5131509,-9.7719467,node/1363750186
Medina,المدينة,Al-Madīna,neighbourhood,Essaouira,الصويرة,31.51383,-9.7687929,relation/1670666
Mellah,,,suburb,Essaouira,الصويرة,31.515691,-9.7670579,node/1363750188
Ait Assem,آيت عاصم,,suburb,Ferkla El Oulia,فركلة العليا,31.5041512,-5.0543852,node/2017052393
sidi ali ben yakhlef,سيدي علي بن يخلف,,suburb,Fezouane,فزوان,34.899481,-2.28758,node/8619158734
Ait Gernit,آيت جرنيت,,neighbourhood,Figuig,فكيك,32.1163687,-1.2223578,node/4405777764
Ancien terrain de football,ملعب الكرة القديم,Old football field,neighbourhood,Figuig,فكيك,32.1237877,-1.2333464,way/438427954
Baghdad,بغداد,,neighbourhood,Figuig,فكيك,32.0981291,-1.2184905,way/438532302
Charlot,شارلو,,neighbourhood,Figuig,فكيك,32.0923388,-1.2251237,way/438533109
Diaouanat,الديوانة,,neighbourhood,Figuig,فكيك,32.0915734,-1.2369752,way/438531071
Hay Al Massira,حي المسيرة,,quarter,Figuig,فكيك,32.1226642,-1.2270201,way/438426689
Ksar Al Maiz,قصر المعيز,,suburb,Figuig,فكيك,32.1143835,-1.2277762,way/438481457
Ksar Hammam Fougani Ait Aamer,قصر الحمام الفوقاني آيت عامر,,suburb,Figuig,فكيك,32.1184287,-1.2177138,way/438481563
Ksar Hammam Tahtani (Ait Ouadday),قصر الحمام التحتاني (آيت وداي),,suburb,Figuig,فكيك,32.1156098,-1.2176003,way/438482152
Ksar Jouaber (Oulad Jaber),قصر الجوابر (أولاد جابر),Ksar Jouaber,neighbourhood,Figuig,فكيك,32.1152034,-1.2370443,way/438480737
Ksar Laabidate Ait Annaj,قصر لعبيدات أيت النج,,suburb,Figuig,فكيك,32.1187674,-1.2392724,way/438477460
Ksar Oudaghir Ait Addi,قصرالوداغير آيت عدي,,suburb,Figuig,فكيك,32.1156656,-1.2338114,way/438478107
Ksar Oulad Mahrez,قصر أولاد محرز,,neighbourhood,Figuig,فكيك,32.1127231,-1.2334274,way/438480963
Ksar Oulad Slimane,قصر أولاد سليمان,,suburb,Figuig,فكيك,32.1140051,-1.230193,way/438478679
Ksar Tachroumet,قصر تاشرومت,,suburb,Figuig,فكيك,32.1132742,-1.2464983,way/438481346
Ksar Zenaga,قصر زناكة,,neighbourhood,Figuig,فكيك,32.0985147,-1.236537,way/147499038
Mellah Oudaghir,ملاح الوداغير,,neighbourhood,Figuig,فكيك,32.1180782,-1.2346337,node/4381458182
Quartier Administratif,الحي الإداري,Administrative district,neighbourhood,Figuig,فكيك,32.1101617,-1.2296627,way/438482609
Quartier Baba Amar,حي بابا عمرو,Baba Amar,neighbourhood,Figuig,فكيك,32.0922481,-1.2232035,way/438533073
Quartier Berkoukes,حي بركوكس,Berkoukes,neighbourhood,Figuig,فكيك,32.0878018,-1.2377378,way/438531534
Tlat Ksar Oudaghir,ثلاث قصر الوداغير,,neighbourhood,Figuig,فكيك,32.1162882,-1.2356329,node/4405648218
Oulad Sidi Channan,,,neighbourhood,Fkih Ben Salah,الفقيه بن صالح,32.4916827,-6.7083865,node/2068126666
Al Azfa,العزفة,,neighbourhood,Fnideq,الفنيدق,35.8334565,-5.3612037,node/13484880280
Kondisa,كونديسة,,neighbourhood,Fnideq,الفنيدق,35.8386046,-5.3579982,node/13484880281
Résidence Le Méditerranéen,,,neighbourhood,Fnideq,الفنيدق,35.8557771,-5.3493672,node/5597511625
,حي رأس لوطا,,neighbourhood,Fnideq,الفنيدق,35.8448533,-5.3678971,node/13722329194
Agdal,أكدال,,suburb,Fès,فاس,34.0379627,-4.9997468,node/2184888171
Al-Adarissa,حي الأدارسة,Hay Al Adarissa,neighbourhood,Fès,فاس,34.0183147,-5.0141634,node/8555517375
Andalous,,,neighbourhood,Fès,فاس,34.0633063,-4.968805,node/1867053714
Andalous,,,neighbourhood,Fès,فاس,34.0636131,-4.9658042,node/1867053734
Aouinat el Hajjaj,,,neighbourhood,Fès,فاس,34.022152,-4.970512,node/4990211275
Aouint Hajjaj,,,neighbourhood,Fès,فاس,34.022849,-4.963444,node/5163944906
Awint Al Hajaj,,,neighbourhood,Fès,فاس,34.0205758,-4.9641019,node/5306382588
Bensouda,,,neighbourhood,Fès,فاس,34.0125609,-5.059247,node/8538789356
Bouremmana,,,neighbourhood,Fès,فاس,34.021427,-4.9923527,node/8539508652
Dar Dbibagh,دار دبيغ,,neighbourhood,Fès,فاس,34.0295238,-4.9948257,node/4978244986
El Mariniyine,المرينيين,,suburb,Fès,فاس,34.0577151,-5.0311761,node/2184888167
Fès-Médina,فاس-المدينة,فاس المدينة,suburb,Fès,فاس,34.0631192,-4.9737999,node/2184888154
Hay Atlas,حي الأطلس,,suburb,Fès,فاس,34.0307453,-4.9944127,node/8539508659
Hay Atlas,حي الاطلس,,neighbourhood,Fès,فاس,34.0324483,-4.9947825,node/8555517373
Hay Badr,حي بدر,,neighbourhood,Fès,فاس,34.0250218,-5.0195794,node/4975364119
Hay Doukkarate,حي الدكارات,,neighbourhood,Fès,فاس,34.0410849,-5.0200541,node/4847421588
Hay Ghorfa,,,neighbourhood,Fès,فاس,34.0255498,-5.0189779,node/4975360702
Hay Lalla Soukaïna,حي لالة سكينة,,neighbourhood,Fès,فاس,34.0179097,-5.025323,node/8555542935
Hay Lalla el Yakoute,,,neighbourhood,Fès,فاس,34.0628966,-4.9483988,node/2425965382
Hay Nour,حي النور,,neighbourhood,Fès,فاس,34.0230898,-5.0103518,node/5137227765
Hay Oued fes,,,neighbourhood,Fès,فاس,34.0595128,-5.0379707,node/8520737714
Hay Riad,حي الرياض,,neighbourhood,Fès,فاس,34.0261278,-5.0099827,node/5137222851
Hay Tarik,حي طارق,,neighbourhood,Fès,فاس,34.0353937,-5.0243261,node/4836132016
Hay Tarik 2,حي طارق,2,neighbourhood,Fès,فاس,34.0273728,-5.0242268,node/4847550043
Hay Tarik 2,حي طارق,2,neighbourhood,Fès,فاس,34.0286777,-5.0235972,node/4851078344
Hay Zaza,حي زازة,,neighbourhood,Fès,فاس,34.0240856,-5.0044144,node/5147876873
Jnan El Ouard,جنان الورد,,suburb,Fès,فاس,34.0575729,-4.9573848,node/2184888135
Keddane,,,neighbourhood,Fès,فاس,34.0649153,-4.9682291,node/1867044975
Lotissement Yasmine,,,neighbourhood,Fès,فاس,34.0257554,-5.0194835,node/4975360703
Massira,حي المسيرة,المسيرة | مسيرة,neighbourhood,Fès,فاس,33.9912042,-5.0590273,node/2020531833
Mont Fleuri,,,neighbourhood,Fès,فاس,34.0164884,-4.9900381,node/863968106
Oued Zitoun,,,neighbourhood,Fès,فاس,34.0617425,-4.9695968,node/5131301638
Qouas,,,neighbourhood,Fès,فاس,34.0639522,-4.9702726,node/1376686043
R'mila,,,neighbourhood,Fès,فاس,34.0654663,-4.9702455,node/1867053735
Saiss,سايس,,suburb,Fès,فاس,34.013828,-4.9847437,node/2816779301
Sidi Ahmed Chaoui,,,neighbourhood,Fès,فاس,34.0622522,-4.9771275,node/6038550556
Sidi Boujida,,,neighbourhood,Fès,فاس,34.0690138,-4.9672801,node/2665926410
Sidi Brahim,,,neighbourhood,Fès,فاس,34.0266576,-4.9877331,node/4978237289
Tarik 2,2طارق,2 | طارق,neighbourhood,Fès,فاس,34.0278485,-5.0243578,node/5056880100
Zohour 1,,,neighbourhood,Fès,فاس,34.0153264,-4.9862276,node/5224749804
Zouagha,زواغة,,suburb,Fès,فاس,34.0174142,-5.0541572,node/2184888170
Zouagha,حي زواغة,,neighbourhood,Fès,فاس,34.0154195,-5.0369015,node/5434726895
Igrem igoulmimen,,,neighbourhood,Goulmima,كلميمة,31.6910516,-4.9419374,node/1653062349
Ain Ariss,,,quarter,Haddada,حدادة,34.2242926,-6.5129632,node/10032688624
Amwaj El Jadida,,,quarter,Haouzia,حوزية,33.2443919,-8.4575102,node/12121418682
Ard Abderrahmane,,,quarter,Haouzia,حوزية,33.1939453,-8.448299,node/13082024832
Ard Labhar,,,quarter,Haouzia,حوزية,33.2484513,-8.4515732,node/13065257076
Difaf Haouzia,,,quarter,Haouzia,حوزية,33.1947097,-8.4452676,node/13082024881
Douar El Hemamda,,,quarter,Haouzia,حوزية,33.1861876,-8.483584,node/11635454208
Jawhara Annasim,,,quarter,Haouzia,حوزية,33.1932212,-8.4493007,node/11635520070
Lot. Riad Haouzia,,,quarter,Haouzia,حوزية,33.1805354,-8.4430105,node/13082024727
Arzana,أرزانة,,quarter,Harhoura,هرهورة,33.8976046,-6.9966903,node/14093403740
Beethoven,بيتهوفن,,suburb,Harhoura,هرهورة,33.9201771,-6.9595407,node/14093403753
Casino,كازينو,,quarter,Harhoura,هرهورة,33.929828,-6.9528293,node/14093403741
Contrebandiers,المهربون,Smugglers,quarter,Harhoura,هرهورة,33.9221507,-6.9623067,node/14093403745
Grenade,غرناطة,Granada,quarter,Harhoura,هرهورة,33.93935,-6.9384129,node/14094959044
Guyville,ݣيڤيل,,quarter,Harhoura,هرهورة,33.9347675,-6.9441293,node/14093403747
Harhoura Centre,وسط الهرهورة,Central Harhoura,suburb,Harhoura,هرهورة,33.9302126,-6.9471174,node/6772075446
Harhoura Centre,وسط الهرهورة,Central Harhoura,quarter,Harhoura,هرهورة,33.9253627,-6.9591402,node/14093403751
Miramar,ميرامار,,quarter,Harhoura,هرهورة,33.9462871,-6.9307426,node/14093403750
Miramar-Les Princesses,ميرامار-الأميرات,,quarter,Harhoura,هرهورة,33.9095334,-6.9800544,node/14094959041
Oued Ykem,وادي إكم,,quarter,Harhoura,هرهورة,33.8933548,-7.0008751,node/14093403752
Petit Val d'Or,فال دور الصغير,,quarter,Harhoura,هرهورة,33.9004939,-6.9944092,node/14093403748
Sable d'Or,رمال الذهب,,quarter,Harhoura,هرهورة,33.9185622,-6.9670118,node/14093403744
Salama-Manar d'Or,السلامة-منار الذهب,,quarter,Harhoura,هرهورة,33.9157173,-6.9710767,node/14093403743
Sid El Abed-Rimal,سيدي العابد-الرمال,,quarter,Harhoura,هرهورة,33.9124943,-6.97686,node/14093403742
Val d'Or,فال دور,,quarter,Harhoura,هرهورة,33.9050195,-6.9886207,node/14093403749
Val d'Or,فال دور,,suburb,Harhoura,هرهورة,33.9006456,-6.9884357,node/14094959042
Bajjou,باجو,,neighbourhood,Iaazzanène,إعزانن,35.2456772,-3.1172085,node/14148484250
Taghdamia,تغذميا,,neighbourhood,Iaazzanène,إعزانن,35.2431546,-3.1215065,node/14148495729
Tifassor,تيفاسور,,neighbourhood,Iaazzanène,إعزانن,35.240093,-3.128177,node/13953579868
Timdiqine,,,neighbourhood,Ifrane,إفران,33.5402671,-5.1190721,node/5893753145
Douar Fadrat,,,neighbourhood,Iksane,إكسان,35.1305616,-3.0282405,node/13955987419
Sidi Bouchbar,,,neighbourhood,Iksane,إكسان,35.129453,-3.032586,node/13955987420
Sidi Brahim,سيدي إبراهيم,,neighbourhood,Iksane,إكسان,35.138589,-3.030552,node/13955987418
Al Qacba Et Tahtaniya,,,quarter,Imintanoute,إيمنتانوت,31.1920739,-8.8440218,node/11222519184
Imintanoute,,,quarter,Imintanoute,إيمنتانوت,31.1788706,-8.8448794,node/11222519185
Lalla Arbiya,,,suburb,Imouzzer Kandar,إيموزار كندر,33.7331846,-5.0075514,node/4393941978
Bergem,,,neighbourhood,Imzouren,إمزورن,35.1263228,-3.8652455,node/5726984946
Jerf,جرف,,suburb,Inezgane,إنزگان,30.3473629,-9.5383219,node/3856932188
Rmel,الرمل,,suburb,Inezgane,إنزگان,30.3631583,-9.5470506,node/4038508255
Taghzout,تغزوت,,suburb,Inezgane,إنزگان,30.3618143,-9.5377416,node/4255358503
Tarasst,تراست,,suburb,Inezgane,إنزگان,30.3503073,-9.5525563,node/3848033380
les chalets,ليشالي,,neighbourhood,Inezgane,إنزگان,30.3642601,-9.5421689,node/4302926203
Haj Yahya,الحاج يحيى,,neighbourhood,Izemmouren,ازمورن,35.2287416,-3.9547777,node/13606312677
Boumzoued,بومزواد,بومزود,neighbourhood,Jbel Lahbib,جبل لحبيب,35.4705735,-5.7907182,node/13503936403
Boudraa I,حي بودراع,Boudraa I I | I,neighbourhood,Kasba Tadla,قصبة تادلة,32.5987183,-6.2721009,node/1991902680
Hay Addakhla,حي الداخلة,,suburb,Kasba Tadla,قصبة تادلة,32.5934793,-6.256994,way/260282101
Hay Al Amal,حي الامل,Al Amal,suburb,Kasba Tadla,قصبة تادلة,32.5986736,-6.2663713,way/260313814
Hay Arrashidia,حي الراشدية,,suburb,Kasba Tadla,قصبة تادلة,32.6056851,-6.275809,way/260243392
Hay Arriad,حي الرياض,,suburb,Kasba Tadla,قصبة تادلة,32.5984046,-6.2692074,way/260416874
Hay Boudra III,حي بودراع,Hay Boudraa III,neighbourhood,Kasba Tadla,قصبة تادلة,32.596276,-6.2731588,node/1991902682
Hay Boudraa II,حي بودراع,Boudraa II,neighbourhood,Kasba Tadla,قصبة تادلة,32.5981649,-6.2748733,node/1991902681
Hay Felistine,حي فلسطين,,suburb,Kasba Tadla,قصبة تادلة,32.60454,-6.2662061,way/260245105
Hay Muqawama,حي المقاومة,Muqawama,suburb,Kasba Tadla,قصبة تادلة,32.5926229,-6.2624954,way/260753011
Hay alma'mal,حي المعمل,,suburb,Kasba Tadla,قصبة تادلة,32.6117057,-6.2749474,way/260245610
Hay alwahat,حي الواحة,,suburb,Kasba Tadla,قصبة تادلة,32.5933175,-6.2526796,way/259343052
Hay arrahmat,حي الرحمة,,suburb,Kasba Tadla,قصبة تادلة,32.6081569,-6.2791431,way/260243684
Quartier administratif,الحي الإداري,Administrative District,suburb,Kasba Tadla,قصبة تادلة,32.5954891,-6.2579367,node/2027843514
Zarlelen,,,neighbourhood,Khlalfa,اخلالفة,34.677582,-4.6300521,node/3114498614
Hay Al Massira,,,quarter,Khouribga,خريبكة,32.8883746,-6.8909659,node/4033945768
Hay Dakhla,,,quarter,Khouribga,خريبكة,32.8929747,-6.9088002,node/4033945781
Hay Faraj,,,neighbourhood,Khouribga,خريبكة,32.864607,-6.9293973,node/6917210989
Hay Fath 1,,,quarter,Khouribga,خريبكة,32.8944665,-6.9295905,node/4033932067
Hay Fath 2,,,quarter,Khouribga,خريبكة,32.8945665,-6.938613,node/4033931962
Hay Iqbal,,,quarter,Khouribga,خريبكة,32.8859173,-6.9014923,node/4033946389
Hay Ryad,,,neighbourhood,Khouribga,خريبكة,32.8722827,-6.9297699,node/6917210999
Hay Yassmina 1,,,quarter,Khouribga,خريبكة,32.8900612,-6.9019332,node/4033982514
Hay Yassmina 2,,,quarter,Khouribga,خريبكة,32.8922035,-6.8919436,node/4033982511
Quartier Benjeloune,,,quarter,Khouribga,خريبكة,32.8737344,-6.8907214,node/4033450989
Quartier Hanaa 1,,,quarter,Khouribga,خريبكة,32.8699994,-6.9168093,node/4033451638
Quartier Hanaa 2,,,quarter,Khouribga,خريبكة,32.8697097,-6.9099855,node/4033451050
Quartier Labiyoute,,,quarter,Khouribga,خريبكة,32.8745301,-6.8982372,node/4033451362
Quartier Orange,,,neighbourhood,Khouribga,خريبكة,32.8992281,-6.904155,node/6916266655
Quartier Zaytouna,,,quarter,Khouribga,خريبكة,32.8677301,-6.9033889,node/4033451340
Quartier Zaytouna 3,,,quarter,Khouribga,خريبكة,32.8667521,-6.8925866,node/4033451345
Village OCP,,,quarter,Khouribga,خريبكة,32.8761721,-6.9098962,node/4033451649
El Mouna,,,quarter,Khémisset,الخميسات,33.8298379,-6.0804555,way/1524227193
Yasmine 1,,,quarter,Khémisset,الخميسات,33.8296139,-6.0875212,way/1524227191
Yasmine 2,,,quarter,Khémisset,الخميسات,33.8345405,-6.0854659,way/1524227192
Mliech el Fouki,مليش الفوقية,,neighbourhood,Ksar Sghir,القصر الصغير,35.8205623,-5.6001521,node/13994804699
Mliech ès Sefli,مليش السفلية,,neighbourhood,Ksar Sghir,القصر الصغير,35.8271736,-5.5974055,node/13994804698
,زبيدة,,neighbourhood,Ksar el-Kebir,القصر الكبير,35.0015807,-5.9142878,node/14140236634
Ain Sebaa,,,suburb,Kénitra,القنيطرة,34.2296268,-6.528318,node/6919374773
Al Bouhaira,,,suburb,Kénitra,القنيطرة,34.2383026,-6.6407752,node/12873428952
Al Houzia,,,suburb,Kénitra,القنيطرة,34.2696457,-6.6149549,node/4535739095
Al Ismailia,,,suburb,Kénitra,القنيطرة,34.2741244,-6.608235,node/4535723912
Assaknia,,,suburb,Kénitra,القنيطرة,34.2515804,-6.5485278,node/4535639066
Bab Fès,باب فاس,,suburb,Kénitra,القنيطرة,34.2693265,-6.5621896,node/4535619866
Bir Rami,,,suburb,Kénitra,القنيطرة,34.2472614,-6.6029709,node/4830988486
Bir Rami - Quest,,,neighbourhood,Kénitra,القنيطرة,34.2569584,-6.601574,way/488690067
Bir Rami est,,,neighbourhood,Kénitra,القنيطرة,34.2461009,-6.6016561,node/4535635720
Bir Rami sud,,,neighbourhood,Kénitra,القنيطرة,34.2329255,-6.6100263,node/4713663734
El Mellah,,,suburb,Kénitra,القنيطرة,34.2649142,-6.5726682,node/4675269813
Fouarat,,,suburb,Kénitra,القنيطرة,34.2531394,-6.5225199,node/4545610797
Golf,,,suburb,Kénitra,القنيطرة,34.2679741,-6.6368589,node/7696011969
Haddada,,,suburb,Kénitra,القنيطرة,34.2676705,-6.6260358,node/4702355838
Hay Al Amal,,,quarter,Kénitra,القنيطرة,34.2517173,-6.5549674,node/10027658832
Hay Al Bassatine,,,quarter,Kénitra,القنيطرة,34.2552714,-6.5222871,node/10027558789
Hay Al Inara,,,quarter,Kénitra,القنيطرة,34.2585345,-6.5576513,node/10027658836
Hay Al Ouahda,,,quarter,Kénitra,القنيطرة,34.2555019,-6.5500119,node/10027658834
Hay El Amal,,,quarter,Kénitra,القنيطرة,34.2428496,-6.5371044,node/10032595957
Hay Essalam,,,quarter,Kénitra,القنيطرة,34.2566402,-6.5548983,node/10027658835
Hay Lalla Meryem,,,quarter,Kénitra,القنيطرة,34.257291,-6.5473973,node/10027658837
Hay Maamora,,,quarter,Kénitra,القنيطرة,34.2426287,-6.5528144,node/10027558790
Hay Nahda,,,quarter,Kénitra,القنيطرة,34.2531661,-6.5521319,node/10027658833
Hay Ouled Arfaa,,,quarter,Kénitra,القنيطرة,34.2415775,-6.5400629,node/10033834768
Hay Rabia,,,quarter,Kénitra,القنيطرة,34.2560193,-6.5451915,node/10027658838
Hay Safaa,,,quarter,Kénitra,القنيطرة,34.2443171,-6.5464988,node/10027558791
Jnane,,,suburb,Kénitra,القنيطرة,34.2243742,-6.61938,node/11810503234
Khabbazate,,,suburb,Kénitra,القنيطرة,34.2629294,-6.5653434,node/4549812258
La Cigogne,,,suburb,Kénitra,القنيطرة,34.2594252,-6.5684942,node/4535629665
La Ville Haute,,,suburb,Kénitra,القنيطرة,34.2609146,-6.5902809,node/4549825193
Le Valon,,,suburb,Kénitra,القنيطرة,34.2619159,-6.6057494,way/475612620
Les Jardins de Hellala,,,suburb,Kénitra,القنيطرة,34.2252109,-6.6419097,node/12903840767
Maamora,,,suburb,Kénitra,القنيطرة,34.2583411,-6.5830166,node/4535719834
Maghreb Al Arabi,,,suburb,Kénitra,القنيطرة,34.2538313,-6.6112252,node/4535632010
Mimosa,,,neighbourhood,Kénitra,القنيطرة,34.2548715,-6.5918093,node/5083826370
Ouled Oujih,,,suburb,Kénitra,القنيطرة,34.2595543,-6.6218953,node/4535648452
Sayad,,,suburb,Kénitra,القنيطرة,34.2691527,-6.6053381,node/4535726906
hay El Wafaa,,,quarter,Kénitra,القنيطرة,34.2304611,-6.5467341,node/10032595956
Aïn Dalia Kebira,عين الدالية الكبيرة,,neighbourhood,Laaouama,العوامة,35.662856,-5.839937,node/13954683766
Dchar el Aouama,العوامة الدشر,,neighbourhood,Laaouama,العوامة,35.7219982,-5.7956061,node/4997742325
Ghendak Aïn Dalia,عين الدالية الصغيرة,,neighbourhood,Laaouama,العوامة,35.671821,-5.834797,node/13605704235
El Fadl,,,quarter,Lahraouyine,الهراويين,33.5593611,-7.5091747,node/10177380870
Hay el Wahda,,,neighbourhood,Lahraouyine,الهراويين,33.54447,-7.5437935,node/3769564850
Nouvelle Lahraouyine,,,neighbourhood,Lahraouyine,الهراويين,33.5278213,-7.5264416,node/3027565775
Centro de Lajsas,,,quarter,Lakhsas,الأخصاص,29.3558693,-9.7559952,node/9920940779
Oulad Mezbah bou Charène,,,neighbourhood,Laouamra,العوامرة,35.1219052,-6.0787593,node/13952854903
Sidi Bouhammed,,Sidi Buhamed,neighbourhood,Laouamra,العوامرة,35.1136415,-6.076805,node/13504465664
,ولاد حمو الغابة,,neighbourhood,Laouamra,العوامرة,35.1096253,-6.1258928,node/13994571628
,ولاد حمو سميد الماء,,neighbourhood,Laouamra,العوامرة,35.1088956,-6.1361506,node/13994571627
Casbah,,,neighbourhood,Larache,العرائش,35.1965366,-6.1494792,node/13606312674
Hay Hadjira,,,neighbourhood,Larache,العرائش,35.197501,-6.1506593,node/13606312675
Hay Kbibat,,,neighbourhood,Larache,العرائش,35.197878,-6.1522472,node/13606312676
Al Qassam,حي القسم,,neighbourhood,Laâyoune,العيون,27.1613476,-13.2172658,node/5746070070
Alaouda,حي العودة,,neighbourhood,Laâyoune,العيون,27.1327507,-13.1641041,node/4510208590
Cité administrative,الحي الإداري,,neighbourhood,Laâyoune,العيون,27.1571926,-13.2025308,node/9626790374
Laâyoune Souk Jemal,,,suburb,Laâyoune,العيون,27.161,-13.214,node/11185624244
Cité de la Lagune,حي البحيرة,,neighbourhood,Loualidia,الوليدية,32.7340067,-9.0365126,node/5089690780
Aït Dara,,,neighbourhood,Louta,الوطا,35.1084211,-3.8932378,node/13609738650
Aït Isnar,,,neighbourhood,Louta,الوطا,35.112811,-3.893308,node/13609738646
Iaakien,أعكيين,,neighbourhood,Louta,الوطا,35.1088847,-3.888484,node/9551906198
Bouzeghlal,,,neighbourhood,M'Diq,المضيق,35.6980634,-5.3469325,node/4620409976
Jawhara Smir,,,neighbourhood,M'Diq,المضيق,35.7499604,-5.3486252,node/13606312680
Maha Beach Resort,,,neighbourhood,M'Diq,المضيق,35.6586498,-5.2941252,node/4943770727
Marina Smir,,,neighbourhood,M'Diq,المضيق,35.7485605,-5.3455755,node/2591757336
Hay Chrarba,,,neighbourhood,Madagh,مداغ,35.1027937,-2.33674,node/3787866305
Hay Essalam,,,suburb,Madagh,مداغ,35.0160831,-2.3455481,node/4751728824
Al Fadel,,,neighbourhood,Marrakech,مراكش,31.6775717,-8.0242961,way/302781463
Ambre Marrekesch Gold City,,,neighbourhood,Marrakech,مراكش,31.602118,-8.0032416,way/592824807
Amerchich,,,neighbourhood,Marrakech,مراكش,31.6695899,-8.0044112,node/1407863212
Annakhil,النخيل,,suburb,Marrakech,مراكش,31.6509445,-7.9592152,node/2164767801
Assif,اسيف,,neighbourhood,Marrakech,مراكش,31.6543389,-8.0056702,node/7264948884
Azli,أزلي,,neighbourhood,Marrakech,مراكش,31.6233704,-8.0530254,node/7264896098
Azli,أزلي,,neighbourhood,Marrakech,مراكش,31.6234522,-8.0540472,node/12116908871
Azli Sud,,,neighbourhood,Marrakech,مراكش,31.6157534,-8.0501427,node/7264896099
Bab Doukkala,,,neighbourhood,Marrakech,مراكش,31.632227,-7.9970272,node/595960402
Badii City,,,neighbourhood,Marrakech,مراكش,31.6627851,-8.004309,node/1407863219
Belbekkar,بلبكار,,neighbourhood,Marrakech,مراكش,31.6549977,-7.9875592,node/7264896101
Bin Laqchali,بين القشالي,,neighbourhood,Marrakech,مراكش,31.6436983,-8.0367202,node/7264948880
Derb Lalla Aouich,,,quarter,Marrakech,مراكش,31.6352053,-7.9878398,node/6002434152
Douar Chouhada,,,neighbourhood,Marrakech,مراكش,31.5970564,-7.9605552,node/4246740641
Douar Graoua,,,neighbourhood,Marrakech,مراكش,31.6245882,-7.9844037,node/660578123
Douar Iziki,دوار إزيكي,,neighbourhood,Marrakech,مراكش,31.6256553,-8.0636222,node/7264896097
El Hara,,,quarter,Marrakech,مراكش,31.630282,-8.0005404,node/6475678437
Guéliz,گليز,كليز,suburb,Marrakech,مراكش,31.6321881,-8.0108135,node/595960397
Hay Andalaous,,,neighbourhood,Marrakech,مراكش,31.6743104,-8.0018402,node/1407863230
Hay Hassani,,,neighbourhood,Marrakech,مراكش,31.6308031,-8.0447225,node/2255736185
Hay Zitoun,حي الزيتون,,neighbourhood,Marrakech,مراكش,31.6386107,-8.0367845,node/7264948881
Ibn Tofail,,,neighbourhood,Marrakech,مراكش,31.6676271,-8.0071196,node/1407863236
Inara,إنارة,,neighbourhood,Marrakech,مراكش,31.6410774,-8.0530988,node/7264875244
Issil,إسيل,,neighbourhood,Marrakech,مراكش,31.6592655,-8.0098679,node/7264948883
Issil,إسيل,,suburb,Marrakech,مراكش,31.6594907,-8.0111057,way/690224420
Kennaria,,,neighbourhood,Marrakech,مراكش,31.6259149,-7.985878,node/660578124
L'Hivernage,الحي الشتوي,,neighbourhood,Marrakech,مراكش,31.6225589,-8.0083128,node/7264948882
Lalla Hiya,لالة حية,,neighbourhood,Marrakech,مراكش,31.6503599,-8.0445698,node/7264875245
M'hamid,محاميد,,quarter,Marrakech,مراكش,31.5912101,-8.0477137,node/2206191207
Masmoudi,المصمودي,,neighbourhood,Marrakech,مراكش,31.6527663,-8.0547755,node/4258612948
Massira 3,,,neighbourhood,Marrakech,مراكش,31.6441587,-8.065229,node/3942697014
Massira2,,,neighbourhood,Marrakech,مراكش,31.6342744,-8.0665235,node/2255736116
Mechouar Kasbah,المشور القصبة,commune urbaine Méchouar Kasba,neighbourhood,Marrakech,مراكش,31.6239569,-7.987207,node/660578075
Medina,المدينة,,suburb,Marrakech,مراكش,31.6329766,-7.9884912,node/660578140
Menara,المنارة,,suburb,Marrakech,مراكش,31.6285553,-8.0575498,node/2164767802
Mouassine,,,neighbourhood,Marrakech,مراكش,31.6302329,-7.9900164,node/660578135
Quartier des tanneurs,,The Tanneries of Marrakech,neighbourhood,Marrakech,مراكش,31.6337142,-7.9788746,node/2284525756
Sakar,صقر,,neighbourhood,Marrakech,مراكش,31.659438,-8.0003914,node/1407863304
Sanaoubar,صنوبر,,neighbourhood,Marrakech,مراكش,31.6686216,-8.0280919,node/4262364214
Sidi Abbad,سيدي عباد,,neighbourhood,Marrakech,مراكش,31.654225,-8.0162102,node/4147079714
Sidi Youb,,,neighbourhood,Marrakech,مراكش,31.6286151,-7.9805477,node/3431275493
Sidi Youssef Ben Ali,سيدي يوسف بن علي,,suburb,Marrakech,مراكش,31.6090052,-7.9679007,node/2164767800
Socoma,,,neighbourhood,Marrakech,مراكش,31.6192533,-8.064403,node/4251945873
Taqaddoum,حي التقدم,,neighbourhood,Marrakech,مراكش,31.651777,-7.9923741,node/7264896100
Ahrik,,,neighbourhood,Martil,مرتيل,35.6253968,-5.2843549,node/6897145426
Hay Catalan,,,neighbourhood,Martil,مرتيل,35.6224798,-5.2817961,node/6897145499
Hay Chbar,,,neighbourhood,Martil,مرتيل,35.6235614,-5.2780627,node/6897145333
Hay Miramar,,,neighbourhood,Martil,مرتيل,35.6196717,-5.272119,node/6897145381
Hay Mixta,,,neighbourhood,Martil,مرتيل,35.618599,-5.2849077,node/6897145502
Hay Oued Elmalh,,,neighbourhood,Martil,مرتيل,35.6329094,-5.2875368,node/6897145445
Les Parcs de l'Agdal,,,neighbourhood,Mechouar Kasbah,المشور القصبة,31.5989334,-7.9998564,way/685013694
Zone Touristique de l'Agdal,,,suburb,Mechouar Kasbah,المشور القصبة,31.5952858,-7.9892069,node/1406562721
Alliance,,,suburb,Mehdya,المهدية,34.2481662,-6.6546713,node/11810492219
ERAC,,,neighbourhood,Mehdya,المهدية,34.2632068,-6.6445362,way/723813177
Kasbat el Mehdia,,,suburb,Mehdya,المهدية,34.2607615,-6.6495437,node/4535652068
Sec 8,,,neighbourhood,Mehdya,المهدية,34.2605948,-6.6535772,node/6637123885
Tissir,,,suburb,Mehdya,المهدية,34.2518708,-6.639593,node/11810492220
Al Ghorfa 1,,,suburb,Meknès,مكناس,33.8669605,-5.5401987,node/3379582137
Al Ghorfa 2,,,suburb,Meknès,مكناس,33.8617873,-5.5476014,node/3379583184
Al Wifaq,,,suburb,Meknès,مكناس,33.8978109,-5.57953,node/3142535281
Al mensour,,,suburb,Meknès,مكناس,33.8736509,-5.5817412,node/3142531171
Camélia,,,suburb,Meknès,مكناس,33.8812899,-5.5775473,node/3142530729
Diour Salam,,,suburb,Meknès,مكناس,33.8832206,-5.5734512,node/3142523664
El Borj Al Machqoq,,,suburb,Meknès,مكناس,33.883261,-5.5769358,node/3142533758
Hay Al Youmne,حي اليومن,,quarter,Meknès,مكناس,33.9112359,-5.5230918,way/1551627129
Hay Alamane,,,suburb,Meknès,مكناس,33.8860503,-5.5770483,node/3370696842
Hay Takadoum,,,suburb,Meknès,مكناس,33.8850843,-5.5769753,node/3390967825
Hay salam,,,suburb,Meknès,مكناس,33.8940706,-5.5816543,node/3142530733
Jnane Ben Halima,,,neighbourhood,Meknès,مكناس,33.8804707,-5.553356,node/6006594243
Lotissement Salam II,,,suburb,Meknès,مكناس,33.896939,-5.5872606,node/3215072293
Lotissement Saramito,,,neighbourhood,Meknès,مكناس,33.8746759,-5.5635898,node/5625783246
Marjane,,,suburb,Meknès,مكناس,33.8658205,-5.5849201,node/3152096728
Marjane Amicale,,,neighbourhood,Meknès,مكناس,33.8542508,-5.561725,way/936736474
Mellah,,,neighbourhood,Meknès,مكناس,33.8923599,-5.5693456,node/2237321103
Oualili,وليلي,,suburb,Meknès,مكناس,33.9140465,-5.5757372,node/3972629150
Oujeh Arous,,,suburb,Meknès,مكناس,33.9028689,-5.5775366,node/3142535044
Qobbat Souk,قبة السوق,,suburb,Meknès,مكناس,33.8947861,-5.5682739,node/3125646027
Riad,,,suburb,Meknès,مكناس,33.8881926,-5.5701777,node/3142530277
Sbata,,,suburb,Meknès,مكناس,33.8807662,-5.5668732,node/3142533759
Sidi Baba,سيدي بابا,,suburb,Meknès,مكناس,33.9093845,-5.5784026,node/3410280308
Sidi Bouzekri,سيدي بوزكري,,suburb,Meknès,مكناس,33.8588975,-5.5329894,node/3142536379
Zahwa,,,suburb,Meknès,مكناس,33.8709161,-5.53325,node/3152095002
Zaytoun,,,suburb,Meknès,مكناس,33.8670544,-5.549823,node/3142546719
Centre,,,neighbourhood,Mohammédia,المحمدية,33.6989311,-7.3887783,node/8391222407
Facultés,,,neighbourhood,Mohammédia,المحمدية,33.7049934,-7.3575943,node/8391233305
Industries,,,neighbourhood,Mohammédia,المحمدية,33.6725507,-7.4304711,node/8391233398
Lotissement Monica,,,neighbourhood,Mohammédia,المحمدية,33.7121484,-7.3550503,node/4166709149
Massira Hassania,,,neighbourhood,Mohammédia,المحمدية,33.685229,-7.3792832,node/8391233322
5ème Tranche,,,quarter,Moulay Abdellah Amghar,مولاي عبد الله,33.2169136,-8.5615363,node/13051095081
Alhambra,,,quarter,Moulay Abdellah Amghar,مولاي عبد الله,33.228221,-8.543951,node/13052311686
Bel-Air,,,quarter,Moulay Abdellah Amghar,مولاي عبد الله,33.2353688,-8.5473264,node/13056178260
Calabonita,,,quarter,Moulay Abdellah Amghar,مولاي عبد الله,33.2291289,-8.5430972,node/13055158553
Coopérative El Basma,,,quarter,Moulay Abdellah Amghar,مولاي عبد الله,33.2194927,-8.5588274,node/13051334637
Cos'One 2,,,quarter,Moulay Abdellah Amghar,مولاي عبد الله,33.2207965,-8.5588163,node/13051095086
Costa Blanca,,,quarter,Moulay Abdellah Amghar,مولاي عبد الله,33.2213476,-8.5570393,node/13051334658
Diamant Vert 1,,,quarter,Moulay Abdellah Amghar,مولاي عبد الله,33.2275052,-8.5455858,node/13051844649
Diamant Vert 2,,,quarter,Moulay Abdellah Amghar,مولاي عبد الله,33.2270475,-8.5462635,node/13051844641
Diamant Vert 3,,,quarter,Moulay Abdellah Amghar,مولاي عبد الله,33.2155247,-8.559798,node/13051844630
Diamant Vert 5,,,quarter,Moulay Abdellah Amghar,مولاي عبد الله,33.2144982,-8.5602386,node/13058257454
Diamant Vert 7,,,quarter,Moulay Abdellah Amghar,مولاي عبد الله,33.2184536,-8.5558732,node/13051328571
Diamant Vert 8,,,quarter,Moulay Abdellah Amghar,مولاي عبد الله,33.2173107,-8.5550435,node/13051328581
Diamant Vert 9,,,quarter,Moulay Abdellah Amghar,مولاي عبد الله,33.2222562,-8.5550954,node/13057226444
Douar Daijat,,,quarter,Moulay Abdellah Amghar,مولاي عبد الله,33.1916569,-8.5908104,node/13983100088
El Castillo,,,quarter,Moulay Abdellah Amghar,مولاي عبد الله,33.224838,-8.5483398,node/13051334610
El Kfitat,دوار الكفيتات,Douar El Kfitat,quarter,Moulay Abdellah Amghar,مولاي عبد الله,33.190418,-8.5027893,node/13040989636
El Queriwat,دوار القريوات,Douar El Queriwat,quarter,Moulay Abdellah Amghar,مولاي عبد الله,33.1919623,-8.5006221,node/13040989635
Five Brother,,,quarter,Moulay Abdellah Amghar,مولاي عبد الله,33.2155358,-8.5692355,node/13056178248
Hacienda 1,,,quarter,Moulay Abdellah Amghar,مولاي عبد الله,33.2279359,-8.5501879,node/13050108381
Hacienda 2,,,quarter,Moulay Abdellah Amghar,مولاي عبد الله,33.2250871,-8.5525424,node/13050115435
Hay Al Baraka,,,quarter,Moulay Abdellah Amghar,مولاي عبد الله,33.2143794,-8.5646987,node/13051095055
Hay El Massira 1,,,quarter,Moulay Abdellah Amghar,مولاي عبد الله,33.1937458,-8.5934177,node/13063982707
Hay El Massira 2,,,quarter,Moulay Abdellah Amghar,مولاي عبد الله,33.1893034,-8.5955587,node/13063982776
Haymills Beach,,,quarter,Moulay Abdellah Amghar,مولاي عبد الله,33.2168036,-8.5674153,node/13050638112
Ile des Sables,,,quarter,Moulay Abdellah Amghar,مولاي عبد الله,33.2163688,-8.5661155,node/13065098087
La Perla,,,quarter,Moulay Abdellah Amghar,مولاي عبد الله,33.2253349,-8.5497596,node/13051343314
Les Chalets,,,quarter,Moulay Abdellah Amghar,مولاي عبد الله,33.2217021,-8.5555554,node/13051095097
Les Jardins de Mazagan,,,quarter,Moulay Abdellah Amghar,مولاي عبد الله,33.2296289,-8.5405985,node/13065098100
Lot. Al Akhawayne,,,quarter,Moulay Abdellah Amghar,مولاي عبد الله,33.1991418,-8.5792261,node/13064975623
Lot. Al Bassma,,,quarter,Moulay Abdellah Amghar,مولاي عبد الله,33.2040234,-8.5819974,node/13983100045
Lot. Al Fadel,,,quarter,Moulay Abdellah Amghar,مولاي عبد الله,33.2409257,-8.5442441,node/13982948505
Lot. Al Kawtar,,,quarter,Moulay Abdellah Amghar,مولاي عبد الله,33.2420735,-8.5436616,node/13056178236
Lot. Al Manal,,,quarter,Moulay Abdellah Amghar,مولاي عبد الله,33.2203385,-8.5560619,node/13982948546
Lot. Al Massira 3,,,quarter,Moulay Abdellah Amghar,مولاي عبد الله,33.1921432,-8.594671,node/13064503631
Lot. Al Mouhit,,,quarter,Moulay Abdellah Amghar,مولاي عبد الله,33.2015113,-8.5838249,node/13983100046
Lot. Amina,,,quarter,Moulay Abdellah Amghar,مولاي عبد الله,33.2044438,-8.5809745,node/13064431986
Lot. Atlas,,,quarter,Moulay Abdellah Amghar,مولاي عبد الله,33.2362595,-8.5466223,node/13982948541
Lot. Badr,,,quarter,Moulay Abdellah Amghar,مولاي عبد الله,33.221091,-8.5431379,node/13069393253
Lot. Baraka T6 T7,,,quarter,Moulay Abdellah Amghar,مولاي عبد الله,33.2126131,-8.5628119,node/13065098085
Lot. Ben Lahsen,,,quarter,Moulay Abdellah Amghar,مولاي عبد الله,33.1905468,-8.5894259,node/13064975621
Lot. Ben Rkia,,,quarter,Moulay Abdellah Amghar,مولاي عبد الله,33.2007621,-8.5800033,node/13064432013
Lot. Chammaya,,,quarter,Moulay Abdellah Amghar,مولاي عبد الله,33.2281281,-8.547174,node/13982948544
Lot. Dar Ghazza 2,,,quarter,Moulay Abdellah Amghar,مولاي عبد الله,33.2023255,-8.5831026,node/13064503629
Lot. El Kamal,,,quarter,Moulay Abdellah Amghar,مولاي عبد الله,33.2284782,-8.5490495,node/13051875597
Lot. El Khair 2,,,quarter,Moulay Abdellah Amghar,مولاي عبد الله,33.1997295,-8.5821603,node/13064503630
Lot. Ennasser 7,,,quarter,Moulay Abdellah Amghar,مولاي عبد الله,33.2267983,-8.5502113,node/13065098091
Lot. Essabil,,,quarter,Moulay Abdellah Amghar,مولاي عبد الله,33.2212315,-8.5530837,node/13051328598
Lot. Essafaa (Al Khair),,,quarter,Moulay Abdellah Amghar,مولاي عبد الله,33.2204026,-8.5540625,node/13065098088
Lot. Essalam A,,,quarter,Moulay Abdellah Amghar,مولاي عبد الله,33.2006722,-8.5835024,node/13063982725
Lot. Gaza,,,quarter,Moulay Abdellah Amghar,مولاي عبد الله,33.2027493,-8.5824499,node/13064026316
Lot. Ghita,,,quarter,Moulay Abdellah Amghar,مولاي عبد الله,33.2150023,-8.5632642,node/13058257458
Lot. Hassar,,,quarter,Moulay Abdellah Amghar,مولاي عبد الله,33.2267512,-8.5515147,node/13050108372
Lot. Hiba,,,quarter,Moulay Abdellah Amghar,مولاي عبد الله,33.1990423,-8.579877,node/13064975624
Lot. Imane,,,quarter,Moulay Abdellah Amghar,مولاي عبد الله,33.216809,-8.5579472,node/13051849152
Lot. Ismail,,,quarter,Moulay Abdellah Amghar,مولاي عبد الله,33.231323,-8.5469084,node/13982948542
Lot. Kasraoui,,,quarter,Moulay Abdellah Amghar,مولاي عبد الله,33.2268933,-8.5484373,node/13982948545
Lot. Khabbar,,,quarter,Moulay Abdellah Amghar,مولاي عبد الله,33.201754,-8.5808062,node/13064431999
Lot. Khalil,,,quarter,Moulay Abdellah Amghar,مولاي عبد الله,33.1915593,-8.5849228,node/13983100067
Lot. Lamkataa,,,quarter,Moulay Abdellah Amghar,مولاي عبد الله,33.2020514,-8.5838893,node/13983100052
Lot. Malak,,,quarter,Moulay Abdellah Amghar,مولاي عبد الله,33.2050303,-8.5811301,node/13064431989
Lot. Manarat Sidi Bouzid,,,quarter,Moulay Abdellah Amghar,مولاي عبد الله,33.2136015,-8.5610365,node/13051095072
Lot. Mzayrira,,,quarter,Moulay Abdellah Amghar,مولاي عبد الله,33.2273992,-8.5492261,node/13065098090
Lot. Ocean Belle Vue,,,quarter,Moulay Abdellah Amghar,مولاي عبد الله,33.2305848,-8.5489521,node/13065098092
Lot. Rizq,,,quarter,Moulay Abdellah Amghar,مولاي عبد الله,33.2290936,-8.5476939,node/13050631380
Lot. Saad,,,quarter,Moulay Abdellah Amghar,مولاي عبد الله,33.2036077,-8.5815255,node/13064503628
Lot. Sable d'Or,,,quarter,Moulay Abdellah Amghar,مولاي عبد الله,33.2350612,-8.5477171,node/13065098097
Lot. Saniat Al Arab,,,quarter,Moulay Abdellah Amghar,مولاي عبد الله,33.1947217,-8.5914668,node/13064975631
Lot. Sikal,,,quarter,Moulay Abdellah Amghar,مولاي عبد الله,33.2256755,-8.5506579,node/13065098089
Lot. Tit,,,quarter,Moulay Abdellah Amghar,مولاي عبد الله,33.1994382,-8.5827163,node/13063982735
Lot. Toubkal,,,quarter,Moulay Abdellah Amghar,مولاي عبد الله,33.2316571,-8.5472119,node/13065098096
Marjana,,,quarter,Moulay Abdellah Amghar,مولاي عبد الله,33.2277805,-8.5444633,node/13052311683
Mers Beach,,,quarter,Moulay Abdellah Amghar,مولاي عبد الله,33.2186136,-8.5536872,node/13051279713
Nassim El Bahr,,,quarter,Moulay Abdellah Amghar,مولاي عبد الله,33.2285553,-8.5394893,node/12155477431
Nourou Ssamaa,,,quarter,Moulay Abdellah Amghar,مولاي عبد الله,33.2400517,-8.5452805,node/13055158587
Palmiers 10,,,quarter,Moulay Abdellah Amghar,مولاي عبد الله,33.2271721,-8.5352038,node/12001190126
Palmiers 11,,,quarter,Moulay Abdellah Amghar,مولاي عبد الله,33.2299673,-8.539019,node/12155477450
Pavillon Bleu,,,quarter,Moulay Abdellah Amghar,مولاي عبد الله,33.2390841,-8.5460101,node/13055158570
Russibis B,,,quarter,Moulay Abdellah Amghar,مولاي عبد الله,33.2207296,-8.5555702,node/13051334620
Ryad Sidi Bouzid,,,quarter,Moulay Abdellah Amghar,مولاي عبد الله,33.216115,-8.5581263,node/13051334711
Résidence Al Bahara,,,quarter,Moulay Abdellah Amghar,مولاي عبد الله,33.2300503,-8.5420458,node/13055158561
Résidence Al Waha,,,quarter,Moulay Abdellah Amghar,مولاي عبد الله,33.2151156,-8.5589562,node/13051334664
Résidence Amitié,,,quarter,Moulay Abdellah Amghar,مولاي عبد الله,33.2346459,-8.5480573,node/13051343311
Résidence Aya,,,quarter,Moulay Abdellah Amghar,مولاي عبد الله,33.2307458,-8.541052,node/13051334700
Résidence Belle Vue,,,quarter,Moulay Abdellah Amghar,مولاي عبد الله,33.2184112,-8.5581046,node/13051849158
Résidence Ben Allal,,,quarter,Moulay Abdellah Amghar,مولاي عبد الله,33.2139419,-8.4940907,node/12387798118
Résidence Boumane 1,,,quarter,Moulay Abdellah Amghar,مولاي عبد الله,33.223231,-8.5539268,node/13051334708
Résidence Boumane 2,,,quarter,Moulay Abdellah Amghar,مولاي عبد الله,33.2149764,-8.5585395,node/13051334667
Résidence Boumane 3,,,quarter,Moulay Abdellah Amghar,مولاي عبد الله,33.2341404,-8.5473831,node/13051343304
Résidence Crédit Agricole,,,quarter,Moulay Abdellah Amghar,مولاي عبد الله,33.2327178,-8.5504328,node/13982948550
Résidence Dalia,,,quarter,Moulay Abdellah Amghar,مولاي عبد الله,33.2421393,-8.5447487,node/13056178244
Résidence El Menzeh,,,quarter,Moulay Abdellah Amghar,مولاي عبد الله,33.2266557,-8.5470291,node/13051362169
Résidence El Omari,,,quarter,Moulay Abdellah Amghar,مولاي عبد الله,33.2149426,-8.5619449,node/13051095076
Résidence Hamza,,,quarter,Moulay Abdellah Amghar,مولاي عبد الله,33.2194858,-8.5562917,node/13051328585
Résidence Kabila,,,quarter,Moulay Abdellah Amghar,مولاي عبد الله,33.2177699,-8.5570522,node/13058257466
Résidence Les Roseries,,,quarter,Moulay Abdellah Amghar,مولاي عبد الله,33.2285522,-8.546427,node/13050631394
Résidence Marbella,,,quarter,Moulay Abdellah Amghar,مولاي عبد الله,33.2146098,-8.5613539,node/13050638141
Résidence Marwa,,,quarter,Moulay Abdellah Amghar,مولاي عبد الله,33.2157946,-8.5583588,node/13050638149
Résidence Marwa 2,,,quarter,Moulay Abdellah Amghar,مولاي عبد الله,33.2147642,-8.5695525,node/13051362181
Résidence Nour Amira,,,quarter,Moulay Abdellah Amghar,مولاي عبد الله,33.209907,-8.5806128,node/13094872993
Résidence Oasis,,,quarter,Moulay Abdellah Amghar,مولاي عبد الله,33.2151184,-8.5669982,node/13050638127
Résidence Oumaima,,,quarter,Moulay Abdellah Amghar,مولاي عبد الله,33.2194553,-8.5570446,node/13051334673
Résidence Palmier,,,quarter,Moulay Abdellah Amghar,مولاي عبد الله,33.2192985,-8.5526957,node/13051362191
Résidence Palmiers 6,,,quarter,Moulay Abdellah Amghar,مولاي عبد الله,33.2106925,-8.4948355,node/12387798149
Résidence Riad Annakhil,,,quarter,Moulay Abdellah Amghar,مولاي عبد الله,33.2258442,-8.5467418,node/13051334686
Résidence Rizq,,,quarter,Moulay Abdellah Amghar,مولاي عبد الله,33.2195412,-8.5596181,node/13050638107
Résidence Russibbus,,,quarter,Moulay Abdellah Amghar,مولاي عبد الله,33.2193331,-8.5576905,node/13058257461
Résidence Santa,,,quarter,Moulay Abdellah Amghar,مولاي عبد الله,33.2208144,-8.5594756,node/13052311676
Résidence Sokhour,,,quarter,Moulay Abdellah Amghar,مولاي عبد الله,33.2160781,-8.5666245,node/13050638133
Résidence Zina,,,quarter,Moulay Abdellah Amghar,مولاي عبد الله,33.2175434,-8.5591822,node/13050638156
SNEP,,,quarter,Moulay Abdellah Amghar,مولاي عبد الله,33.2244176,-8.5526265,node/13058257445
Sidi Bouzid 1,,,quarter,Moulay Abdellah Amghar,مولاي عبد الله,33.2147256,-8.5607527,node/13058257452
Sidi Bouzid 2,,,quarter,Moulay Abdellah Amghar,مولاي عبد الله,33.215033,-8.5624845,node/13058257457
Vague D'Or,,,quarter,Moulay Abdellah Amghar,مولاي عبد الله,33.2372587,-8.5467754,node/13055158565
Villas Joury,,,quarter,Moulay Abdellah Amghar,مولاي عبد الله,33.2386384,-8.5458089,node/13055158543
Widadiat Nour Essakin,,,quarter,Moulay Abdellah Amghar,مولاي عبد الله,33.2212344,-8.5562171,node/13058257451
ÔBateau,,,quarter,Moulay Abdellah Amghar,مولاي عبد الله,33.22478,-8.547401,node/13051339282
Ouled Mellouk,أولاد ملوك,,neighbourhood,Mtalssa,أمطالسة,34.9898726,-3.4656495,node/8392206665
Douar Dar Dbaa,,,quarter,Mzefroune,امزفرون,34.892992,-5.7610568,node/11622412309
Fes Jdid,فاس الجديد,,quarter,Méchouar Fès Jdid,المشور فاس الجديد,34.0559324,-4.9908304,node/11210212272
Mellah,الملاح,,neighbourhood,Méchouar Fès Jdid,المشور فاس الجديد,34.0520827,-4.9902949,way/194132852
Moulay Abdellah,,,quarter,Méchouar Fès Jdid,المشور فاس الجديد,34.0571617,-4.9935801,node/11210212271
Habous,الحبوس,,suburb,Méchouar de Casablanca,مشور الدار البيضاء,33.5774555,-7.6063917,node/3124322130
Méchouar,المشور,Méchouar de Casablanca | مشور الدار البيضاء,suburb,Méchouar de Casablanca,مشور الدار البيضاء,33.5804168,-7.6027345,node/3426951233
El Kindi,الكندي,,neighbourhood,Nador,الناظور,35.1684903,-2.9278983,node/8495202668
Hay Oulad Boutaïeb,,,neighbourhood,Nador,الناظور,35.1751463,-2.9515452,node/8495202664
Hay al Matar,حي المطار,,neighbourhood,Nador,الناظور,35.1501931,-2.9183282,node/8495202665
Mazouza,,,neighbourhood,Nador,الناظور,35.163045,-2.917979,node/13955987415
Oulad Mimoun,أولاد ميمون,,neighbourhood,Nador,الناظور,35.1706478,-2.9363971,node/8495202667
Quartier Administratif,الحي الإداري,,neighbourhood,Nador,الناظور,35.1751029,-2.9255379,node/8495202666
Ait Abdallah,,,quarter,Nfifa,نفيفة,31.2057804,-8.8524832,node/11222519188
Ait Mchkpouk,,,quarter,Nfifa,نفيفة,31.2084334,-8.8528935,node/11222519190
Ait Yahia,,,quarter,Nfifa,نفيفة,31.2021918,-8.8523531,node/11222519189
Bouyigra,,,quarter,Nfifa,نفيفة,31.2109018,-8.8511562,node/11222519192
Dwafa,,,quarter,Nfifa,نفيفة,31.2386692,-8.8504025,node/11222519196
Es Skaykima,,,quarter,Nfifa,نفيفة,31.2293926,-8.8569412,node/11222519194
Es Skaykima,,,quarter,Nfifa,نفيفة,31.2373498,-8.8665412,node/11222519195
Laqcayba,,,quarter,Nfifa,نفيفة,31.2325685,-8.8485762,node/11222519197
Oumwachfal,,,quarter,Nfifa,نفيفة,31.207825,-8.8435229,node/11222519187
Taghjajt,,,quarter,Nfifa,نفيفة,31.2026378,-8.8429946,node/11222519186
Toukhribine,,,quarter,Nfifa,نفيفة,31.2141275,-8.8508988,node/11222519193
Bouaallaga,بوعلاكة,,neighbourhood,Ouad Essafa,وادي الصفاء,30.2162377,-9.3916794,node/2511250435
Lhaj Ali,الحاج علي,,neighbourhood,Ouad Essafa,وادي الصفاء,30.1693245,-9.3619218,node/2505574156
Al Qods,القدس,,suburb,Ouarzazate,ورزازات,30.9268978,-6.8932247,way/475136035
El Wahda,حي الوحدة,,suburb,Ouarzazate,ورزازات,30.9295856,-6.9022542,way/475133577
,أناتيم,,neighbourhood,Ouarzazate,ورزازات,30.9324771,-6.8852526,node/13984332331
Douar Bni Khallad,,,quarter,Oued El Makhazine,واد المخازن,34.9171868,-5.8168723,node/11622412310
Douar Ktama,,,quarter,Oued El Makhazine,واد المخازن,34.9202481,-5.8361086,node/11622412311
Douar Maymouna,,,quarter,Oued El Makhazine,واد المخازن,34.9160197,-5.7780561,node/11622412308
Hay Al Massira,,,neighbourhood,Oued Zem,وادي زم,32.8660804,-6.5496006,node/5646573385
Quartier Al Wahda,,,neighbourhood,Oued Zem,وادي زم,32.858655,-6.5775058,node/5646573434
Centre Ville,,,neighbourhood,Oujda,وجدة,34.680741,-1.9176354,node/2968815356
Cité Awatif,,,neighbourhood,Oujda,وجدة,34.6807198,-1.8789008,node/3227660650
Cité Inara,,,neighbourhood,Oujda,وجدة,34.6633925,-1.9055818,node/4498327036
Derb Berrahmoun,,,neighbourhood,Oujda,وجدة,34.68045,-1.8957793,node/2970317560
Derb Mbasso,,,neighbourhood,Oujda,وجدة,34.6813952,-1.9020055,node/2969523787
Dhar Lamhala,,,suburb,Oujda,وجدة,34.6870724,-1.882184,node/2969523788
Douar Tazaghine,,,neighbourhood,Oujda,وجدة,34.6984647,-1.874642,node/4399990589
Haj Tahar,,,neighbourhood,Oujda,وجدة,34.6603874,-1.8837602,node/3271093761
Hay Agdal,حي أكدال,Agdal,neighbourhood,Oujda,وجدة,34.6754794,-1.857572,node/2969549796
Hay Al Amal,,,neighbourhood,Oujda,وجدة,34.6830826,-1.903642,node/4508581935
Hay Al Andalous,حي الأندلس,,suburb,Oujda,وجدة,34.6598343,-1.8866257,node/2969530479
Hay Al Boustane,,,neighbourhood,Oujda,وجدة,34.6973399,-1.8855601,node/2965225148
Hay Al Farah,,,neighbourhood,Oujda,وجدة,34.6819294,-1.868719,node/3389058106
Hay Al Fath,,,neighbourhood,Oujda,وجدة,34.6927712,-1.8765835,node/2969546302
Hay Al Fath,حي الفتح,Al Fath,neighbourhood,Oujda,وجدة,34.6633939,-1.8693783,node/2970878000
Hay Al Hadiqa,,,neighbourhood,Oujda,وجدة,34.6771592,-1.901823,node/3623348654
Hay Al Hassani,الحي الحسني,,suburb,Oujda,وجدة,34.7116214,-1.9089895,node/3749413180
Hay Al Hikma Bouarfa,,,neighbourhood,Oujda,وجدة,34.6555116,-1.9048451,node/3342201302
Hay Al Hikma II,,,neighbourhood,Oujda,وجدة,34.6474156,-1.9079968,node/2970883559
Hay Al Irfane,,,neighbourhood,Oujda,وجدة,34.6529975,-1.915175,node/2964748499
Hay Al Mahatta,حي المحطة,Al Mahatta | Hay Sidi Ziane,neighbourhood,Oujda,وجدة,34.6804261,-1.9206934,node/2964431773
Hay Al Maksam,,,neighbourhood,Oujda,وجدة,34.6661251,-1.8995639,node/2970883561
Hay Al Massira,,,suburb,Oujda,وجدة,34.6682164,-1.908316,node/2970375975
Hay Al Miloud,,,neighbourhood,Oujda,وجدة,34.7193953,-1.8959041,node/2969077759
Hay Al Moustakbal,حي المستقبل,Al Moustakbal,neighbourhood,Oujda,وجدة,34.6636013,-1.8767973,node/2970878001
Hay Al Moustaqbal,حي المستقبل,Al Moustaqbal,neighbourhood,Oujda,وجدة,34.6594007,-1.8806168,node/2970887613
Hay Al Qods,,,neighbourhood,Oujda,وجدة,34.6598078,-1.9006376,node/2969530478
Hay Al Wahda,,,suburb,Oujda,وجدة,34.6767232,-1.935153,node/2964490282
Hay Angad,,,neighbourhood,Oujda,وجدة,34.688989,-1.8729467,node/2969546301
Hay Aouinet Serrak,,,neighbourhood,Oujda,وجدة,34.6573843,-1.9279601,node/2964495883
Hay Arrida,,,neighbourhood,Oujda,وجدة,34.6712044,-1.8669135,node/3258737396
Hay Arriyadi,,,suburb,Oujda,وجدة,34.6595253,-1.9410844,node/2964495881
Hay Bangladech,,,neighbourhood,Oujda,وجدة,34.6553559,-1.9351803,node/2964529814
Hay Bassatine,,,neighbourhood,Oujda,وجدة,34.6852197,-1.8719058,node/2969554898
Hay Ben Azzi,,,neighbourhood,Oujda,وجدة,34.6707856,-1.9321592,node/2964529815
Hay Ben Mrah,,,neighbourhood,Oujda,وجدة,34.6577063,-1.9048639,node/2970883560
Hay Ben Ramdan,,,suburb,Oujda,وجدة,34.6914206,-1.9333498,node/2964490281
Hay Berroukech,,,neighbourhood,Oujda,وجدة,34.6842217,-1.9000279,node/2970317557
Hay Boudir,,,neighbourhood,Oujda,وجدة,34.6886811,-1.9075503,node/2968818745
Hay Charbon,,,neighbourhood,Oujda,وجدة,34.7029483,-1.9042995,node/2965225145
Hay Debbane,حي الدبان,,neighbourhood,Oujda,وجدة,34.6938426,-1.8979366,node/3942519337
Hay Drafif,,,neighbourhood,Oujda,وجدة,34.6869338,-1.9544049,node/5618911774
Hay El Manar,,,neighbourhood,Oujda,وجدة,34.682791,-1.9404126,node/2965297523
Hay El Manar,حي المنار,,neighbourhood,Oujda,وجدة,34.6632645,-1.887762,node/3240488118
Hay Ennasr,,,neighbourhood,Oujda,وجدة,34.7112994,-1.8916126,node/2969077755
Hay Essalam,,,neighbourhood,Oujda,وجدة,34.6620955,-1.9232462,node/2964748500
Hay Essamara,,,neighbourhood,Oujda,وجدة,34.6544641,-1.9444693,node/2964495882
Hay Ghar Al Baroud,,,neighbourhood,Oujda,وجدة,34.7118109,-1.8844028,node/2969077757
Hay Gtar,حي كطار,,suburb,Oujda,وجدة,34.6557983,-1.950349,node/2964536213
Hay Habitat Et Urbanisme,,,neighbourhood,Oujda,وجدة,34.6872475,-1.8857435,node/2969543938
Hay Habous,,,neighbourhood,Oujda,وجدة,34.6772633,-1.8900535,node/3412531833
Hay Hakkou,,,neighbourhood,Oujda,وجدة,34.6651441,-1.882934,node/3240488117
Hay Hammou,,,suburb,Oujda,وجدة,34.6594106,-1.9366164,node/4496442669
Hay Hassani,,,neighbourhood,Oujda,وجدة,34.6817514,-1.8992633,node/4429357422
Hay Ibn Khaldoun,,,suburb,Oujda,وجدة,34.6635844,-1.9439474,node/2964495880
Hay Jawhara,,,suburb,Oujda,وجدة,34.6690093,-1.9321003,node/2964490284
Hay Jdid,,,neighbourhood,Oujda,وجدة,34.663591,-1.8847579,node/2970899832
Hay Khalloufi,,,neighbourhood,Oujda,وجدة,34.6742248,-1.9279423,node/2964536214
Hay Koulouch,,,neighbourhood,Oujda,وجدة,34.7010298,-1.9105705,node/2965225144
Hay Lamhalla,,,neighbourhood,Oujda,وجدة,34.6721031,-1.9215514,node/2968815357
Hay Lamharchi,,,neighbourhood,Oujda,وجدة,34.6879501,-1.940634,node/2964453082
Hay Lamharchi II,,,neighbourhood,Oujda,وجدة,34.692604,-1.9453076,node/2964490277
Hay Lazaret,,,suburb,Oujda,وجدة,34.6838082,-1.8780426,node/2969549795
Hay Les Iris,,,neighbourhood,Oujda,وجدة,34.6593936,-1.9168944,node/2970883557
Hay Maghreb Al Arabi,,,neighbourhood,Oujda,وجدة,34.687235,-1.9039585,node/4399995686
Hay Mauritanie,,,neighbourhood,Oujda,وجدة,34.6950233,-1.9061173,node/2965225146
Hay Mir Ali,,,neighbourhood,Oujda,وجدة,34.6818929,-1.9283451,node/2964431772
Hay Mohammed Ben Lakhdar,,,neighbourhood,Oujda,وجدة,34.707238,-1.8949761,node/2969077758
Hay Mohammedi,الحي المحمدي,,neighbourhood,Oujda,وجدة,34.7020032,-1.9216748,node/2968976716
Hay Moulay Mustapha,,,neighbourhood,Oujda,وجدة,34.6768144,-1.8871459,node/2970375974
Hay Nahda,حي النهضة,,suburb,Oujda,وجدة,34.6797686,-1.9500751,node/2964490276
Hay Ngadi,,,neighbourhood,Oujda,وجدة,34.6897563,-1.9288172,node/2964490280
Hay Nour,,,suburb,Oujda,وجدة,34.6737834,-1.9423498,node/2964490283
Hay Omar Al Boulissi,حي عمر البوليسي,,neighbourhood,Oujda,وجدة,34.682471,-1.9576507,node/2964777928
Hay Oued Nachef,,,suburb,Oujda,وجدة,34.6729542,-1.9289187,node/2969934859
Hay Ouled Chrif,,,suburb,Oujda,وجدة,34.6681709,-1.9376288,node/2964529812
Hay P.A.M.,,,neighbourhood,Oujda,وجدة,34.6662354,-1.8716099,node/2970877993
Hay Rabat,,,neighbourhood,Oujda,وجدة,34.6859524,-1.9126967,node/2968818746
Hay Razi,,,neighbourhood,Oujda,وجدة,34.650433,-1.916356,node/3648720246
Hay Rjah Fi Allah,,,neighbourhood,Oujda,وجدة,34.7051653,-1.8985381,node/2969077760
Hay Saada,,,neighbourhood,Oujda,وجدة,34.6563119,-1.9172665,node/2970883558
Hay Saada,,,suburb,Oujda,وجدة,34.6813053,-1.8738877,node/4497351406
Hay Sabra,,,neighbourhood,Oujda,وجدة,34.6938278,-1.9621878,node/2973896671
Hay Salam,,,neighbourhood,Oujda,وجدة,34.6809672,-1.886455,node/3629354510
Hay Sidi Driss,حي سيدي إدريس,,neighbourhood,Oujda,وجدة,34.6888858,-1.8982087,node/3944949048
Hay Sidi Maafa,,,neighbourhood,Oujda,وجدة,34.6502884,-1.8846455,node/2970877992
Hay Skiker,,,neighbourhood,Oujda,وجدة,34.7225723,-1.9031876,node/2969965987
Hay Slimani,حي السليماني,,neighbourhood,Oujda,وجدة,34.682718,-1.9536921,node/2964777927
Hay Stade Charafi,,,neighbourhood,Oujda,وجدة,34.6629281,-1.932599,node/2964529813
Hay Takkadoum,الحي التقدوم,,neighbourhood,Oujda,وجدة,34.6984189,-1.914347,node/2965225142
Hay Tennis,,,neighbourhood,Oujda,وجدة,34.6974116,-1.8966196,node/2965225147
Hay Wassila,,,neighbourhood,Oujda,وجدة,34.6935546,-1.8712163,node/2969554899
Hay Wifaq,,,neighbourhood,Oujda,وجدة,34.7119344,-1.8984147,node/2969077756
Hay Zghamim,,,neighbourhood,Oujda,وجدة,34.7210725,-1.8838188,node/3961217687
Hay Zitoune,,,neighbourhood,Oujda,وجدة,34.6738279,-1.8866757,node/2969527225
Hay Zouhour,,,neighbourhood,Oujda,وجدة,34.6645356,-1.9492533,node/2965225149
Jnane Biyoud,,,neighbourhood,Oujda,وجدة,34.6802471,-1.8925177,node/2970317549
Lazaret Mexico,,,neighbourhood,Oujda,وجدة,34.6829005,-1.876982,node/4422650026
Lotissement Al Amri,,,suburb,Oujda,وجدة,34.668535,-1.8832079,node/4498747389
Lotissement Al Hannae,,,neighbourhood,Oujda,وجدة,34.6471914,-1.8887661,node/3627220661
Lotissement Al Kawtar,تجزئة الكوثر,Al Kawtar,neighbourhood,Oujda,وجدة,34.6941041,-1.893077,node/3942537665
Lotissement Al Wafae,,,neighbourhood,Oujda,وجدة,34.6832358,-1.8833822,node/3270269661
Lotissement Al Waha,,,neighbourhood,Oujda,وجدة,34.6694087,-1.9431516,node/4511022974
Lotissement Belhoucine Héritières,,,neighbourhood,Oujda,وجدة,34.6729731,-1.8840456,node/4439998549
Lotissement Ben Abdelmoumen,,,suburb,Oujda,وجدة,34.6725699,-1.8985522,node/4498656582
Lotissement Ben Bouziane,,,neighbourhood,Oujda,وجدة,34.6805775,-1.9311515,node/4500536849
Lotissement Ben Kachour,,,neighbourhood,Oujda,وجدة,34.6678853,-1.9122066,node/2968818747
Lotissement Ben Mimoun,,,neighbourhood,Oujda,وجدة,34.6688914,-1.8857933,node/2973190003
Lotissement Ben Mira,,Lotissement Miri,neighbourhood,Oujda,وجدة,34.6690803,-1.893199,node/3266158567
Lotissement Benhamou,,,neighbourhood,Oujda,وجدة,34.6780813,-1.89546,node/3663269153
Lotissement Benkhirane,,,suburb,Oujda,وجدة,34.6583074,-1.9318327,node/4497050310
Lotissement Bensahli,,,neighbourhood,Oujda,وجدة,34.6766934,-1.8629327,node/4514109435
Lotissement Boubcher,,,neighbourhood,Oujda,وجدة,34.6991983,-1.9004535,node/3215544230
Lotissement Chaima Al Zayn,,,neighbourhood,Oujda,وجدة,34.6896818,-1.9503135,node/3675332325
Lotissement El Amri,,,neighbourhood,Oujda,وجدة,34.6897841,-1.8930608,node/3961323842
Lotissement El Khalfaoui,,,neighbourhood,Oujda,وجدة,34.6687329,-1.869407,node/3258736973
Lotissement El Makri,,,neighbourhood,Oujda,وجدة,34.6991893,-1.8934427,node/4511627593
Lotissement El Wahda - CGI,,,neighbourhood,Oujda,وجدة,34.7182515,-1.9238896,node/2968976715
Lotissement El Wifak,,,neighbourhood,Oujda,وجدة,34.7089517,-1.9099666,node/4502524168
Lotissement Elhasaniya,,,neighbourhood,Oujda,وجدة,34.669065,-1.8723054,node/3258737179
Lotissement Haj Hmida,,,neighbourhood,Oujda,وجدة,34.6714612,-1.8957785,node/3600575158
Lotissement Haj Kadour,,,neighbourhood,Oujda,وجدة,34.6913181,-1.8932089,node/4455520016
Lotissement Ilham,,,neighbourhood,Oujda,وجدة,34.6994921,-1.8784495,node/2970317548
Lotissement Jnane Chark,,Hay Dalma,neighbourhood,Oujda,وجدة,34.7182169,-1.8970075,node/4504082530
Lotissement Kada Houcine,,,neighbourhood,Oujda,وجدة,34.6617647,-1.9429233,node/2965251854
Lotissement Kada Houcine,,,neighbourhood,Oujda,وجدة,34.6685646,-1.8658634,node/3258704123
Lotissement Kada Houssine,تجزئة قادة حسين,Kada Houssine,neighbourhood,Oujda,وجدة,34.6885841,-1.8962547,node/3944945673
Lotissement La Colline,,,neighbourhood,Oujda,وجدة,34.6529388,-1.9101674,way/306127719
Lotissement Laaj,,,suburb,Oujda,وجدة,34.6791097,-1.8790922,node/4497367314
Lotissement Laalaj,,,neighbourhood,Oujda,وجدة,34.6668961,-1.9059089,node/3600775770
Lotissement Lebyayed,,,neighbourhood,Oujda,وجدة,34.6844586,-1.8702378,node/4511618661
Lotissement Liateni,تجزئة الياتني,Liateni,neighbourhood,Oujda,وجدة,34.6943854,-1.8859644,node/3949116081
Lotissement Mchiouer,,,neighbourhood,Oujda,وجدة,34.6841408,-1.9439205,node/4440022622
Lotissement Mimouni,,,neighbourhood,Oujda,وجدة,34.678026,-1.8929571,node/3663245001
Lotissement Missaoui,,,neighbourhood,Oujda,وجدة,34.672811,-1.8884819,node/4439983646
Lotissement Mouhoub,,,neighbourhood,Oujda,وجدة,34.6924176,-1.8852598,node/4512525392
Lotissement Msirdi,,,neighbourhood,Oujda,وجدة,34.6778748,-1.8838506,node/3239963140
Lotissement Msirdi,,,neighbourhood,Oujda,وجدة,34.6787323,-1.8749818,node/3868937085
Lotissement Najd,,,suburb,Oujda,وجدة,34.6581898,-1.8723508,node/2969540635
Lotissement OLM,,,neighbourhood,Oujda,وجدة,34.6650468,-1.9302946,node/4501801987
Lotissement Oued El Makhazine,,,suburb,Oujda,وجدة,34.6596148,-1.9083733,node/4498694213
Lotissement Salama,,,neighbourhood,Oujda,وجدة,34.6921034,-1.9381403,node/2964774663
Lotissement Sitr,,,neighbourhood,Oujda,وجدة,34.6676187,-1.8799607,node/4426492849
Lotissement Soltani,تجزئة السلطاني,Soltani,neighbourhood,Oujda,وجدة,34.6921229,-1.888017,node/3949119133
Lotissement Talhaoui,,,neighbourhood,Oujda,وجدة,34.6965517,-1.8825725,node/3380390924
Lotissement Talhaoui,,,neighbourhood,Oujda,وجدة,34.6754443,-1.8978569,node/3663282310
Lotissement Toutya,,,neighbourhood,Oujda,وجدة,34.6603,-1.9470707,node/4441399113
Lotissement Widadiya,,,neighbourhood,Oujda,وجدة,34.6847535,-1.8746472,node/2970906206
Place d'Armes,,,neighbourhood,Oujda,وجدة,34.6911578,-1.9224501,node/2918112583
Quartier Des Emirates,,,neighbourhood,Oujda,وجدة,34.6559589,-1.8819472,node/2970890360
Village Ennilou,,,neighbourhood,Oujda,وجدة,34.6710328,-1.9418817,node/2965225150
Village Faguig,,,neighbourhood,Oujda,وجدة,34.6634778,-1.8901976,node/2970903633
Village Moulay Miloud,,,neighbourhood,Oujda,وجدة,34.6837602,-1.8863171,node/2969543937
Village Si Lakhdar,,,suburb,Oujda,وجدة,34.685094,-1.9393399,node/2964490279
Village Toba Extérieur,,,neighbourhood,Oujda,وجدة,34.6992178,-1.9200946,node/2964453081
Village Toba Interieur,,,neighbourhood,Oujda,وجدة,34.688279,-1.9179057,node/2964453080
Almaz,ألماز,,neighbourhood,Oulad Azzouz,أولاد عزوز,33.508014,-7.6852231,node/12328697410
Timesla,,,suburb,Oulad Yahia Lagraire,أولاد يحيى الكراير,30.5841717,-6.1349463,node/2039103768
Agdal,أكدال,,suburb,Rabat,الرباط,33.9983119,-6.8542908,node/2184710850
Akrach,عكراش,,suburb,Rabat,الرباط,33.9688489,-6.795329,node/14094959089
Al Barid (La Poste),البريد,,quarter,Rabat,الرباط,33.9724591,-6.8203132,node/11841339873
Aviation,الطيران,,quarter,Rabat,الرباط,33.990383,-6.8257351,node/21098457
Bir Kacem,بير قاسم,,quarter,Rabat,الرباط,33.9657505,-6.8375046,node/14094959095
Douar Hajja,دوار الحاجة,,neighbourhood,Rabat,الرباط,33.9901393,-6.809187,node/2427311675
Douar Hajja,دوار الحاجة,,quarter,Rabat,الرباط,33.9880949,-6.8123675,node/14094959093
Fadesa,فاديزا,,quarter,Rabat,الرباط,33.9856342,-6.806619,way/590853801
Hay Al Fath,حي الفتح,,suburb,Rabat,الرباط,33.9693645,-6.8991853,node/9267256549
Jnane Nahda,جنان النهضة,,quarter,Rabat,الرباط,33.9845372,-6.8091872,node/459796718
Les Ambassadeurs,السفراء,Ambassadors,quarter,Rabat,الرباط,33.9600404,-6.8192378,node/14094959092
Les Perles de l'Agdal,,,neighbourhood,Rabat,الرباط,34.0033748,-6.862163,way/1332944516
Mabella,,,neighbourhood,Rabat,الرباط,33.9958272,-6.8194286,node/3930803591
Mabella,مابيلا,,quarter,Rabat,الرباط,33.9958572,-6.8193933,node/14094959081
Mabella-Aviation,مابيلا-الطيران,,suburb,Rabat,الرباط,33.9918378,-6.8227657,node/14094959079
Madinat Al Irfane,مدينة العرفان,,suburb,Rabat,الرباط,33.9816535,-6.8646296,node/10225836569
Nahda,النهضة,,suburb,Rabat,الرباط,33.976323,-6.8194411,node/14093377130
OLM-La Pinède,أولم,OLM,suburb,Rabat,الرباط,33.9903975,-6.8338312,node/14094959088
ONEP,أونيب,,quarter,Rabat,الرباط,33.9451935,-6.8092633,node/14094959090
Océan,المحيط,,suburb,Rabat,الرباط,34.0225256,-6.847837,node/3486287189
Orangeraie-Dar Essalam,البستان-دار السلام,,quarter,Rabat,الرباط,33.9518114,-6.8333283,node/14094959086
Quartier Industriel,الحي الصناعي,,quarter,Rabat,الرباط,33.9872882,-6.8008553,node/14094959094
Riad,الرياض,,suburb,Rabat,الرباط,33.9584693,-6.8693862,node/2834509152
Souissi,السويسي,,suburb,Rabat,الرباط,33.9688418,-6.8348164,node/2184710847
Souissi-Les Princesses,السويسي-الأميرات,,quarter,Rabat,الرباط,33.9762543,-6.847792,node/14094959087
Takaddoum,التقدم,,suburb,Rabat,الرباط,33.9845243,-6.8203304,node/21755904
Yacoub El Mansour,يعقوب المنصور,,suburb,Rabat,الرباط,33.9895343,-6.8811155,node/2184710836
Youssoufia,اليوسفية,,suburb,Rabat,الرباط,33.9979535,-6.8154255,node/14094959083
Abd el Kader Saïdia,,,neighbourhood,Ras El Ma,رأس الماء,35.132552,-2.431082,node/13952859397
El Borj,,,neighbourhood,Ras El Ma,رأس الماء,35.131278,-2.42292,node/13605624379
Tarou Lalla Souéka,,,neighbourhood,Ras El Ma,رأس الماء,35.141896,-2.425122,node/13952859396
El Khouarra Dermilia,الخوارة الرمل,,neighbourhood,Rissana Janoubia,ريصانة الجنوبية,35.152359,-5.897003,node/13606563343
El Khouarra el Hajeriène,الخوارة الحجيرية,,neighbourhood,Rissana Janoubia,ريصانة الجنوبية,35.157578,-5.90891,node/13979110241
Assehila,اسهيلة,,neighbourhood,Rouadi,الرواضي,35.1416757,-4.1371196,node/9641705568
Achbar Allal,حي أشبار,,suburb,Safi,آسفي,32.3047804,-9.2374372,node/1363619478
Ancienne Medina,المدينة القديمة,Medina Kdima,suburb,Safi,آسفي,32.2988678,-9.2406558,node/1363619421
Andalous,حي الفردوس,,suburb,Safi,آسفي,32.3267137,-9.2243909,node/1363571469
Azib Drai,حي عزيب الدرعي,,suburb,Safi,آسفي,32.2943695,-9.2186023,node/1363651533
Azib Zemouri,حي عزيب الزموري,,suburb,Safi,آسفي,32.3046535,-9.2322873,node/1363619399
Biyada,حي بياضة,,suburb,Safi,آسفي,32.3047623,-9.2350339,node/1363619530
Blad El Jed,حي بلاد الجد,,suburb,Safi,آسفي,32.2927915,-9.2219283,node/1366732287
Chankit,حي شنكيط,Hay Changuit,suburb,Safi,آسفي,32.3168403,-9.225099,node/1363619502
Corniche de Safi,كرنيش آسفي,,suburb,Safi,آسفي,32.2932994,-9.2451026,node/1364635931
Dar Bououda,دار بوعودة,,suburb,Safi,آسفي,32.2634827,-9.2474816,way/370445912
Derb My El Hassan,حي درب مولاي الحسن,,suburb,Safi,آسفي,32.3064308,-9.2286395,node/1363619448
El Wiaam,تجزئة الوئام,Fekhara,suburb,Safi,آسفي,32.2878077,-9.2168589,node/1366821408
Errahma,حي الرحمة,,suburb,Safi,آسفي,32.3153352,-9.2416214,node/1364636313
Fekhara,الفخارة,,suburb,Safi,آسفي,32.3037423,-9.2301842,node/1363619504
Filaj El-Tibi,حي فلاج الطيبي,,suburb,Safi,آسفي,32.285642,-9.2181708,node/1363651510
Hariat Lbid,حي هراية البيض,,suburb,Safi,آسفي,32.2886911,-9.2433441,node/1363651540
Hay Al Majd,حي المجد,,suburb,Safi,آسفي,32.3082807,-9.2332315,node/1364636312
Hay Amouni,حي أموني,,suburb,Safi,آسفي,32.2480856,-9.2532147,node/1363656817
Hay Anas,حي أناس,,suburb,Safi,آسفي,32.2823611,-9.2372705,node/1363651481
Hay Bouab,حي البواب,,suburb,Safi,آسفي,32.2881115,-9.2227437,node/1363651505
Hay Course,حي الكورس,,suburb,Safi,آسفي,32.2752668,-9.2429793,node/1363651541
Hay Kaouki,حي كاوكي,,suburb,Safi,آسفي,32.2561618,-9.2502106,node/1363656814
Hay Libiar,حي البيار,,suburb,Safi,آسفي,32.272764,-9.2462398,node/1363651499
Hay Massira,حي المسيرة,,suburb,Safi,آسفي,32.3103754,-9.2154349,node/1367895207
Hay Mestari,حي المستاري,Quartier Almestari,suburb,Safi,آسفي,32.2851366,-9.2325928,node/1363651478
Hay Mouna,حي مونة,,suburb,Safi,آسفي,32.285064,-9.2404688,node/1363651511
Hay Ourida 1,حي وريدة,,suburb,Safi,آسفي,32.2779164,-9.2417123,node/1363651492
Hay Ourida 2,حي وريدة,Hay Ourida 2 2 | 2,suburb,Safi,آسفي,32.2794403,-9.237807,node/1363651513
Hay Saada,حي السعادة,,suburb,Safi,آسفي,32.2961833,-9.2214133,node/1363651495
Hay Safa,حي الصفا,,suburb,Safi,آسفي,32.2916124,-9.218302,node/1366732492
Hay Saïda 1,حي سعيدة,1,neighbourhood,Safi,آسفي,32.2837862,-9.2280187,node/1366732403
Hay Saïda 2,حي سعيدة,2,neighbourhood,Safi,آسفي,32.2816723,-9.2271428,node/2716970309
Jenane Chakouri,حي جنان الشقوري,,suburb,Safi,آسفي,32.3063945,-9.238274,node/1363619323
Jenane Colonne,حي جنان كولون,,suburb,Safi,آسفي,32.3098766,-9.2284464,node/1363619446
Jrifat,حي الجريفات,,suburb,Safi,آسفي,32.2839574,-9.2232158,node/1363651526
Kariat Chems,قرية الشمس,Qariat Shamsh,quarter,Safi,آسفي,32.2860655,-9.2008502,node/3314248401
Kliaa Sidi Ouassel I,حي زاوية سيدي واصل,,suburb,Safi,آسفي,32.2633837,-9.2449524,node/1363656818
Lotissement Rayhan,تجزئة الريحان,,neighbourhood,Safi,آسفي,32.2854585,-9.219435,way/355292301
Medina Jdida,حي المدينة الجديدة,,suburb,Safi,آسفي,32.292338,-9.2330434,node/1363651522
Najah Amir,حي نجاح الأمير,,suburb,Safi,آسفي,32.3133223,-9.2290472,node/1363619460
Oued El Bacha,حي واد الباشة,,suburb,Safi,آسفي,32.3091149,-9.235227,node/1364636255
Port,ميناء آسفي,,suburb,Safi,آسفي,32.302838,-9.2442414,node/1364636251
Quartier Chichane,,,suburb,Safi,آسفي,32.3272642,-9.2341277,way/176338255
Quartier Ijinnane,حي أجنان,,suburb,Safi,آسفي,32.3232958,-9.2367827,node/1363571320
Quartier Industriel,المنطقة الصناعية آسفي,,suburb,Safi,آسفي,32.2631478,-9.2560031,node/1364635889
Quartier Kliaa,حي القليعة,,suburb,Safi,آسفي,32.2626216,-9.2503597,node/1363656816
Quartier Laarisa,حي العريصة,,suburb,Safi,آسفي,32.2643817,-9.2393519,node/1363656815
Quartier Miftah El Kheir,حي مفتاح الخير,,suburb,Safi,آسفي,32.3162311,-9.2308026,node/1363619517
Quartier Nahda,حي النهضة,,suburb,Safi,آسفي,32.323468,-9.2316651,node/1363571373
Quartier Salam,حي السلام,,suburb,Safi,آسفي,32.321555,-9.2281782,node/1363571309
Quartier administratif,الحي الإداري,Administrative District,suburb,Safi,آسفي,32.2960927,-9.2338158,node/1363651504
Quartier de Rabat,حي الرباط,Rabat district,suburb,Safi,آسفي,32.2931542,-9.2435791,node/1363651490
Quartier industrielle,الحي الصناعي,Industrial district,suburb,Safi,آسفي,32.2847919,-9.2431714,node/1363651485
Rahat Rih,حي رحات الريح,,suburb,Safi,آسفي,32.2928994,-9.2413056,node/1363651497
Safi 1,1-حي آسفي,1 | حي آسفي,suburb,Safi,آسفي,32.2886467,-9.2294546,node/1366796884
Safi 2,2-حي آسفي,2 | حي آسفي,suburb,Safi,آسفي,32.2909413,-9.2245461,node/1363651518
Sania Zine Abbidine,حي سانية العابدين,,suburb,Safi,آسفي,32.2802612,-9.2316113,node/1366732382
Sidi Abdelkrim,حي سيدي عبد الكريم,,suburb,Safi,آسفي,32.3108559,-9.2269873,node/1363619457
Tila Al Khazef,تلة الخزف,,suburb,Safi,آسفي,32.3009905,-9.239336,node/1363619523
Trab Sini,حي تراب الصيني,,suburb,Safi,آسفي,32.2901423,-9.2443097,node/1363651536
Omrane Sahel,عمران الساحل,,quarter,Sahel Oulad H'riz,الساحل أولاد حريز,33.4208156,-7.8208838,way/765404271
Hay Bounoua,,,neighbourhood,Saidia,السعيدية,35.0911253,-2.3033776,node/3787866306
Hay Dallas,,,neighbourhood,Saidia,السعيدية,35.0826253,-2.233749,node/3787892137
Hay Irfane,,,neighbourhood,Saidia,السعيدية,35.0743895,-2.2283739,node/3787884808
Hay Lakhtatba,,,neighbourhood,Saidia,السعيدية,35.0830709,-2.2739607,node/3787866307
Hay Safaa,,,neighbourhood,Saidia,السعيدية,35.0807697,-2.2271607,node/3963389683
Hay Trifa I,,,neighbourhood,Saidia,السعيدية,35.0765495,-2.2222048,node/3787884308
Hay Trifa II,,,neighbourhood,Saidia,السعيدية,35.0768744,-2.2250372,node/3787884309
Lotissement Al Amal,,,neighbourhood,Saidia,السعيدية,35.0859064,-2.2369993,node/4212906291
Lotissement Angad,,,neighbourhood,Saidia,السعيدية,35.0877118,-2.2465405,node/3787890424
Lotissement Darak,,,neighbourhood,Saidia,السعيدية,35.0787117,-2.2312628,node/3963401531
Lotissement Jawhara,,,neighbourhood,Saidia,السعيدية,35.0753456,-2.224926,node/3963714593
Lotissement Talhaoui,,,neighbourhood,Saidia,السعيدية,35.0838841,-2.2470555,node/3787890425
Bab Al Bahr,,,quarter,Salé,سلا,34.0314104,-6.8271762,node/12606451042
Bab Lamrissa,باب لمريسة,,neighbourhood,Salé,سلا,34.0426984,-6.8217666,node/3573489093
Bettana,بطانة,,suburb,Salé,سلا,34.0313433,-6.8108383,node/2186141148
Hay El-Qods,,,neighbourhood,Salé,سلا,34.0528166,-6.8041346,node/2922688737
Layayda,لعيايدة,,suburb,Salé,سلا,34.0596186,-6.7697982,node/2186210621
Moulay Ismail,مولاي اسماعيل,,suburb,Salé,سلا,34.027042,-6.7816522,node/2186141292
Qaria,القرية,,neighbourhood,Salé,سلا,34.019234,-6.7667261,node/2186141349
Salé El Jadida,سلا الجديدة,,suburb,Salé,سلا,33.9990238,-6.7428594,node/2186141201
Secteur Nahda Laayayda,قطاع النهضة لعيايدة,Nahda Laayayda sector,neighbourhood,Salé,سلا,34.0672271,-6.7670813,way/295731073
Tabriquet,تابريكت,,neighbourhood,Salé,سلا,34.0426095,-6.8071038,node/2816730546
Derb Beni Madrek,,,quarter,Sefrou,صفرو,33.8292249,-4.8358566,node/5214893325
Derb Mollah,,,quarter,Sefrou,صفرو,33.8293848,-4.837599,node/5214893335
Derb Nass Aadloun,,,quarter,Sefrou,صفرو,33.828938,-4.838988,node/5214893322
Derb Omar,,,quarter,Sefrou,صفرو,33.8285923,-4.8388568,node/5214893323
Derb Taksabt,,,quarter,Sefrou,صفرو,33.8290124,-4.8377905,node/5214893334
Hay Habbouna,,,quarter,Sefrou,صفرو,33.8268872,-4.8328642,node/5214998957
Hay Mhirez,,,quarter,Sefrou,صفرو,33.8350903,-4.832433,node/5214998849
Setti Messaouda,,,quarter,Sefrou,صفرو,33.8314059,-4.8337791,node/5214893796
Sidi Ahmed Tadli,,,quarter,Sefrou,صفرو,33.8311794,-4.8431816,node/5214998868
derb El Metre,,,quarter,Sefrou,صفرو,33.8284545,-4.8350248,node/5214893324
Bloc Tahiri,,,suburb,Settat,سطات,33.0029412,-7.6276463,node/4542056958
Derb Omar,,,suburb,Settat,سطات,33.0014126,-7.613991,node/4542056972
Hay ALOUANE,,,suburb,Settat,سطات,33.009776,-7.605038,node/4542056954
Hay Al Farah,,,suburb,Settat,سطات,33.008527,-7.6357419,node/4542056963
Hay Al Irak,,,suburb,Settat,سطات,33.0077435,-7.6274269,node/4542056960
Hay El Kamal,,,suburb,Settat,سطات,33.0048201,-7.6402816,node/4542056962
Hay El Kheir,,,suburb,Settat,سطات,32.99222,-7.6086571,node/4542056970
Hay Hassani,,,suburb,Settat,سطات,32.9948368,-7.6491703,node/4542056967
Hay Kassam,,,suburb,Settat,سطات,33.0071381,-7.6311501,node/4542056961
Hay Kilz,,,suburb,Settat,سطات,33.0020243,-7.6312335,node/4542056964
Hay Mabrouka,,,suburb,Settat,سطات,32.9974165,-7.6152106,node/4542056971
Hay Mania,,,suburb,Settat,سطات,33.0030219,-7.6091124,node/4542056969
Hay Mimouna,,,suburb,Settat,سطات,33.0050664,-7.6279648,node/4542056959
Hay Qoteê Chikh,,,suburb,Settat,سطات,33.0010288,-7.6389416,node/4542056966
Hay Salam,,,suburb,Settat,سطات,32.9991058,-7.6335427,node/4542056965
Hay Sidi Abdelkarim,,,suburb,Settat,سطات,32.9978257,-7.6064292,node/4542056968
Quartier Essmaâla,حي السماعلة,,suburb,Settat,سطات,32.9994739,-7.623582,node/4542034497
Bowanas,,,neighbourhood,Sidi Bibi,سيدي بيبي,30.256475,-9.4752259,node/2505824730
Jmilat,,,neighbourhood,Sidi Bibi,سيدي بيبي,30.2559443,-9.4663051,node/14100021240
,القبلة,,neighbourhood,Sidi Bibi,سيدي بيبي,30.2500444,-9.4596359,node/2500591091
,القصبات,,neighbourhood,Sidi Bibi,سيدي بيبي,30.2509542,-9.4676915,node/14099289092
,حي أدوز,,neighbourhood,Sidi Bibi,سيدي بيبي,30.2483109,-9.4690633,node/2480476693
Zaouia Nouasser,,,quarter,Sidi Bouzid Arragragui,سيدي بوزيد الركراكي,31.4843303,-8.7715971,node/11224840975
,آيت فناتن السفلى,,neighbourhood,Sidi Bouzineb,سيدي بوزينب,34.8297119,-4.141532,node/14002164968
,آيت فناتن العليا,,neighbourhood,Sidi Bouzineb,سيدي بوزينب,34.8366359,-4.1414481,node/14002164969
Hay Lalla Meryam,,,neighbourhood,Sidi Ifni,سيدي إفني,29.3868603,-10.16155,node/5938918773
Moka shop,,,neighbourhood,Sidi Kacem,سيدي قاسم,34.2269746,-5.7134324,node/9347211756
Quartier Miloud,,,suburb,Sidi Kacem,سيدي قاسم,34.2037738,-5.7092787,node/6510216055
Sidi Kacem Ezaouia,,,neighbourhood,Sidi Kacem,سيدي قاسم,34.1960884,-5.7153716,node/6510216433
,ولاد عطية الملالكة,,neighbourhood,Sidi Lyamani,سيدي اليماني,35.3579763,-6.0004235,node/13991001044
,ولاد عطية نبعلي,,neighbourhood,Sidi Lyamani,سيدي اليماني,35.3560863,-6.0025693,node/13991001043
Sidi Slimane Echcharaa,سيدي سليمان الشراعة,Sidi Slimane Echcharraa | سيدي سليمان الشارة,suburb,Sidi Slimane Echcharaa,سيدي سليمان الشراعة,34.909135,-2.349642,node/1943405282
Lotissement Alliance,,,neighbourhood,Sidi Taibi,سيدي طيبي,34.2450088,-6.6558001,way/723807761
Hay Al Wahda,,,neighbourhood,Sidi Yahya du Gharb,سيدي يحيى الغرب,34.3055142,-6.3003763,node/4571574983
Alaouda,حي العودة,,neighbourhood,Smara,السمارة,26.7430996,-11.6576162,node/5709338331
Colomina,حي كولومينا,,neighbourhood,Smara,السمارة,26.7363745,-11.6770348,node/5709338343
El Hejra,حي الحجرة,,neighbourhood,Smara,السمارة,26.7343897,-11.6764271,node/5709338327
Lezab,حي لزاب,,neighbourhood,Smara,السمارة,26.73351,-11.6597214,node/5709338330
Sakena,حي السكنى,,neighbourhood,Smara,السمارة,26.7359114,-11.6704984,node/5709338329
Tantane,حي الطانطان,,neighbourhood,Smara,السمارة,26.7342963,-11.6727798,node/5709338328
,أيت مركن,,neighbourhood,Sti Fadma,ستي فاطمة,31.2754516,-7.664539,node/13973967391
,دوار أنامر,,neighbourhood,Sti Fadma,ستي فاطمة,31.2744489,-7.666759,node/13973967390
Aït Chita,آيت شيتا,,neighbourhood,Tafersit,تفرسيت,35.0019231,-3.5947926,node/8371587533
Aït Yarour,بني يرول,آيت يرور,neighbourhood,Tafersit,تفرسيت,35.022794,-3.5905329,node/1577083728
Aït Youssef,بني يوسف,آيت يوسف,neighbourhood,Tafersit,تفرسيت,35.0175846,-3.5674077,node/1577086022
Beni Bouhidouss,بوحيدوس,Beni Bouhidous | Aït Bouhidous,neighbourhood,Tafersit,تفرسيت,35.0147242,-3.5301947,node/3052641632
Beni Mediène,بني مدين,,neighbourhood,Tafersit,تفرسيت,35.0203672,-3.5931087,node/1576240765
Bouhfora,بوحفورة,,neighbourhood,Tafersit,تفرسيت,35.0058895,-3.5624092,node/1576229448
Hamouda,حمودة,,neighbourhood,Tafersit,تفرسيت,35.0097081,-3.5412127,node/2421381384
Ighméren,إغميرن,,neighbourhood,Tafersit,تفرسيت,35.0300117,-3.5769956,node/1577082201
Imajéren,إمجا ن,Imejarène,neighbourhood,Tafersit,تفرسيت,35.0016775,-3.5868752,node/1576228811
Imomouhen,,,neighbourhood,Tafersit,تفرسيت,35.0042305,-3.5352501,node/3052641631
Irrazouken,إرزُّوقن,إرزُّوقن,neighbourhood,Tafersit,تفرسيت,35.017782,-3.539915,node/3052641630
Sidi Bouaza,,,neighbourhood,Tafersit,تفرسيت,35.003302,-3.587674,node/13956008072
Hay Administratif,,,neighbourhood,Tafoughalt,تافوغالت,34.8085988,-2.4094301,node/3415797821
Hay Jdid,,,neighbourhood,Tafoughalt,تافوغالت,34.803372,-2.4116206,node/3415773115
Hay Labraber,,,neighbourhood,Tafoughalt,تافوغالت,34.8037098,-2.4153605,node/4007417910
Hay PAM,,,neighbourhood,Tafoughalt,تافوغالت,34.8057018,-2.4122385,node/2723612902
Lotissement Riyad 2,,,neighbourhood,Tafoughalt,تافوغالت,34.8081634,-2.409431,node/2723612899
Lotissement Riyad 4,,,neighbourhood,Tafoughalt,تافوغالت,34.806553,-2.4134247,node/2723615416
Lotissement Riyad Al Istiyaf,,,neighbourhood,Tafoughalt,تافوغالت,34.8104103,-2.4061417,node/2723612895
Tabia,,,neighbourhood,Taliouine,تالوين,30.5296535,-7.9214858,way/492134041
Ksar Tamegroute,,,neighbourhood,Tamegroute,تامكروت,30.2593899,-5.6802149,node/7266538534
Abranos,,,suburb,Tamezmoute,تامزموت,30.6800713,-6.1355653,node/2037024712
Ait Amou,,,suburb,Tamezmoute,تامزموت,30.683039,-6.140165,node/2037024713
Dawtghrem,,,suburb,Tamezmoute,تامزموت,30.6541876,-6.1300362,node/2037024714
Oulad Otmane,,,suburb,Tamezmoute,تامزموت,30.6045848,-6.167389,node/2036896968
Taakil,,,suburb,Tamezmoute,تامزموت,30.6157758,-6.1579889,node/2037024716
Tamellalt,,,suburb,Tamezmoute,تامزموت,30.6520426,-6.1299392,node/2037024717
Ahlan,,,suburb,Tanger,طنجة,35.7422614,-5.8376664,node/4693416184
Bni Makada,بني مكادة,,suburb,Tanger,طنجة,35.7511344,-5.8187652,node/2156103013
Boukhalef,بوخالف,,suburb,Tanger,طنجة,35.7337667,-5.8831334,node/1999241428
Casabarata,كاساباراطا,,suburb,Tanger,طنجة,35.7646237,-5.823807,node/4693394475
Charf-Mghogha,الشرف مغوغة,,suburb,Tanger,طنجة,35.7487231,-5.7794545,node/2156103016
Charf-Souani,الشرف السواني,,suburb,Tanger,طنجة,35.7690944,-5.8185809,node/2156103015
Dhaha Baraka,ضحى البركة,,neighbourhood,Tanger,طنجة,35.7317382,-5.8167213,node/4793814625
Dhar Alkanfoud,ضهر القنفوذ,,neighbourhood,Tanger,طنجة,35.7311889,-5.8140545,node/4793814226
Dradeb,درادب,,suburb,Tanger,طنجة,35.7864758,-5.8307998,node/4031895464
Hay el Haddad,حي الحداد,,neighbourhood,Tanger,طنجة,35.7384367,-5.8050053,node/4997519893
Iberia,إيبريا,,neighbourhood,Tanger,طنجة,35.7825706,-5.8208983,node/4993129394
Jirari,الجيراري,,suburb,Tanger,طنجة,35.7509384,-5.8058187,node/4693765268
Marchan,مرشان,,suburb,Tanger,طنجة,35.7873434,-5.8189344,node/4693395006
Marstarkhouch,,,suburb,Tanger,طنجة,35.7756024,-5.8314538,node/4693686725
Mesnana,,,neighbourhood,Tanger,طنجة,35.7566073,-5.861407,way/598420658
Moujahidine,المجاهدين,,suburb,Tanger,طنجة,35.7712561,-5.8442361,node/4693692154
Moulay Ismaïl,,,suburb,Tanger,طنجة,35.770368,-5.8095779,node/4693779271
Oued Aherdan,,,suburb,Tanger,طنجة,35.7864003,-5.8121804,node/2377506752
Sania,سانية,,neighbourhood,Tanger,طنجة,35.7787383,-5.7551633,node/4999723123
Tanger el Balia,طنجة البالية,Tanja el Balia,suburb,Tanger,طنجة,35.7714141,-5.7690936,node/3117254654
Tanger-Medina,طنجة المدينة,,suburb,Tanger,طنجة,35.786408,-5.8109634,node/2156103017
Val Fleuri,,,suburb,Tanger,طنجة,35.769499,-5.8358982,node/4693686726
Ait Saoun,,,suburb,Tansifte,تانسيفت,30.7340296,-6.6321217,node/1988961667
Ourika Tansifte,,,suburb,Tansifte,تانسيفت,30.674458,-6.4961492,node/704495651
,أيت أوزيو,,neighbourhood,Tansifte,تانسيفت,30.5690223,-6.7547191,node/13954497736
Hay Alamal,,,suburb,Taounate,تاونات,34.5491516,-4.6417665,node/2096010052
Hay D'Chiyar,,,suburb,Taounate,تاونات,34.5451308,-4.6400392,node/2096009941
,حي أسطار,,suburb,Taounate,تاونات,34.5523449,-4.6533363,node/13851340722
,حي العشايش,,suburb,Taounate,تاونات,34.5478507,-4.6569271,node/13851340723
,حي القلايع,,suburb,Taounate,تاونات,34.536923,-4.6333752,node/13851340720
,حي القلعة,,suburb,Taounate,تاونات,34.5331414,-4.6302826,node/13836113282
,حي الگلسة الحايلة,,suburb,Taounate,تاونات,34.5497135,-4.6375838,node/13851340724
,حي حجر دريان,,suburb,Taounate,تاونات,34.5414583,-4.6360951,node/13851340721
Quartier 20 Aout,حي غشت,Hay 20 Aout | 20,neighbourhood,Taourirt,تاوريرت,34.4000559,-2.9032683,node/7541679147
Maalemines,لمعلمين,,neighbourhood,Targuist,تارجيست,34.9452694,-4.3195266,node/13509674056
Douar Tajda,,,neighbourhood,Tarmigt,ترميڭت,30.8979997,-6.89626,node/5257616841
Kasbah,القصبة,,suburb,Taroudant,تارودانت,30.473522,-8.8722935,node/4784047421
Kasbah,القصبة,,suburb,Taroudant,تارودانت,30.4735439,-8.8727027,way/485338990
Medina,المدينة العتيقة,,suburb,Taroudant,تارودانت,30.472925,-8.8788193,node/4784021683
Agdal,,,neighbourhood,Tasoultante,تسلطانت,31.594399,-7.994835,way/603090387
Alhadika Lahna,,,neighbourhood,Tasoultante,تسلطانت,31.5704754,-7.9855934,way/592824839
Bouaâkkaz,بوعكاز,,neighbourhood,Tasoultante,تسلطانت,31.5937554,-8.0211261,node/7264896103
Al Massira 1,,,quarter,Taza,تازة,34.2355992,-3.9942654,node/10025789859
Al Quds,,,quarter,Taza,تازة,34.229681,-3.9799128,node/10025789860
Amhaych,,,suburb,Temsia,التمسية,30.3600451,-9.407537,node/6371155591
Dar ben cheikh,دار بن الشيخ,,suburb,Temsia,التمسية,30.363085,-9.4338312,node/4157757480
Taamirite,,,suburb,Temsia,التمسية,30.3693762,-9.4060135,node/6371155593
Tifrdite,تفرديت,,suburb,Temsia,التمسية,30.36497,-9.420476,node/6371155592
Tichla Sud,جنوب تشلا,Tichla-South,neighbourhood,Tichla,تيشلا,21.6291009,-14.8896969,node/2500507154
Mabrouka,,,neighbourhood,Tiflet,تيفلت,33.895725,-6.3177254,node/6006683637
Gardmit,,,neighbourhood,Tinejdad,تنجداد,31.5157582,-5.0332081,node/2017052407
Afanour,,,suburb,Tinghir,تنغير,31.5307529,-5.5258037,way/378059598
Msalla,,,neighbourhood,Tinghir,تنغير,31.5155542,-5.5365081,node/1834473257
Tichka,,,suburb,Tinghir,تنغير,31.506666,-5.542478,way/378061232
Zaouiet El Feggous,,,suburb,Tinzouline,تينزولين,30.4759889,-6.0666254,node/2042679531
Lotissement Izdihar,إزدهار,,neighbourhood,Tiznit,تزنيت,29.6997838,-9.7477912,node/4013250205
El Khemis,,,quarter,Touama,التوامة,31.5329301,-7.4817227,node/11224859433
Badr alkhair II,,,quarter,Toulal,تولال,33.8966264,-5.6010537,node/3400506525
Toulal,تولال,,suburb,Toulal,تولال,33.8934365,-5.5967421,node/2001867708
,تعرار,,neighbourhood,Trougout,تروكوت,35.1813995,-3.7730139,node/14148484269
Firdaous,الفردوس,,quarter,Témara,تمارة,33.9254612,-6.9011796,node/14094959100
Guich Loudaya,,,quarter,Témara,تمارة,33.9392929,-6.8871097,way/624413286
Guich Oudaya,كيش الأوداية,كيش الوداية,suburb,Témara,تمارة,33.9394209,-6.8862954,node/10089975543
Hay Massira 1,,,suburb,Témara,تمارة,33.9268155,-6.898448,way/135780275
Jasmin,الياسمين,,suburb,Témara,تمارة,33.9037016,-6.9092797,node/13998031649
Maghreb El Arabi,المغرب العربي,,quarter,Témara,تمارة,33.926394,-6.8911855,node/2755123933
Massira,المسيرة,,suburb,Témara,تمارة,33.9334308,-6.8996112,node/14094959101
Nahda,النهضة,,suburb,Témara,تمارة,33.9244164,-6.9056475,node/2256256915
Oulad Mtaa,أولاد مطاع,,suburb,Témara,تمارة,33.9411209,-6.8939082,node/4585829678
Oulad Mtaa,,,quarter,Témara,تمارة,33.9409388,-6.8952745,way/624431750
Vieux Marocain-Cité Andalouse,الأندلس,,suburb,Témara,تمارة,33.9346514,-6.9237189,node/1872090821
Wifaq,الوفاق,,suburb,Témara,تمارة,33.9250759,-6.9330275,node/14094959097
Bario,,,neighbourhood,Tétouan,تطوان,35.574198,-5.3824469,node/4641964798
Bouanan,,,neighbourhood,Tétouan,تطوان,35.5481239,-5.3792031,node/6486856596
Coëlma,,,neighbourhood,Tétouan,تطوان,35.5639258,-5.3450964,node/6903918965
Hay Boujarah,,,neighbourhood,Tétouan,تطوان,35.5860958,-5.358624,node/4636374993
Hay Boussafou,,,neighbourhood,Tétouan,تطوان,35.5947341,-5.3435393,node/4636374768
Hay Hamama,,,neighbourhood,Tétouan,تطوان,35.5701486,-5.3857661,node/4640921121
Hay Nassim Nakata,,,neighbourhood,Tétouan,تطوان,35.5723216,-5.4206818,node/4640921132
Hay Safir,,,neighbourhood,Tétouan,تطوان,35.5816982,-5.3519072,node/4636374719
Hay Sania Rmel,,,neighbourhood,Tétouan,تطوان,35.5748313,-5.3561129,node/4636374692
Hjar Laaroussi,,,neighbourhood,Tétouan,تطوان,35.6027551,-5.3419232,node/6907472788
Kariane,,,neighbourhood,Tétouan,تطوان,35.5894812,-5.3633109,node/6907409784
Korrat Sbaa,,,neighbourhood,Tétouan,تطوان,35.5540888,-5.3880112,node/6903918962
Mhannech,,,neighbourhood,Tétouan,تطوان,35.5646246,-5.3569392,node/6903918964
Médina,المدينة العتيقة,,suburb,Tétouan,تطوان,35.5710625,-5.3664659,node/4026734052
Souani,,,neighbourhood,Tétouan,تطوان,35.5999147,-5.3260889,node/6543817425
Taboula,,,neighbourhood,Tétouan,تطوان,35.5685697,-5.4013725,node/4641964796
Torréta,,,neighbourhood,Tétouan,تطوان,35.552096,-5.3683037,node/6486856178
Touabel,,,neighbourhood,Tétouan,تطوان,35.5806121,-5.345647,node/4641964797
Touilaa,,,neighbourhood,Tétouan,تطوان,35.588024,-5.3505876,node/4636374702
Wilaya,,,neighbourhood,Tétouan,تطوان,35.5889144,-5.3393867,node/4636374824
Alhjar Dar Rati,الحجار دار الراطي,,neighbourhood,Zaaroura,زعرورة,35.1735323,-5.7146906,node/4825296140
Hay Drâa,,,neighbourhood,Zagora,زاكورة,30.3276292,-5.8359089,node/4826846589
Azib Sidi Jaa,,,quarter,Zaouia Annahlia,الزاوية النحلية,31.254436,-8.6840385,node/11222519176
Tazaghine,تزاغين,,quarter,Zegzel,زكزل,34.8958623,-2.3480278,node/3751433079
Sidi Aïssa ben el Mansour,,,neighbourhood,Zouada,زوادة,35.089709,-6.041646,node/13979110256
