osm_id,osm_type,nom,lat,lon,ville,telephone,horaires
444348610,node,,33.9695454,-6.8643092,,,
444348611,node,Pharmacie l'Hôpital Militaire صيدلية المستشفى العسكري,33.9639919,-6.8701924,Rabat ⵔⴱⴰⵟ الرباط,,
444348612,node,Pharmacie Misk صيدلية مسك,33.9632595,-6.8729779,Rabat ⵔⴱⴰⵟ الرباط,,
444348613,node,Pharmacie Ryad صيدلية الرياض,33.9622649,-6.87713,Rabat,,
444380728,node,Pharmacie Ibn Sina صيدلية ابن سينا,33.9962816,-6.8481761,Rabat ⵔⴱⴰⵟ الرباط,,
444381244,node,Pharmacie Moderne الصيدلية العصرية,34.0002024,-6.8468272,Rabat,,
482375260,node,Pharmacie Marjane Hay Ryad صيدلية مرجان حي الرياض,33.9538628,-6.8525408,Rabat,,
530761730,node,,33.5821087,-7.6265575,,,
554630866,node,,35.4509821,-5.0920937,وادي لو,,
621617792,node,,31.6962689,-5.8169484,,,
622166130,node,Pharmacie du Maroc صيدلية المغرب,31.5063276,-5.5392384,Tinghir,,
622654707,node,,31.2293552,-7.6691471,,,
929436602,node,Pharmacie El Janoub صيدلية الجنوب,31.6197141,-8.0517407,Marrakech,,
1020287915,node,Pharmacie Bounoua صيدلية بونوا,33.8923247,-5.547768,Meknès ⴰⵎⴽⵏⴰⵙ مكناس,+212 5 35 60 47 74,
1027807219,node,Pharmacie Benyahya صيدلية بنيحيى,34.0059473,-6.856221,Rabat,,
1088903274,node,,35.4701925,-5.402679,,,
1094091070,node,,34.4940638,-5.5119143,,,
1104883203,node,Pharmacie Al Watanya الصيدلية الوطنية,33.8930667,-5.5562267,Meknès ⴰⵎⴽⵏⴰⵙ مكناس,,
1108873242,node,Pharmacie Chifaa,33.7596908,-5.4852995,,,
1117532367,node,Pharmacie Zouhair صيدلية زهير,33.4386614,-5.2118456,Azrou ⴰⵣⵔⵓ أزرو,,
1117532432,node,Pharmacie Ousadden صيدلية أوسادن,33.4417744,-5.2260459,Azrou أزرو,,
1139689213,node,Pharmacie Al Chifae صيدلية الشفاء,31.5453453,-4.852728,قصر ملعب,,
1156545428,node,Pharmacie Kelaa M'Gouna صيدلية قلعة مكونة,31.2378612,-6.1281695,Kalaat M'Gouna ⵜⵉⵖⵔⵎⵜ ⵏ ⵉⵎⴳⵓⵏⵏ قلعة مغونة,,
1161668245,node,Pharmacie Al Fadilia صيدلية الفاضلية,30.9271763,-6.8896044,Ouarzazate,,
1161748419,node,Pharmacie Centrale الصيدلية المركزية,30.9201487,-6.9164236,ouarzazate,,
1169806899,node,Borj,31.5029762,-9.7592422,,,
1174232653,node,Pharmacie Plage صيدلية الشاطئ,31.5054776,-9.76265,Essaouira,,
1182593328,node,,31.5015333,-9.7583785,,,
1182883783,node,Pharmacie La Mosquée صيدلية المسجد,31.5019629,-9.7571233,Essaouira,,
1184208721,node,khalid ibn oualid,33.6000497,-7.5450991,,,
1185669751,node,,31.5799432,-9.5401349,,,
1185745696,node,,31.5112817,-9.7601672,,,
1228117441,node,Pharmacie Souk Tlat صيدلية سوق الثلاثاء,31.5527836,-7.6687977,Ait Ourir ⴰⵢⵜ ⵓⵔⵉⵔ آيت ورير,,
1228117442,node,,31.5665846,-7.7293035,,,
1228272154,node,Pharmacie Loughribi صيدلية لوغريبي,31.6482637,-7.9444873,Marrakech,,
1228272389,node,Pharmacie La Province صيدلي العمالة,31.6455351,-7.9818213,Marrakech,,
1307904337,node,pharmacie wifak,33.5598715,-7.6919901,,,
1307904346,node,Pharmacie Ahmed,33.5574213,-7.6902715,,,
1313198025,node,Pharmacie Smara صيدلية السمارة,26.7408247,-11.6754109,Smara السمارة,,
1313198077,node,Pharmacie Faiz صيدلية الفايز,26.7403876,-11.6741184,Smara السمارة,,
1329118960,node,Pharmacie Al Wahda صيدلية الوحدة,28.611136,-9.4307951,Assa آسا,,
1329118962,node,Pharmacie Zaouia صيدلية الزاوية,28.6097451,-9.4288218,Assa,,
1345206652,node,Pharmacie Al Majd صيدلية المجد,32.3090718,-9.232781,Safi,,
1345206655,node,Pharmacie Ibn Khoda صيدلية ابن خدة,32.3061928,-9.230238,Safi,,
1365462226,node,Pharmacie Benmira صيدلية بن ميرا,32.3072822,-9.2349116,Safi,,
1414740269,node,,33.5545488,-7.6399358,,,
1414743905,node,Dalal,33.5545398,-7.6360392,,,
1421320060,node,Pharmacie Kounouz,33.9630866,-6.8666198,,,
1464276498,node,Pharmacie du conseil,33.5920672,-7.5950193,,,
1464579561,node,,33.5941095,-7.5965151,,,
1512083780,node,,33.5637163,-7.6355448,,,
1605983559,node,,35.0078982,-3.5434825,,,
1655900419,node,Pharmacie et Laboratoire Zitoune صيدلية و مختبر الزيتون,33.962087,-6.8636699,Rabat,,
1746921493,node,,33.5959681,-7.6276825,,,
1786536312,node,,34.6732696,-4.6274541,,,
1809660060,node,Pharmacie de Taounate صيدلية تاونات,34.5355902,-4.636815,,,
1824539812,node,,33.8547894,-6.856094,,,
1839986376,node,Pharmacie Populaire الصيدلية الشعبية,31.633907,-7.9909252,Marrakech,,
1846147729,node,,34.2864909,-4.6631478,,,
1866502248,node,Pharmacie Centrale الصيدلية المركزية,34.036761,-4.9978456,Fès,+212 5 35 62 25 04,
1992439593,node,,32.5929284,-6.2606942,,,Mo-Fr 08:30-20:00
1992439594,node,Pharmacie Rabai صيدلية ربعي,32.5938064,-6.2644391,Kasba Tadla,,Mo-Fr 08:30-20:00
1992439597,node,,32.5958434,-6.2613674,kasba tadla,,Mo-Fr 08:30-20:00
1992439603,node,,32.5975686,-6.2648541,kasba tadla,,Mo-Fr 08:30-20:00
2014336042,node,Para Vital Pharmacie,28.9800555,-10.0556295,,,
2015785365,node,Pharmacie Sidi Ifni,29.3797068,-10.1730646,Sidi Ifni,,
2031100463,node,Pharmacie Lalla Amina صيدلية للا أمينة,31.5134242,-9.761614,Essaouira ⵚⵚⵡⵉⵕⴰ الصويرة,,
2031100478,node,,31.4494254,-9.7338065,,,
2031101146,node,,31.5073363,-9.7610029,,,
2068123018,node,Saydalyat Llaili3,32.4754825,-6.7365821,,,
2068123326,node,Saydalyat Dawar Jdid,32.4765779,-6.7344685,,,
2080858909,node,Pharmacie Anezi صيدلية أنزي,30.417109,-9.6003148,Agadir ⴰⴳⴰⴷⵉⵔ أگادير,,
2080858910,node,Pharmacie Aourir,30.4976427,-9.6707924,,,
2080858911,node,Pharmarcie Al Wiam,30.5051263,-9.6720385,,,
2080858914,node,Pharmacie La Province صيدلية العمالة,30.3624128,-9.534122,Inezgane ⵉⵏⴻⵣⴳⴰⵏ إنزگان,,
2080858962,node,,30.4147845,-9.5988659,,,
2080859496,node,,30.4998165,-9.6640547,,,
2084433071,node,Pharmacie Al Yosr صيدلية اليسر,31.2399431,-6.1282678,Kalaat M'Gouna,,
2138957008,node,Pharmacie IMLIL,31.1366292,-7.9204038,,,
2190205089,node,maalaynin,29.9839793,-9.6411176,,,
2192541806,node,Pharmacie Jaber Ibn Hayyan صيدلي جابر بن حيان,35.5691826,-5.3844481,Tétouan,,
2193206360,node,Pharmacie Al Qods صيدلية القدس,35.5729334,-5.3794477,Tétouan,,
2193213072,node,Pharmacie Moussa Ibn Noussair صيدلية موسى ابن نصير,35.5722979,-5.3862755,Tétouan,,
2197266996,node,Pharmacie de La Mosquée Hassan II صيدلية المسجد الحسن,35.5698721,-5.3779851,Tétouan ⵜⵉⵟⵟⴰⵡⵉⵏ تطوان,,
2207627543,node,,33.6034834,-7.6424795,,,
2257319158,node,Pharmacie Rissani صيدلية الريصاني,31.2837095,-4.2652234,Rissani ⵔⵉⵙⵙⴰⵏⵉ الريصاني,,
2257967923,node,,31.115683,-5.1669424,,,
2274762461,node,Pharmacie La Prevention,29.979764,-5.5834313,,,
2274762467,node,Pharmacie Tamgroute,30.2600691,-5.6858555,,,
2298158229,node,Pharmacie Assafar Nissafaren صيدلية أسفار نيسافارن,29.6936847,-9.7296041,Tiznit ⵜⵉⵣⵏⵉⵜ تزنيت,,
2298158230,node,Pharmacie Du Souk,29.6920344,-9.7232115,,,
2299844673,node,Pharmacie El Fath,34.0480173,-6.7970992,,,
2305378245,node,Pharmacie Hamad صيدلية حمد,31.5122164,-9.7709752,Essaouira,,
2305378462,node,Pharmacie La Kasbah صيدلية القصبة,31.5129836,-9.7710801,Essaouira الصويرة,,
2308136542,node,Alinkor Pharmacy,35.1732952,-3.8651759,,,
2328215997,node,Pharmacie Anegay صيدلية أنغاي,35.7851172,-5.8124517,Tanger طنجة,,
2328216020,node,Pharmacie Bab Bhar صيدلية باب البحر,35.7878914,-5.8117694,Tanger ⵜⵉⵏ ⵉⴳⴳⵉ طنجة,,
2328216145,node,Pharmacie Al Maghrib صيدلية المغرب,35.7826008,-5.8129687,طنجة,,
2328516999,node,Pharmacie Sakhra صيدلية الصخرة,33.435806,-5.2202958,Azrou ⴰⵣⵔⵓ أزرو,,
2328517026,node,Pharmacie Moulay Idriss صيدلية مولاي ادريس,32.6886313,-4.7425154,Midelt ميدلت,,
2328748922,node,Pharmacie Filali صيدلية فيلالي,34.0400364,-5.0057261,Fès,+212 5 35 62 21 63,
2329883191,node,Pharmacie Principale الصيدلية الرئيسية,30.9228712,-6.9191107,Ouarzazate,,
2329883237,node,Pharmacie La Renaissance صيدلية النهضة,30.9217847,-6.9239616,Ouarzazate,,
2329883243,node,Pharmacie la Gare Routière صيدلية المحطة الطرقية,30.9251932,-6.9274807,OUARZAZATE,,
2329883261,node,Pharmacie Tassoumaate صيدلية تاصومعت,30.9239006,-6.9300105,OUARZAZATE,,
2339807731,node,Pharmacie Ayour صيدلية أيور,33.7031453,-7.3895935,Mohammedia,,
2343034656,node,Pharmacie de la Place صيدلية الساحة,31.6254905,-7.9885542,Marrakech ⵎⵕⵕⴰⴽⵛ مراكش,,
2382672190,node,Pharmacie al Adarissa,33.5111741,-7.6482559,,,
2390648187,node,La Grande Pharmacie الصيدلية الكبرى,30.3956338,-9.2116422,OULAD TEIMA,,
2425363422,node,Pharmacie Hamza,30.5769882,-7.2032599,,,
2430340195,node,صيدلية طاطا,29.7462217,-7.9732771,Tata ⵟⴰⵟⴰ طاطا,,
2503855868,node,Pharmacie des Écoles صيدلية المدارس,33.9651542,-6.8668657,Rabat,,
2529315376,node,Pharmacie Lahraouine صيدلية الهراويين,33.5606836,-7.5527375,,,
2529315380,node,Pharmacie le Théâtre صيدلية المسرح,33.5633186,-7.5543957,,,
2552301943,node,Pharmacie Taghazout,30.5447522,-9.7080225,,,
2555675270,node,Pharmacie Maatallah صيدلية معطى الله,31.5956758,-8.0494981,Marrakech,,
2585737606,node,Pharmacie Centre Chèques Postaux صيدلية مركز الشيكات البريدية,34.0209889,-6.8267416,Rabat ⵔⴱⴰⵟ الرباط,,
2614573499,node,Pharmacie Chellah صيدلية شالة,34.0217171,-6.8312237,Rabat,,
2614573968,node,Pharmacie du Théatre صيدلية المسرح,34.0195429,-6.8310709,Rabat,,
2614581991,node,Pharmacie de la Tour Hassan صيدلية صومعة حسان,34.0178583,-6.8290641,Rabat,,
2619503548,node,mohammed V,34.0489348,-6.7994052,,,
2619545756,node,Pharmacie Mamounia,34.0503377,-6.8005667,,,
2623435570,node,La Grande Pharmacie الصيدلية الكبرى,34.0163793,-6.8319284,Rabat,,
2637591497,node,Pharmacie Belkaddar صيدلية بلقدار,34.4159088,-2.8932854,Taourirt تاوريرت,,
2689650712,node,Pharmacie Rihabe صيدلية رحاب,35.1882493,-6.155194,Larache,,
2689650716,node,Pharmacie Ibn Rochd صيدلية ابن رشد,35.1890139,-6.1515995,Larache,,
2689650719,node,Pharmacie Coliseo صيدلية كوليسيو,35.1947614,-6.1543643,Larache ⵍⵄⵔⴰⵢⵛ العرائش,,
2693794836,node,Pharmacie Boutaina صيدلية بثينة,35.1928781,-6.1553246,Larache العرائش,,
2693794844,node,Pharmacie Ibn Khaldoun صيدلية ابن خلدون,35.1912968,-6.1541289,Larache العرائش,,
2711741030,node,Pharmacie des Prêles,33.5778147,-7.6394176,,,
2711741038,node,Pharmacie des Stades صيدلية الملاعب,33.5802204,-7.6404866,,,
2714699183,node,Pharmacie Moulay Youssef,33.5984096,-7.632475,,,
2716968692,node,Pharmacie Ibn Tofail صيدلية ابن طفيل,32.2826011,-9.2278187,Safi,,08:00-19:00
2717064863,node,Pharmacie Nabil صيدلية نبيل,32.2853034,-9.2277756,Safi,,
2742633454,node,Pharmacie Gharbia صيدلية الغربية,34.0273181,-6.8455781,Rabat,,
2774853799,node,Pharmacie Ibn Hajar صيدلية إبن حجر,34.0085482,-6.8511786,Rabat,,
2777458170,node,Pharmacie Tamaârouft,33.599213,-7.6354406,,,"08:30-12:30,15:30-20:00"
2788629843,node,Pharmacie La Cité Universitaire صيدلية الحي الجامعي,35.7338104,-5.8846632,Tanger طنجة,,
2811105950,node,Pharmacie Palacio صيدلية بلاسيو,31.6334989,-8.0151196,Marrakech,,
2811105958,node,Pharmacie Abdelkrim El Khattabi صيدلية عبد الكريم الخطابي,31.635834,-8.017145,Marrakech,,
2879723007,node,Pharmacie Les Iris صيدلية السوسن,33.5900215,-7.638947,,,
2880485806,node,Pharmacie Fath El Khair,33.6145513,-7.4871759,,,
2880503245,node,Pharmacie Kawnouka,33.6116931,-7.480976,,+212 5 22 74 06 35,
2902105734,node,pharmacie Charles Nicole,33.5740142,-7.6248749,,,
2903614162,node,Araucaria اروكاريا,33.57097,-7.660369,,,
2903614175,node,Long Champ,33.5727357,-7.6563829,,,
2903614184,node,Kenza,33.5718686,-7.6533037,,,
2903627300,node,Pharmacie de la sécurité,33.5722341,-7.6226584,,,
2907705733,node,Pharmacie Moderne صيدلية العصرية,35.784065,-5.8126868,Tanger طنجة,,
2925750913,node,Pharmacie El Irfane صيدلية العرفان,33.9818509,-6.864547,Rabat,,
2969499566,node,Pharmacie de La Gare صيدلية المحطة,34.680722,-1.9220727,Oujda وجدة,+212 536683104,
2969499567,node,Pharmacie Mouslim صيدلية مسلم,34.6831136,-1.9160562,Oujda,+212 536706066,
2969934858,node,Pharmacie La Salle Couverte صيدلية القاعة المغطاة,34.6740316,-1.9285056,Oujda,+212 536513547,
2970317555,node,Pharmacie Chrif صيدلية الشريف,34.6772616,-1.8891874,Oujda,+212 536744903,
2973858479,node,Pharmacie Al Yamama صيدلية اليمامة,31.5199895,-9.7512349,Essaouira الصويرة,,
2980894729,node,Pharmacie Ain Sarrak صيدلية عين السراق,34.6579575,-1.9218621,Oujda,+212 536531939,
2991847135,node,Pharmacie Mouzdalifa صيدلية المزدلفة,31.6487421,-8.0091537,Marrakech,,
3004051262,node,Pharmacie Hay Semlalia صيدلية حي السملالية,31.6465449,-8.0135084,Marrakech,,
3024761761,node,Pharmacie Bni Touzine,34.93646,-3.5372459,midar,+212 5 36 36 40 50,
3024838003,node,Pharmacie Midar,34.9383917,-3.5342463,midar,+212 5 36 36 43 81,
3024846124,node,Pharmacie Achifa,34.9391708,-3.5345541,midar,+212 5 36 36 40 98,
3024937854,node,Pharmacie AL AMAL,34.9417157,-3.5340505,midar,+212 5 36 36 42 89,
3060515733,node,Pharmacie 2 Octobre صيدلية 2 أكتوبر,33.3678536,-4.7297178,Boulemane بولمان,,
3060515735,node,Pharmacie Boulemane صيدلية بولمان,33.3659988,-4.7327166,Boulemane بولمان,,
3103846175,node,Pharmacie Chefchaouen صيدلية شفشاون,35.1676481,-5.2660538,Chefchaouen ⵛⴼⵛⴰⵡⵏ شفشاون,,
3106913993,node,Pharmacie Utaa Hammam صيدلية وطاء الحمام,35.1689649,-5.2611811,Chefchaouen شفشاون,,
3106996137,node,Pharmacie Assalam صيدلية السلام,35.1686287,-5.2632947,Chefchaouen شفشاون,,
3111466942,node,Pharmacie des Oudayas صيدلية الأوداية,34.029522,-6.8358024,Rabat,,
3113729376,node,Pharmacie Assanaoubar صيدلية الصنوبر,33.957923,-6.8794404,Rabat,,
3118757839,node,Pharmacie Cervantes صيدلية سيرفانطيس,35.7826706,-5.8104385,Tanger طنجة,,
3118805798,node,Pharmacie Bahmad,33.5946576,-7.586858,,,
3120476694,node,Pharmacie Vie,33.5920721,-7.5895331,,,
3126464218,node,Pharmacie Al Masjid صيدلية المسجد,33.693455,-5.3682214,El Hajeb الحاجب,,
3142055038,node,Pharmacie Riad Salam صيدلية رياض السلام,33.8861691,-5.5785565,Meknès,,
3142055039,node,Pharmacie Diour Salam صيدلية ديور السلام,33.8846509,-5.5737053,Meknès,,
3142378757,node,Pharmacie Saada صيدلية السعادة,33.8820011,-5.5682182,Meknès ⴰⵎⴽⵏⴰⵙ مكناس,,
3142380711,node,Pharmacie Moulay Meliana صيدلية مولاي مليانة,33.8840155,-5.5704707,Meknès,,
3142381485,node,Pharmacie Annasr صيدلية النصر,33.8871508,-5.5762359,Meknès,,
3142381490,node,Pharmacie Ibn Rochd صيدلية بن رشد,33.8819386,-5.5731861,Meknès,,
3142860279,node,Pharmacie Borj صيدلية البرج,33.9475044,-6.8736322,Rabat,,
3144247383,node,Pharmacie Faris صيدلية فارس,33.8895217,-5.5760072,Meknès,,
3154322977,node,Pharmacie Al Hafa صيدلية الحافة,35.1674786,-5.2688322,Chefchaouen ⵛⴼⵛⴰⵡⵏ شفشاون,,
3154323896,node,Pharmacie Les Parents صيدلية الوالدين,35.1685196,-5.2719692,Chefchaouen,,"09:00-13:00,16:00-21:00"
3167285132,node,Pharmacie Du Founty صيدلية فونتي,30.4175603,-9.596466,Agadir,,
3178706017,node,Pharmacie la Santé صيدلية الصحة,35.1664575,-5.2642183,Chefchaouen شفشاون,,
3191421810,node,Pharmacie Al Hamra صيدلية الحمرة,35.169487,-5.2655843,Chefchaouen شفشاون,,
3191421821,node,Pharmacie El Machichi صيدلية المشيشي,35.170529,-5.2686114,Chefchaouen ⵜⵛⴻⴼⵜⵛⴰⵡⴻⵏ شفشاون,+212 5 39 98 71 49,
3195477404,node,Pharmacie la Province صيدلية العمالة,35.1705538,-5.273098,Chefchaouen,+212 5 39 88 38 55,09:00-20:00
3204883255,node,Pharmacie La Fountaine صيدلية النافورة,31.6545722,-8.0197836,Marrakech,,
3206035259,node,Pharmacie Ibn Sina صيدلية ابن سينا,35.169211,-5.2699234,Chefchaouen ⵛⴼⵛⴰⵡⵏ شفشاون,+212 5 39 98 61 58,09:00-20:00
3206572946,node,,33.1669913,-5.5657319,,,
3206574757,node,,33.5290758,-5.1072297,,,
3207182918,node,Pharmacie Issafarnes صيدلية إسفارن,31.6474711,-8.0480489,Marrakech,,
3207191269,node,Pharmacie Alistiklal صيدلية الإستقلال,31.6535339,-8.0084674,Marrakech,,
3207191270,node,Pharmacie Assif صيدلية أسيف,31.6555646,-8.0031478,Marrakech,,
3208543614,node,Pharmacie Populaire,31.580749,-9.0165271,,,
3208543615,node,Pharmacie Sidi El Moktar,31.5801418,-9.0145193,,,
3211517817,node,Pharmacie La Victoire صيدلية النصر,31.6592991,-7.9970209,Marrakech,,
3211568594,node,Pharmacie Ariha صيدلية أريحا,31.6503251,-7.9894099,Marrakech,,
3213324546,node,Pharmacie Zahir صيدلية زاهير,33.8966302,-5.58734,Meknès ⴰⵎⴽⵏⴰⵙ مكناس,,
3213651401,node,Pharmacie L'Orchidée صيدلية الأوركيد,31.6260972,-8.0201238,Marrakech,,
3213651403,node,Pharmacie Kaadoud صيدلية القعدود,31.6452847,-8.0103641,Marrakech,,
3214364718,node,Pharmacie Nouvelle الصيدلية الجديدة,33.8991592,-5.5516749,Meknès,,
3215175236,node,Pharmacie Hay Assalam صيدلية حي السلام,33.8967791,-5.5831585,Meknès ⴰⵎⴽⵏⴰⵙ مكناس,,
3215340666,node,Pharmacie Les Jardins de la Mamounia صيدلية حدائق المامونية,31.6218621,-7.9950507,Marrakech ⵎⵕⵕⴰⴽⵯⵛ مراكش,,
3216237740,node,Pharmacie Injad صيدلية إنجاد,33.894869,-5.5852147,Meknès ⴰⵎⴽⵏⴰⵙ مكناس,,
3216937770,node,Pharmacie des Sciences صيدلية العلوم,31.6495958,-8.0141088,Marrakech,,
3216945242,node,Pharmacie Tropicana صيدلية تروبيكانا,31.6459837,-8.0164401,Marrakech,,
3229849814,node,Pharmacie Mekka صيدلية مكة,30.4076965,-9.5808502,Agadir,,
3237361747,node,Pharmacie Assafae صيدلية الصفاء,34.7034449,-1.9220778,وجدة,+212 536524285,
3238613743,node,Pharmacie Al Abiad صيدلية الأبيض,31.6156341,-8.0691573,Marrakech,,
3238752105,node,Pharmacie Al Hilal Al Akhdar صيدلية الهلال الأخضر,34.6762864,-1.8788408,Oujda,+212 536745329,
3241908881,node,Pharmacie Tarik Ibn Ziad صيدلية طارق بن زياد,34.6943086,-1.9164627,Oujda,+212 536680406,
3245732764,node,Pharmacie Ennakhla صيدلي النخلة,34.7013173,-1.9195038,Oujda,+212 536523898,
3246275442,node,Pharmacie Armée de la Libération صيدلية جيش التحرير,34.671611,-1.9202958,Oujda,+212 536711953,
3259224935,node,Pharmacie Lope De Vega صيدلية لوبي دي فيكا,35.1501911,-2.9228535,Nador الناظور,,
3262339832,node,Pharmacie Casablanca صيدلية الدار البيضاء,34.6843496,-1.9123711,Oujda,+212 536684007,
3269265257,node,L'Orientale Pharmacie الصيدلية الشرقية,34.6814353,-1.9177218,Oujda وجدة,+212 536682769,
3269287711,node,Pharmacie Yassine صيدلية ياسين,34.6725225,-1.8891898,Oujda,+212 536 50 34 67,
3269366502,node,Pharmacie Al Hayat صيدلية الحياة,34.6984786,-1.92312,Oujda,+212 536523589,
3269396142,node,Pharmacie Hay Toba صيدلية حي طوبا,34.6991884,-1.9205874,Oujda,+212 536520924,
3325294451,node,Pharmacie Omar Riffi صيدلي عمر الريفي,34.6912159,-1.9161524,Oujda,+212 536696667,
3325434377,node,Pharmacie Jellouli صيدلية جلولي,34.6653842,-1.8765536,Oujda,+212 536541010,
3335138669,node,Pharmacie Afaq Al Aounia صيدلية اًفاق العونية,34.6961617,-1.8822914,Oujda,+212 536749091,
3344232301,node,Pharmacie Chorfas صيدلية الشرفاء,33.8893735,-5.5791684,Meknès,,
3346276726,node,Pharmacie Mouloudia صيدلية المولودية,34.6845897,-1.9424723,Oujda,+212 536515959,
3362202798,node,Pharmacie Cheikh El Kamel صيدلية الشيخ الكامل,33.8973294,-5.5705045,Meknès,,
3362739421,node,Pharmacie Sidi Maârouf,33.5136433,-7.6555237,,,
3366633160,node,Pharmacie Bab Rha صيدلية باب الرحى,33.8915047,-5.5685459,Meknès ⴰⵎⴽⵏⴰⵙ مكناس,,
3370583528,node,Pharmacie Belle Vue صيدلية المنظر الجميل,34.6725219,-1.9160846,Oujda,+212 536710475,
3370633328,node,Pharmacie les Arcades صيدلية أركاد,34.0125082,-6.8425147,Rabat,,
3380382306,node,Pharmacie Moderne الصيدلية العصرية,34.6817349,-1.9119481,Oujda,+212 536682871,
3380875230,node,pharmacie d'Imessouane,30.8456348,-9.8196237,,,
3384663636,node,Pharmacie Rond Point Caméra صيدلية مدار كاميرا,33.9003709,-5.5485678,Meknès ⴰⵎⴽⵏⴰⵙ مكناس,,
3385779318,node,Pharmacie de Palma صيدلية بالما,33.9342673,-6.9439595,Témara تمارة,,
3385807337,node,Pharmacie Bab Khemis صيدلية باب الخميس,33.8906799,-5.5717236,Meknès,,
3395352630,node,Pharmacie Agdal صيدلية أكدال,34.6753272,-1.8723262,Oujda وجدة,+212 536540799,
3400335135,node,Pharmacie de la Capitale صيدلية العاصمة,34.0141694,-6.8313865,Rabat ⵕⵕⴱⴰⵟ الرباط,,
3404198324,node,Pharmacie de l'Atlas صيدلية الأطلس,33.8796088,-5.5640693,Meknès ⴰⵎⴽⵏⴰⵙ مكناس,,
3404200404,node,Pharmacie la Liberté صيدلية الحرية,33.8853868,-5.5650738,Meknès ⴰⵎⴽⵏⴰⵙ مكناس,,
3407097808,node,Pharmacie Rhaouti صيدلية غوتي,33.976008,-6.8699708,Rabat ⵔⴱⴰⵟ الرباط,,
3410053131,node,Pharmacie Descartes صيدلية ديكارت,33.9914532,-6.8467235,Rabat,,
3410053135,node,Pharmacie Al Faraj صيدلية الفرج,34.0107326,-6.8564975,Rabat,,
3410193820,node,Pharmacie Ben Omar صيدلية بن عمر,34.0154509,-6.8271485,Rabat ⵔⴱⴰⵟ الرباط,,
3410435116,node,Pharmacie Guedira صيدلية عبد الحكيم اكديرة,34.0215779,-6.8363628,Rabat ⵔⴱⴰⵟ الرباط,,
3413975983,node,Pharmacie la Renaissance صيدلية النهضة,34.0203254,-6.8372771,Rabat,,
3414549672,node,Pharmacie Al Alfiya صيدلية الألفية,33.993394,-6.8478351,Rabat,,
3417542092,node,Pharmacie Ibn Khattab صيدلية بن خطاب,34.0023082,-6.8459085,Rabat ⵔⴱⴰⵟ الرباط,,
3417570419,node,Pharmacie des Facultés صيدلية الكليات,33.9994604,-6.8445409,Rabat,,
3423050475,node,Pharmacie des Nations Unies صيدلية الأمم المتحدة,33.9956587,-6.8455968,Rabat ⵔⴱⴰⵟ الرباط,,
3423060126,node,Pharmacie l'Oasis صيدلية الواحة,34.0101104,-6.8436866,Rabat,,
3434818738,node,Pharmacie Dounia Soleil صيدلية دنيا الشمس,34.0246476,-6.829974,Rabat,,
3436585821,node,Pharmacie de la Résistance صيدلية المقاومة,34.0229167,-6.8462022,Rabat,,
3436707873,node,Pharmacie Safiya صيدلية الصافية,33.9552146,-6.8656761,Rabat,,
3436762171,node,Pharmacie Amyris صيدلية أمرس,33.966459,-6.8689394,Rabat,,
3449071351,node,Pharmacie Al Minbat صيدلية المنبت,33.9786059,-6.8368404,Rabat,,
3452801879,node,Pharmacie Guerraoui صيدلية الكراوي,32.2909111,-9.2219882,SAFI,,
3458835686,node,Pharmacie Ad Doha,33.5700253,-7.6363369,,,
3458840609,node,Pharmacie Annajd,33.5700455,-7.6346257,,,
3469171437,node,Pharmacie Bine Lekchali صيدلية بين لقشالي,31.6411076,-8.0281311,Marrakech,,
3472843948,node,Grande Pharmacie Commerciale,33.5956684,-7.6172472,,,
3476069623,node,Fleming,33.947977,-6.8289978,,,
3476099170,node,Pharmacie des Zaers صيدلية زعير,33.9820186,-6.8288893,Rabat ⵔⴱⴰⵟ الرباط,,
3476099249,node,Pharmacie Talha صيدلية طلحة,33.952492,-6.829435,Rabat,,
3476116019,node,Pharmacie la Pinède صيدلية الصنوبر,33.9854203,-6.828252,Rabat ⵔⴱⴰⵟ الرباط,,
3476156824,node,Pharmacie des Ministères d'Agdal صيدلية وزارات أكدال,33.99536,-6.8556405,Rabat,,
3476190803,node,Pharmacie Ibn Tofail صيدلية ابن طفيل,33.993735,-6.8720219,Rabat,,
3476190804,node,Pharmacie Essalam صيدلية السلام,33.9985411,-6.8699254,Rabat,,
3481073936,node,Ya.Sin,33.9725938,-6.8201801,,,
3497153245,node,Pharmacie Amouni,32.2486351,-9.2517716,,,
3497153246,node,Pharmacie Nassiha صيدلية النصيحة,32.2530295,-9.249509,Safi,,
3497153247,node,Pharmacie Chakir,32.2554779,-9.2516072,,,
3497153248,node,Pharmacie Sarah صيدلية سارة,32.25408,-9.2466322,Safi,,
3497153249,node,Pharmacie Al Hidaya صيدلية الهداية,32.2564867,-9.2487633,SAFI,,
3497153250,node,Pharmacie Safi صيدلية اسفي,32.2577664,-9.2523507,Safi,,
3497153251,node,Pharmacie Ezzohour صيدلية الزهور,32.2585585,-9.2495276,Safi,,
3497153252,node,Pharmacie Kolea صيدلية القليعة,32.2612278,-9.2517334,Safi,,
3497153253,node,Pharmacie Ibn Rochd صيدلية ابن رشد,32.2609823,-9.2487493,Safi,,
3497153254,node,Pharmacie Lamine,32.2612822,-9.2448455,,,
3497153255,node,Pharmacie Sidi Ouassel صيدلية سيدي واصل,32.2634469,-9.2470602,Safi آسفي,,
3497153256,node,Pharmacie Tazi صيدلية تازي,32.2649474,-9.2493945,Safi آسفي,,
3497153257,node,Pharmacie Al Hassania صيدلية الحسنية,32.2643124,-9.2444163,Safi,,
3497153258,node,Pharmacie Laarissa صيدلية العريصة,32.2644097,-9.239898,Safi,,
3497153259,node,Pharmacie Al Yousr صيدلية اليسر,32.2654373,-9.2370349,Safi,,
3506033049,node,Pharmacie des écoles,33.5944226,-7.6184008,,,
3556553214,node,pharmacie sijilmassa صيدلية سجلماسة,31.6383248,-7.9876618,,,
3576723935,node,Pharmacie C.H.U صيدلية المستشفى الجامعي,33.9877718,-6.8530394,Rabat,,
3576723936,node,Pharmacie L'Étoile صيدلية النجمة,33.9900489,-6.8541423,Rabat,,
3576752702,node,Pharmacie Guyville Harhoura صيدلية غايفيل هرهورة,33.9361065,-6.9417122,Témara تمارة,,
3593266838,node,Pharmacie Oqba صيدلية عقبة,34.0031697,-6.8496954,Rabat,,
3594375234,node,Pharmacie des Orangers صيدلية الليمون,34.0527906,-6.7849912,,,
3600782756,node,Pharmacie Al Insaf صيدلية الإنصاف,34.6668092,-1.9107118,Oujda,+212 5 36 69 78 02,
3614998948,node,Pharmacie d'Urgence Hôpital Universitaire صيدلية المستعجلات المستشفى الجامعي,34.6576325,-1.9145475,Oujda,+212 536500550,
3617993851,node,Pharmacie Annarjis صيدلية النرجس,34.2243286,-3.3432199,Guercif,,
3617993853,node,Pharmacie Chifaa صيدلية الشفاء,34.2254463,-3.3451431,Guercif,,
3618055151,node,Pharmacie Guercif صيدلية كرسيف,34.2274367,-3.3484757,Guercif,,
3625052678,node,Pharmacie Bouzidi صيدلية بوزيدي,34.6692994,-1.8824773,Oujda,+212 536504504,
3625302334,node,Pharmacie Al Iman صيدلية الإيمان,34.6721667,-1.8933009,Oujda,+212 536502918,
3627208813,node,Pharmacie Al Maqdis صيدلية المقدس,34.6537374,-1.895795,Oujda,+212 536501505,
3627351047,node,Pharmacie Al Irchad صيدلية الارشاد,34.6565776,-1.9042065,Oujda,+212 536502459,
3633664078,node,,34.7974637,-5.5865447,,,
3635525420,node,Pharmacie Al Jaouhara صيدلية الجوهرة,34.6683592,-1.9317509,Oujda,+212 536515469,
3637110907,node,Pharmacie Al Andalous صيدلية الأندلس,34.6697926,-1.9241752,Oujda,+212 536691046,
3637114955,node,Pharmacie Masjid Essaboni صيدلية مسجد الصابوني,34.675626,-1.9006096,Oujda,,
3637253269,node,Pharmacie Lazaret El Malti صيدلية لازاري المالطي,34.681681,-1.8876133,Oujda,+212 536 74 09 58,
3646503598,node,Pharmacie Berrechi صيدلية بريشي,34.6595651,-1.9030147,Oujda,+212 536500045,
3670267290,node,Pharmacie Mekka صيدلية مكة,31.671362,-8.0366529,Marrakech,,
3673771692,node,Pharmacie Tennis صيدلية التنس,34.698285,-1.8973238,Oujda,+212 536 69 06 02,
3677480586,node,Pharmacie Kadi صيدلية القاضي,34.6936239,-1.9141854,Oujda,+212 536709970,
3677629979,node,Pharmacie Batal صيدلية بطل,34.6893258,-1.9306102,Oujda,+212 536517591,
3718016810,node,Pharmacie Rcif صيدلية الرصيف,34.0607842,-4.9730652,Fès,,
3733041878,node,Pharmacie Dar El Baroud,31.6256559,-7.993974,,,
3737110064,node,Pharmacie Sherine صيدلية شيرين,34.6832189,-1.9199325,Oujda,+212 536689332,
3761875139,node,Pharmacie et Laboratoire Les Almohades صيدلية و مختبر الموحدين,34.0206772,-6.8243041,Rabat الرباط,,
3770569372,node,Pharmacie Al Andalous صيدلية الأندلس,35.1659316,-5.2660194,Chefchaouen ⵛⴼⵛⴰⵡⵏ شفشاون,,
3772151457,node,Pharmacie l'Officine Moderne صيدلية المستوصف الحديث,34.0174608,-6.8258189,Rabat الرباط,,
3781831646,node,Pharmacie Nassim Al Bahr صيدلية نسيم البحر,33.9274329,-6.9503182,Témara تمارة,,
3811962281,node,Pharmacie Birinzerane صيدلية بئر أنزران,31.5186066,-5.5344797,Tighir,,
3811965157,node,Pharmacie Adrar صيدلية أدرار,31.5152814,-5.5340323,Tinghir,,
3811972084,node,Pharmacie Ighir صيدلية إغير,31.5166819,-5.5369327,Tighir,,
3812027774,node,Pharmacie Toudgha صيدلية تودغا,31.5221187,-5.5306539,Tinghir ⵜⵉⵏⵖⵉⵔ تنغير,,
3812041454,node,Pharmacie Elfilaha صيدلية الفلاحة,31.509514,-5.5380676,Tinghir,,
3812071116,node,Pharmacie Saghro صيدلية صاغرو,31.521386,-5.5317635,Tinghir ⵜⵉⵏⵖⵉⵔ تنغير,,
3824537057,node,Pharmacie Ibn Sina صيدلية ابن سينا,34.6894759,-6.0036313,Souk El Arbaa ⵙⵓⵇ ⵍⴰⵔⴱⵄⴰ سوق الأربعاء,,
3835663970,node,Pharmacie La Mosquée صيدلية المسجد,35.1790282,-5.2813059,Chefchaouen,,09:00-20:00
3836100628,node,Pharmacie Ras El Ma صيدلية رأس الماء,35.1638163,-5.2615286,Chefchaouen,,"09:00-13:00,15:00-20:00"
3841767207,node,Moulay Driss,34.0567743,-5.5228185,,,
3892473780,node,Pharmacie Al Moustaoussaf صيدلية المستوصف,35.26119,-2.9336402,Beni Ensar ⴱⵏⵉ ⵏⵚⴰⵔ بني انصار,,
3907193173,node,Pharmacie Jamai ⵍⵊⴰⵎⵄⵉ صيدلية الجامعي,33.5582659,-7.6707464,,,
3922131747,node,Pharmacie Le Littoral صيدلية الساحل,33.9297373,-6.9465894,Témara تمارة,+212 537 626425,
3922160059,node,Pharmacie Essaada,33.9335925,-6.940455,Témara تمارة,,
3923726554,node,Pharmacie Michlifen صيدلية مشليفنè,33.9947531,-6.8507219,Rabat,,
3935697402,node,Pharmacie La Colline صيدلية لاكولين,33.6950989,-7.372396,Mohammedia,,
3936112702,node,Pharmacie du Lycée,33.5972022,-7.6348484,,,
3936527087,node,Pharmacie Ibn Sina صيدلية ابن سينا,33.692378,-7.385159,Mohammedia,,
3936554344,node,,33.6878824,-7.3420845,,,
3938245416,node,,33.685479,-7.3431512,,,
3944474922,node,Pharmacie Pont Blondin صيدلية جسر بلوندان,33.719309,-7.3402685,Mohammédia المحمدية,,
3944966530,node,Pharmacie El Ouali Sidi Driss صيدلية الوالي سيدي إدريس,34.6882098,-1.8998802,Oujda,+212 536707040,
3951379157,node,Pharmacie des Cliniques صيدلية المصحات,34.0210339,-6.8213996,Rabat الرباط,+212 537 20 33 64,
3963574138,node,Pharmacie Dallas صيدلية دالاس,35.087071,-2.2315914,Saidia ⵙⵄⵉⴷⵢⵢⴰ السعيدية,+212 536 625552,
3964623160,node,Pharmacie de la Marne صيدلية مارل,34.0140629,-6.8290191,Rabat ⵔⴱⴰⵟ الرباط,,
3980226973,node,ParaPharmacie,31.6168813,-7.9825002,,,
3980321317,node,Pharmacie Ibn El Haytam صيدلية ابن الهيثم,34.0170042,-6.8531909,Rabat,+212 5 37 73 46 03,
3980597618,node,Pharmacie Aya صيدلية اًية,34.0166735,-6.8567883,Rabat,,
3992450344,node,Pharmacie Dcheira صيدلية الدشيرة,30.371139,-9.5412949,Dcheira El Jihadia ⴷⵛⵉⵔⴰ ⵍⵊⵉⵀⴰⴷⵉⵢⴰ الدشيرة الجهادية,,
4004329201,node,Pharmacie Maghrebine الصيدلية المغاربية,34.0221318,-6.8497586,Rabat ⵔⴱⴰⵟ الرباط,,
4013390707,node,Pharmacie Masrah Al Wilaya صيدلية مسرح الولاية,35.5896038,-5.3350966,Tétouan,,
4023411144,node,Pharmacie Pasteur,30.3675201,-9.5409826,,,
4026742699,node,Pharmacie Bab El Okla صيدلية باب العقلة,35.5706719,-5.3633031,Tétouan,,
4043450629,node,Pharmacie Al Afaq صيدلية الاًفاق,33.8822274,-5.5761549,Meknès,,
4048509902,node,Pharmacie Taliouine صيدلية تالوين,30.5320351,-7.9237559,Taliouine,,
4051504011,node,Pharmacie Abou Zayd صيدلية أبو زيد,30.53279,-7.9246927,Taliouine,,
4051504012,node,Pharmacie Centrale الصيدلية الرئيسية,30.5319329,-7.9215909,Taliouine ⵜⴰⵍⵉⵡⵉⵏ تالوين,,
4075603409,node,Pharmacie Cherqi صيدلية الشرقي,34.0286307,-6.8387859,Rabat,,
4103544524,node,Pharmacie Bachiri صيدلية بشيري,34.9204071,-2.3255189,Berkane,+212 5 36 61 21 45,
4143088481,node,Pharmacie Jamaa Soussi صيدلية جامع السوسي,33.8804526,-5.5772401,Meknès,,
4146320889,node,Pharmacie Centrale الصيدلية المركزية,31.2822491,-4.2651873,Rissani ⵔⵉⵙⵙⴰⵏⵉ الريصاني,,
4151506690,node,Pharmacie Miramar صيدلية ميرامار,33.9436808,-6.9340169,Témara تمارة,,
4151510090,node,Pharmacie de la Côte صيدلية الشاطئ,33.9906974,-6.8765319,Rabat,,
4151520089,node,Pharmacie Sayegh صيدلية الصايغ,33.9904097,-6.882226,Rabat,,Mo-Sa 09:00-12:30
4151538490,node,Pharmacie la Grande Mosquée صيدلية المسجد الكبير,33.9414093,-6.9365945,Témara تمارة,,
4160712290,node,Moulant Bouslam,34.8760297,-6.2952804,,,
4169513751,node,Pharmacie Marjane Ain Sebaa,33.5962524,-7.5321201,,,
4190908411,node,Pharmacie de L´Hopital,33.5829423,-7.6181703,,,
4193540891,node,Pharmacie du Progrès,33.5946685,-7.6165845,,,
4193566291,node,Pharmacie Derb Nejma صيدلية درب النجمة,33.5746216,-7.6764933,,,
4193605793,node,Pharmacie La Bourse,33.5944684,-7.6131681,,,
4197365148,node,Grande Pharmacie Centrale الصيدلية المركزية الكبرى,34.926103,-2.3318917,Berkane بركان,,
4197413110,node,Pharmacie Ibn Sina صيدلية ابن سينا,34.9225448,-2.3274267,Berkane,,
4198802828,node,Pharmacie Al Moustain,34.8770389,-6.2944739,,,
4200612103,node,Pharmacie Boushaba صيدلية بوسحابة,34.9234694,-2.3097061,Ph PB,,
4200621074,node,Pharmacie Chifae صيدلية الشفاء,34.924682,-2.3179215,Berkane,,
4215971331,node,Pharmacie Ibn Sina صيدلية ابن سينا,33.8764963,-5.5664648,Meknès,,
4219953983,node,,32.1558822,-5.630918,,,
4221318022,node,Pharmacie El Hansali صيدلية الحنصالي,32.3369152,-6.3507989,Beni Mellal,,
4221347651,node,Mamounia,33.5901779,-7.5930535,,,
4222065194,node,Pharmacie Romandie,33.5865126,-7.6481439,,,
4225325228,node,Pharmacie Nouvelle,33.5873194,-7.6121157,,,
4225325266,node,,33.5859743,-7.6114307,,,
4227058945,node,Pharmacie Riad Meknès صيدلية رياض مكناس,33.8885918,-5.57312,Meknès,,
4228316056,node,Pharmacie Quartier Administratif صيدلية الحي الإداري,32.3300905,-6.3637257,Béni Mellal,,
4228316057,node,Pharmacie Bourra صيدلية بورا,32.3318733,-6.3642402,Béni Mellal,,
4228604147,node,MyPARA,32.3332314,-6.3596207,Béni Mellal,+212 5 23 48 17 94,
4228604152,node,Pharmacie Zanane صيدلية زنان,32.3331857,-6.3607303,Béni Mellal,+212 5 23 42 16 92,
4228604163,node,Pharmacie Errazi صيدلية الرازي,32.3318965,-6.3619824,Béni Mellal,+212 5 23 48 27 27,
4228803927,node,Pharmacie Tamagnounte صيدلية تمكنونت,32.3325504,-6.3558387,Béni Mellal,+212 5 23 42 42 30,
4229920879,node,Pharmacie Salama,32.3335868,-6.3638181,Béni Mellal,+212 5 23 48 30 50,
4229923699,node,Pharmacie Al Fath صيدلية الفتح,32.3354996,-6.3654671,Béni Mellal,,
4229931189,node,Pharmacie Day صيدلية داي,32.3377594,-6.3665052,Béni mellal,,
4229941032,node,CoPharmet,32.3330033,-6.3571794,Béni Mellal,+212 5 23 48 18 28; +212 5 23 48 18 33,
4230997696,node,Pharmacie El Kebab,32.7413178,-5.5219046,,,
4230997697,node,Pharmacie du Centre,32.7408057,-5.5184322,,,
4232053794,node,Para Pharmacie Ain Asserdoune,32.3344429,-6.3632166,Béni Mellal,+212 5 23 42 01 03,
4232771987,node,Pharmacie Hôpital صيدلية المستشفى,31.9612056,-6.567524,Azilal,+212 5 23 45 89 47,
4232867389,node,Pharmacie Centrale الصيدلية المركزية,31.9610263,-6.5699541,Azilal ⴰⵣⵉⵍⴰⵍ أزيلال,+212 5 23 45 90 50,
4232900270,node,Grande Pharmacie de l'Atlas صيدلية الأطلس الكبرى,31.959122,-6.5713349,Azilal ⴰⵣⵉⵍⴰⵍ أزيلال,+212 5 23 45 84 08,
4232915409,node,Pharmacie El Fath صيدلية الفتح,31.9556475,-6.5777046,Azilal ⴰⵣⵉⵍⴰⵍ أزيلال,+212 6 97 23 48 90,
4233601445,node,Pharmacie des Cliniques صيدلية المصحات,32.3308004,-6.3592024,Béni Mellal,+21223423217,
4239728904,node,Pharmacie Zahra صيدلية زهرة,34.0174629,-6.8350178,Rabat ⵔⴱⴰⵟ الرباط,,
4243328589,node,Pharmacie Al Boustane صيدلية البستان,33.9803551,-6.8883849,Rabat,,
4244621689,node,Pharmacie ksiba ouled teima,30.2802287,-9.1563771,,+212 5 28 52 01 33,
4262498742,node,Pharmacie Ibn Sina صيدلية ابن سينا,30.3690089,-9.537553,Dcheira El Jihadia ⴷⵛⵉⵔⴰ ⵍⵊⵉⵀⴰⴷⵉⵢⴰ الدشيرة الجهادية,,
4274489575,node,Pharmacie Centrale الصيدلية المركزية,30.3699837,-9.5401531,Dcheira El Jihadia ⴷⵛⵉⵔⴰ ⵍⵊⵉⵀⴰⴷⵉⵢⴰ الدشيرة الجهادية,,
4282181768,node,Pharmacie Tafoukt صيدلية تفوكت,30.3717453,-9.5327699,Dcheira El Jihadia ⴷⵛⵉⵔⴰ ⵍⵊⵉⵀⴰⴷⵉⵢⴰ الدشيرة الجهادية,,
4284807889,node,Pharmacie Azzahrae صيدلية الزهراء,34.6589352,-1.8921441,Oujda,+212 536501454,
4285928889,node,Pharmacie Essoufi صيدلية الصوفي,34.2645965,-6.6012125,Kénitra,,
4290848687,node,Pharmacie L'Habitat صيدلية لابيطا,33.8323172,-4.837027,Sefrou ⵚⴼⵕⵓ صفرو,,
4290912309,node,Pharmacie Taoufik صيدلية التوفيق,33.850861,-7.0377629,Skhirat,,
4291833196,node,Pharmacie Du Gharb صيدلية الغرب,34.2599362,-5.9261144,Sidi Slimane ⵙⵉⴷⵉ ⵙⵍⵉⵎⴰⵏ سيدي سليمان,,
4291851492,node,Pharmacie Lamrini صيدلية لمريني,34.2597583,-5.9223338,Sidi Slimane,+212 5 37 50 49 25,
4291851795,node,Pharmacie Atlantic Zone,34.2976858,-6.4572662,,,
4291852291,node,Pharmacie de Mimosas صيدلية ميموزا,34.2566861,-6.5924263,Kénitra,+212 537 374523,
4308089424,node,Grande Pharmacie Boumalane الصيدلية الكبرى بومالن,31.3743472,-5.9858746,Boumalne Dadès ⴱⵓⵎⴰⵍⵏ ⴷⴰⴷⵙ بومالن دادس,,
4318153052,node,Pharmacie Zitoune صيدلية الزيتون,33.8665647,-5.5524892,Meknès,,
4326937232,node,Pharmacie Ennakhil,33.6159579,-7.484088,,,
4338407293,node,Aromabalsam,33.6875631,-7.3876789,,,
4343426490,node,Pharmacie Assays صيدلية أسايس,30.3729981,-9.5032665,Agadir ⴰⴳⴰⴷⵉⵔ أگادير,,
4347157989,node,Pharmacie Plateau صيدلية بلاطو,32.2938486,-9.2294047,Safi,,
4351271329,node,Pharmacie la Victoire صيدلية النصر,34.9285109,-2.3189673,Berkane,,
4354703539,node,Pharmacie Hay Mir Ali صيدلية حي مير علي,34.680243,-1.9288458,Oujda وجدة,+212 536 510599,
4356630092,node,Pharmacie Dior Jdad صيدلية ديور جداد,33.8777404,-5.56055,Meknès ⴰⵎⴽⵏⴰⵙ مكناس,,
4357102896,node,Pharmacie Al Farage صيدلية الفرج,32.8831429,-6.9349054,Khouribga,,
4359368490,node,Pharmacie la Vitalité صيدلية الحيوية,33.9569468,-6.8595193,Rabat,,
4363428490,node,Pharmacie Attannoub صيدلية التنوب,33.9568429,-6.8547399,Rabat,,
4388837035,node,Pharmacie Centrale Ain Sarrak الصيدلية المركزية عين السراق,34.6576428,-1.926108,Oujda,+212 536712009,
4398086251,node,Pharmacie de Picardie,33.5889637,-7.6306057,,,
4398934290,node,Pharmacie Errahma صيدلية الرحمة,34.6619511,-1.9198997,Oujda,+212 536 71 03 03,
4418950490,node,Pharmacie PAM صيدلية بام,32.7335498,-9.0322568,Loualidia ⵍⵡⴰⵍⵉⴷⵢⵢⴰ الوليدية,,
4422865858,node,Pharmacie Palaces صيديلة القصور,32.11002,-1.231456,Figuig ⵉⴼⵉⵢⵢⵉⵢ فگيگ,,
4432159217,node,Pharmacie La Colline CHU صيدلية لاكولين,34.6542596,-1.9098833,Oujda,+212 536 53 48 53,Mo-Fr 09:00-20:00; Sa 09:00-13:00
4432202979,node,Pharmacie CHU Al Irfane العرفان CHU صيدلية,34.6552531,-1.915612,Oujda,+212 536 53 22 20,
4432202980,node,Pharmacie Al Irfane صيدلية العرفان,34.6555455,-1.9193089,Oujda,+212 536 50 43 63,
4432241461,node,Pharmacie Essalam Ain Serrak صيدلية السلام عين السراق,34.6600539,-1.9236644,Oujda,+212 536 53 22 38,
4433247915,node,Pharmacie Nouvelle الصيدلية الجديدة,34.6851554,-1.9172494,Oujda وجدة,+212 536 68 44 37,
4434236958,node,Pharmacie El Houdoud صيدلية الحدود,34.7117722,-1.8881978,Oujda,+212 536 70 02 03,
4434400874,node,Pharmacie Gala صيدلية كالا,34.720348,-1.8832977,Oujda وجدة,+212 536 68 66 67,
4439979951,node,Pharmacie Abdellah Guennoun صيدلية عبد الله كنون,34.6711712,-1.8856935,Oujda,+212 536 50 37 90,
4439982151,node,Pharmacie Le Jasmin صيدلية الياسمين,34.6565741,-1.8896621,Oujda,+212 536 50 08 69,
4439998550,node,Pharmacie Si Lakhdar صيدلية سي لخضر,34.6812471,-1.93678,Oujda وجدة,+212 536 51 16 47,
4440022621,node,Pharmacie Farhane صيدلية فرحان,34.6826368,-1.9447684,Oujda,+212 536 51 74 70,
4440044442,node,Pharmacie Parc Aicha صيدلية حديقة عائشة,34.6681324,-1.9021818,Oujda,+212 536 50 65 19,
4440044444,node,Pharmacie Yacoub Al Mansour صيدلية يعقوب المنصور,34.670095,-1.9048991,Oujda,+212 536 50 26 87,
4440047774,node,Pharmacie du Parc صيدلية الحديقة,34.6709584,-1.9079627,Oujda,+212 536 70 71 70,
4440636432,node,Pharmacie Harcha صيدلية حرشة,34.6837081,-1.9322791,Oujda,+212 536 51 15 10,
4440646086,node,Pharmacie El Andaloussi صيدلية الأندلسي,34.6827355,-1.9346936,Oujda,+212 536 51 80 80,
4441399111,node,Pharmacie Al Yousr صيدلية اليسر,34.6610302,-1.9403115,Oujda,+212 536 51 75 29,
4441399112,node,Pharmacie Hay Gtar صيدلية حي كطار,34.6598529,-1.9459427,Oujda ⵡⴻⵊⴷⴰ وجدة,+212 536 51 79 15,
4441720341,node,Pharmacie Al Fath صيدلية الفتح,34.691312,-1.8736378,Oujda,+212 536 74 77 05,
4442150471,node,Pharmacie Dhar Lamhala Lazaret صيدلية ضهر المحلة لازاري,34.6824325,-1.8850428,Oujda,+212 536740225,
4455519052,node,Pharmacie Bismillah صيدلية بسم الله,34.6911373,-1.8939706,Oujda,+212 536 74 44 14,
4460028099,node,Pharmacie Al Boustane صيدلية البستان,34.7105468,-1.8839712,Oujda,+212 536 68 34 42,
4460155414,node,Pharmacie Al moustachfa صيدلية المستشفى,32.6760442,-4.7399021,Midelt ميدلت,,
4460155516,node,Pharmacie Centrale الصيدلية المركزية,32.6803485,-4.7426417,Midelt,,
4479105647,node,Pharmacie Mimouni صيدلية ميموني,34.689296,-1.9339438,Oujda,+212 536 51 89 00,
4479499489,node,,31.597501,-8.0504639,,,
4485377367,node,Pharmacie Bab Marrakech صيدلية باب مراكش,34.0074394,-6.8481517,Rabat,,
4485786795,node,Pharmacie SAOUMAÂ صيدلية الصومعة,34.2509512,-6.6089371,Kénitra,+212 537 357540,
4485797575,node,Pharmacie Al Hikma صيدلية الحكمة,34.254206,-6.6131693,Kénitra,+212 537 365924,
4485803985,node,Pharmacie Al Manal صيدلية المنال,34.2600085,-6.6121461,Kénitra,+212 537 350921,
4485812926,node,Pharmacie Chifae صيدلية الشفاء,34.2565708,-6.6192137,Kénitra,+212 537 352870,
4485822697,node,Pharmacie Farazdaq صيدلية الفرزدق,34.256768,-6.6221521,Kénitra,+212 5 37 35 12 11,
4485825989,node,Para Pharmacie Ouled Oujih,34.2580727,-6.6216612,,+212 5 37 35 45 52,
4485836455,node,Pharmacie Korchi صيدلية القرشي,34.2589163,-6.5987424,Kenitra,+212 537 367726,
4485840256,node,Pharmacie Espace Santé صيدلية فضاء الصحة,34.2506306,-6.59521,Kénitra,+212 537 363138,
4485842724,node,Pharmacie Amine صيدلية أمين,34.2433456,-6.6132819,Kénitra,,
4485844373,node,Pharmacie de l'école صيدلية المدرسة,34.2627422,-6.6209624,Kénitra,,
4487761315,node,Pharmacie Du Rif صيدلية الريف,34.2481677,-6.5953142,Kénitra,+212 537 363300,
4487763521,node,Pharmacie Azharoune صيدلية أزهارون,34.2678735,-6.6019298,Kénitra,,
4487771874,node,Pharmacie Grande Pharmacie الصيدلية الكبرى,34.2606311,-6.5853317,Kénitra,+212 537 371046,
4487779240,node,Pharmacie Centre Ville صيدلية وسط المدينة,34.2576566,-6.5832276,Kénitra,+212 537 376729,Mo-Sa 8:30+
4488995617,node,Pharmacie Hay Al Amal صيدلية حي الأمل,34.6906799,-1.9442347,Oujda,,
4489440531,node,Pharmacie Siham صيدلية سهام,34.2558248,-6.6139945,Kénitra,+212 537 360805,
4489443289,node,Pharmacie Kénitra صيدلية القنيطرة,34.248593,-6.5992208,Kénitra,+212 537 376899,
4489527223,node,Pharmacie Ghani صيدلية غاني,34.2522018,-6.6013654,Kénitra,+212 537 379806,
4490605367,node,Pharmacie Tahiri صيدلية الطاهري,34.2562404,-6.6026798,Kénitra,+212 537 324114,
4490950359,node,Pharmacie Annahda صيدلية النهضة,34.6833248,-1.9553796,وجدة,+212 536 51 61 62,
4490973430,node,Pharmacie Imam Ali صيدلية الإمام علي,34.6763877,-1.9424202,Oujda,+212 536 51 37 73,
4491314988,node,Pharmacie Sidi Al Boukhari صيدلية البخاري,34.2544891,-6.6070936,Kénitra,+212 537 364505,
4494108656,node,Pharmacie Azhar Isly صيدلية أزهار إسلي,34.7227111,-1.909699,Oujda ⵡⴻⵊⴷⴰ وجدة,+212 536 52 22 76,
4494213217,node,Pharmacie Pont Lamhalla صيدلية قنطرة لمحلة,34.6666953,-1.9262387,Oujda,,
4494805197,node,Pharmacie Diour Pam صيدلية ديور بام,34.2478186,-6.5444405,Kénitra,,
4494816912,node,Pharmacie El Hilal صيدلية الهلال,34.2491444,-6.5415052,Kénitra,,
4494821830,node,Pharmacie Khalid صيدلية خالد,34.2494346,-6.5377631,Kénitra,,
4494833002,node,Pharmacie Des Palmiers صيدلية النخيل,34.2542928,-6.5434705,Kénitra,,
4494839120,node,Pharmacie Bab Fés صيدلية باب فاس,34.2677625,-6.5623436,Kénitra,,
4496346038,node,Pharmacie Idriss Al Akbar صيدلية إدريس الأكبر,34.6622792,-1.929758,Oujda,+212 536 51 15 32,
4496372389,node,Pharmacie Pont Benkhirane صيدلية قنطرة بنخيران,34.6593074,-1.9303877,Oujda,+212 536510593,
4496380769,node,Pharmacie Torbi صيدلية توربي,34.6670039,-1.9364563,Oujda,+212 536510502,
4496383577,node,Pharmacie El Baraka صيدلية البركة,34.6755469,-1.9381131,Oujda,+212 536510673,
4496391122,node,Pharmacie du Conseil صيدلية النصيحة,34.6694055,-1.9285715,OUJDA,,
4496395399,node,Pharmacie El Aouni صيدلية العوني,34.6570624,-1.9492163,Oujda,+212 536512535,
4496411002,node,Pharmacie Aynaou صيدلية ايناو,34.6703827,-1.9381422,Oujda,+212 536514751,
4496436774,node,Pharmacie Hanana صيدلية حنانة,34.6730663,-1.9410108,Oujda,+212 536516150,
4496446045,node,Pharmacie Echouhada صيدلية الشهداء,34.670153,-1.9414952,Oujda,+212 536517161,
4496450271,node,Pharmacie Bab Errayan صيدلية باب الريان,34.6586867,-1.9407496,Oujda,+212 536517478,
4496466876,node,Pharmacie Hay Ezzohour صيدلية حي الزهور,34.6634668,-1.9493428,Oujda,+212 536517829,
4496542413,node,Pharmacie Bel Bakkar صيدلية بلبكار,31.6541669,-7.9889001,Marrakech,,
4496542414,node,Pharmacie Moutadamine صيدلية متضامن,31.654952,-7.9919882,Marrakech,,
4496542420,node,Pharmacie Unité 4 صيدلية الوحدة,31.6564302,-7.9997439,Marrakech,,
4496542425,node,Pharmacie Kamilia صيدلي كاميليا,31.6534241,-8.0051403,Marrakech,,
4496833756,node,Pharmacie Riad صيدلية الرياض,34.2664687,-6.5614928,Kenitra,,
4496838311,node,Pharmacie Al Khabazat Al Chabia صيدلية الخبازات الشعبية,34.2646071,-6.565231,Kénitra,,
4497016687,node,Pharmacie Beni Znassen صيدلية بني زناسن,34.6769768,-1.9351713,Oujda,+212 536517876,
4497059031,node,Pharmacie Hay Sammara صيدلية حي سمرا,34.6501353,-1.9411804,Oujda ⵡⴻⵊⴷⴰ وجدة,+212 536518552,
4497065556,node,Pharmacie Al Manar صيدلية المنار,34.6819804,-1.9413182,Oujda,+212 536518585,
4497070422,node,Pharmacie Essaada صيدلية السعادة,34.6925053,-1.9180097,Oujda,+212 536683404,
4497074706,node,Pharmacie El Houda صيدلية الهدى,34.6793868,-1.9392532,Oujda,+212 536518630,
4497080584,node,Pharmacie Sabahi صيدلية صباحي,34.6663756,-1.8724745,Oujda,,
4497091779,node,Pharmacie du Progrès صيدلية التقدم,34.6785243,-1.9113108,Oujda,+212 536685510,
4497351405,node,Pharmacie Ibn Nafis صيدلية بن النفيس,34.6812338,-1.8758671,Oujda,+212 536745730,
4497392649,node,Pharmacie El Azzaoui صيدلية العزاوي,34.6577629,-1.8958942,Oujda,+212 536500620,
4497394503,node,Pharmacie de l'Université صيدلية الجامعة,34.6571437,-1.9007118,Oujda,+212 536500648,
4497412189,node,Pharmacie Siham صيدلية سهام,34.6677437,-1.8893995,Oujda,+212 536501146,
4497450445,node,Pharmacie Hay Arrahma,34.0575178,-6.7982334,,,
4498283007,node,Pharmacie de La Mosquée صيدلية المسجد,34.66404,-1.8988793,Oujda,+212 536501698,
4498298758,node,Pharmacie Al Haramain صيدلية الحرمين,34.6609122,-1.8809687,Oujda,+212 536501818,
4498327035,node,Pharmacie Al Inara صيدلية الإنارة,34.6637395,-1.9054894,Oujda,+212 536502428,
4498658057,node,Pharmacie Allal El Fassi صيدلية علال الفاسي,34.6717779,-1.8995943,Oujda,+212 536502481,
4498694212,node,Pharmacie Al Machfa Al Jamii صيدلية المشفى الجامعي,34.6591571,-1.9092973,Oujda,+212 536503064,
4498702742,node,Pharmacie Al Mouna صيدلية المنى,34.6638137,-1.8885474,Oujda,+212 536503353,
4498704078,node,Pharmacie Ahmed صيدلية أحمد,34.6580606,-1.8928908,Oujda,+212 536503480,
4498722945,node,Pharmacie Boudlal صيدلية بودلال,34.6642944,-1.8815527,Oujda,+212 536503571,
4498732709,node,Pharmacie Manal صيدلية منال,34.6655599,-1.88606,Oujda,+212 536503678,
4498735424,node,Pharmacie Sefraoui صيدلية صفراوي,34.6650933,-1.8911065,Oujda,+212 536503806,
4498736146,node,Pharmacie Al Maghreb Al Arabi صيدلية المغرب العربي,34.6642882,-1.8954525,Oujda,+212 536503830,
4498743068,node,Pharmacie Al Qods صيدلية القدس,34.6613707,-1.9050206,Oujda,+212 536503956,
4498748603,node,Pharmacie Hay Al Andalous صيدلية حي الأندلس,34.6590105,-1.8853598,Oujda وجدة,+212 536504577,
4498816751,node,Pharmacie Rahmouni Lazaret صيدلية الرحموني,34.6711676,-1.8907847,Oujda,+212 536505136,
4498818741,node,Pharmacie Rachdi صيدلية راشدي,34.658111,-1.9178587,Oujda,+212 536505650,
4499140171,node,Pharmacie Arrayhana صيدلية الريحانة,34.2607888,-6.6456614,Kénitra,+212 604 929 745,
4499243513,node,Pharmacie Les Iris صيدلية القزحية,34.6595618,-1.9197117,Oujda,+212 536505959,
4499252399,node,Pharmacie Al Hidaya صيدلية الهداية,34.6614479,-1.8922499,Oujda,+212 536506055,
4499297964,node,La grande Pharmacie de Salé,34.0356505,-6.823897,,+212 5 37 78 00 12,
4499303176,node,Pharmacie de l'Union,34.0366326,-6.8239893,,,
4499303444,node,Pharmacie Ryad Sale,34.0357828,-6.8209248,,+212 5 37 87 97 65,
4499306718,node,Pharmacie Fennich,34.0412544,-6.8283229,,+212 5 37 88 39 32,
4500344258,node,Pharmacie Al Michkate صيدلية المشكاة,34.6582554,-1.8829488,Oujda وجدة,+212 536506712,
4500355912,node,Pharmacie Hay Lamharchi صيدلية حي لمحرشي,34.6912349,-1.9394225,Oujda,+212 536510648,
4500530346,node,Pharmacie La Grande الصيدلية الكبرى,34.6542092,-1.9352301,Oujda,+212 536510817,
4500541482,node,Pharmacie et Laboratoire Route de Taza صيدلية و مختبر طريق تازة,34.6792409,-1.9312867,Oujda وجدة,+212 536511155,
4500547414,node,Pharmacie La Foire صيدلية المعرض,34.6827788,-1.9271759,Oujda,+212 536511335,
4501233691,node,Pharmacie Al Wifak صيدلية الوفاق,34.0012208,-6.8512268,Rabat,,
4501793711,node,Pharmacie Hay Drafif صيدلية حي الضرافيف,34.6859661,-1.953383,Oujda,+212 536513323,
4501799539,node,Pharmacie Stade d'Honneur صيدلية الملعب الشرفي,34.664806,-1.9328012,Oujda,+212 536512980,
4501831432,node,Pharmacie Hay Ngadi صيدلية حي نكادي,34.6862086,-1.9328008,Oujda,+212 536513571,
4501844313,node,Pharmacie de L’Espoir صيدلية الأمل,34.6714056,-1.9323835,Oujda,+212 536515308,
4501875438,node,Pharmacie Al Wiam صيدلية الوئام,34.6790813,-1.936653,Oujda وجدة,+212 536516141,
4501884510,node,Pharmacie Tarik Al Gharb صيدلية طريق الغرب,34.6841747,-1.9382428,Oujda,+212 536516153,
4501889813,node,Pharmacie Haddam صيدلية هدام,34.6742164,-1.9319485,Oujda,+212 536517151,
4501912825,node,Pharmacie Al Amana صيدلية الأمانة,34.6865545,-1.9368441,Oujda,+212 536517286,
4502185020,node,Pharmacie Route Saidia صيدلية طريق السعيدية,34.6936736,-1.945281,Oujda,,
4502524167,node,Pharmacie El Ansari صيدلية الأنصاري,34.7087526,-1.9093411,Oujda,+212 536520919,
4502527070,node,Pharmacie Al Majd صيدلية المجد,34.7062069,-1.9151532,Oujda,+212 536521174,
4502550438,node,Pharmacie Koulouch Takkadoum صيدلية كولوش التقدم,34.6997489,-1.9141928,Oujda,+212 536521529,
4502620411,node,Pharmacie Ejjarda صيدلية الجردة,34.7029677,-1.9103923,Oujda,+212 536522121,
4502635743,node,Pharmacie Mellouk صيدلية ملوك,34.7080865,-1.919838,Oujda,+212 536522599,
4502641908,node,Pharmacie Al Jisr صيدلية الجسر,34.6971736,-1.9193274,Oujda,+212 536523749,
4502748940,node,Pharmacie Wafaa صيدلية وفاء,34.7144735,-1.9062027,Oujda,+212 536524200,
4502782813,node,Pharmacie El Bay صيدلية الباي,34.7044659,-1.907484,Oujda,+212 536524817,
4502790207,node,Pharmacie Metro صيدلية مترو,34.7053399,-1.9349609,Oujda,+212 536524953,
4502802964,node,Pharmacie Faculté de Médecine صيدلية كلية الطب,34.661957,-1.9111849,Oujda,+212 536531313,
4502813362,node,Pharmacie Palais De Justice صيدلية قصر العدالة,34.6603332,-1.9141078,Oujda,+212 536532500,
4502824599,node,Pharmacie Alae صيدلية اًلاء,34.6646949,-1.918868,Oujda,+212 536533537,
4502842450,node,Pharmacie Nil صيدلية النيل,34.6624334,-1.873285,Oujda,+212 536540062,
4502861899,node,Pharmacie Kissi صيدلية قيسي,34.6653562,-1.8694001,Oujda,+212 536540313,
4503873715,node,Pharmacie Al Manzah صيدلية المنزه,34.6674741,-1.8738543,Oujda,+212 536541400,
4503885352,node,Pharmacie Nasrallah صيدلية نصر الله,34.6651247,-1.8796507,Oujda,+212 536541638,
4503890286,node,Pharmacie Ayoub صيدلية أيوب,34.6602641,-1.8773787,Oujda,+212 536541800,
4503902399,node,Pharmacie Al Kawtar صيدلية الكوثر,34.6756858,-1.8589051,وجدة,+212 536541836,
4504025967,node,Pharmacie Sfakas صيدلية صفاقص,34.6580693,-1.8736261,Oujda,+212 536542227,
4504041003,node,Pharmacie Souidi صيدلية السويدي,34.6675606,-1.8704904,Oujda,+212 536542001,
4504050331,node,Pharmacie Hay Nasr صيدلية حي النصر,34.7107256,-1.8931156,Oujda,+212 536680015,
4504052454,node,Pharmacie Souk Mellilia صيدلية سوق مليلية,34.6784462,-1.9065907,Oujda,+212 536680404,
4504082529,node,Pharmacie Annour صيدلية النور,34.7176701,-1.8967017,Oujda,,
4504103071,node,Pharmacie Tayret صيدلية تايريت,34.6742298,-1.9022463,Oujda,+212 536681410,
4504116160,node,Pharmacie Essaoura صيدلية الصويرة,34.6660373,-1.9066263,Oujda,+212 536681500,
4504117846,node,Pharmacie Salama صيدلية السلامة,34.6978994,-1.9027052,Oujda,+212 536681720,
4504128358,node,Pharmacie Moulay Youssef صيدلية مولاي يوسف,34.6727209,-1.9220683,Oujda,+212 536681763,
4504295683,node,Pharmacie La Medina صيدلية المدينة,34.680241,-1.9084824,Oujda,+212 536682860,
4504312570,node,Pharmacie des Urgences صيدلية المستعجلات,34.6765935,-1.9131969,Oujda,+212 536682916,
4504871612,node,Pharmacie Oujda صيدلية وجدة,34.6838515,-1.9098647,Oujda,+212 536684103,
4504879812,node,Pharmacie de la Polyclinique صيدلية بوليكلينك,34.6695351,-1.9122532,Oujda,+212 536684948,
4504882541,node,Pharmacie Santé et Beauté صيدلية الصحة و الجمال,34.6995414,-1.8993027,Oujda,+212 536684997,
4504897790,node,Pharmacie Riad صيدلية الرياض,34.680038,-1.9035539,OUJDA,+212 536685102,
4504902984,node,Pharmacie Es-Safae Boudir صيدلية الصفاء بودير,34.6915404,-1.9029042,Oujda,+212 536685455,
4504916902,node,Pharmacie Syagha صيدلية صياغة,34.6810128,-1.9145871,Oujda,+212 536685553,
4504921556,node,Pharmacie Oued Ennachef صيدلية الواد الناشف,34.6754059,-1.9259166,Oujda,+212 536686020,
4504936519,node,Pharmacie Benmansour صيدلية بن منصور,34.6829521,-1.9054924,OUJDA,+212 536686035,
4504942651,node,Pharmacie Pasteur صيدلية باستور,34.6891522,-1.9174853,Oujda,+212 536686044,
4504942950,node,Pharmacie Al Hijaz صيدلية الحجاز,34.6741316,-1.9176192,Oujda,+212 536686050,
4504964045,node,Pharmacie Al Farabi صيدلية الفرابي,34.6762843,-1.9110768,Oujda,+212 536686141,
4504968230,node,Pharmacie Diwana صيدلية الديوانة,34.6894619,-1.9098898,Oujda,+212 536686603,
4505102242,node,Pharmacie Atlas صيدلية أطلس,34.2681918,-6.6189189,Kénitra,+212 537 353 466,Mo-Sa 8:00+
4505113118,node,Pharmacie Al Azhar صيدلية الأزهر,34.2488484,-6.6046955,Kénitra,,
4505934643,node,Pharmacie Asfour صيدلية عصفور,34.6774059,-1.9082252,Oujda,+212 536686613,
4506370349,node,Pharmacie La Foret صيدلية الغابة,34.2517798,-6.574801,Kénitra,,
4506375023,node,Pharmacie Mostashfa Idrissi صيدلية مستشفى الادريسي,34.2495639,-6.5794883,Kénitra,,
4506427339,node,Pharmacie Le Paris صيدلية باريس,34.679805,-1.9194793,Oujda,+212 536686961,
4506437855,node,Pharmacie Omar Ibn El Khatab صيدلية عمر بن الخطاب,34.6720607,-1.9128245,Oujda,+212 536687675,
4506441584,node,Pharmacie Aswak Essalam صيدلية أسواق السلام,34.6993538,-1.8908538,Oujda,+212 536688352,
4506445602,node,Pharmacie Chifae صيدلية الشفاء,34.6917366,-1.9106842,Oujda,+212 536688664,
4506447157,node,Pharmacie Figuig صيدلية فكيك,34.6870193,-1.9106433,Oujda,+212 536689419,
4506455386,node,Pharmacie El Mouhammadia صيدلية المحمدية,34.688647,-1.9040836,Oujda,+212 536689569,
4506463569,node,Pharmacie Al Jahid صيدلية الجاهد,34.697536,-1.9096194,Oujda,+212 536689599,
4506464249,node,Pharmacie Errazi صيدلية الرازي,34.6703882,-1.917333,Oujda,+212 536690225,
4507874053,node,Pharmacie Bir Rami صيدلية بئر الرامي,34.25349,-6.5954681,Kénitra,+212 537 374590,
4508529314,node,Pharmacie Centre Culturel صيدلية المركز الثقافي,34.6881429,-1.9199624,Oujda,+212 536696517,
4508577558,node,Pharmacie du Stade Municipal صيدلية الملعب البلدي,34.6858757,-1.9069287,Oujda,+212 536696878,
4508590251,node,Pharmacie l’Avenir صيدلية المستقبل,34.6943211,-1.9030273,Oujda,+212 536697038,
4508604396,node,Pharmacie El Aounia صيدلية العونية,34.6854296,-1.9011379,Oujda,+212 536700904,
4508610209,node,Pharmacie Abdelmoumen صيدلية عبد المومن,34.6746769,-1.9093982,Oujda,+212 536702819,
4508618984,node,Pharmacie Al Faraj صيدلية الفرج,34.7156774,-1.8929609,Oujda وجدة,+212 536702828,
4508897503,node,Pharmacie Al Bakri صيدلية البكري,34.6887738,-1.9147854,Oujda,+212 536703078,
4508971084,node,Pharmacie Rajaa Fi Allah صيدلية الرجاء في الله,34.7080319,-1.8972593,Oujda,+212 536703929,
4510358013,node,Parapharmacie Belle Attitude,34.2475272,-6.6082761,,,
4510363898,node,Parapharmacie Parafine,34.255116,-6.5987975,,+212 537 371021,
4510972325,node,Pharmacie Al Acadimia صيدلية الأكاديمية,34.657764,-1.9019637,Oujda,+212 536685146,
4510974808,node,Pharmacie Cinema Rif Kabbaj صيدلية سينما الريف قباج,34.6832326,-1.8905733,Oujda,+212 536748632,
4510993973,node,Pharmacie Habiba صيدلية حبيبة,34.6593164,-1.9319961,Oujda,+212 536515623,
4511017622,node,Pharmacie Oumnih صيدلية أومنيح,34.6682969,-1.943806,Oujda وجدة,+212 536513900,
4511082363,node,Pharmacie Ait El Cadi صيدلية ايت القاضي,34.2532438,-6.6147881,Kénitra,+212 537 373433,
4511092736,node,Para Mall,34.2566047,-6.587222,Kenitra,+212 537 360203,
4511563023,node,Pharmacie Al Azhar صيدلية الأزهار,34.6831135,-1.8810008,Oujda,+212 536741335,
4511608418,node,Pharmacie Abi Inane صيدلية أبي عنان,34.6880271,-1.8788424,Oujda,+212 536741475,
4511616277,node,Pharmacie Al Aqsa صيدلية الأقصى,34.6947262,-1.8759598,Oujda,,Mo-Sa 09:00-19:00
4511618659,node,Pharmacie Afilal صيدلية أفيلال,34.6845953,-1.8693326,Oujda,+212 536747423,
4511632138,node,Pharmacie Benqachour صيدلية بنقاشور,34.6674249,-1.9168638,Oujda,+212 536705302,
4511640204,node,Pharmacie Boubou صيدلية بوبو,34.694798,-1.9114735,Oujda,+212 536706968,
4511641298,node,Pharmacie Boutkhil صيدلية بوتخيل,34.655676,-1.867243,Oujda وجدة,+212 536944665,
4511650408,node,Pharmacie Centrale الصيدلية المركزية,34.676632,-1.9193606,Oujda,+212 536712800,
4512198890,node,Pharmacie Laraki صيدلية العراقي,33.9230063,-6.9310203,Témara تمارة,,
4512499069,node,Pharmacie La Clinique صيدلية المصحة,34.6744684,-1.9205167,Oujda,+212 536704796,
4512505903,node,Pharmacie CMI Lazaret CMI صيدلية,34.6846121,-1.8774034,Oujda,+212 536748938,
4512525391,node,Pharmacie Al Firdaous صيدلية الفردوس,34.692926,-1.8850105,Oujda,+212 536746702,
4512551320,node,Pharmacie Al Haram صيدلية الهرم,34.6843757,-1.8738308,Oujda,+212 536740025,
4512553735,node,Pharmacie Hay El Hassani صيدلية الحي الحسني,34.7068395,-1.911412,Oujda,+212 550115120,
4512559260,node,Pharmacie Hicham صيدلية هشام,34.6809584,-1.8932579,Oujda,+212 536745739,
4512566121,node,Pharmacie Al Hikma صيدلية الحكمة,34.6753972,-1.8921637,Oujda,+212 536743284,
4513401448,node,Pharmacie Ibn Rochd صيدلية ابن رشد,34.6918026,-1.906858,Oujda,+212 536712916,
4513537957,node,Pharmacie Ibn Tofail صيدلية بن طفيل,34.6769178,-1.9056738,Oujda,+212 536705653,
4513549375,node,Pharmacie Inarat Salam صيدلية إنارة السلام,34.6641278,-1.9234216,Oujda,+212 550092391,
4513587143,node,Pharmacie Al Israe صيدلية الإسراء,34.6922444,-1.8808548,Oujda,+212 536748777,
4514083199,node,Pharmacie Karzazi صيدلية كرزازي,34.6775354,-1.8937654,Oujda,+212 536742175,
4514087543,node,Pharmacie El Jai صيدلية الجاي,34.6726804,-1.9257466,Oujda,+212 536712470,
4514092522,node,Pharmacie Al Jazira صيدلية الجزيرة,34.6871338,-1.8970041,Oujda,+212 536712177,
4514127842,node,Pharmacie Macha Allah صيدلية مشاء الله,34.6777494,-1.8628802,Oujda,+212 536740707,
4514137531,node,Pharmacie Wilaya Pharma صيدلية ولاية فارما,34.6654986,-1.9126887,Oujda,+212 536712424,
4514167711,node,Pharmacie Masjid Najd صيدلية مسجد نجد,34.6554097,-1.8745873,Oujda,+212 550012828,
4514169137,node,Pharmacie Melhaoui صيدلية ملحاوي,34.6784767,-1.9236176,Oujda,+212 536712313,
4514191246,node,Pharmacie Merjane صيدلية مرجان,34.6924603,-1.8990871,Oujda,+212 536707191,
4514507686,node,Pharmacie Moulay Miloud صيدلية مولاي ميلود,34.6875063,-1.8870042,Oujda,+212 536743366,
4514538581,node,Pharmacie El Mrabet صيدلية المرابط,34.69685,-1.8895505,Oujda,+212 536749119,
4514836741,node,Pharmacie Othman Ibn Affan صيدلية عثمان بن عفان,34.6892731,-1.881958,Oujda,+212 536741212,
4514848278,node,Pharmacie El Ouafi صيدلية الوافي,34.711233,-1.8964367,Oujda,+212 536706012,
4514877180,node,Pharmacie Ouiam Al Fath صيدلية وئام الفتح,34.6941915,-1.872121,Oujda,+212 697375410,
4514893845,node,Pharmacie Essalam صيدلية السلام,34.6770937,-1.8855723,Oujda,+212 536744959,
4515479123,node,Pharmacie Populaire الصيدلية الشعبية,34.6863032,-1.8818353,Oujda,+212 536748154,
4515505045,node,Pharmacie Route Bouchtat صيدلية طريق بوشطاط,34.6985167,-1.8778761,Oujda,+212 536747600,
4515507897,node,Pharmacie Al Bahaa صيدلية البهاء,34.246031,-6.6099352,Kénitra,+212 611 759872,
4515512215,node,Pharmacie Al Qods صيدلية القدس,34.2625986,-6.6173971,Kénitra,+212 5 35 65 50 68,
4515515073,node,Pharmacie Takouine صيدلية التكوين,34.6799561,-1.8705213,Oujda,+212 536740666,
4515520817,node,Pharmacie Granada صيدلية غرناطة,34.2508661,-6.6123195,Kénitra,+212 537 372606,
4515525884,node,Pharmacie Ibn Baja,34.2589675,-6.6274069,,+212 537 352243,
4515529548,node,Pharmacie 3 Fontaines صيدلية تلت سقاقي,34.6792032,-1.9135081,Oujda,+212 536712122,
4515533450,node,Pharmacie Laila صيدلية ليلى,34.2506258,-6.6231385,Kénitra,+212 537 353713,
4515533526,node,Pharmacie Hay Al Wifak صيدلية حي الوفاق,34.7126981,-1.8994696,Oujda,+212 550111787,
4515550301,node,Pharmacie Masjid Palestine صيدلية مسجد فلسطين,34.2429074,-6.6051373,Kénitra,+212 537 364406,
4515551979,node,Pharmacie Yahyaoui صيدلية يحياوي,34.6801607,-1.8825933,Oujda,+212 536744126,
4515560173,node,Pharmacie Mohssine صيدلية محسن,34.2548252,-6.6172854,Kénitra,+212 537 356596,
4515572018,node,Pharmacie Zakat صيدلية الزكاة,34.2459335,-6.6119316,Kénitra,+212 537 374937,
4518917189,node,Pharmacie Anas صيدلية أنس,34.6773038,-1.882398,Oujda,,
4524908946,node,Pharmacie Kasbah صيدلية قصبة,34.2630275,-6.6496355,Kénitra,,
4524910717,node,Pharmacie Al Ossra صيدلية الأسرة,34.2580885,-6.6030945,Kénitra,+212 537 370329,
4524920451,node,Pharmacie Regragui صيدلية الركراكي,34.2583583,-6.5950901,Kénitra,+212 537 361318,
4524949213,node,Pharmacie La Santé صيدلية الصحة,34.2574841,-6.61619,Kénitra,,
4532294140,node,Pharmacie Route Mehdia صيدلية طريق مهدية,34.2703875,-6.6014248,Kénitra,+212 537 355407,
4538611861,node,Pharmacie Motaouakkil صيدلية متوكل,32.9988128,-7.6200248,Settat,,
4539707648,node,Pharmacie PAM صيدلية بام,33.0031208,-7.6112898,Settat,,
4539902937,node,Pharmacie El Wafaa صيدلية الوفاء,33.0058564,-7.6176881,Settat,,
4540345427,node,Pharmacie Train صيدلية القطار,32.9945966,-7.6217248,Settat ⵥⵟⵟⴰⵟ سطات,,
4541436933,node,Pharmacie 3 Mars,32.9927758,-7.6085474,,,
4541436934,node,Pharmacie Al Manar,33.0044486,-7.6004658,,,
4541436935,node,Pharmacie Al Azhar صيدلية الأزهر,33.004709,-7.6278894,,,
4541436936,node,Pharmacie Al Hourria,32.9957233,-7.6199364,,,
4541436937,node,Pharmacie Al Massira صيدلية المسيرة,33.0049371,-7.6199137,Settat,,
4542003922,node,Pharmacie Tantaoui صيدلية طنطاوي,33.0004385,-7.6206115,Settat,,
4542003923,node,Pharmacie Allal Ben Abdellah صيدلية علال بن عبد الله,32.9994677,-7.6239135,SETTAT,,
4542003925,node,Pharmacie Smaala صيدلية سماعلة,32.9986905,-7.6214409,Settat,,
4542003934,node,Pharmacie El Hilal صيدلية الهلال,32.9983229,-7.6059707,Settat,+212 5 23 40 03 60,
4542003935,node,Pharmacie Rahmane صيدلية رحمان,32.9987868,-7.603988,Settat,+212 5 23 40 03 30,
4542003936,node,Pharmacie Mindily,32.9974265,-7.6080765,,+212 5 23 40 23 25,
4542003937,node,Pharmacie Al Wifak صيدلية الوفاق,32.9976222,-7.6098164,Settat,+212 5 23 72 10 62,
4542003938,node,Pharmacie Erradi,32.9972678,-7.6215122,,,
4542033059,node,Pharmacie El Kheir صيدلية الخير,32.9940288,-7.6102329,Settat,,
4542033084,node,Pharmacie Al Azzouzi صيدلية العزوزي,32.998089,-7.6187481,Settat,,
4542059070,node,Pharmacie Radia صيدلية راضية,32.9926393,-7.6139111,Settat,,
4542752175,node,Pharmacie Rayad,33.0033663,-7.613699,Settat,+212 5 23 72 08 25,
4542752176,node,Pharmacie Bouhadda صيدلية بوحادة,33.0019924,-7.6092699,SETTAT,+212 5 23 72 39 05,
4542752179,node,Pharmacie Sidki صيدلية صدقي,33.0043073,-7.6094689,Settat,,
4542752180,node,Pharmacie Er-razi,33.0042318,-7.616074,Settat,+212 5 23 72 35 82,
4542752181,node,Pharmacie Ibn Abad صيدلية ابن عباد,33.002751,-7.6157954,Settat,+212 5 23 40 21 22,212523402122
4542752182,node,Pharmacie Al Batoul صيدلية الباتول,33.0005094,-7.6154184,Settat,,
4542752183,node,Pharmacie Settat صيدلية سطات,32.9994983,-7.61716,Settat,,
4542752184,node,Pharmacie de la GARE,32.996751,-7.6167278,,,
4542752185,node,Pharmacie L'Hôpital صيدلية المستشفى,32.9991958,-7.6143524,Settat,,
4542752188,node,Pharmacie Derb Omar صيدلية درب عمر,33.0016873,-7.6125296,Settat,+212 5 40 00 09 84,
4542753596,node,Pharmacie Tarik Ibn Ziad صيدلية طارق ابن زياد,32.9962723,-7.6048717,Settat,,
4542753604,node,Pharmacie Al Wilaya,33.0087133,-7.6188795,,,
4542753660,node,Pharmacie Arraha صيدلية الراحة,32.9889256,-7.610485,Settat,,
4542757112,node,Pharmacie Al Barid,33.002085,-7.6213019,Settat,,
4546745822,node,Pharmacie Al Maghrib Al Arabi صيدلية المغرب العربي,34.0195343,-6.8464862,Rabat ⵔⴱⴰⵟ الرباط,,
4546751940,node,Pharmacie Fellat صيدلية فلات,34.0195444,-6.8499448,Rabat ⵔⴱⴰⵟ الرباط,,
4549915299,node,Pharmacie Mouassine صيدلية مواسين,31.6293402,-7.9904177,Marrakech,,
4549916113,node,Pharmacie Koutoubia صيدلية الكتبية,31.6274447,-7.9935913,Marrakech,,
4554622389,node,Pharmacie Slaoui صيدلية السلاوي,33.830207,-4.8314638,Sefrou,,
4554632092,node,Pharmacie Errazi صيدلية الرازي,33.8328329,-4.8342858,Sefrou ⵚⴼⵕⵓ صفرو,,
4554632195,node,Pharmacie et Laboratoire Bab Lamqam صيدلية و مختبر باب المقام,33.8313315,-4.8385051,Sefrou ⵚⴼⵕⵓ صفرو,,
4558482193,node,Pharmacie Lina صيدلية لينا,34.9393265,-2.7502934,Zaïo ⵣⴰⵢⵢⵓ زايو,,
4558482194,node,Pharmacie Al Joulan صيدلية الجولان,34.9411521,-2.7340693,Zaïo ⵣⴰⵢⵢⵓ زايو,,
4562047719,node,Pharmacie Karam صيدلية كرم,34.2629525,-6.6052548,Kénitra,,
4562070169,node,,32.9946117,-7.6167209,,,
4562070170,node,Pharmacie Boumehdi صيدلية بومهدي,32.9958648,-7.6143365,Settat,,
4562070171,node,Pharmacie Essaada صيدلية السعادة,32.9973854,-7.6153771,Settat,,
4562070172,node,Pharmacie Ibn Sina صيدلية ابن سينا,32.993043,-7.6168425,Settat,,
4562070173,node,,32.9906125,-7.6147255,,,
4563160364,node,,32.9968844,-7.6170816,,,
4563362573,node,Pharmacie Bismi Allah,33.0109823,-7.6056717,Settat,,
4563362574,node,Pharmacie Nazih صيدلية نزيه,33.0051377,-7.6213965,Settat,,
4563362575,node,Pharmacie Sidi Abdelkrim صيدلية سيدي عبد الكريم,33.0005456,-7.6104802,SETTAT,+212 5 23 72 27 07,
4563362577,node,Pharmacie Al Ghofrane,32.9980311,-7.6001608,Settat,+212 5 23 72 05 06,
4563362578,node,Pharmacie Hanine,33.002998,-7.6183344,Settat,+212 5 23 40 25 07,
4563362579,node,Pharmacie Al Qods,33.0007181,-7.6185788,Settat,+212 5 23 40 20 64,
4563362580,node,Pharmacie Route Ben Hmed,33.0029236,-7.6046437,Settat,,
4563362581,node,Pharmacie Al Manar صيدلية المنار,33.0018979,-7.6012036,Settat ⵥⵟⵟⴰⵟ سطات,+212 5 23 72 32 18,
4563362582,node,Pharmacie Maghreb Unis صيدلية الاتحاد المغاربي,33.001481,-7.6178107,Settat,,
4575099389,node,Pharmacie Bouhaira صيدلية البحيرة,31.5161079,-9.7569267,Essaouira الصويرة,+212 5 24 47 25 68,
4577378695,node,Pharmacie Fourkane صيدلية,33.6163152,-7.5292654,,,
4589166495,node,Pharmacie Ben Chaib صيدلية ابن شايب,33.2593075,-7.5898028,Berrechid,,
4595268264,node,Pharmacie Dar Al Bacha صيدلية دار الباشا,31.6307609,-7.9934104,Marrakech,,
4599784190,node,Pharmacie Les Capucines,33.5869027,-7.6366061,,,
4606353707,node,Pharmacie Irchad صيدلية إرشاد,34.0091704,-5.0299565,Fès,+212 5 35 60 18 36,
4607624398,node,Pharmacie Choukro Allah صيدلية شكر الله,33.9877056,-6.8732178,Rabat,,
4607626493,node,Pharmacie Al Bouchra صيدلية البشرى,33.9791681,-6.8794588,Rabat,,
4607640094,node,Pharmacie Mazhar صيدلية المزار,33.9753505,-6.882405,Rabat,,
4631867649,node,Pharmacie Al Andalous صيدلية الأندلس,33.9884197,-6.827869,Rabat,,
4639636502,node,Pharmacie Centrale الصيدلية المركزية,32.2559456,-4.5045741,Er-Rich الريش,,
4660303464,node,Pharmacie Masjid Al Azhar صيدلية مسجد الأزهر,35.7606341,-5.825484,Tanger طنجة,,
4665706142,node,Pharmacie Bnou Zohr,33.5683227,-7.6865945,Casablanca ⵜⴰⴷⴷⴰⵔⵜ ⵜⵓⵎⵍⵉⵍⵜ الدار البيضاء,,
4676172997,node,Pharmacie Avicenne صيدلية ابن سينا,34.2557944,-6.5971595,Kénitra,,
4680520789,node,Pharmacie du Mausolée صيدلية الضريح,34.0237902,-6.8253315,Rabat ⵔⴱⴰⵟ الرباط,,
4681620692,node,Pharmacie Basmati صيدلية بسمتي,34.0165709,-5.0335195,Fès,+212 5 35 60 33 13,
4698968089,node,Pharmacie Lablida صيدلية البليدة,34.0665469,-4.9713274,Fès ⴼⴰⵙ فاس,+212 632775720 (0535637714),
4704222593,node,Pharmacie Belmiloudi صيدلية بلميلودي,32.5241505,-1.9665835,Bouarfa بوعرفة,,
4706230689,node,Grande Pharmacie الصيدلية الكبرى,26.1257232,-14.4847926,Boujdour ⴱⵓⵊⴷⵓⵔ بوجدور,,
4711448391,node,Pharmacie la Tulipe صيدلية لاتوليب,34.0155439,-5.0204776,Fès,+212 5 35 60 20 60,
4711868990,node,Pharmacie de la Liberté صيدلية الحرية,34.0452085,-4.9969331,Fès,+212 5 35 62 19 73,
4711934790,node,Pharmacie les Palmiers صيدلية النخيل,34.0394593,-5.0015078,Fés,+212 5 35 62 12 84,
4711934894,node,Pharmacie de France صيدلية فرنسا,34.0429619,-4.9987649,Fès,+212 5 35 62 23 09,
4712385991,node,Pharmacie l'Amitié صيدلية الصداقة,34.014454,-5.0096513,Fés,+212 5 35 60 91 39,
4712445890,node,Pharmacie Bouslikhane صيدلية بوسليخن,34.0094085,-5.0261096,Fés,+212 5 35 60 45 25,
4712508653,node,Pharmacie Acima صيدلية أسيما,34.0296079,-5.0105717,Fès,+212 535944310,
4724813489,node,Pharmacie Echadli صيدلية الشادلي,34.0078033,-5.0322131,Fès,+212 5 35 96 48 99,
4725748199,node,Pharmacie Allal Ben Abdellah صيدلية علال بن عبد الله,34.033564,-5.0069404,Fès,+212 5 35 65 27 44,
4729539594,node,Pharmacie du Maroc صيدلية المغرب,34.0604344,-4.9817913,Fès,+212 5 35 63 35 74,
4730658026,node,Pharmacie Sebou صيدلية سبو,34.2640774,-6.5869281,kénitra,,
4730950544,node,Pharmacie la Criée صيدلية المزاد,34.0005071,-5.0434417,Fès,+212 5 35 65 53 27,
4736562122,node,Pharmacie Al Hamd صيدلية الحمد,34.249231,-6.6144744,Kénitra,,
4738031421,node,Pharmacie Bahja صيدلية البهجة,34.0389152,-4.9986734,Fès,+212 5 35 62 24 41,
4738681626,node,Pharmacie de la Santé صيدلية الصحة,34.0128456,-4.9854532,Fès,+212 5 35 65 67 23,
4740427422,node,Pharmacie Idrissi صيدلية الإدريسي,34.0267254,-5.0034341,Fès,+212 5 35 60 67 31,
4741642523,node,Pharmacie Debbagh صيدلية الدباغ,34.0428163,-5.0038728,Fès,+212 5 35 62 23 81,
4742853823,node,pharmacie imam ali صيدلية الإمام علي,33.6094444,-7.5333588,,,
4744887621,node,Pharmacie et Laboratoire Al Amrani صيدلية و مختبر العمراني,34.0421156,-5.001262,Fès,,
4746773124,node,Pharmacie Moulay El Kamel صيدلية مولاي الكامل,34.0365542,-5.0084996,Fès,+212 5 35 62 66 36,
4746889021,node,Pharmacie Mimousa صيدلية ميموزة,34.0326314,-5.0123203,Fès فاس,+212 5 35 62 33 76,
4750988997,node,Pharmacie Ibn Rochd صيدلية ابن رشد,32.3441312,-6.3620797,Beni Mellal,,
4753542728,node,Pharmacie Zemmouri صيدلية الزموري,34.0185021,-5.0190467,Fès,+212 5 35 60 14 46,
4757773462,node,Pharmacie et Laboratoire El Karaouyine صيدلية و مختبر القرويين,34.0210364,-4.9929013,Fès,+212 5 35 64 07 49,
4759451623,node,Pharmacie Jnane Fès صيدلية جنان فاس,34.0304772,-5.0051309,Fés,+212 5 35 65 39 50,
4759495424,node,Pharmacie Oudghiri صيدلية الودغيري,34.030867,-5.0078186,Fès,,
4763995654,node,Pharmacie Assalama صيدلية السلامة,34.0451989,-5.0029903,Fès,+212 5 35 62 13 00,
4772565121,node,Pharmacie Route d'Immouzer صيدلية طريق إيموزار,34.0196299,-4.9959536,Fès,+212 5 35 31 65 25,
4773206173,node,Pharmacie Balsam صيدلية بلسم,33.8544211,-5.5278611,Meknès,,
4773211924,node,Pharmacie de Service صيدلية المصلحة,33.8665319,-5.5394188,Meknès,,
4774525621,node,Pharmacie Bab Zorgane صيدلية باب الزركان,30.4664133,-8.8754256,Taroudant,,
4774537683,node,Pharmacie de l'Hôpital صيدلية المستشفى,34.0392486,-4.9936096,Fès,+212 5 35 62 64 68,
4774542521,node,Pharmacie Taroudant صيدلية تارودانت,30.4691752,-8.8822857,Taroudant,,
4783684797,node,Pharmacie Le Printemps صيدلية الربيع,33.7224358,-7.3366509,Mohammédia المحمدية,,
4786725386,node,Pharmacie Abou Ali صيدلية أبو علي,33.88043,-5.581542,Meknès ⴰⵎⴽⵏⴰⵙ مكناس,,
4786742560,node,Pharmacie Safae صيدلية صفاء,33.878929,-5.5743548,Meknès,,
4788557121,node,Pharmacie Moulay Driss صيدلية مولاي ادريس,34.0336413,-5.0189835,Fès,+212 5 35 65 10 50,
4788557323,node,Pharmacie le Palais صيدلية القصر,34.0307431,-5.0229027,Fès,+212 5 35 61 03 27,
4788979462,node,Pharmacie Al Baladia صيدلية البلدية,30.4713992,-8.8701356,Taroudant,,
4789013733,node,Pharmacie Jnane Tasrif صيدلية جنان التصريف,30.4784104,-8.8661643,Taroudant,,
4793814321,node,Pharmacie Al Aouama Al Gharbia صيدلية العوامة الغربية,35.7261824,-5.8038898,Tanger ⵜⵉⵏ ⵉⴳⴳⵉ طنجة,,
4793814421,node,Pharmacie Al Hanae صيدلية الهناء,35.7308435,-5.8029761,Tanger ⵜⵉⵏ ⵉⴳⴳⵉ طنجة,,
4793814726,node,Pharmacie Al Machkouri صيدلية المشكوري,35.7329935,-5.8152164,Tanger,,
4795243037,node,Pharmacie Agafay صيدلية أكفاي,30.4721925,-8.8871499,Taroudant,,
4795265122,node,Pharmacie De La Mosquée صيدلية المسجد,30.412184,-9.5843848,Agadir,,
4797223421,node,Pharmacie Nouzha صيدلية النزهة,34.0117154,-5.0108792,Fés,+212 5 35 61 03 47,
4801102022,node,Pharmacie El Fath صيدلية الفتح,34.0374402,-5.0003795,Fès,+212 5 35 62 30 89,
4801209322,node,Pharmacie la Croix Verte صيدلية لاكروا فيرت,34.0385288,-4.9981613,BV MOHAMED 5,,
4802070122,node,Pharmacie Marjane صيدلية مرجان,34.0492382,-5.0355052,Fès,+212 5 35 75 42 34,
4803244621,node,Pharmacie Al Ichrak صيدلية الإشراق,34.0167606,-5.0109578,Fès,+212 5 35 60 77 87,
4803711989,node,Pharmacie Al Mernissi صيدلية المرنيسي,34.0392401,-5.0129692,Fès,+212 5 35 62 67 67,
4805354921,node,Pharmacie Masjid Ataqwa صيدلية مسجد التقوى,34.0194622,-5.0056751,Fès,+212 5 35 74 81 40,
4805418523,node,Pharmacie Sounni صيدلية السني,34.0182594,-5.0079836,Fès,+212 535603774,
4805680322,node,Pharmacie Bennani صيدلية بناني,34.032488,-5.02417,Fès,+212 5 35 60 87 88,
4807116122,node,Pharmacie Arrachad صيدلية الرشاد,34.0156004,-5.026931,Fès,+212 535601836,
4807118621,node,Pharmacie Farah صيدلية فرح,34.0221038,-5.0122016,Fès,+212 535600514,
4807118622,node,Pharmacie Belbacha صيدلية بالباشة,34.0304648,-5.013688,Fès,+212 5 35 65 48 70,
4807373024,node,Pharmacie Moulay Slimane صيدلية مولاي سليمان,34.029394,-5.0005704,Fès,+212 5 35 65 76 08,
4811303736,node,Pharmacie Bella,34.2410953,-6.5702243,,,
4811706021,node,Pharmacie la Station صيدلية المحطة,34.0094418,-5.0456351,Fès,,
4811862222,node,Pharmacie Azzahraouayn صيدلية الزهراويين,34.0247453,-5.0407415,Fès,+212 5 35 65 52 50,
4814399221,node,Pharmacie Imam Ali صيدلية الإمام علي,34.0423848,-5.006424,Fès,+212 535931264,
4815220421,node,Pharmacie Touzani صيدلية التوزاني,34.029135,-5.0265075,Fès,+212 5 35 61 22 21,
4815250118,node,Pharmacie Pavlov صيدلية بافلوف,34.0129982,-5.0401436,Fès,+212 5 35 72 61 61,
4815400180,node,Pharmacie Bab Ftouh صيدلية باب فتوح,34.0608412,-4.9664226,Fès,+212 5 35 64 91 35,
4815416019,node,Pharmacie Al Ouafae صيدلية الوفاء,34.0112189,-4.9763526,Fès,+212 5 35 61 92 01,
4815618965,node,Pharmacie Naima Lahlou صيدلية نعيمة لحلو,34.0570103,-4.9905245,Fès,+212 5 35 63 12 11,
4815669288,node,Pharmacie Ben Debbab صيدلية بن دباب,34.0638765,-4.9943906,Fès,+212 5 35 64 51 74,
4815708754,node,Pharmacie Lwdaya صيدلية لوداية,34.0697582,-5.0120009,Fès ⴼⴰⵙ فاس,,
4815722783,node,Pharmacie Arrajae صيدلية الرجاء,34.03271,-5.047852,Fès,+212 5 35 72 61 62,
4816625221,node,Pharmacie Bouzoubaa صيدلية بوزوبع,34.0206795,-5.0270395,Fès,,
4817715044,node,Pharmacie El Malhi صيدلية الملحي,34.0356746,-5.0245247,Fès فاس,+212 5 35 61 10 29,
4817730225,node,Pharmacie El Wardi صيدلية الوردي,34.0551533,-5.0329316,Fès,+212 5 35 63 10 46,
4817763683,node,Pharmacie Al Mawada صيدلية المودة,34.0067267,-5.0165884,Fés,+212 534295947,
4817810561,node,Pharmacie Sahb El Ward صيدلية سهب الورد,34.0543407,-4.9532305,Fès,+212 5 35 76 14 84,
4817824057,node,Pharmacie Al Ghassani صيدلية الغساني,34.0403695,-4.9898563,Fès,+212 535940078,
4817843397,node,Pharmacie L'IRIS صيدلية الاغيس,34.0213738,-4.9984577,fés,+212 5 35 74 80 19,
4817921284,node,Pharmacie Ziat صيدلية الزيات,34.0576478,-4.9769857,Fès,+212 5 35 63 44 46,
4817966862,node,Pharmacie Saiss صيدلية سايس,34.0326792,-4.9969956,Fès,+212 5 35 65 52 13,
4818028572,node,Pharmacie Nahid صيدلية ناهيد,34.0633492,-5.0083871,Fés,+212 535630681,
4822485122,node,Pharmacie El Attar صيدلية العطار,34.0420078,-5.0172347,Fès,+212 5 35 94 30 30,
4822797821,node,Pharmacie Amine صيدلية أمين,34.0584106,-4.972887,Fès,+212 5 35 76 07 70,
4823680821,node,Pharmacie Arssat Zitoun صيدلية عرصة الزيتون,33.9916405,-5.042749,Fès,,
4823696521,node,Pharmacie Saidi صيدلية سعيدي,33.9942988,-5.0401468,Fès,+212 5 35 69 17 84,
4825502723,node,Pharmacie Niama صيدلية نعمة,33.9977066,-5.0480324,Fès,,
4826191124,node,Pharmacie El Mouahidine صيدلية الموحدين,34.0427102,-5.0123896,Fès,+212 5 35 62 19 19,
4830547721,node,Pharmacie la Bonté صيدلية الطيبة,34.0337314,-5.0268101,Fès,+212 5 35 61 06 22,
4830823521,node,Pharmacie Chifae صيدلية الشفاء,34.0404482,-5.0087851,Fès,+212 5 35 65 05 44,
4832498324,node,Pharmacie des FAR صيدلية الجيش الملكي,34.0407699,-5.0166336,Fès,,
4834354024,node,Pharmacie Doukkarat صيدلية الدكارات,34.0393502,-5.0217359,Fès فاس,+212 5 35 62 09 21,
4838947980,node,Pharmacie Sidi Said صيدلية سيدي سعيد,33.8935053,-5.5829801,Meknès ⴰⵎⴽⵏⴰⵙ مكناس,,
4841546126,node,Pharmacie Route de Meknès صيدلية طريق مكناس,34.0395245,-5.0272749,Fès,+212 5 35 94 48 57,
4841769221,node,Pharmacie Tazi صيدلية التازي,34.0397879,-5.0313486,Fès,+212 5 35 93 16 82,
4843629022,node,Pharmacie Tarik صيدلية طارق,34.0281108,-5.0239044,Fès,+212 5 35 60 21 49,
4843833522,node,Pharmacie Ait Skattou صيدلية ايت سقاطو,34.0260824,-5.0012035,Fès,+212 5 35 74 86 73,
4845395322,node,Pharmacie Benjelloun صيدلية بنجلون,34.0268021,-5.0219356,Fès,+212 5 35 61 09 67,
4850469422,node,,34.2648038,-5.9405135,,,
4854006421,node,Pharmacie Lalla Soukaina صيدلية للاسكينة,34.0183664,-5.026767,Fès,,
4854301135,node,Pharmacie de la Sable صيدلية الرمل,23.7326386,-15.9175011,Dakhla ⴷⴰⵅⵍⴰ الداخلة,,
4855335623,node,Pharmacie la Lavande صيدلية الخزامى,34.0335369,-5.022362,Fès,+212 5 35 60 78 79,
4857655940,node,Pharmacie de l'Académie صيدلية الأكاديمية,33.8740575,-5.559003,Meknès,,
4861633424,node,Pharmacie du Passage صيدلية المسار,34.0359013,-4.9953162,Fès,+212 5 35 65 03 52,
4862345401,node,Pharmacie Ouarch صيدلية ورش,34.917861,-2.3216638,Berkane,,
4869569771,node,Pharmacie Boutouil صيدلية بوطويل,34.0560401,-4.9870892,Fès ⴼⴰⵙ فاس,+212 5 35 65 28 45,
4869596663,node,Pharmacie Populaire الصيدلية الشعبية,34.0539632,-4.9893255,Fès ⴼⴰⵙ فاس,+212 5 35 62 19 29,
4869602270,node,Pharmacie Louajriyeine صيدلية الوجريين,34.0522071,-4.9901683,Fès ⴼⴰⵙ فاس,+212 5 35 94 00 33,
4871949522,node,Pharmacie Ravin صيدلية الرافان,34.0345554,-4.9938759,Fès,+212 5 35 62 47 85,
4871952121,node,Pharmacie Adarissa صيدلية أدارسة,34.0215149,-5.0070833,Fès,+212 5 35 60 23 67,
4883661122,node,Pharmacie Yassine صيدلية ياسين,34.0158487,-5.0070187,Fès,+212 5 35 60 42 53,
4885602324,node,Pharmacie Dhar El Mehraz صيدلية ظهر المهراز,34.0369664,-4.9896306,Fès,+212 5 35 64 20 21,
4887681622,node,Pharmacie Jnane El Berdai صيدلية جنان البردعي,34.0349848,-5.0558381,Fès ⴼⴰⵙ فاس,,
4894589424,node,Pharmacie de la Gare صيدلية المحطة,34.0448431,-5.0066483,Fès,+212 5 35 65 24 75,
4894951222,node,Pharmacie Hay El Anbra صيدلية حي العنبرة,34.0100955,-5.0352723,Fès,+212 5 35 60 56 14,
4894951223,node,Pharmacie Saadi صيدلية السعدي,34.0047517,-5.0137715,Fès,+212 5 35 74 98 24,
4894953823,node,Pharmacie Ain Amir صيدلية عين عمير,34.0026816,-5.004085,Fès,+212 5 35 96 88 45,
4897372624,node,Pharmacie Boulevard du Joulane صيدلية شارع الجولان,34.0314245,-4.9925868,Fès,+212 5 35 73 31 09,
4902417424,node,Pharmacie Ville Nouvelle صيدلية المدينة الجديدة,34.0343137,-4.9980042,Fès,+212 5 35 64 19 66,
4904980522,node,Pharmacie du Boulevard صيدلية الشارع,34.0408528,-4.9966699,Fès,,
4913789721,node,Pharmacie Mariam صيدلية مريم,33.9940124,-5.0477063,Fès,,
4914904629,node,Pharmacie Lefdil صيدلية لفضيل,34.413959,-2.8992701,Taourirt تاوريرت,,
4914904630,node,Pharmacie Al Andalous صيدلية الأندلس,34.3993038,-2.9050791,Taourirt,,
4914904631,node,Pharmacie Assaada صيدلية السعادة,34.4023105,-2.9008962,Taourirt,,
4914904632,node,Pharmacie Al Maghrib صيدلية المغرب,34.3994572,-2.8923465,Taourirt تاوريرت,,
4914904635,node,Pharmacie Ibrahim Al Khalil صيدلية ابراهيم الخليل,34.3985163,-2.8999656,Taourirt تاوريرت,,
4914904636,node,Pharmacie El Jabiri صيدلية الجابري,34.4117807,-2.8938703,Taourirt ⵜⴰⵡⵔⵉⵔⵜ تاوريرت,,
4914904637,node,Pharmacie Taourirt صيدلية تاوريرت,34.4104307,-2.8921317,TAOURIRT,,
4914904638,node,Pharmacie Assiha صيدلية الصحة,34.4025463,-2.8887549,Taourirt,,
4914904639,node,Pharmacie El Fath صيدلية الفتح,34.4031798,-2.892326,Taourirt تاوريرت,,
4914904640,node,Pharmacie Attakadom صيدلية التقدم,34.4024435,-2.8968361,Taourirt,,
4914904641,node,Pharmacie Moulay Ali Cherif صيدلية مولاي علي شريف,34.4003572,-2.8948726,Taourirt,,
4914904642,node,Pharmacie Guemmi صيدلية كامي,34.3980357,-2.893901,Taourirt تاوريرت,,
4916834521,node,Pharmacie Oum Al Banine صيدلية أم البنين,34.0586789,-4.9795617,Fès,+212 535635562,
4924422021,node,Pharmacie Sebti صيدلية السبتي,34.0323654,-5.0003964,Fès,+212 5 35 64 06 66,
4930616421,node,Pharmacie Rommana صيدلية الرمانة,35.5672985,-5.3930377,Tétouan,,
4941858121,node,Pharmacie la Commune صيدلية الجماعة الجديدة,34.0333816,-5.0153706,Fès ⴼⴰⵙ فاس,,
4952409023,node,Pharmacie Youssra صيدلية يسرى,34.0293711,-4.9818124,Fès,+212 5 35 64 05 83,
4956435822,node,Pharmacie Ilyas صيدلية إلياس,34.0451274,-4.9876615,Fès,+212 6 13 91 71 79,
4956483023,node,Pharmacie Bab Alghoul صيدلية باب الغول,34.0413437,-4.986712,Fès,+212 5 35 62 69 27,
4958547525,node,Pharmacie Badr Al Amal صيدلية بدر الأمل,34.6950731,-1.9404238,Oujda,,
4965854542,node,Pharmacie Marhaba صيدلية مرحبا,34.0269793,-4.9880236,Fès,+212 5 35 64 13 81,
4968139622,node,Pharmacie Bahia صيدلية باهية,34.0248246,-4.9854877,Fès,+212 5 35 73 28 70,
4968899722,node,Pharmacie El Ghorfi صيدلية الغرفي,31.640221,-7.9886634,Marrakech,,
4968969821,node,Pharmacie Shimi صيدلية السحيمي,33.8644802,-5.5421088,Meknès,,
4968969822,node,Pharmacie Pasteur صيدلية باستور,33.8874997,-5.5415543,Meknès,,
4968969823,node,Pharmacie la Clinique صيدلية المصحة,33.8897756,-5.5450361,Meknès,,
4970125221,node,Pharmacie Boughafer صيدلية بوغافر,34.0222771,-4.9859761,Fès,+212 5 35 73 23 36,
4970428922,node,Pharmacie Al Farabi صيدلية الفرابي,34.0369228,-5.0206543,Fès فاس,+212 5 35 62 41 47,
4971325222,node,Pharmacie Zakaria صيدلية زكرياء,34.0248226,-5.0180415,Fès,,
4972519321,node,Pharmacie Al Mahkama صيدلية المحكمة,35.1898385,-6.1496856,Larache,,
4973828925,node,Pharmacie Chaymae صيدلية شيماء,34.0324461,-5.0585174,Fès ⴼⴰⵙ فاس,+212 5 35 72 13 54,
4974972222,node,Pharmacie Ibn Haitam صيدلية بن الهيثم,34.0211705,-4.9830509,Fès,+212 5 35 96 04 12,
4975480922,node,صيدلية الأسرة,33.8569858,-5.5408526,Meknès,,
4977914041,node,Pharmacie Al Osra صيدلية الأسرة,33.9186885,-5.4837168,Meknès,,
4978068722,node,Pharmacie Squalli صيدلية الصقلي,33.857988,-5.5549754,Meknès,,
4978107821,node,Pharmacie Principale الصيدلية الرئيسية,33.86997,-5.5550911,Meknès,,
4978107822,node,Pharmacie Avenue des FAR صيدلية شارع الجيش الملكي,33.8946655,-5.5499772,Meknès,,
4978187321,node,Pharmacie de l'Université صيدلية الجامعة,33.8687658,-5.5490291,Meknès,+212 5 35 73 25 59,
4980360622,node,Pharmacie La Baraka صيدلية البركة,33.857687,-5.5355748,Meknès,,
4980874779,node,Pharmacie Mabrouka صيدلية مبروكة,33.8546631,-5.5422107,Meknès ⴰⵎⴽⵏⴰⵙ مكناس,+212 5 35 70 03 77,
4980874792,node,Pharmacie Sijilmassa صيدلية سجلماسة,33.8592257,-5.5303016,Meknès,,
4980918566,node,Pharmacie Al Anouar صيدلية الأنوار,33.860505,-5.5346736,Meknès,+212 5 35 64 90 77,
4980918574,node,Pharmacie Moulay Ali Cherif صيدلية مولاي علي الشريف,33.8568459,-5.5291029,Meknès ⴰⵎⴽⵏⴰⵙ مكناس,,
4986555027,node,Pharmacie Akbat El Hallouf صيدلية عقبة الحلوف,35.5628046,-5.3672714,Tétouan,,
4988606524,node,Pharmacie Ayachi صيدلية العياشي,33.867619,-5.5455112,Meknès,,
4988606525,node,Pharmacie Zouine صيدلية الزوين,33.8665333,-5.5482972,Meknès,,
4996666434,node,Pharmacie El Azhar صيدلية الأزهر,34.0191682,-5.0126464,Fès,+212 5 35 60 90 65,
5003241324,node,Pharmacie Amal صيدلية أمل,33.685753,-5.3705802,EL HAJEB,,
5003241721,node,Pharmacie El Menzeh صيدلية المنزه,33.7582918,-5.4851059,,,
5003246522,node,Pharmacie Acima صيدلية أسيما,33.8606512,-5.5488115,Meknès,,
5003246532,node,Pharmacie Centrale الصيدلية المركزية,33.8994507,-5.5467403,Meknès ⴰⵎⴽⵏⴰⵙ مكناس,,
5003249621,node,Pharmacie Touarga صيدلية تواركة,33.874088,-5.5627752,Meknès,,
5003249623,node,Pharmacie Al Amal صيدلية الأمل,33.892461,-5.5591006,Meknès ⴰⵎⴽⵏⴰⵙ مكناس,,
5003261121,node,Pharmacie de la Santé صيدلية الصحة,33.8966929,-5.5456661,Meknès,+212 5 35 65 67 23,
5003261124,node,Pharmacie Place d'Armes صيدلية ساحة السلاح,33.8932233,-5.538719,Meknès,,
5003261125,node,Pharmacie Badr صيدلية بدر,33.9022611,-5.5210486,Meknès,,
5007285021,node,Pharmacie Kortoba صيدلية قرطبة,33.8617708,-5.5459011,Meknès,,
5007363922,node,Pharmacie Ibn Al Hassan صيدلية ابن الحسن,34.0605169,-5.0049131,Fès ⴼⴰⵙ فاس,+212 5 35 75 69 17,
5008019196,node,Pharmacie Oued Eddahab صيدلية واد الذهب,33.8625831,-5.5369066,Meknès,,
5008019197,node,Pharmacie Moulay Hachem صيدلية مولاي هاشم,33.8638968,-5.5343875,Meknès,,
5016812707,node,Pharmacie Faculté des Lettres صيدلية كلية الآداب,33.8697602,-5.5386175,Meknès,,
5018122422,node,Pharmacie Marbella صيدلية مربيا,35.7264593,-5.7564234,Tanger,,
5020266326,node,Pharmacie Iraqi Karima صيدلية عراقي كريمة,34.0206327,-5.0025925,Fès,+212 5 35 60 67 67,
5022123421,node,Pharmacie Al Ambra  صيدلية العنبرة,34.0227833,-4.9995074,Fès,+212 535605614,
5025460621,node,Pharmacie Al Irfane صيدلية العرفان,34.0175081,-5.0048856,Fès,+212 5 35 61 08 27,
5039588521,node,Pharmacie Amal Achifae صيدلية أمل الشفاء,34.0303207,-5.0546196,Fès,+212 6 01 91 94 62,
5043501022,node,Pharmacie De La Plage صيدلية الشاطئ,35.778779,-5.8025272,Tanger طنجة,,
5043818724,node,Pharmacie Badr صيدلية بدر,34.0215987,-5.0167602,Fès,+212 5 35 60 90 62,
5043819141,node,Pharmacie Azzahrae صيدلية الزهراء,34.0202531,-5.0235395,Fès,+212 5 35 60 04 86,
5043839331,node,Pharmacie Agdal صيدلية أكدال,34.0214796,-5.0205636,Fès,+212 5 35 61 25 23,
5043935622,node,pharmacie souk elbaldi صيدلية السوق البلدي,33.5473266,-7.5978709,,,
5043935721,node,pharmacie d'azhar صيدلية الأزهر,33.5455816,-7.5952095,,,
5044967323,node,,33.5478068,-7.5901845,,,
5044967324,node,,33.5434141,-7.5960949,,,
5044977922,node,,33.5464472,-7.6003028,,,
5046327425,node,Pharmacie Baghdad صيدلية بغداد,33.6971373,-7.3864841,Mohammédia المحمدية,,
5054002331,node,Pharmacie Labaraka صيدلية البركة,34.0189521,-5.0152133,Fès,+212 5 35 74 87 66,
5054019822,node,Pharmacie Ennassiri صيدلية الناصري,34.0233883,-5.0210753,Fès,+212 5 35 60 17 71,
5055972121,node,Pharmacie Omari صيدلية عماري,34.0268791,-5.0063514,Fès,+212 5 35 61 30 29,
5056135424,node,Pharmacie Bachkou,33.5554062,-7.6294061,,,
5056543721,node,pharmacie Populaire الصيدلية الشعبية,31.9398745,-4.4504035,Errachidia ⵉⵎⵜⵖⴻⵔⵏ الرشيدية,,
5056966782,node,Pharmacie Amina صيدلية أمينة,33.6921021,-7.3744417,Mohammedia,,
5066644775,node,Pharmacie malak,31.5413139,-7.9711502,,,
5066644782,node,Pharmacie El Mechouar صيدلية المشور,31.6067832,-7.9885663,Marrakech,,
5066644788,node,Pharmacie Sidi Boutchich صيدلية سيدي بوتشيش,31.6230845,-7.9810132,Marrakech,,
5066644789,node,Pharmacie radia lehbichat,31.5626676,-7.9787129,,,
5066644798,node,,31.4926434,-7.9180714,,,
5066644804,node,Pharmacie Arset Lamaache صيدلية عرصة المعاش,31.6189375,-7.988476,Marrakech ⵎⵕⵕⴰⴽⵯⵛ مراكش,,
5066644806,node,Pharmacie oued issil,31.4630274,-7.8672791,,,
5073821421,node,Pharmacie Ziady صيدلية الزيادي,33.9966312,-6.8710228,Rabat,,
5077982405,node,Pharmacie Al Massira صيدلية المسيرة,35.0042234,-5.9083497,Ksar-el-Kebir,,
5077982406,node,Pharmacie Oued El Makhazine صيدلية واد المخازن,35.0016178,-5.906638,Ksar-el-Kebir,,
5077982419,node,Pharmacie Abi Al Mahassin صيدلية أبي المحاسن,35.0044828,-5.9117417,Ksar-el-Kebir,,
5081200223,node,Pharmacie Demnati صيدلية الدمناتي,34.0207935,-5.0303522,Fès,+212 5 35 60 07 84,
5081379771,node,Pharmacie Carnot,33.5936301,-7.5831998,,,
5081797762,node,Pharmacie Dokkala,33.5596013,-7.5386995,,,
5084491622,node,Pharmacie Platanes صيدلية السيجان,34.0043523,-5.00755,Fès,,
5085452623,node,Pharmacie de l'Atlas صيدلية الأطلس,34.0318989,-4.9948294,Fès,+212 5 35 64 18 28,
5100489621,node,Pharmacie Afifa صيدلية عفيفة,34.0234473,-5.0091718,Fès,+212 5 35 60 80 07,
5102118021,node,Pharmacie Khalid Ben El Walid صيدلية خالد ابن الوليد,31.6539211,-7.9986407,Marrakech,,
5104919922,node,pharmacie tam صيدلية طام,33.5530143,-7.6775632,,,
5105153126,node,Pharmacie Ouazzani,32.3221617,-9.2258443,,,
5105153127,node,Pharmacie Lourini صيدلية لوريني,32.3181196,-9.2270144,Safi,,
5105153128,node,Pharmacie Al Qods صيدلية القدس,32.3016496,-9.23735,Safi,,
5107085722,node,Pharmacie Ifrane صيدلية إفران,34.0144858,-5.0015964,Fès,+212 5 35 60 47 12,
5117313022,node,Pharmacie Al Korachi صيدلية القرشي,34.0191247,-5.0016602,Fès,+212 5 35 74 84 97,
5119394922,node,Pharmacie Jabri صيدلية جابري,34.0158774,-5.0043792,Fès,+212 5 35 74 93 58,
5128231924,node,Pharmacie L'Opera صيدلية الأوبرا,34.0288781,-4.9951509,Fès,+212 5 35 96 05 03,
5130402124,node,Pharmacie Erriad صيدلية الرياض,34.0244919,-5.0126568,Fès,+212 5 35 64 05 54,
5130442846,node,Pharmacie Mekouar صيدلية مكوار,34.0309569,-4.9981453,Fès,+212 5 35 64 01 72,
5141153722,node,Pharmacie Jnane Souissi صيدلية جنان السويسي,33.9487807,-6.8433871,Rabat,,
5142826921,node,Pharmacie Pasteur صيدلية باستور,34.0271122,-5.009844,Fès,+212 5 35 61 18 14,
5147303621,node,Pharmacie Arrazi صيدلية الرازي,34.0260606,-4.9976251,Fès,+212 5 35 64 07 84,
5150627557,node,,33.7332275,-5.009721,,,
5150630226,node,,33.7323651,-5.0092432,,,
5150630227,node,,33.7314997,-5.0082841,,,
5150630228,node,,33.729553,-5.0122442,,,
5150630229,node,,33.7333029,-5.0122088,,,
5150630230,node,Pharmacie Allaou Ichou,33.7256879,-5.01307,Imouzzer Kandar ⵉⵎⵓⵣⵣⴰⵔ ⴽⵏⴷⵕ إيموزار كندر,,
5173620321,node,Pharmacie Du Soleil صيدلية الشمس,30.4213649,-9.5927628,Agadir,+212 5 28 84 80 04,
5173841426,node,Pharmacie Conseil صيدلية النصيحة,34.0132374,-4.9815705,Fès,+212 5 35 61 91 62,
5183381724,node,Pharmacie Al Ihssane,34.0101598,-4.9792405,Fès,+212 5 35 61 94 00,
5184257351,node,Pharmacie El Karam صيدلية الكرم,34.0698093,-4.9870605,Fés,+212 5 35 70 33 68,
5185720525,node,Pharmacie Blanco صيدلية بلانكو,33.9992559,-5.0091302,Fès,+212 5 35 96 70 93,
5185876621,node,Pharmacie El Majd صيدلية المجد,34.0176898,-4.9808471,Fès,+212 5 35 65 64 47,
5188283423,node,Pharmacie Al Ahbab صيدلية الأحباب,33.9992501,-5.004313,Fès,+212 5 34 87 00 90,
5190415822,node,Pharmacie Taiba صيدلية طيبة,34.001416,-5.0066556,Fès,+212 5 35 60 77 77,
5190427838,node,Pharmacie Ibn Khaldoun صيدلية ابن خلدون,34.0144522,-4.9717966,Fés,+212 5 35 73 01 23,
5194917728,node,Pharmacie C.H.U Hassan II صيدلية الحسن الثاني,34.0076473,-4.9779753,Fès,+212 5 35 61 58 99,
5200384240,node,Pharmacie Mediterranée صيدلية البحر الأبيض المتوسط,35.1717653,-2.928422,NADOR,,
5200384268,node,Pharmacie Al Hilal صيدلية الهلال,35.1686405,-2.9287883,Nador الناظور,,
5200975021,node,Pharmacie Mariouari et Idoudouhan ⵜⵉⵏⵙⴰⴼⴰⵔⴻⵏ ⴻⵏ ⵢ'ⴷⵓⴷⵓⵃⴻⵏ صيدلية ماريواري وإدودوحن,35.3012825,-2.9762556,,,Mo-Su 08:00-22:00
5201978023,node,Pharmacie Al Inaya صيدلية العناية,34.0166064,-4.9775556,Fès,+212 5 35 64 42 73,
5203942033,node,Pharmacie Al Ikhwa صيدلية الإخوة,34.0069752,-5.0085257,Fès,+212 5 35 96 20 95,
5203986721,node,Pharmacie Haoudi صيدلية هاودي,34.0196338,-4.9851537,Fès,+212 5 35 64 20 05,
5204002337,node,Pharmacie Najmi صيدلية نجمي,34.0067506,-5.0053672,Fès,+212 5 35 61 22 41,
5204049521,node,Pharmacie La Victoire صيدلية النصر,34.0178887,-4.9862395,Fès,+212 5 35 73 23 80,
5206234024,node,Pharmacie Fatima Ezzahra صيدلية فاطمة الزهراء,34.0046872,-5.0014405,Fès,+212 5 35 60 45 21,
5207338425,node,Pharmacie El Houda صيدلية الهدى,34.0171254,-4.9894159,Fès,+212 5 35 64 46 57,
5208312272,node,Al Madina,34.2239633,-3.3460924,,,
5208839781,node,Pharmacie El Baladia صيدلية البلدية,34.2247052,-3.3506307,Guercif جرسيف,,
5210615746,node,Grande Pharmacie du Rif صيدلية الريف الكبرى,34.2269062,-3.3446501,Guercif,,
5214920447,node,Pharmacie Achifa صيدلية الشفاء,33.0470097,-3.9941401,Missour ⵎⵉⵙⵓⵔ ميسور,,
5214920453,node,Pharmacie El Youssra صيدلية اليسرى,33.0471433,-3.9904311,Missour ⵎⵉⵙⵓⵔ ميسور,,
5216068021,node,Pharmacie Bakkali صيدلية البقالي,34.0103035,-5.0057817,Fès,+212 5 35 61 21 84,
5216299824,node,Pharmacie La Ville صيدلية المدينة,33.0492466,-3.9924677,Missour ⵎⵉⵙⵓⵔ ميسور,,
5216754375,node,Pharmacie Sidi Belhaje صيدلية سيدي بلحاج,33.0451392,-3.9935341,Missour,,
5217881721,node,Pharmacie Florida صيدلية فلوريدا,34.0076467,-5.0031474,Fès,+212 5 35 60 43 13,
5217885522,node,Pharmacie Mont Fleuri صيدلية الجبل,34.0152601,-4.9860772,Fès,+212 5 35 64 40 06,
5219627522,node,Pharmacie Al Yousr صيدلية اليسر,34.012366,-5.0027424,Fès,+212 5 35 60 92 93,
5221699083,node,Pharmacie Riad صيدلية رياض,32.6791565,-4.7295177,Midelt ميدلت,,
5231444736,node,Pharmacie Al Fadila صيدلية الفضيلة,34.0114188,-4.988769,Fès,+212 5 35 64 42 31,
5239191223,node,Pharmacie Ryad صيدلية الرياض,34.0265672,-4.9935021,Fès,+212 5 35 64 05 54,
5239191257,node,Pharmacie Ghizlane صيدلية غزلان,34.0057403,-4.9687656,Fés,+212 5 35 61 93 54,
5239191525,node,Pharmacie l'Entente صيدلية الإتفاق,34.0242974,-4.9897763,Fès,+212 5 35 60 45 25,
5239191530,node,Pharmacie Route de Sefrou صيدلية طريق صفرو,34.0212182,-4.9879182,Fès,+212 5 35 73 33 06,
5239335924,node,Pharmacie Faculté de Médecine صيدلية كلية الطب,34.0076423,-4.9652236,Fès فاس,+212 5 35 61 95 08,
5240910822,node,Pharmacie Fès Shore صيدلية فاس شور,34.0093643,-4.9616705,Fès فاس,,
5241087321,node,Pharmacie Nour El Houda صيدلية نور الهدى,34.0129244,-4.965755,Fès,+212 5 35 61 71 52,
5244010021,node,Pharmacie Champs de Courses صيدلية ملعب الخيل,34.036918,-5.0152573,Fès فاس,+212 5 35 65 23 38,
5244887442,node,Pharmacie Firdaous صيدلية الفردوس,34.0146357,-4.9897963,Fès,+212 5 35 64 06 25,
5245874235,node,Pharmacie Taznakt,30.5753189,-7.2052708,,,
5246045999,node,Pharmacie de centre de M'semrir طيدلية مركز امسمرير,31.6977334,-5.8167833,,,
5247381321,node,Pharmacie Bismillah صيدلية بسم الله,34.2645998,-6.5563706,Kénitra,,
5250338721,node,Pharmacie de l'Hôpital Universitaire صيدلية المستشفى الجامعي,34.0106557,-4.9657329,Fès ⴼⴰⵙ فاس,+212 5 35 61 56 83,
5251848522,node,Pharmacie Ibn Hazm صيدلية بن حزم,34.0091231,-4.9695833,Fès,+212 5 35 61 62 35,
5254332147,node,Pharmacie Ait Aiaaza صيدلية أيت يعزة,30.5039876,-8.8009205,Ait Iaaza,,
5254332156,node,Pharmacie Tiout صيدلية تيوت,30.503411,-8.7993662,Ait Iaaza,,
5256413682,node,Grande Pharmacie الصيدلية الكبرى,30.0876655,-8.460678,Igherm ⵉⵖⵔⵎ إغرم,,
5260991734,node,Pharmacie Yasmine صيدلية ياسمين,34.0102284,-4.9880887,Fès,+212 5 35 61 96 43,
5261997687,node,Pharmacie Karim صيدلية كريم,31.3731636,-5.9868781,Boumalne Dadès ⴱⵓⵎⴰⵍⵏ ⴷⴰⴷⵙ بومالن دادس,,
5263513421,node,Pharmacie Ben Cheikh صيدلية ابن الشيخ,34.0127576,-4.9700355,Fés,+212 5 35 61 48 06,
5263754721,node,Pharmacie Al Wassila صيدلية الوسيلة,34.0063267,-4.9737192,Fès,+212 5 35 61 96 16,
5269865621,node,Pharmacie Al Fajr صيدلية الفجر,34.0154938,-4.9630375,Fès ⴼⴰⵙ فاس,+212 5 35 94 23 03,
5269866730,node,Pharmacie La Fontaine صيدلية النافورة,34.2598633,-6.5835675,Kénitra,+212 537 373 281,
5270743531,node,Pharmacie Beyrout صيدلية بيروت,34.0078871,-4.984039,Fès,+212 5 35 61 96 60,
5270743624,node,Pharmacie Lahbabi صيدلية لحبابي,34.0044736,-4.9892319,Fès,+212 5 35 60 84 07,
5280876443,node,Pharmacie Populaire الصيدلية الشعبية,29.3777729,-10.1747265,Sidi Ifni,,
5281877223,node,Pharmacie le Docteur صيدلية الدكتور,34.018087,-4.9665089,Fès ⴼⴰⵙ فاس,,
5283794728,node,Pharmacie Mourchid صيدلية مرشد,34.0133949,-4.9784725,Fès,+212 5 35 73 34 93,
5291622524,node,Pharmacie Complexe Sportif صيدلية المركب الرياضي,34.0171017,-4.9699202,Fès ⴼⴰⵙ فاس,+212 5 35 73 28 73,
5292017266,node,Pharmacie La Santé صيدلية الصحة,27.9377888,-12.9234023,Tarfaya ⵟⴰⵔⴼⴰⵢⴰ طرفاية,,
5293570222,node,Pharmacie Lina صيدلية لينة,34.0166758,-4.9745419,Fès,+212 5 35 73 37 21,
5295524721,node,Pharmacie Azzouzi صيدلية عزوزي,34.0153241,-4.9795386,Fès,+212 5 35 96 04 28,
5298347522,node,Pharmacie Yousfi صيدلية يوسفي,34.0057858,-4.9834357,Fès,+212 5 35 61 86 19,
5299322320,node,Pharmacie Fathi,33.576566,-7.539824,,,
5299812687,node,Pharmacie Populaire الصيدلية الشعبية,26.1277695,-14.4817936,Boujdour ⴱⵓⵊⴷⵓⵔ بوجدور,,
5303210932,node,Pharmacie Sidi Brahim صيدلية سيدي ابراهيم,34.0201153,-4.9703139,Fès,+212 5 35 64 02 22,
5303267325,node,Pharmacie Noureddine صيدلية نور الدين,34.0200563,-4.9641712,Fès ⴼⴰⵙ فاس,+212 5 35 73 15 40,
5303397588,node,Pharmacie Al Moukaouama صيدلية المقاومة,23.7006402,-15.9307371,Dakhla ⴷⴰⵅⵍⴰ الداخلة,,
5303776590,node,Pharmacie Bab Doukkala صيدلية باب دكالة,31.5159071,-9.7652952,Essaouira ⵚⵚⵡⵉⵕⴰ الصويرة,,
5303800179,node,El Massira,31.5159833,-9.7648725,,,
5304746323,node,Pharmacie du Quartier Industriel صيدلية الحي الصناعي,34.0222491,-4.9714568,Fès ⴼⴰⵙ فاس,+212 5 35 73 31 94,
5305115014,node,Pharmacie Al-Ouazzani صيدلية الحسن الوزاني,23.7008953,-15.9291997,Dakhla ⴷⴰⵅⵍⴰ الداخلة,,
5305115638,node,Pharmacie Oued Eddahab صيدلية وادي الذهب,23.6989441,-15.9298568,Dakhla ⴷⴰⵅⵍⴰ الداخلة,,
5308000552,node,Pharmacie Aswak Assalam صيدلية أسواق السلام,35.7379607,-5.8736926,Tanger ⵜⵉⵏ ⵉⴳⴳⵉ طنجة,,
5308231623,node,Pharmacie Talbi صيدلية طالبي,34.0193429,-4.9765996,Fès ⴼⴰⵙ فاس,+212 5 35 73 33 09,
5309099832,node,Pharmacie Al Jazeera صيدلية الجزيرة,23.6937589,-15.9372614,Dakhla ⴷⴰⵅⵍⴰ الداخلة,,
5309099842,node,Pharmacie El Wahda صيدلية الوحدة,23.6965848,-15.934703,Dakhla ⴷⴰⵅⵍⴰ الداخلة,,
5309147427,node,Pharmacie Al Ikhlasse صيدلية الإخلاص,34.0041222,-4.978387,Fès,+212 5 35 61 70 56,
5309148523,node,Pharmacie Zohour صيدلية الزهور,34.0044491,-4.9828381,Fès,+212 5 35 61 84 77,
5309148722,node,Pharmacie Al Akhawayn صيدلية الأخوين,34.0074565,-4.9804051,Fès,+212 5 35 61 47 55,
5312225801,node,Pharmacie Essalam صيدلية السلام,23.6906114,-15.9403861,Dakhla,,
5314658038,node,Pharmacie Moulay Rachid صيدلية مولاي رشيد,23.709409,-15.9243919,Dakhla ⴷⴰⵅⵍⴰ الداخلة,,
5315113755,node,Pharmacie Ouali صيدلية والي,23.6892474,-15.9428445,Dakhla,,
5315113757,node,Pharmacie Hadji صيدلية حاجي,23.6903931,-15.948446,Dakhla,,
5315113804,node,Pharmacie Fadl-Allah صيدلية فضل الله,23.6896347,-15.9449952,Dakhla,,
5316237421,node,Pharmacie Hay El Hassani صيدلية حي الحساني,34.0209771,-4.9744947,Fès ⴼⴰⵙ فاس,+212 5 35 64 40 98,
5316386524,node,Pharmacie Narjiss صيدلية النرجس,34.0206094,-4.9788651,Fès,+212 5 35 64 37 34,
5316862623,node,Pharmacie Ismailia صيدلية الإسماعيلية,34.0109079,-4.9831621,Fès,+212 5 35 73 14 41,
5320229021,node,Pharmacie Cotef صيدلية كوطيف,34.0227418,-4.9779877,Fès,+212 5 35 73 04 73,
5320984826,node,Pharmacie Saoussane صيدلية سوسن,34.002518,-4.9877202,Fès,,
5320984833,node,Pharmacie La Famille صيدلية العائلة,34.0050682,-4.9869764,Fès,+212 5 35 61 01 33,
5322041222,node,,31.0443415,-7.1323584,,,Mo-Su 08:00-18:00
5333830031,node,Pharmacie Hameda Benchekroun صيدلية حميدة بنشقرون,34.0086636,-4.993274,Fès,+212 5 35 61 20 50,
5333830421,node,Pharmacie La Suite صيدلية لاسويط,33.9939304,-4.9905295,Fès,+212 5 35 60 36 49,
5347032423,node,Pharmacie Qabiss صيدلية قبيص,34.2334832,-6.530256,Kénitra,,
5347032424,node,Pharmacie Boushaba صيدلية بوسحابة,34.230363,-6.5316032,Kénitra القنيطرة,,
5347032430,node,Pharmacie Alhamdo Lillah صيدلية الحمد لله,34.2524515,-6.5249373,Kénitra القنيطرة,,
5347880435,node,Pharmacie Nador El Jadid صيدلية الناظور الجديد,35.1515667,-2.9274949,Nador الناظور,,
5347880440,node,Pharmacie Talbi صيدلية الطالبي,35.1471079,-2.922199,NADOR الناظور,,
5356941721,node,Pharmacie Makro صيدلية ماكرو,34.0201123,-5.0532944,Fès,+212 6 71 65 66 91,
5357355622,node,Pharmacie Azzay Tuune,31.0616324,-6.5570742,,,
5358636223,node,La Grande Pharmacie الصيدلية الكبرى,34.0239277,-5.0555968,Fès,+212 5 35 65 50 06,
5360680621,node,Pharmacie El Boutahri صيدلي البوطهري,34.0182077,-5.0574499,Fès,+212 5 35 72 98 47,
5361001722,node,Pharmacie Assafwa صيدلية الصفوة,34.0215063,-5.0490094,Fès,+212 5 35 72 91 53,
5361214423,node,Pharmacie El Hijazi صيدلية الحجازي,34.0202864,-5.0462911,Fès,+212 5 35 72 97 64,
5362319893,node,Pharmacie Zakaria صيدلية زكرياء,35.1687276,-2.9157612,Nador الناظور,,
5370125323,node,Pharmacie Sandra صيدلية ساندرا,34.0242119,-5.0506962,Fès,+212 5 35 72 60 03,
5370323321,node,Pharmacie Zouagha Bas صيدلية الزواغة السفلى,34.0277814,-5.0462297,Fès,+212 5 35 72 66 32,
5372625428,node,Pharmacie Al Hamd صيدلية الحمد,34.0274386,-5.0413497,Fès,+212 6 76 96 21 90; +212 5 35 61 20 50,
5375123532,node,Pharmacie El Qods صيدلية القدس,34.0156066,-5.0510426,Fès,+212 5 35 65 50 68,
5375153021,node,Pharmacie L'Avenir صيدلية المستقبل,34.0303541,-5.0410357,Fès,+212 5 35 72 82 99,
5377810721,node,Pharmacie Al Marja صيدلية المرجة,34.0312285,-5.0446229,Fès,+212 5 35 72 69 99,
5377973123,node,Pharmacie Attaakhi صيدلية التآخي,34.031626,-5.051411,Fès,,
5392797622,node,Pharmacie Arreda صيدلية الرضا,34.0365448,-5.0494287,Fès,+212 5 35 72 92 99,
5393784822,node,Pharmacie Sefrioui صيدلية الصفريوي,34.0088152,-5.0097849,Fès,+212 5 35 61 26 39,
5393785323,node,Pharmacie Diamant Vert صيدلية الجوهرة الخضراء,34.0009245,-5.0120511,Fès,+212 5 35 96 22 73,
5395575621,node,Pharmacie Ouad El Jawahir صيدلية واد الجواهر,34.0388197,-5.0507853,Fès,+212 5 35 72 80 76,
5398354121,node,Pharmacie Wafi صيدلية الوافي,34.036935,-5.0441143,Fès,+212 5 35 65 53 24; +212 6 26 12 89 79,
5398499522,node,Pharmacie Espace Santé صيدلية فضاء الصحة,34.0341382,-5.0436688,Fès,+212 5 35 72 83 13,
5398558823,node,Pharmacie Haj Bensalem صيدلية الحاج بنسالم,34.0351489,-5.038962,Fès,+212 5 35 65 51 87,
5398624423,node,Pharmacie Italia صيدلية إيطاليا,34.0401158,-5.0349723,Fès,+212 5 35 72 99 54,
5400932621,node,Pharmacie Al Najoua صيدلية النجوى,34.0375903,-5.0406043,Fès,+212 5 35 65 56 48,
5407132238,node,Pharmacie El Iraki صيدلية العراقي,34.0147038,-5.0486606,Fès,+212 5 35 72 96 47,
5407220722,node,Pharmacie Al Oumma صيدلية الأمة,34.0233281,-5.0375648,Fès,+212 5 35 60 04 26; +212 5 35 60 59 90,
5408675621,node,pharmacie Rif صيدلية الريف,33.6905777,-7.366423,Mohammédia المحمدية,,
5414211822,node,Pharmacie Zouagha صيدلية الزواغة,34.0247648,-5.0351104,Fès,+212 5 35 60 14 75,
5420577823,node,pharmacie El Wafaa,33.6089516,-7.5416759,,,
5424399125,node,Pharmacie Bensouda صيدلية بن سودة,34.0170139,-5.0531777,Fès,+212 5 35 72 65 63,
5424447822,node,Pharmacie Av Med VI صيدلية شارع محمد السادس,34.0263639,-5.028244,Fès,+212 5 35 60 41 35,
5427334321,node,annasim النسيم,33.5409932,-7.6769565,,,
5430059334,node,Pharmacie des Sciences صيدلية العلوم,34.0104753,-5.0176469,Fès,+212 5 35 72 73 99,
5435675225,node,Pharmacie,29.7744864,-9.1688394,,,
5437048725,node,Pharmacie Sekkat صيدلية السقاط,34.0125631,-5.0227221,Fès,+212 5 35 60 81 12,
5437151022,node,Pharmacie Al Wahda صيدلية الوحدة,34.0132168,-5.0514716,Fès,+212 5 35 64 46 57,
5439966421,node,Pharmacie Kandoussi صيدلية القندوسي,34.0037878,-5.0446424,Fès,+212 5 35 72 71 95,
5445400122,node,Pharmacie Ain Smen صيدلية عين السمن,34.0120186,-5.0262209,Fès,+212 5 35 60 24 19,
5446674221,node,Pharmacie Errachidia صيدلية الراشدية,34.015282,-5.0136845,Fès,+212 5 35 60 22 39,
5455209898,node,,31.6275466,-7.9817375,,,
5456774260,node,,31.5358046,-7.9972583,,,
5457502433,node,,31.6248342,-7.9854263,,,
5459362364,node,,31.3800003,-7.8079361,,,
5459363979,node,,31.245159,-7.6679092,,,
5459364177,node,Najah,31.3765849,-7.8048324,,,
5462715522,node,,30.7813418,-5.5651487,,,
5472824321,node,Pharmacie Al Wissal صيدلية الوصال,33.9952412,-5.0560575,Fès ⴼⴰⵙ فاس,+212 5 35 65 59 06,
5472942725,node,Pharmacie Al Kaoutar صيدلية الكوثر,34.0136031,-5.0293645,Fès,+212 535612499,
5477775421,node,Pharmacie Nassim صيدلية النسيم,33.9966238,-5.0607799,Fs,,
5480087722,node,Pharmacie Al Abaouayne صيدلية الأبوين,33.9944371,-5.0625071,Fès ⴼⴰⵙ فاس,,
5489516558,node,Pharmacie El Ismaili صيدلية الإسماعلي,34.0450322,-6.7980612,,,"Mo-Fr 09:30-12:30, 15:30-20:00"
5490795223,node,Pharmacie Fahmi صيدلية فهمي,34.0170581,-5.0296466,Fès,,
5490862523,node,Pharmacie Ayoub صيدلية أيوب سيد الهادي,34.0153361,-5.031363,Fès,,
5495984921,node,Pharmacie Basma,34.0173431,-5.0331285,,,
5496103023,node,Pharmacie Annamae صيدلية النماء,33.9986675,-5.0577644,Fès,,
5496517321,node,Pharmacie la Ferraille صيدلية لافيراي,33.999834,-5.0540763,Fès,,
5499881425,node,Pharmacie Tissint صيدلية تسينت,29.9024081,-7.3195069,Tissint ⵜⵉⵙⵉⵏⵜ تسينت,,
5505183922,node,Pharmacie le Coin صيدلية الركن,34.012893,-5.0331652,Fès,,
5507936522,node,Pharmacie Sanabil صيدلية السنابل,34.021261,-5.03528,Fès,,
5522399521,node,Pharmacie Dar Es-Salam صيدلية دار السلام,34.0232632,-5.0287799,Fès,,
5524915624,node,Pharmacie Addoha صيدلية الضحى,34.0237733,-5.0322943,Fès فاس,,
5525093277,node,Pharmacie Oum El Koura صيدلية أم القرى,34.0184753,-5.0364946,Fès,,
5527473421,node,Pharmacie Al Farouk صيدلية الفاروق,34.0203423,-5.0385293,Fès,,
5527619921,node,Pharmacie Sidi El Hadi صيدلية سيدي الهادي,34.0183742,-5.0407606,Fès,,
5527682122,node,Pharmacie Al Khattabi صيدلية الخطابي,34.0139363,-5.0434335,Fès,,
5528634825,node,Pharmacie des Roches صيدلية الصخور,33.9948567,-5.0078415,Fès,,
5539669821,node,Pharmacie badr,34.219909,-5.7067688,,,
5552817821,node,Pharmacie Sagha صيدلية الصاغة,34.066239,-4.9748059,Fès,,
5570696802,node,Pharmacie Al Massira صيدلية المسيرة,29.7198109,-8.9746952,Tafraout ⵜⴰⴼⵔⴰⵡⵜ تافراوت,,
5572610656,node,Pharmacy al-Harti صيدلية الحارثي,33.5505403,-7.5693749,Casablanca ⵜⴰⴷⴷⴰⵔⵜ ⵜⵓⵎⵍⵉⵍⵜ الدار البيضاء,,
5575040835,node,صيدلية اليسر,35.7786487,-5.8079357,TANGER,,
5576311439,node,Pharmacie du Centre,33.5934396,-7.6003812,Casablanca,,
5577523877,node,Pharmacie du Soleil صيدلية الشمس,35.7748656,-5.810182,Tanger طنجة,,
5579551189,node,Pharmacie Ifni,33.5823599,-7.6019436,,,
5579637510,node,,33.5643746,-7.6097971,,,
5581263607,node,Pharmacie La Gironde,33.5838537,-7.599594,,,
5581425909,node,,33.5768907,-7.6152125,,,
5581601035,node,Pharmacie Faris,33.5662374,-7.5957853,,,
5581612579,node,Pharmacie du Soleil,33.5903669,-7.6040746,,,
5581660402,node,Pharmacie El Farah,33.5683103,-7.5845481,,,
5581660407,node,Pharmacie Ghazali,33.5657435,-7.5797457,,,
5583278790,node,Pharmacie Aman,33.5359704,-7.5770339,,,
5583278842,node,Pharmacie Goumri,33.5337089,-7.580665,,,
5583467519,node,,33.5506674,-7.6024586,,,
5583467934,node,,33.5479547,-7.602067,,,
5583467984,node,,33.5313949,-7.5890227,,,
5584831651,node,,33.5362787,-7.5773883,,,
5588875960,node,Pharmacie Chaab,33.5409727,-7.5877997,,,
5588875966,node,Pharmacie Khouloud,33.5395648,-7.5869025,,,
5589116515,node,Pharmacie Moulay Driss,33.5689517,-7.5868213,,,
5589273898,node,Pharmacie Europharm صيدلية أوروفارم,35.7150964,-5.8043066,Tanger طنجة,,
5589382007,node,,33.53766,-7.5899233,,,
5589572638,node,Pharmacie des Urgences,33.5370027,-7.5858966,,,
5589601437,node,Pharmacie Ain Chifaa,33.5700395,-7.5825861,,,
5589601460,node,Pharmacie Assia,33.5704256,-7.5916801,,,
5591112169,node,Pharmacie du Conseil صيدلية النصيحة,35.7377338,-5.8085571,Tanger طنجة,,
5591121972,node,Pharmacie El Farraj,33.5673526,-7.5904222,,,
5592140148,node,Pharmacie Zohour صيدلية الزهور,31.6428754,-7.9827121,Marrakech,,
5592855434,node,Pharmacie Makarim صيدلية مكارم,35.7411624,-5.8314178,Tanger طنجة,,
5593149218,node,Pharmacie de Casablanca,33.5749186,-7.5907414,,,
5593149772,node,Pharmacie Laafou,33.5753387,-7.5931285,,,
5593394958,node,Pharmacie Attawfik صيدلية التوفيق,30.3429142,-9.4944211,Ait Melloul,,
5593488480,node,Pharmacie Albahia,33.5744839,-7.5962278,,,
5593629055,node,Pharmacie Al Baraka صيدلية البركة,35.7815245,-5.8211285,Tanger طنجة,,
5595191913,node,Pharmacie Branes 2 صيدلية برانس,35.7614251,-5.8360408,Tanger طنجة,,
5595534215,node,,33.5530547,-7.5499651,,,
5595586684,node,Pharmacie Sidi Boukhari صيدلية سيدي البخاري,35.7829045,-5.8319132,Tanger,,
5595616124,node,Pharmacie Bouafi,33.5443679,-7.5671098,,,
5595616181,node,Pharmacie Skiba,33.5396252,-7.5750652,,,
5602844220,node,Parmacie Bouafi,33.5443646,-7.5671084,,,
5603003299,node,Pharmacie Ennajah,33.5483839,-7.568998,,,
5603014728,node,صيدلية دادي,33.5464671,-7.5721396,الدار البيضاء,,
5603014771,node,Pharmacie Faouz,33.5439153,-7.5765418,,,
5603014859,node,Pharmacie Dounia,33.5419122,-7.5725761,,,
5603014883,node,Pharmacie Addahab,33.54397,-7.5696833,,,
5603015091,node,Pharmacie Dispensaire Jamila 4,33.5466604,-7.5665988,,,
5603177820,node,صيدلية ياسين,35.7696784,-5.8275932,Tanger طنجة,,
5604819212,node,Pharmacie Benmoussa,33.5435352,-7.5805342,,,
5604819594,node,Pharmacie Sbata,33.5441768,-7.5730133,,,
5604819605,node,Pharmacie Rachid,33.5463631,-7.5694031,,,
5605122398,node,Pharmacie Jamila,33.545992,-7.5764371,,,
5605123526,node,Pharmacie Marche de Gros,33.548802,-7.5717339,,,
5605589527,node,Pharmacie El Moufid صيدلية المفيد,35.7468356,-5.8354746,Tanger طنجة,,
5607941892,node,Pharmacie Al Bouchra,33.601196,-7.5855754,,,
5607941910,node,Pharmacie Massiwe,33.59964,-7.5891964,,,
5608038509,node,Para Pharmacie,33.602561,-7.5822602,,,
5608044131,node,Pharmacie El Mansour,33.558094,-7.573944,,,
5608044204,node,Pharmcie Sif Eddinne,33.5566724,-7.5877748,,,
5608045823,node,Pharmacie du Metro,33.5567138,-7.5911842,,,
5608045833,node,Pharmacie Afriquia,33.5548206,-7.5919738,,,
5608149301,node,Pharmacie Moulay Slimane,33.6177743,-7.5463294,,,
5608199901,node,,33.5523159,-7.5786996,,,
5608241173,node,Pharmacie Zenata,33.6188677,-7.5392269,,,
5608265105,node,Droguerie أجزاخانة,35.7336139,-5.8813982,,,
5608265122,node,Pharmacie Boukhalef صيدلية بوخالف,35.7352745,-5.8798639,Tanger ⵜⵉⵏ ⵉⴳⴳⵉ طنجة,,
5608265142,node,Droguerie Assalam,35.7373966,-5.8857644,,,
5608312294,node,Pharmacie Du Uban,33.5520812,-7.5815776,,,
5608312310,node,Pharmacie Oued Zem,33.5547747,-7.584579,,,
5609898808,node,Pharmacie Lesperance,33.6164096,-7.5248878,,,
5610334736,node,Pharmacie Yanit,35.7059664,-5.9041476,,,
5610334781,node,Pharmacie Achour صيدلية عاشور,35.7027591,-5.912325,Gueznaia كزناية,,
5610362567,node,Pharmacie Moubaraka,33.6154659,-7.5031149,,,
5610362576,node,Pharmacie de la Gabe Ain Sebaa,33.6075583,-7.5235748,,,
5610457001,node,Pharmacie el Mrami,33.6238082,-7.4856645,,,
5610457012,node,Pharmacie Feddan el Kheir,33.6209482,-7.4895899,,,
5610457357,node,Pharmacie Ghouziel,33.6109571,-7.5297225,,,
5616796194,node,Pharmacie Rabab,27.1394345,-13.1858946,Laâyoune,,
5618306094,node,Pharmacie Racha,33.5893928,-7.5262088,,,
5618306115,node,Pharmacie Alaa,33.590577,-7.5174178,,,
5618382298,node,Pharmacie Espace Santé صيدلية فضاء الصحة,33.6342132,-7.4545723,Ain Harrouda,,
5618460458,node,Pharmacie Ghafiri,33.5607889,-7.6458289,,,
5618460467,node,Pharmacie Odyssée صيدلية أوديسي,33.5631274,-7.6477303,,,
5618527218,node,Pharmacie Sidi Bouwafi صيدلية سيدي بوافي,35.7650061,-5.8235157,Tanger طنجة,+212 5 39 34 22 34,
5620292281,node,,33.5754292,-7.5202838,,,
5620338133,node,Pharmacie Afilal صيدلية أفيلال,35.7619903,-5.7998232,Tanger,,
5620636002,node,,33.5678354,-7.5260223,,,
5620697251,node,Pharmacie Place Des Arômes صيدلية العبير,35.7608613,-5.7958861,Tanger,,
5620767483,node,Pharmacie Al Ikram صيدلية الإكرام,33.5509759,-7.4774435,Tit Mellil تيط مليل,,
5620795128,node,Pharmacie Route de Rabat,33.6021656,-7.5243822,,,
5620813889,node,Pharmacie Metioui صيدلية المتيوي,35.7748294,-5.7980371,Tanger ⵜⵉⵏ ⵉⴳⴳⵉ طنجة,,
5620814122,node,Pharmacie Al Madkhal Al Karim صيدلية المدخل الكريم,35.7698574,-5.7893742,Tanger طنجة,,
5620833096,node,Pharmacie Alhadika,33.6036903,-7.533334,,,
5620866708,node,Pharmacie Chefchaouni,33.6139704,-7.5241126,,,
5622330522,node,,33.5684046,-7.5307781,,,
5622330523,node,,33.5713396,-7.5290841,,,
5622479731,node,Pharmacie Doha صيدلية الضحى,35.7601813,-5.7913394,Tanger,,
5622479810,node,Pharmacie De Tanger صيدلية طنجة,35.7546704,-5.7927828,Tanger,,
5622780145,node,Pharmacie Touzani صيدلية التوزاني,35.7586041,-5.7933354,Tanger,,
5622982389,node,Pharmacie Boukdad صيدلية بوقداد,33.5543657,-7.4827959,Tit Mellil تيط مليل,,
5622982511,node,Pharmacie Semmat,33.5478296,-7.4859166,,,
5623149839,node,Pharmacie Tit Mellil صيدلية تيط مليل,33.5522612,-7.4826014,Tit Mellil ⵜⵉⵟ ⵎⵍⵉⵍ تيط مليل,,
5623276960,node,Pharmacie Errahmane,33.5526038,-7.6230601,,,
5625001059,node,Pharmacie Machaa Allah,33.5371525,-7.5703479,,,
5625001084,node,Pharmacie Al Ahram,33.5367602,-7.5734532,,,
5625001497,node,Pharmacie Salim,33.5378244,-7.5671151,,,
5625379300,node,,33.5667045,-7.5678098,,,
5626812131,node,Pharmacie Laaziza,33.5360269,-7.5518963,,,
5626812136,node,Pharmacie Al Fadila,33.537546,-7.5516106,,,
5626812166,node,Pharmacie Salmia,33.5384537,-7.5553362,,,
5626812219,node,Pharmacie Tessema,33.5436056,-7.5614248,,,
5626813100,node,Pharmacie Essa-Egh,33.5401863,-7.5512499,,,
5627086712,node,Pharmacie Ksikes,33.5423068,-7.542302,,,
5627088354,node,,33.5652373,-7.5687821,,,
5627205171,node,,33.5681862,-7.5687861,,,
5627205172,node,,33.5659759,-7.5646207,,,
5627205173,node,Parapharamacie Chemsi,33.5667453,-7.5675845,,,
5627299100,node,Pharmacie Populaire,33.5856143,-7.6138653,,,
5627299183,node,,33.5879781,-7.6086537,,,
5627609211,node,,33.5687204,-7.5599147,,,
5632885412,node,Pharmacie Tawdi,33.5734001,-7.5534868,,,
5632888434,node,Pharmacie Essafa,33.569478,-7.5571883,,,
5632888505,node,,33.566928,-7.5459391,,,
5632965280,node,Pharmacie Ibn Zahr,33.5584382,-7.5690745,,,
5633081260,node,Pharmacie Lamrissi,33.5623865,-7.5410038,,,
5633081280,node,Pharmacie Lamrissi,33.5627486,-7.5397673,,,
5633081284,node,Pharmacie Kamareddine,33.5626681,-7.5439918,,,
5633308716,node,Pharmacie El Houria,33.5841955,-7.5579688,,,
5633308717,node,Pharmacie El AHD El Jadid,33.5814694,-7.5632876,,,
5633328210,node,,33.5555291,-7.5470468,,,
5633328212,node,Pharmacie Al Falah,33.5583991,-7.5495037,,,
5633523475,node,Pharmacie de Lorraine,33.5876576,-7.6144999,,,
5633592497,node,,33.5547915,-7.5345102,,,
5633594726,node,,33.557046,-7.5588037,,,
5633594730,node,,33.5622993,-7.5662756,,,
5633747547,node,Pharmacie el Hanaa,33.5570658,-7.5818767,,,
5633747564,node,Pharmacie Para,33.5576861,-7.5796075,,,
5633747569,node,,33.5646115,-7.5879666,,,
5633747587,node,Pharmacie el Othmania,33.5627982,-7.5705381,,,
5633748036,node,Pharmacie Calogera,33.5584983,-7.5864208,,,
5633937666,node,Pharmacie Mersultan,33.5839923,-7.6155918,,,
5635624266,node,Pharmacie Sidi Abbad صيدلية سيدي عباد,31.6551714,-8.0112098,Marrakech,,
5636182800,node,Porte Californie,33.5596798,-7.6287738,,,
5636182809,node,Para & Pharmacie Merieux صيدلية ميريو,33.5673061,-7.6260074,,+212 5 22 86 05 70,
5636182895,node,Pharmacie Abdelmoumen,33.5764002,-7.6259212,,,
5636182944,node,,33.5816236,-7.6244299,,,
5636182963,node,Pharmacie Taddart,33.5563383,-7.624332,,,
5636200657,node,Para & Pharmacie,33.5873383,-7.6281434,,,
5636207690,node,Pharmacie Principale,33.5876567,-7.6174173,,,
5636207731,node,Pharmacie Minuit,33.5934804,-7.6201545,,,
5636207734,node,Parisienne,33.5897899,-7.6195932,,,
5636207744,node,Pharmacie du Parc,33.5872545,-7.6211335,,,
5636207755,node,Para & Parapharmacie Oliveri,33.5848798,-7.6240269,,,
5636207797,node,Pharmacie Mercure,33.5849916,-7.6210879,,,
5636217539,node,,33.5592451,-7.6384109,,,
5637111722,node,Pharmacie Principale الصيدلية الرئيسية,31.5151071,-9.7672153,Essaouira ⵚⵚⵡⵉⵕⴰ الصويرة,,
5637750306,node,Pharmacie Chabab صيدلية الشباب,33.6865769,-7.3892151,MOHAMMEDIA,,
5637751721,node,Pharmacie Mohammedia صيدلية المحمدية,33.6836696,-7.3930492,Mohammedia,,
5637751726,node,Pharmacie El Hassania صيدلية الحسانية,33.677093,-7.393481,Mohammédia المحمدية,,
5637751750,node,Pharmacie Cadi Tazi صيدلية القاضي التازي,33.6787291,-7.3960425,Mohammedia,,
5637751765,node,Pharmacie Imane صيدلية إيمان,33.679016,-7.3916839,Mohammédia المحمدية,,
5637751773,node,Pharmacie Mesbahiate صيدلية المصباحيات,33.674756,-7.3962222,Mohammédia المحمدية,,
5637751796,node,Pharmacie Jamila صيدلية جميلة,33.6840168,-7.3866677,Mohammédia المحمدية,,
5638347722,node,Pharmacie de l'Opéra صيدلية الأوبيرا,33.580465,-7.6331471,,,
5638347849,node,,33.5846692,-7.6308243,,,
5638347878,node,Pharmacie du Palmier,33.5825023,-7.6259098,,,
5638347977,node,Pharmacie du Louvre صيدلية االوڤر,33.5824498,-7.6306697,,,
5638408314,node,Pharmacie Moqawama صيدلية المقاومة,33.6876032,-7.379985,Mohammédia المحمدية,,
5638416358,node,Pharmacie Hacha,33.5666766,-7.602578,,,
5638523759,node,Pharmacie Ghalef,33.5773527,-7.6308055,,,
5638647155,node,Droguerie Al Mal,33.5759608,-7.6318585,,,
5640023693,node,Pharmacie Kastalani,33.5737722,-7.6077627,,,
5640032404,node,Pharmacie Jerrada,33.5627318,-7.6429452,,,
5640110968,node,Pharmacie La Plage صيدلية الشاطئ,33.7078463,-7.3967397,Mohammédia المحمدية,,
5640110988,node,Pharmacie Boulevard Hassan II صيدلية شارع الحسن الثاني,33.6912566,-7.3941663,Mohammedia,,
5640190802,node,Pharmacie Aloum,33.569402,-7.6285002,,,
5640190813,node,Para & Pharmacie Benzit,33.5702345,-7.6283842,,,
5640191723,node,Pharmacie Attissir,33.5726269,-7.6290178,,,
5640192135,node,Pharmacie Zaouia,33.5765622,-7.6278631,,,
5640192236,node,Pharmacie Diamond,33.5755968,-7.6262176,,,
5640211943,node,Pharmacie Al Amal صيدلية الأمل,33.0074254,-7.6225727,Settat,,
5640211952,node,Pharmacie Macro صيدلية ماكرو,33.0091808,-7.6230902,Settat,,
5640407429,node,Pharmacie Du Gharb,33.573266,-7.6032552,,,
5640407443,node,Pharmacie Hay El Baladia,33.5745119,-7.6053393,,,
5640459161,node,,33.5672683,-7.639982,,,
5640584155,node,Pharmacie Val Fleuri صيدلية ڤال فلوري,33.5750129,-7.6346567,,,
5640584217,node,Parapharmacie,33.5783835,-7.6373354,,,
5640584529,node,Pharmacie Route El Jadda,33.5730001,-7.641533,,,
5640623465,node,Pharmacie Bouabid,33.6116239,-7.5018597,,,
5640623486,node,Pharmacie Hay Amal,33.6025766,-7.5115827,,,
5640623492,node,Pharmacie Du Maghree Arabe,33.6123063,-7.5072241,,,
5640729789,node,Pharmacie Arij,33.5447055,-7.6376867,,,
5640729818,node,Pharmacie Fleming,33.5326531,-7.62962,,,
5640731987,node,Pharmacie Al Hilal,33.5724508,-7.6375345,,,
5641997754,node,,33.5761253,-7.6259561,,,
5642020609,node,Pharmacie L Entente,33.6056126,-7.5144956,,,
5642022153,node,Pharmacie Sabrine,33.6071305,-7.5123109,,,
5642146152,node,صيدلية طارق,33.6080715,-7.5152714,,,
5642146157,node,Pharmacie Ghabab,33.6042666,-7.5235976,,,
5642256058,node,Pharmacie Santé et Bien Etre صيدلية الصحة و العافية,31.6129554,-7.9969794,Marrakech ⵎⵕⵕⴰⴽⵯⵛ مراكش,,
5642334627,node,Pharmacie du Quartier,33.6062102,-7.5066648,,,
5642334632,node,Pharmacie Yafa,33.6121097,-7.4984264,,,
5642334643,node,,33.6076957,-7.5038847,,,
5648126113,node,Pharmacie Panoramique,33.5558532,-7.5979806,,,
5648151546,node,,33.5545054,-7.600797,,,
5649658384,node,Pharmacie Hay Rmila,33.5580225,-7.5993432,,,
5649732657,node,Pharmacie Mouad,33.5527865,-7.5944549,,,
5649803509,node,Pharmacie de la Commune,33.55473,-7.5963593,,,
5649875043,node,Parahealth,33.5751784,-7.6370672,,,
5650057729,node,Pharmacie Assouna صيدلية السنة,31.5923788,-8.0348767,Marrakech ⵎⵕⵕⴰⴽⵯⵛ مراكش,,
5650238080,node,Pharmacie El Habib صيدلية الحبيب,31.5895528,-8.0366757,Marrakech ⵎⵕⵕⴰⴽⵯⵛ مراكش,,
5650301253,node,Grande Pharmacie de Lisbonne,33.5752247,-7.6136108,,,
5650301257,node,Pharmacie Des Facultes,33.5722412,-7.61905,,,
5650301263,node,Pharmacie Al Boudour,33.5794447,-7.6173798,,,
5650331127,node,Pharmacie Sefrou,33.5438202,-7.5859161,,,
5650331132,node,,33.5456958,-7.5868911,,,
5650419532,node,Pharmacie de la Plage,33.6177529,-7.5391068,,,
5650492255,node,Pharmacie des Halles,33.5899022,-7.5961058,,,
5650580543,node,Pharmacie Chaab صيدلية الشعب,31.5854306,-8.0599104,Marrakech,,
5650580721,node,Pharmacie Imam Mouslim صيدلية الإمام مسلم,31.5936517,-8.0461708,Marrakech,,
5651919141,node,Pharmacie Imam Al Boukhari صيدلية الامام البخاري,30.4242448,-9.5642551,Agadir,,
5651919210,node,Pharmacie Al Moukaouama صيدلية المقاومة,30.4154659,-9.5824948,Agadir,,
5651949871,node,Pharmacie SoulaÏma,33.5435565,-7.6157114,,,
5652020881,node,Pharmacie Jordins Polo,33.5526591,-7.6183212,,,
5652114777,node,Para Pharmacie Safir,33.5946835,-7.6086337,,,
5652183635,node,Pharmacie Al Irchad,33.5390462,-7.5843832,,,
5652195614,node,Pharmacie du Mechouar,33.5858356,-7.6042986,,,
5652195615,node,,33.5876142,-7.6034148,,,
5652211876,node,Pharmacie des Dalias,33.5504763,-7.6156577,,,
5652211895,node,,33.5524523,-7.6072799,,,
5652211901,node,Pharmacie Californie,33.5499945,-7.6209672,,,
5652260599,node,Pharmacie Ibn Nafis صيدلية ابن النفيس,31.6436787,-8.0190122,Marrakech,,
5652534409,node,Pharmacie L'Ermitage,33.5659379,-7.6207003,,,
5652534522,node,Pharmacie Ibork,33.5629073,-7.6282936,,,
5652534523,node,Pharmacie Les Cygnes,33.5596374,-7.6297139,,,
5652534531,node,Pharmacie Tontonville,33.5660541,-7.6234536,,,
5652580662,node,Pharmacie Anoual,33.5688143,-7.6174629,,,
5652657389,node,Pharmacie Lamhamid صيدلية المحاميد,31.5948888,-8.0321086,Marrakech ⵎⵕⵕⴰⴽⵯⵛ مراكش,,
5652657406,node,Pharmacie Al Mounir صيدلية المنير,31.5970014,-8.0313424,Marrakech ⵎⵕⵕⴰⴽⵯⵛ مراكش,,
5652698698,node,Pharmacie El Mostakbal,33.5365344,-7.5929314,,,
5652866406,node,Pharmacie Al Andalib,33.5324166,-7.5862741,,,
5653989645,node,Pharmacie Rania,33.5307571,-7.6120415,,,
5654088084,node,Pharmacie Al Firdaous صيدلية الفردوس,31.5853881,-8.0452414,Marrakech,,
5654088498,node,Pharmacie El Mazani صيدلية المزاني,31.5730622,-8.0561548,Marrakech ⵎⵕⵕⴰⴽⵯⵛ مراكش,,
5654105788,node,,33.5702401,-7.609828,,,
5654105791,node,,33.5696479,-7.621973,,,
5654314148,node,Pharmacie Derb Bouchemtouf,33.570016,-7.6073007,,,
5654316241,node,Pharmacie Annajat,33.5338504,-7.5979699,,,
5654320595,node,Pharmacie TAH,33.5265614,-7.6018001,,,
5654320596,node,Pharmacie El Baraka (2),33.5237379,-7.6003417,,,
5654320610,node,Pharmacie Chriea,33.5346519,-7.6060447,,,
5654832258,node,Parapharmacie,33.5688612,-7.6037226,,,
5654904132,node,,33.5720101,-7.6060005,,,
5654904137,node,,33.5701362,-7.6040693,,,
5655031708,node,Pharmacie Lumieres,33.538698,-7.6008727,,,
5656492169,node,Pharmacie Val d'Anfa,33.5884615,-7.6432986,,,
5656714932,node,Pharmacie L'Olivier,33.5769119,-7.6536874,,,
5656918062,node,Pharmacie la Place صيدلية الساحة,32.2452209,-7.952125,Ben Guerir ابن جرير,,
5656943129,node,Pharmacie Pitchou,33.5658508,-7.6071055,,,
5656943141,node,Pharmacie Moumen,33.5632246,-7.6070821,,,
5656943151,node,Pharmacie El Fida,33.5674957,-7.6059669,,,
5656968564,node,Pharmacie Al Moustachfa صيدلية المستشفى,31.5709742,-7.9826956,Marrakech ⵎⵕⵕⴰⴽⵯⵛ مراكش,,
5657020168,node,Pharmacie Les Sciences,33.545318,-7.6598498,,,
5657020217,node,Pharmacie M,33.5576503,-7.6449408,,,
5657021392,node,Pharmacie Oulmes,33.572076,-7.6486409,,,
5657167279,node,Pharmacie Azerktouni,33.5836391,-7.6128348,,,
5657167280,node,Pharmacie Ben J'Dia,33.5852279,-7.6084761,,,
5657167283,node,Pharmacie Quincaillerie Khalie,33.5852111,-7.6099433,,,
5657167287,node,,33.5842972,-7.608574,,,
5657167308,node,Pharmacie Lamoriciere,33.5857775,-7.6186109,,,
5657171521,node,,33.5951203,-7.6210892,,,
5657171526,node,Pharmacie Hatim,33.5895212,-7.6172255,,,
5657171536,node,,33.5924504,-7.6136528,,,
5657171537,node,,33.5924795,-7.6134932,,,
5657171546,node,Grande Pharmacie de Paris,33.595585,-7.6148357,,,
5657171561,node,Grand Pharmacie Du Maroc,33.5928275,-7.6070351,,,
5657171564,node,,33.5893755,-7.6080979,,,
5657171574,node,Majestic Drugstore,33.5911455,-7.6134483,,,
5657171578,node,Pharmacie de la Liberte,33.5918762,-7.6162505,,,
5657171587,node,Pharmacie Des Archers,33.591922,-7.6157677,,,
5657171589,node,Pharmacie de la Poste,33.5927163,-7.6177713,,,
5657171594,node,Parapharmacie Para Bio,33.5858502,-7.6212287,,,
5657388286,node,Pharmacie du Maârif,33.5811164,-7.6342629,,,
5664157181,node,Pharmacie Salam صيدلية السلام,31.6379925,-8.0437316,Marrakech,,
5664308840,node,Pharmacie El Hanane صيدلية الحنان,30.4325751,-9.5827459,Agadir,,
5664414598,node,,33.5397001,-7.6818808,,,
5664415399,node,Pharmacie Lausinne,33.5403126,-7.666436,,,
5664415739,node,Pharmacie Nadir,33.5534202,-7.6452908,,,
5664666230,node,Pharmacie Aït Souss صيدلية أيت سوس,30.4288873,-9.5540807,Agadir,,
5664725432,node,Pharmacie El Manal,33.5580571,-7.6808555,,,
5664725438,node,Pharmacie Nil,33.5563494,-7.683059,,,
5664726012,node,Pharmacie El Kawtar,33.5567691,-7.6869334,,,
5664802356,node,Pharmacie Yas,33.5331193,-7.702969,,,
5664802368,node,Pharmacie Moulay Ahmed,33.5342517,-7.7061743,,,
5664802398,node,Pharmacie Zhour,33.5374354,-7.6970668,,,
5664897380,node,Pharmacie Loukkos,33.560361,-7.6821242,,,
5664897385,node,Pharmacie Dallas,33.5631364,-7.6815261,,,
5664898340,node,Pharmacie Lamiz,33.5620535,-7.6781471,,,
5665038521,node,Droguerie Generale,33.5610723,-7.671272,,,
5665038598,node,Pharmacie Abi Regrag,33.5644315,-7.6785374,,,
5667017554,node,Pharmacie Badir صيدلية بادير,31.6831794,-8.0665028,Marrakech ⵎⵕⵕⴰⴽⵯⵛ مراكش,,
5667590879,node,Pharmacie Hay El Hassani,33.5662072,-7.6724415,,,
5667590885,node,Pharmacie Hind,33.5641846,-7.6707383,,,
5667590890,node,Pharmacie Nasri,33.5619808,-7.6723757,,,
5668011940,node,Pharmacie Fahd,33.5691115,-7.6733708,,,
5669922688,node,Pharmacie Mansoura صيدلية منصورة,31.6317554,-8.0034846,Marrakech,,
5669961668,node,Pharmacie Noujoud صيدلية نجود,31.6569689,-8.0222289,Marrakech,,
5669961670,node,Pharmacie Ezzaytoune صيدلية الزيتون,31.6393512,-8.039656,Marrakech,,
5669961672,node,Pharmacie Les Orangers صيدلية لزورانجي,31.6516002,-8.0475956,Marrakech,,
5669961673,node,Parapharmacie,31.652459,-8.050869,,,
5669961674,node,Pharmacie Atlas Targa صيدلية أطلس تارغا,31.6506768,-8.0588548,Marrakech,,
5669961680,node,Pharmacie Hay Al Karam,31.6807803,-8.0504224,,,
5669961684,node,Pharmacie Bab Asfi,31.6889195,-8.0748493,,,
5669999040,node,Pharmacie Souk Laawad صيدلية سوق لعواد,31.6822487,-8.0591747,Marrakech,,
5669999041,node,Pharmacie Bab Mansour صيدلية باب منصور,31.6869393,-8.0701928,Marrakech ⵎⵕⵕⴰⴽⵯⵛ مراكش,,
5669999046,node,Pharmacie Akioud صيدلية أكيوض,31.653001,-8.0259174,Marrakech,,
5669999048,node,Pharmacie Hamza صيدلية حمزة,31.6597545,-8.0540991,Marrakech,,
5669999049,node,Pharmacie Premium صيدلية برميوم,31.6506906,-8.0413138,Marrakech,,
5670320982,node,Pharmacie El Harti صيدلية الحارثي,31.6310229,-8.0080899,Marrakech,,
5670372033,node,Pharmacie Al Warda,33.5726626,-7.6816045,,,
5670372352,node,Medecin,33.5656954,-7.6825427,,,
5670402408,node,Pharmacie Nadia,33.5305497,-7.6697103,,,
5670403194,node,Pharmacie Kasbat Al Amine,33.5335698,-7.6857653,,,
5670602659,node,Pharmacie Bnou Zohr,33.5680846,-7.6871111,,,
5670602687,node,Pharmacie Rajaa,33.5699306,-7.6829852,,,
5670602712,node,Pharmacie Al Hakim,33.5652596,-7.6941405,,,
5670602730,node,Pharmacie Asmaa,33.5655691,-7.6910587,,,
5670602735,node,,33.5683796,-7.6827519,,,
5670648289,node,Pharmacie Et Laboratoire La Libérte صيدلية و مختبر الحرية,31.6294385,-8.003822,Marrakech,,
5670648313,node,Pharmacie L'Hivernage صيدلية الشتاء,31.6299735,-8.0130738,Marrakech,,
5670651655,node,Parapharmacie El Kasba,33.5301758,-7.6855588,,,
5670651703,node,Pharmacie Azhar Essalam,33.5399102,-7.6918378,,,
5670829652,node,Pharmacie Naima,33.5761779,-7.6728277,,,
5673177167,node,Avenue Nachi Ouverte,33.5506506,-7.6704325,,,
5673267571,node,,33.5614383,-7.6701213,,,
5673267616,node,Pharmacie Tilila,33.5464503,-7.6699108,,,
5673267722,node,,33.5569384,-7.6671682,,,
5673410089,node,Pharmacie Hay Essaada,33.5056917,-7.6523946,,,
5673410692,node,,33.5408894,-7.6588011,,,
5673630773,node,Pharmacie el Oulfa,33.555504,-7.6768617,,,
5673669943,node,Pharmacie Ouadoudy,33.5267716,-7.6615148,,,
5673669978,node,Parapharmacie Yathrib,33.5250655,-7.6506257,,,
5673763779,node,Pharmacie Salma,33.5602051,-7.6731449,,,
5676047839,node,Pharmacie Morsad,33.5156391,-7.6383841,,,
5676047852,node,Pharmacie Hay Bouchaa,33.517588,-7.6406653,,,
5676427658,node,Pharmacie Lys,33.5507059,-7.6833051,,,
5676427673,node,Pharmacie Salah Eddine,33.5535554,-7.6853798,,,
5676427693,node,Paramedical,33.5521321,-7.6832957,,,
5676427702,node,Parapharmacie 2M Solutions,33.55105,-7.6839533,,,
5682448405,node,Pharmacie Atouani صيدلية عطواني,35.0809612,-2.234207,Saidia,,
5682455521,node,Pharmacie ADA,33.5870031,-7.63157,,,
5682462216,node,Pharmacie Les Arènes صيدلية الميادين,33.5891514,-7.6350358,,,
5682503611,node,Pharmacie Universelle,33.5808158,-7.6346035,,,
5682614591,node,Pharmacie de la Plage,35.0836702,-2.2208785,,,
5682711362,node,Pharmacie Chaabi,33.5817616,-7.6370624,,,
5682759533,node,Pharmacie Hyper,33.5858775,-7.6454385,,+212 5 22 23 24 02,
5682882937,node,Pharmacie Al Atfal,33.5525166,-7.6896545,,,
5682978566,node,Pharmacie Usivera Santi,33.5785377,-7.6428232,,,
5682994605,node,Pharmacie Nouzha,33.5540466,-7.6881672,,,
5682995977,node,Pharmacie El Lotf,33.5534017,-7.6822872,,,
5683031655,node,Pharmacie Al Masjid صيدلية المسجد,35.0802308,-2.2173044,Saidia ⵙⵄⵉⴷⵢⵢⴰ السعيدية,,
5683053732,node,Pharmacie Al Mawlid,33.5747609,-7.6481496,,,
5683197332,node,Pharmacie Ouverte,33.5796684,-7.649923,,,
5683229614,node,Droguerie أجزاخانة,33.5477647,-7.6826788,,,
5683229619,node,Pharmacie Al Farah Assalam,33.5405021,-7.69531,,,
5683231066,node,Droguerie Chabab,33.5471902,-7.6818352,,,
5683246486,node,Pharmacie Meryem,33.5841989,-7.6507008,,,
5683283480,node,,31.6301481,-7.9581946,,,
5683330431,node,Pharmacie Zayd,33.5345926,-7.7315104,,,
5683330460,node,Pharmacie Chifa,33.5367032,-7.729429,,,
5683330486,node,Parapharmacie Al Asmae el Housna,33.5347626,-7.7280007,,,
5683342503,node,Parapharmacie,33.5821107,-7.6394758,,,
5683390127,node,Pharmacie Sammara Centrale صيدلية سمرا المركزية,34.6484397,-1.9447965,Oujda,,
5683397677,node,Pharmacie Saad,33.5350308,-7.7266824,,,
5683397694,node,Para Sante,33.5376064,-7.7245876,,,
5683433716,node,Pharmacie La Victoire صيدلية النصر,34.6575067,-1.9375204,Oujda,,
5683827761,node,Pharmacie Benkhirane صيدلية بنخيران,34.656715,-1.9337498,Oujda,,
5685104541,node,Pharmacie C.I.L,33.5791365,-7.6547147,,,
5685148930,node,Pharmacie Socrate,33.5781734,-7.6479355,,,
5685307926,node,,33.5725207,-7.6493289,,,
5685616960,node,Pharmacie la Santé,33.5303636,-7.7406339,,,
5685625647,node,Pharmacie Haj Fateh,33.5441891,-7.6782431,,,
5685625722,node,Sarania Parapharmacie,33.5503131,-7.6888358,,,
5685664915,node,Pharmacie de L'orien,33.5702647,-7.6505077,,,
5685667328,node,Pharmacie Al Amana,33.5688902,-7.6528841,,,
5685695021,node,Pharmacie Fekhara صيدلية فخارة,31.6377995,-7.9790568,Marrakech,,
5685742314,node,,33.5763119,-7.6557997,,,
5685769351,node,Pharmacie Tikida صيدلية تكيدا,31.645998,-7.9785674,Marrakech,,
5685795243,node,Pharmacie Al Motahida,33.5482096,-7.6791014,,,
5685894047,node,Pharmacie De La Wilaya,33.5507344,-7.6793455,,,
5685981518,node,Pharmacie Soufiane,33.5493334,-7.6813611,,,
5686009316,node,Pharmacie Les Jardins d'Agdal صيدلية حدائق أكدال,31.6070196,-7.9724714,Marrakech ⵎⵕⵕⴰⴽⵯⵛ مراكش,,
5686054111,node,Les Jardins de L'Ocean Bay,33.5375125,-7.767908,,,
5686056227,node,,33.5234679,-7.7499372,,,
5686086618,node,Pharmacie Hlal صيدلية هلال,35.0775243,-2.221258,Saidia,,
5686125923,node,Pharmacie La Faculté صيدلية الكلية,33.2296505,-8.4885608,El Jadida,,
5686125924,node,Pharmacie Al Firdaous صيدلية الفردوس,33.2266225,-8.4906328,El Jadida,,
5686129271,node,Pharmacie Annasr,33.546723,-7.6759699,,,
5686129286,node,Pharmacie Al Miza,33.5434693,-7.6720244,,,
5686129310,node,Pharmacie Dar Assalam,33.5474138,-7.6729028,,,
5686322684,node,Pharamcie Er-Rayane,33.5308504,-7.6511461,,,
5686322707,node,Pharmacie El Ouazzani,33.5278079,-7.6514438,,,
5686322717,node,Pharmacie Mandarona,33.5314513,-7.6483177,,,
5687962124,node,Pharmacie Ibn Toumart صيدلية ابن تومرت,33.2454154,-8.5112067,El Jadida,,
5688230204,node,Pharmacie Ibn Sina صيدلية ابن سينا,33.2589923,-8.5113928,El Jadida ⵍⵊⴰⴷⵉⴷⴰ الجديدة,,
5688230209,node,Pharmacie Sidi Daoui صيدلية سيدي داوي,33.2593186,-8.5062584,El Jadida ⵍⵊⴰⴷⵉⴷⴰ الجديدة,,
5688236180,node,Pharmacie Derb El Gabs صيدلية درب الكبص,31.6102189,-7.963463,Marrakech,,
5688237090,node,Pharmacie El Oued صيدلية الواد,31.6132418,-7.9588872,Marrakech,,
5688237148,node,Pharmacie Ali صيدلية علي,31.6134627,-7.9615834,Marrakech,,
5688237179,node,Pharmacie Al Baraka صيدلية البركة,31.6151528,-7.9641545,Marrakech,,
5688237237,node,Pharmacie Bastoun صيدلية باستون,31.6071905,-7.9605784,Marrakech,,
5688237245,node,Pharmacie Tichka صيدلية تيشكا,31.6097839,-7.9605872,Marrakech,,
5688271133,node,Pharmacie Cité Portugaise,33.2565475,-8.5018735,El Jadida ⵍⵊⴰⴷⵉⴷⴰ الجديدة,,
5688380210,node,Pharmacie Nouvelle,33.250506,-8.506017,,,
5688432009,node,Pharmacie Rabii Al Moustakbal,33.5306861,-7.645437,,,
5688433234,node,Pharmacie Tassnime,33.5279265,-7.6458621,,,
5688433239,node,,33.5256402,-7.6451661,,,
5688452247,node,Pharmacie Bel Air,33.521688,-7.8140366,,,
5688679153,node,,33.5333026,-7.6470939,,,
5688679158,node,Pharmacie Saber,33.5336413,-7.6483807,,,
5688679373,node,Ahmed Ali,33.5390394,-7.6491002,,,
5688757019,node,Pharmacie Berradi III صيدلية برادي 3,31.6229327,-8.0695334,Marrakech ⵎⵕⵕⴰⴽⵯⵛ مراكش,,
5688758098,node,Pharmacie Iziki صيدلية إزيكي,31.6276699,-8.0651675,Marrakech ⵎⵕⵕⴰⴽⵯⵛ مراكش,,
5688758103,node,Pharmacie Le Printemps صيدلية الربيع,31.6276111,-8.0616557,Marrakech,,
5688779582,node,Pharamacie Florida,33.5377271,-7.6442018,,,
5688779593,node,Pharmacie Les Bureaux,33.5399829,-7.6444271,,,
5688787395,node,Pharmacie Bouaddi صيدلية بوعدي,33.2394996,-8.5085826,El Jadida,,
5689001255,node,Pharmacie Bouziane صيدلية بوزيان,31.621682,-8.0518225,Marrakech,,
5689173753,node,Pharamcie El Mohit صيدلية المحيط,33.2460994,-8.4963799,El Jadida,,
5690935558,node,Pharmacie Imam Malek صيدلية الامام مالك,33.2492981,-8.525392,El Jadida ⵍⵊⴰⴷⵉⴷⴰ الجديدة,,
5691019711,node,Pharmacie Al Ahd Al Jadid صيدلية العهد الجديد,31.6160246,-8.0584527,Marrakech,,
5691035615,node,Pharmacie Hajji,33.2476359,-8.5265621,,,
5691186693,node,Pharmacie Koubaa,35.1372101,-2.4237862,,,
5691213411,node,Para Pharmacie,33.2508705,-8.5019723,,,
5691240384,node,Pharmacie Al Manar صيدلية المنار,31.6216863,-8.0281359,Marrakech,,
5691243158,node,Pharmacie Moulha,33.2526806,-8.5184544,,,
5691306682,node,Pharmacie De La Base صيدلية القاعدة,31.6240034,-8.0303594,Marrakech,,
5691306694,node,Pharmacie Ain Mezouar صيدلية عين مزوار,31.6249495,-8.0355367,Marrakech,,
5691337038,node,Pharmacie Rabi صيدلية ربيع,33.2583183,-8.5142232,El Jadida ⵍⵊⴰⴷⵉⴷⴰ الجديدة,,
5691529110,node,Pharmacie Jade صيدلية جاد,34.691151,-1.9491594,Oujda,,
5691663503,node,Pharmacie Al Osra صيدلية الأسرة,34.6885064,-1.8849546,Oujda,+212 536740505,
5692956400,node,Pharmacie Yacoub El Mansour,33.5753644,-7.6416698,,,
5692956410,node,Pharmacie Narjis,33.5734403,-7.6449046,,,
5693005130,node,Pharmacie Bounlete صيدلية بونيت,34.941023,-2.3313332,Berkane,,
5693398794,node,Pharmacie Sahel,33.5709251,-7.6913604,,,
5699742623,node,,33.5702513,-7.6858887,,,
5699742632,node,Pharmacie Saad El Kheir,33.5650261,-7.6829262,,,
5699803527,node,Pharmacie Lixus,33.5508261,-7.7057344,,,
5699820035,node,,33.5549077,-7.6911727,,,
5699965566,node,,33.5561349,-7.7026793,,,
5699965571,node,,33.5544339,-7.6998228,,,
5700005084,node,Pharmacie Azizi صيدلية عزيزي,34.6589821,-1.898713,Oujda,,
5702804012,node,Pharmacie Al Matar صيدلية المطار,35.1563657,-2.9298985,Nador الناظور,,
5702889237,node,Pharmacie Granada صيدلية غرناطة,35.1622872,-2.9310054,Nador,,
5702896520,node,Pharmacie Naanaa صيدلية نعناعة,35.1591197,-2.9301578,Nador الناظور,,
5705938542,node,Pharmacie Du Rif صيدلية الريف,35.1766124,-2.9277854,Nador الناظور,,
5706012163,node,Pharmacie du Complexe Sportif صيدلية المركب الرياضي,34.6705423,-1.9337304,Oujda,,
5706411110,node,Pharmacie du Jura صيدلية جورا,33.5838594,-7.6373593,,,
5706503043,node,Pharmacie Al Fid,35.1592535,-2.9348101,,,
5706812028,node,Pharmacie du Grand Stade صيدلية الملعب الكبير,34.6600849,-1.9364993,Oujda,,
5709052742,node,Pharmacie Oulad Lahcen صيدلية أولاد لحسن,35.1629045,-2.9403341,Nador,,
5709052750,node,Pharmacie Ahkim صيدلية أحكيم,35.1865817,-2.9282427,Nador الناظور,,
5709110628,node,Pharmacie La Fontaine صيدلية النافورة,35.1751249,-2.9325114,Nador,,
5709110632,node,Pharmacie Ajouaou صيدلية أجواو,35.1578588,-2.9375218,Nador,,
5709173553,node,Pharmacie Ichoumay صيدلية اشوماي,35.1737316,-2.9358548,Nador,,
5709183923,node,Pharmacie Berraka,35.167684,-2.941763,,,
5709208566,node,Pharmacie Jaadar,35.15436,-2.9834345,,,
5711558854,node,Pharmacie Noor صيدلية نور,35.174146,-2.9284707,Nador الناظور,,
5711696176,node,Pharmacie El Wafa صيدلية الوفاء,35.17622,-2.9243583,Nador الناظور,,
5711965005,node,Pharmacie Charif Amezian صيدلية شريف أمزيان,35.1813663,-2.9269275,Nador الناظور,,
5711965006,node,Pharmacie Al Farabi صيدلية الفرابي,35.1806101,-2.923577,Nador الناظور,,
5712034593,node,Pharmacie Al Masjid صيدلية المسجد,35.1772592,-2.9253011,Nador الناظور,,
5712034596,node,Pharmacie España صيدلية إسبانيا,35.1796313,-2.9256517,Nador الناظور,,
5717959572,node,Pharmacie Nouvelle صيدلية الجديدة,35.1737667,-2.9204401,Nador الناظور,,
5718054111,node,Pharmacie Al Assil صيدلية الأصيل,35.1716443,-2.9220334,Nador الناظور,,
5718159915,node,Pharmacie Laarassi صيدلية لعراسي,35.1655401,-2.9256544,Nador,,
5718178092,node,Pharmacie Babel صيدلية بابل,35.1690034,-2.9229359,Nador الناظور,,
5718235026,node,Pharmacie El Morabit صيدلية المرابط,35.1690911,-2.9198004,Nador الناظور,,
5718270667,node,Pharmacie Centrale الصيدلية المركزية,35.1469002,-3.8494087,Imzouren ⵉⵎⵣⵓⵔⵏ إمزورن,,
5718538294,node,Pharmacie Nador,35.162871,-2.9230325,,,
5718733521,node,Pharmacie Chifae Arrahmane صيدلية شفاء الرحمان,34.0516802,-5.0433317,Fès,,
5720667334,node,Pharmacie Arrahma صيدلية الرحمة,35.1611853,-2.9277867,Nador,,
5720701643,node,Pharmacie Tarik صيدلية طارق,35.1684169,-2.9258488,Nador,,
5720731758,node,Pharmacie Lamsalla صيدلية لمصلى,34.675159,-1.8632622,Oujda ⵡⴻⵊⴷⴰ وجدة,,
5720737781,node,Pharmacie Avicena صيدلية ابن سينا,35.2478279,-3.9328195,Al-hoceima,,
5720737791,node,Pharmacie Al Hoceima صيدلية الحسيمة,35.249679,-3.9364291,الحسيمة,,
5720840432,node,Pharmacie Errazi صيدلية الرازي,35.1702214,-2.9326496,Nador,,
5720940246,node,Pharmacie Ouled Brahim صيدلية أولاد ابراهيم,35.1664786,-2.9310188,Nador,,
5720940251,node,Pharmacie El Kendy صيدلية الكندي,35.1702604,-2.9297402,NADOR,,
5721132077,node,Pharmacie Populaire الصيدلية الشعبية,35.1548369,-2.9997863,Zeghanghane ⴰⵣⵖⴰⵏⵖⴰⵏ أزغنغان,,
5721132084,node,Pharmacie Zeghanghan صيدلية ازغانغان,35.1542352,-3.0026438,Zeghanghane ⴰⵣⵖⴰⵏⵖⴰⵏ أزغنغان,,
5721132092,node,Pharmacie Al Masjid صيدلية المسجد,35.1540058,-3.0039078,Zeghanghane ⴰⵣⵖⴰⵏⵖⴰⵏ أزغنغان,,
5721139688,node,Pharmacie Lamalmi صيدلية لامالمي,35.1642969,-2.9286665,Nador,,
5721139693,node,Pharmacie Ibn Rochd صيدلية ابن رشد,35.1737402,-2.9240335,Nador الناظور,,
5721177654,node,Pharmacie Al Qods صيدلية القدس,35.2374305,-3.9393389,Al Hoceima الحسيمة,,
5721203668,node,Pharmacie La Santé صيدلية الصحة,35.1726353,-2.9264,NADOR,,
5721240597,node,Pharmacie Al Fatouaki,35.1653242,-2.9171611,,,
5721289153,node,Pharmacie Pasteur صيدلية باستور,35.2402592,-3.9285654,Al Hoceima الحسيمة,,
5723556461,node,صيدلية الرضوان,34.6642445,-1.9359211,Oujda,,
5723674738,node,Pharmacie Ibn Khaldoun صيدلية ابن خلدون,34.6625001,-1.9423227,Oujda,+212 536 51 22 51,
5723674749,node,Pharmacie Le Remède صيدلية الدواء,34.666183,-1.9359447,Oujda,,
5725891389,node,,31.5892429,-8.0529205,,,
5725891396,node,Pharmacie Addaoui صيدلية الضاوي,31.5907859,-8.0589342,Marrakech,,
5726812842,node,Pharmacie Al Oum صيدلية الأم,34.6566993,-1.9436503,Oujda,,
5727962822,node,Pharmacie Jardin de Tghath صيدلية حديقة تغاث,34.0595306,-5.0238346,Fès,,
5728605226,node,Pharmacie Aloods,34.9526995,-2.0998022,,,
5728605261,node,Pharmacie Carrefour صيدلية كارفور,34.9553288,-2.1023462,Ahfir ⴰⵃⴼⵉⵔ أحفير,,
5728772813,node,Pharmacie Al Maksam صيدلية المقسم,34.6675893,-1.8980169,Oujda,,
5728818075,node,,31.5659733,-7.7291216,,,
5728928619,node,Pharmacie Moulay Idriss صيدلية مولاي ادريس,34.6739044,-1.9132984,Oujda,,
5735014684,node,Pharmacie Al Amal صيدلية الأمل,33.8229787,-6.0717525,Khemisset,,
5735062571,node,Pharmacie Populaire الصيدلية الشعبية,33.8280338,-6.0707597,Khemisset,,
5735067971,node,Pharmacie Errachid صيدلية الرشيد,34.0704938,-4.9996766,Fès ⴼⴰⵙ فاس,,
5735223007,node,Pharmacie Al Imam Mouslim صيدلية الإمام مسلم,34.0670337,-5.0108801,Fès ⴼⴰⵙ فاس,,
5736756097,node,Pharmacie Al Mouna صيدلية المنى,33.8280613,-6.0805464,Khémisset,,
5740981221,node,Pharmacie Dar Dmana صيدلية دار الضمانة,34.0650353,-4.9574981,Fès ⴼⴰⵙ فاس,,
5742178422,node,Pharmacie Israe صيدلية إسراء,33.8925579,-5.5288401,Meknès,,
5742178431,node,Pharmacie Iraqi صيدلية العراقي,33.8932828,-5.5211554,Meknès,,
5744062346,node,Pharmacie Al Youmne صيدلية اليمن,34.0092557,-5.0413397,Fès,,
5749776079,node,Pharmacie Volubilis صيدلية وليلي,34.0347847,-5.0003661,Fès,,
5750138876,node,Pharmacie Al Hayat,33.8850916,-6.3125333,,,
5750138881,node,Pharmacie El Hamde,33.8858208,-6.319094,,,
5756950862,node,Pharmacie Charaf,34.0610442,-6.8099242,,,
5756950874,node,Pharmacie Salam Eddine El Ayoubi,34.0558772,-6.8098055,,,
5757238379,node,Pharmacie Al Firdaous,34.0690016,-6.7921217,,,
5757318868,node,Pharmacie Al Kawthar,34.0672118,-6.7943171,,,
5758293803,node,Pharmacie Le Sahara صيدلية الصحراء,23.7029808,-15.9282256,Dakhla ⴷⴰⵅⵍⴰ الداخلة,,
5764267099,node,Pharmacie Ibn Zohr صيدلية ابن زهر,33.9915637,-6.8681016,Rabat,,
5764659203,node,Pharmacie Bouchra Al Oum صيدلية بشرى الأم,33.9840482,-6.8885078,Rabat,,
5766387611,node,Pharmacie Amwaj صيدلية أمواج,33.9800111,-6.8914063,Rabat,,
5766588098,node,Pharmacie Al Kawthar صيدلية الكوثر,33.981253,-6.8786686,Rabat,,
5768605992,node,Pharmacie des Résidences صيدلية الإقامات,33.973653,-6.8985156,Rabat,,
5768606005,node,Pharmacie Idéale صيدلية إديال,33.9752975,-6.8925723,Rabat,,
5768685294,node,Pharmacie Attaissir صيدلية التيسير,33.9781106,-6.8914703,Rabat,,
5768749599,node,Pharmacie Sofia صيدلية صوفيا,33.9709498,-6.894417,Rabat,,
5768749618,node,Pharmacie El Menzeh صيدلية المنزه,33.9754894,-6.8892613,Rabat,,
5768968053,node,Pharmacie Al Amane صيدلية الأمان,33.9732709,-6.8874319,Rabat,,
5769243767,node,Pharmacie Marassa صيدلية المرسى,34.0251367,-6.8416741,Rabat,,
5771378970,node,Pharmacie Al Amana صيدلية الأمانة,34.0127439,-6.8488091,Rabat,,
5771378988,node,Pharmacie Diour Jamaâ صيدلية ديور الجامع,34.0166694,-6.8465681,Rabat,,
5771379767,node,Pharmacie Belmahi صيدلية بن الماحي,34.0162248,-6.8497592,Rabat,,
5771379820,node,Pharmacie du Minaret صيدلية المنارة,34.0140137,-6.8480362,Rabat,,
5771652475,node,Pharmacie El Amine صيدلية الأمين,34.0173385,-6.8447823,Rabat,,
5771751856,node,Pharmacie Moussa صيدلية موسى,34.2440493,-6.5421522,Kénitra,,
5771907104,node,Pharmacie Al Wahda صيدلية الوحدة,34.2469815,-6.5531825,Kénitra,,
5771907114,node,Pharmacie El Maghrib صيدلية المغرب,34.250224,-6.5532777,Kénitra,,
5771911321,node,Pharmacie La Corniche صيدلية الكرنيش,34.0258963,-6.8485412,Rabat,,
5771934606,node,Pharmacie de l'Océan صيدلية المحيط,34.0251959,-6.8464955,Rabat,,
5773586645,node,Pharmacie El Massira صيدلية المسيرة,34.2518481,-6.5502481,Kénitra,,
5773951524,node,Parapharmacie,34.0629524,-6.7839141,,,
5774029968,node,Pharmacie El Manzeh صيدلية المنزه,34.2538223,-6.5559103,Kénitra,,
5774077495,node,,34.0828392,-6.7756958,,,
5774103808,node,Pharmacie Le Moulin صيدلية المطحنة,34.2576909,-6.5606135,Kénitra,,
5776117991,node,Pharmacie Al Ikhlas,34.0594188,-6.7847959,,,
5779552572,node,Pharmacie Assounah صيدلية السنة,34.011256,-6.8290584,Rabat ⵔⴱⴰⵟ الرباط,,
5779632176,node,Pharmacie Rania صيدلية رانيا,33.9522471,-6.873729,Rabat,,
5779676237,node,Pharmacie les Colonnes صيدلية ليكولون,34.0132496,-6.822307,Rabat ⵔⴱⴰⵟ الرباط,,
5779821326,node,Pharmacie Hay Tbib صيدلية حي الطبيب,34.2557466,-6.552245,Kénitra,,
5779850528,node,Pharmacie El Fath صيدلية الفتح,34.2564925,-6.5575002,Kénitra,,
5780137657,node,Pharmacie Pasteur صيدلية باستور,34.2551869,-6.5478522,Kénitra,,
5780176179,node,Pharmacie Riad Al Otor صيدلية رياض الأطر,33.9512032,-6.8570328,Rabat,,
5780313683,node,Pharmacie Moulay Youssef صيدلية مولاي يوسف,34.0066587,-6.8631591,Rabat,,
5780368385,node,Pharmacie Ziniber,34.0409161,-6.8126875,,,
5780463378,node,Pharmacie Lourak صيدلية الوراق,34.2600008,-6.5572822,Kénitra,,
5780467834,node,Pharmacie Du Croissant صيدلية الهلال,34.0105454,-6.8595631,Rabat,,
5782555409,node,Pharmacie Badr صيدلية بدر,34.003911,-6.8515426,Rabat,,
5784477867,node,Pharmacie Hay Karima,34.0552061,-6.7934252,,,
5784542544,node,Pharmacie de l'Agdal صيدلية أكدال,33.9887734,-6.848024,Rabat ⵔⴱⴰⵟ الرباط,,
5784715459,node,Pharmacie Semlali,34.0607103,-6.8133232,,,
5784779231,node,Ma Petite Pharmacie,34.0538383,-6.7917073,,,
5784933792,node,Pharmacie Bab Sebta,34.0428986,-6.819845,,,
5784951427,node,Pharmacie du Quartier Industriel,34.0586393,-6.7889178,,,
5785145253,node,Pharmacie Sidi Moussa,34.0502727,-6.8226855,,,
5785145636,node,,34.2460259,-6.6544144,,,
5785168220,node,Pharmacie Lahkim,34.0471208,-6.8239568,,,
5785168225,node,Pharmacie al Osra,34.0482115,-6.8208495,,,
5785227985,node,Pharmacie Ibn Baytar صيدلية ابن البيطار,34.2642725,-6.6250107,Kénitra,,
5785261767,node,Pharmacie Yassine صيدلية ياسين,34.2592626,-6.6483083,Kénitra,,
5785282832,node,Pharmacie Benhaddou,34.2714743,-6.6291614,,,
5787218308,node,Pharmacie Hammi,34.051685,-6.7822069,,,
5787395987,node,Cooper Pharma,34.0530005,-6.8157861,,,
5787438005,node,Pharmacie Az-zahra,34.0518705,-6.7787817,,,
5787438012,node,Pharmacie Annour,34.0569994,-6.7774004,,,
5787486277,node,Pharmacie Nour Salé,34.0530067,-6.8157737,,,
5787574461,node,Parapharmacie Raputons,34.0637245,-6.8031389,,,
5787574502,node,Pharmacie Moulay Idriss,34.0645711,-6.8066458,,,
5787574507,node,Pharmacie Al Jazira,34.0677573,-6.8001549,,,
5787631057,node,Pharmacie des Nations صيدلية الأمم,34.2598268,-6.6203309,Kénitra,,
5787782392,node,Pharmacie Anoual,34.0604448,-6.767845,,,
5787921660,node,Pharmacie L'Opera,34.0458079,-6.8098189,,,
5788035864,node,Pharmacie Tahiri,34.0775797,-6.7908517,,,
5788036464,node,Pharmacie Taiba,34.0813241,-6.7900255,,,
5788580246,node,Pharmacie Rizk,34.0479125,-6.8079038,,,
5790116265,node,Pharmacie Dar Essalam صيدلية دار السلام,33.9792107,-6.8171898,Rabat,,
5790179889,node,Dar Dmana,34.0281209,-6.8008932,,,
5790199110,node,Pharmacie Bouchouk,34.0814785,-6.7860545,,,
5790199135,node,Pharmacie Du Dispensaire,34.0760995,-6.7843319,,,
5790199324,node,Pharmacie Aicha,34.0743666,-6.7868015,,,
5790216005,node,Pharmacie du Haut Souissi صيدلية السويسي العالي,33.9376309,-6.8141721,Rabat,,
5790237036,node,Pharmacie L'Enfant صيدلية الطفل,33.9813791,-6.810289,Rabat,,
5790253612,node,Pharmacie Ibn Al Haytam,34.066903,-6.7783727,,,
5790274644,node,Pharmacie du Golf صيدلية الكولف,33.940854,-6.8197973,Rabat,,
5790655951,node,Pharmacie Essania,34.0474325,-6.8129303,,,
5790798442,node,Pharmacie Nassiha,34.0693482,-6.7823531,,,
5790809313,node,,34.0406461,-6.8037088,,,
5790904543,node,Pharmacie Et Laboratoire al Hayat,34.0428108,-6.7909214,,,
5790945074,node,Pharmacie el Farah,34.0694026,-6.785738,,,
5790946365,node,Pharmacie Ilham,34.071921,-6.7856562,,,
5791154276,node,Pharmacie Inbiat,34.0517494,-6.7908946,,,
5791154311,node,Pharmacie Alhan,34.053215,-6.7952733,,,
5791210251,node,Pharmacie Volubilis,34.0410484,-6.7798573,,,
5791306999,node,Pharmacie El Ouedgi,34.0443499,-6.7788471,,,
5794318279,node,Pharmacie Ikram,34.0445566,-6.7825127,,,
5794767868,node,Pharmacie Safir,34.0407105,-6.7843419,,,
5794767992,node,Pharmacie Lazrak,34.0465707,-6.7806908,,,
5796206658,node,Pharmacie L'Hopital,34.0644811,-6.7908671,,,
5796245936,node,Pharmacie Al Ahbab,34.0691315,-6.7886858,,,
5796251399,node,Pharmacie Zohour,34.0614525,-6.7928351,,,
5796327796,node,Pharmacie Super Arrahma,34.0618886,-6.7828037,,,
5796383053,node,Pharmacie Centre De Santé,34.0667763,-6.7911668,,,
5796974456,node,Pharmacie Ibn Baja صيدلية ابن باجة,34.653376,-1.8792618,Oujda,+212 5 36 50 56 39,
5807079856,node,Pharmacie Mojamaa El Kheir صيدلية مجمع الخير,32.9914488,-7.6017199,Settat,+212 5 23 72 27 79,
5865998189,node,pharmacie Rochdi صيدلية رشدي,34.2226925,-3.3489191,Guercif جرسيف,,
5865998687,node,Pharmacie Centrale الصيدلية المركزية,34.2238699,-3.3502097,Guercif جرسيف,,
5876574486,node,Pharmacie du Souk صيدلية السوق,31.5187625,-5.5290801,Tinghir,+212 5 24 83 38 13,
5885963785,node,Pharmacie Ghorghiz صيدلية غرغيز,35.5632407,-5.3752968,Tétouan,,
5887809889,node,Pharmacie Bouknadel صيدلية بوقنادل,34.6752763,-1.8971876,Oujda,+212 536502776,
5890467991,node,Pharmacie Al Houda صيدلية الهدى,33.9897329,-6.8107592,Rabat,,
5906480210,node,Pharmacie l'Olivier صيدلية الزيتونة,33.9405327,-6.8930863,Témara تمارة,,
5948176486,node,Pharmacie Chifa صيدلية الشفاء,30.9231033,-6.9119124,Ouarzazate,,
6027837362,node,صيدلية الأزهر 2,33.5534606,-7.7047014,Casablanca,,
6116717190,node,Pharmacie La Plaine De Souss صيدلية سهل سوس,29.6973819,-9.7313873,Tiznit ⵜⵉⵣⵏⵉⵜ تزنيت,,
6121146885,node,Pharmacie Anbary صيدلية عنبري,30.4235212,-9.6053285,Agadir ⴰⴳⴰⴷⵉⵔ أگادير,,
6149339786,node,Pharmacie Les Iris صيدلية ليزيريس,33.2812278,-8.3582094,Azemmour أزمور,,
6149731348,node,Grande Pharmacie d'Agadir الصيدلية الكبرى لأكادير,30.4205999,-9.5971631,Agadir ⴰⴳⴰⴷⵉⵔ أگادير,,
6164832485,node,Pharmacie Andalous صيدلية الاندلس,33.8941908,-6.3278453,Tiflet ⵜⵉⴼⴼⵍⵜ تيفلت,,
6183332065,node,Pharmacie Dakhla صيدلية الداخلة,30.4103795,-9.5558578,Agadir,,
6183332066,node,Paramedical Handi Medic,30.4105352,-9.5558667,,,
6183332067,node,Pharmacie Ennajd صيدلية النجد,30.4077853,-9.556302,AGADIR,,
6183332068,node,Pharmacie Europa صيدلية أوروبا,30.4168524,-9.6028858,Agadir ⴰⴳⴰⴷⵉⵔ أگادير,,
6183332069,node,Pharmacie Amsernat صيدلية امصرنات,30.4151186,-9.5786618,Agadir,,
6183332070,node,Pharmacie Souk Al Had et صيدلية سوق الاحد,30.4134465,-9.5821857,Agadir,,
6183332072,node,Pharmacie Laazib صيدلية العزيب,30.4155152,-9.5716457,Agadir,,
6183332077,node,Pharmacie Al Andalous صيدلية الأندلس,30.418024,-9.5756627,Agadir,,
6183332079,node,Pharmacie Cadi Ayad صيدلية القاضي عياض,30.4204545,-9.5807737,Agadir,,
6183332886,node,Pharmacie Ihchach صيدلية احشاش,30.4238332,-9.5847713,Agadir,,
6183332887,node,Pharmacie Al Menzah صيدلية المنزه,30.4272011,-9.5927661,Agadir,,
6183332889,node,Pharmacie Borj Taddart صيدلية برج تادارت,30.4304343,-9.5870736,Agadir,,
6183332890,node,Pharmacie Malak صيدلية ملاك,30.4339972,-9.578525,Ph PM,,
6183332891,node,Pharmacie Ennajah صيدلية النجاح,30.4308624,-9.5739157,Agadir,,
6183332892,node,Pharmacie Bahara صيدلية البحارة,30.4287451,-9.5752492,Agadir,,
6183332893,node,Pharmacie Al Hana صيدلية الهناء,30.4283834,-9.5805446,Agadir,,
6183332894,node,Pharmacy Propharma,30.4278178,-9.5793755,,,
6183332895,node,Pharmacie Al Kastalani صيدلية القسطلاني,30.4262391,-9.5802531,Agadir,,
6183332896,node,Pharmacie 20 Août صيدلية 20 غشت,30.4260397,-9.5675576,Agadir,,
6183332897,node,Pharmacie Agharass صيدلية أغراس,30.4230144,-9.5681188,Agadir,,
6183332898,node,Houssam Para,30.4226583,-9.5683998,,,
6183332899,node,Pharmacie Lakhiam صيدلية الخيام,30.4207802,-9.5674074,Agadir,,
6183332900,node,Pharmacie Allal Fassi صيدلية علال الفاسي,30.4220014,-9.5646715,Agadir,,
6183332901,node,Pharmacie Conseil صيدلية النصيحة,30.4219205,-9.5602728,Agadir,,
6183332902,node,Pharmacie El Wafa صيدلية الوفاء,30.4226522,-9.5576955,Agadir,,
6183332903,node,Pharmacie Moutaoakil صيدلية متوكل,30.4200075,-9.5545375,Agadir,,
6183332917,node,Pharmacie Al Qods صيدلية القدس,30.4169312,-9.5552081,Agadir,,
6183332924,node,Pharmacie Pasteur صيدلية باستور,30.4168341,-9.5586252,Agadir,,
6183332933,node,Pharmacie Rachid صيدلية رشيد,30.4143164,-9.5576724,Agadir,,
6183332934,node,Pharmacie Al Fath صيدلية الفتح,30.4131046,-9.5543245,Agadir,,
6183332939,node,Pharmacie La Jeunesse صيدلية الشباب,30.4103729,-9.5527953,Agadir,,
6183332940,node,Pharmacie Lotfy صيدلية لوطفي,30.4116377,-9.5506139,Agadir,,
6193016885,node,Pharmacie Daraa صيدلية درعة,30.6932734,-6.4540878,Agdz ⴰⴳⴷⵣ أكدز,,
6202998185,node,Pharmacie Abouab Al Wifaq صيدلية أبواب الوفاق,33.9267824,-6.9291602,Témara,,
6209757035,node,,35.1150779,-5.2878037,,,
6209786317,node,,35.4483456,-5.0914872,وادي لو,,
6251848199,node,Pharmacie Souk صيدلية السوق,35.6179078,-5.2749795,Martil ⵎⴰⵔⵜⵉⵍ مرتيل,,
6260970493,node,,33.6000192,-7.637562,,,
6302561985,node,Pharmacie Nouvelle الصيدلية الجديدة,28.9849335,-10.0503222,Guelmim,,
6385773186,node,Pharmacie 20 Aout صيدلية 20 غشت,30.4732373,-8.8812673,Taroudant,,
6385781489,node,Pharmacie Al Qods صيدلية القدس,30.4727703,-8.8840119,Taroudant,,
6385794688,node,Pharmacie Ouled Bounouna صيدلية أولاد بونونة,30.4751137,-8.8840363,Taroudant,,
6418186093,node,Pharmacie Al Omouma صيدلية الأمومة,35.166718,-5.273575,Chefchaouen ⵜⵛⴻⴼⵜⵛⴰⵡⴻⵏ شفشاون,,
6418186095,node,Pharmacie du Nord صيدلية الشمال الكبرى,35.5699643,-5.3714953,Tétouan,,
6418186796,node,Pharmacie la Ville Ancienne صيدلية المدينة القديمة,33.8973751,-5.5656767,Meknès,,
6418186893,node,,31.0605062,-6.5572482,,,
6418186895,node,Pharmacie la Résistance صيدلية المقاومة,30.9236406,-6.9233742,Ouarzazate,,
6418186898,node,Pharmacie El Haboul صيدلية الهابول,33.8976684,-5.5629971,Meknès,,
6418187786,node,Pharmacie Hamria صيدلية الحمرية,33.9000913,-5.5555244,Meknès مكناس,,
6429124587,node,,33.5990643,-7.6196099,,,
6433074344,node,Pharmacie Echifa صيدلية الشفاء,33.4152464,-7.8652183,Had Soualem,,
6441139085,node,Pharmacie Ezzahraoui صيدلية الزهراوي,31.6388374,-8.0362589,Marrakech,,
6543210586,node,Assalam,31.5795119,-9.0137514,,,
6543970487,node,Abi assibaa,31.5803406,-9.0158474,,,
6567406904,node,Pharmacie Lina,33.5193641,-7.6448467,,,
6572729592,node,Pharmacie Setti Messaouda صيدلية ستي مسعودة,33.8313983,-4.8351288,Sefrou ⵚⴼⵕⵓ صفرو,,
6593172633,node,Pharmacie Oum El Kheir,33.5216085,-7.6432172,,,
6594686653,node,Pharmacie La Sakala صيدلية السقالة,31.5219615,-9.7543919,Essaouira الصويرة,,
6602367955,node,Pharmacie la Belle Vue صيدلية المنظر الجميل,33.9010346,-5.5545764,Meknès مكناس,,
6602402779,node,Pharmacie Remmal صيدلية الرمال,33.9043623,-5.5617007,Meknès,,
6644827085,node,Pharmacie Saadaoui صيدلية سعداوي,34.2579819,-6.6553538,Kénitra,,
6655111976,node,,30.3995782,-9.5593305,,,
6698814901,node,Pharmacie Eddebbagh صيدلية الدباغ,34.2438271,-6.6602871,Kénitra,,
6770732585,node,صيدلية لاجيروند,33.5838442,-7.599537,,+212 5 22 30 06 19,
6779084688,node,Pharmacie Al Amal صيدلية الأمل,35.5844952,-5.3583077,Tétouan,,
6781564106,node,Pharmacie Al Fadila صيدلية الفضيلة,33.5367903,-5.1174693,Ifrane ⵉⴼⵔⴰⵏ إفران,,
6788493939,node,Pharmacie Nouha صيدلية نوها,34.2434651,-6.6564397,Mehdia,,
6794015860,node,Pharmacie Sirinine صيدلية سيرين,34.2318542,-6.6092357,Kénitra,,
6832257386,node,Pharmacie Jabrane صيدلية جبران,34.2696547,-6.6144666,Kénitra,,
6833996011,node,Pharmacie hay el fath 2 arrahma,33.5314403,-7.7181929,,,
6844074712,node,Pharmacie Bab Fteuh صيدلية باب فتوح,31.6273414,-7.9893007,Marrakech ⵎⵕⵕⴰⴽⵯⵛ مراكش,,
6898570088,node,,35.5703725,-5.4016556,,,
6907320316,node,Pharmacie Afassi صيدلية عفاسي,35.5789462,-5.3493814,Tétouan,,
6938992704,node,Pharmacie Al Khassa صيدلية الخصة,33.8975448,-5.5516694,Meknès,,
6939017374,node,صيدلية محمد الخامس,33.9034292,-5.5390563,Meknès,,
6953594186,node,Pharmacie Kasr Ismail صيدلية قصر اسماعيل,34.2621877,-6.6532579,Kénitra,,
6980108083,node,Pharmacie La Kasbah صيدلية القصبة,30.9192043,-6.9054837,Ouarzazate ورزازات,,
6980180114,node,Pharmacie Tarmigt صيدلية تارميكت,30.9027208,-6.9115673,Tabounte,,
6980196407,node,Pharmacie Sidi Daoud صيدلية سيدي داود,30.9230924,-6.8973362,Ouarzazate ورزازات,,
6983616629,node,Pharmacie Al Amal صيدلية الأمل,33.284529,-8.3504163,Azemmour أزمور,,
6983616631,node,,33.2898479,-8.3429497,,,
6983809686,node,Pharmacie Youssef,31.4873419,-6.9423076,,,
7022390593,node,,31.1619376,-7.4652434,,,
7035763760,node,,31.5032661,-5.0548561,,,
7035763761,node,Pharmacie El Fajr صيدلية الفجر,31.4348543,-4.2322594,Erfoud أرفود,,
7035780837,node,Pharmacie AlFarouq صيدلية الفاروق,31.5069151,-5.0399404,Tinejdad تنجداد,,
7035782440,node,,31.5338707,-7.4876858,,,
7035785040,node,Pharmacie Al Atlas صيدلية الأطلس,31.6349944,-8.0095608,Marrakech,,
7035785341,node,,31.5787057,-7.804084,,,
7035786676,node,,31.4911375,-4.4013044,,,
7035792918,node,,31.4398966,-7.4035897,,,
7035797222,node,,31.4934326,-4.4044646,,,
7068927190,node,Pharmacie Atlas صيدلية أطلس,29.6936677,-9.740902,Tiznit,,24/7
7098087001,node,Pharmacie La Santé صيدلية الصحة,30.9224447,-6.9267583,Ouarzazate,,
7099789379,node,Pharmacie Al Amane صيدلية الأمان,33.8950345,-5.5018431,Meknès,,
7099883953,node,Pharmacie El Bassatine صيدلية البساتين,33.8932285,-5.5038071,Meknès,,
7099883954,node,Pharmacie Al Qods صبدلية القدس,33.8967707,-5.5064893,Meknès,,
7099883955,node,Pharmacie Yasmina صيدلية ياسمينة,33.8969791,-5.5031373,Meknès,,
7128791186,node,Pharmacie Familiale صيدلية العائلية,34.243427,-6.6525018,Kénitra,,
7128791386,node,Pharmacie Aya صيدلية اية,34.2681525,-6.6262105,kénitra,+212 537 322 315,
7133638808,node,Pharmacie Azzouhour صيدلية الزهور,33.8841046,-5.4992485,Meknès,,
7133638809,node,Pharmacie Plaisance صيدلية السرور,33.9012001,-5.5032079,Meknès ⴰⵎⴽⵏⴰⵙ مكناس,,
7133638810,node,Pharmacie Achouhadaa صيدلية الشهداء,33.8844602,-5.5058506,Meknès,,
7133638811,node,Pharmacie Dar Achifae صيدلي دار الشفاء,33.8831181,-5.5029383,Meknès,,
7133638812,node,Pharmacie O.L.M صيدلية الحي العسكري,33.8898712,-5.5039345,Meknès,,
7133643323,node,Pharmacie 15 Mars صيدلية 15 مارس,33.884792,-5.494247,Meknès ⴰⵎⴽⵏⴰⵙ مكناس,,
7133643324,node,Pharmacie Hopital Militaire صيدلية المستشفى الجامعي,33.8895354,-5.5130278,Meknès,,
7133643325,node,Pharmacie Boughaleb صيدلية بوغالب,33.8919295,-5.5004681,Meknès ⴰⵎⴽⵏⴰⵙ مكناس,,
7133643326,node,Pharmacie Al Mouna صيدلية المنى,33.8902353,-5.5161167,Meknès,,
7133643328,node,Pharmacie Oum El Ghait صيدلية أم الغيث,33.8881912,-5.4998354,Meknès,,
7133643329,node,Pharmacie Youness صيدلية يونس,33.8868438,-5.4974886,Meknès ⴰⵎⴽⵏⴰⵙ مكناس,,
7133643330,node,Pharmacie Ibn Nafis صيدلية إبن النفيس,33.894141,-5.507452,Meknès,,
7133643331,node,Pharmacie Essaadiyine صيدلية السعدييين,33.8906018,-5.5251897,Meknès,,
7133643332,node,Pharmacie Chams صيدلية الشمس,33.8932979,-5.5173656,Meknès,,
7133643333,node,Pharmacie Ain Slougui صيدلية عين السلوقي,33.8917207,-5.5061904,Meknès,,
7133643334,node,Pharmacie Mekka صيدلية مكة,33.891225,-5.5191875,Meknès,,
7133643335,node,Pharmacie In Yansorkom Allah صيدلية ان ينصركم الله,33.8955407,-5.4992075,Meknès ⴰⵎⴽⵏⴰⵙ مكناس,,
7133643336,node,Pharmacie Al Ikhlasse صيدلية الإخلاص,33.8903317,-5.4985103,Meknès ⴰⵎⴽⵏⴰⵙ مكناس,,
7133643337,node,Pharmacie Jawharat Al Bassatine صيدلية جوهرة البساتين,33.88042,-5.4951141,Meknès ⴰⵎⴽⵏⴰⵙ مكناس,,
7133643338,node,Pharmacie Bismillah صيدلية بسم الله,33.8923816,-5.5107958,Meknès,,
7133643339,node,Pharmacie Hayati صيدلية حياتي,33.8892021,-5.5077668,Meknès,,
7133643340,node,Pharmacie Anass صيدلية أناس,33.8875944,-5.503027,Meknès,,
7136953005,node,Pharmacie Bin Louidan صيدلية بين الويدان,32.3546338,-6.3632345,Beni Mellal ⴰⵢⵜ ⵎⵍⵍⴰⵍ بني ملال,,
7139361487,node,Pharmacie Chateau صيدلية الشاطو,34.2554394,-6.6270006,Kénitra,,
7168801050,node,,33.6146857,-7.5000712,,,
7168801051,node,,33.6152352,-7.4970564,,,
7168861987,node,,33.6094992,-7.5068041,,,
7168974695,node,,33.6177818,-7.479982,,,
7223529985,node,Pharmacy (speak English well and understand your needs),31.3735968,-7.7949265,,,24/7
7293205185,node,Pharmacie Arrissala صيدلية الرسالة,34.2715777,-6.6098893,Kénitra,,
7294869686,node,Pharmacie Azzahrae صيدلية الزهراء,34.2502741,-6.6202147,Kénitra,,
7297385673,node,,31.576616,-7.8140393,,,
7300052485,node,Pharmacie El Feddane صيدلية الفدان,35.5702079,-5.369564,Tétouan,,
7345589485,node,Pharmacie El Mowatin صيدلية المواطن,34.2535164,-6.63008,Kénitra,,
7353711685,node,Pharmacie capitale du gharb صيدلية عاصمة الغرب,34.2669001,-6.6138045,Kénitra,,
7365479585,node,صيدلية أغبال,34.9394232,-2.1284133,,,
7375404388,node,,31.6242805,-7.9850981,,,
7375404389,node,,31.6248635,-7.985449,,,
7388564422,node,Para Kenitra,34.2547718,-6.6040536,,+537 370 149,
7388594170,node,Big Para,34.2646299,-6.5896305,,+212 537 395007;+212 537 337001,
7388646222,node,Paraval Parapharmacie,34.2674667,-6.5928788,,+212 537 377 982,
7403004374,node,Pharmacie Al Qods صيدلية القدس,35.1784959,-2.9241301,Nador الناظور,,
7403004376,node,Pharmacie Oulad Boutayeb صيدلية أولاد بوطيب,35.1676605,-2.946016,الناظور,,
7407519873,node,Pharmacie Al Montazah صيدلية المنتزه,35.1836393,-2.9363312,Nador,,
7407519874,node,Pharmacie Makkah صيدلية مكة,35.1721083,-2.9486287,Nador الناظور,,
7407661299,node,Pharmacie Al Haouzia صيدلية الحوزية,34.2688265,-6.6118274,Kénitra,,
7411840919,node,Pharmacie Blanco صيدلية بلانكو,35.1638278,-2.947465,Nador الناظور,,
7412048097,node,Pharmacie Maghreb Arabie صيدلية المغرب العربي,35.1703348,-2.9410116,Nador,,
7412101445,node,Pharmacie Tirkaa صيدلية ترقاع,35.1957368,-2.9312089,Nador,,
7412210712,node,Pharmacie Al Mostakbal صيدلية المستقبل,35.1636753,-2.9439473,Nador,,
7432858281,node,Pharmacie Boukasri صيدلية بوقسري,35.126636,-2.928412,Nador الناظور,,
7432858282,node,Pharmacie Hay Chouhada صيدلية حي الشهداء,35.1296763,-2.9293859,Nador الناظور,,
7524700585,node,صيدلية حي النصر 2,33.5341105,-7.5570706,,+212 5 22 38 97 30,
7527681285,node,Pharmacie Bab Al Baida صيدلية باب البيضاء,33.4787307,-7.6588,Bouskoura,,
7529637269,node,صيدلية الحكمة,35.1545471,-2.9797224,,,
7530332221,node,Pharmacie Le Lion صيدلية الأسد,34.3984104,-2.8935573,Taourirt تاوريرت,,
7530388447,node,Pharmacie Route Debdou صيدلية طريق دبدو,34.4038064,-2.8947561,TAOURIRT,,
7530407138,node,Pharmacie Al Hikma صيدلية الحكمة,34.4050092,-2.893217,TAOURIRT,,
7530429811,node,Pharmacie Errachad صيدلية الرشاد,34.3999784,-2.887572,Taourirt,,
7530433493,node,Pharmacie Al Madina صيدلية المدينة,34.3950413,-2.8938768,Taourirt,,
7530594278,node,Pharmacie Granada صيدلية غرناطة,34.3946216,-2.8864235,Taourirt,,
7530683559,node,Pharmacie 20 Aout صيدلية 20 غشت,34.399592,-2.9030863,Taourirt,,
7530695955,node,Pharmacie El Malhi صيدلية المالحي,34.4049167,-2.9013804,Taourirt,,
7530713595,node,Pharmacie Oued Za صيدلية واد زا,34.4008955,-2.8982261,Taourirt,,
7575163559,node,صيدلية القضاوي,35.156054,-2.9757744,,,
7575163560,node,Pharmacie Ihaddaden صيدلية إحدادن,35.1633409,-2.9609516,Nador الناظور,,
7596304863,node,Pharmacie Ghiouz صيدلية غيوز,34.2656299,-6.6437401,Kénitra القنيطرة,,
7674870594,node,Pharmacie et Laboratoire Al Andalous صيدلية و مختبر الأندلس,35.2451692,-3.9309277,Al Hoceïma ⵍⵃⵓⵙⵉⵎⴰ الحسيمة,+212 5 39 98 28 99,Mo-Fr 09:00-19:30; Sa 09:00-13:00
7692275922,node,Pharmacie Mecca صيدلية مكة,33.9443673,-6.8692589,Rabat,,
7704846085,node,Pharmacie Venezia صيدلية البندقية,34.2753962,-6.6041316,Kénitra,,
7715974587,node,Herbalist,31.6328144,-7.9831368,,,
7723853785,node,Pharmacie Ibn Toufail صيدلية ابن طفيل,34.2325953,-6.6149378,Kénitra,,
7725405985,node,Pharmacie Riad Chafi صيدلية رياض الشافي,34.0164626,-4.9599062,Fès,,
7729240237,node,Pharmacie Liya صيدلية لييا,34.2712358,-6.6257689,Kénitra,+212 537 322 741,
7738153576,node,Pharmacie du Golf صيدلية الكولف,34.2624151,-6.6430409,Kénitra,,
7779167682,node,Pharmacie de l'Hôtel de Ville صيدلية القصر البلدي,33.8976017,-5.547799,Meknès,,
7844997058,node,Pharmacie Sabahi صيدلية صباحي,34.6794583,-1.8813811,Oujda,+212 5 36 54 07 14,
7857436427,node,Pharmacie des Urgences صيدلية المستعجلات,33.9022043,-5.5445518,Meknès,,
7876409139,node,pharmacy Tijani Zineb,35.6113533,-5.9190079,,,
7922894547,node,Pharmacie Mesk Ellil صيدلية مسك الليل,33.9474695,-6.8607684,Rabat,,
7947726357,node,Pharmacie Eucalyptus صيدلية الكاليبتوس,34.2713063,-6.6201259,Kénitra,+212 537 351 075,
7947753159,node,Pharmacie LHaddada صيدلية الحدادة,34.2698463,-6.6226883,Kénitra,+212 537 356 854,
7947767260,node,Pharmacie Jalale صيدلية جلال,34.27202,-6.6170124,Kénitra,,
8088892253,node,Pharmacie Oum Rbia ⵜⵉⵏⵉⵙⴰⴼⴰⵔⵏ ⵏ ⵓⵎ ⵕⴰⴱⵉⵖ صيدلية أم الربيع,32.5463089,-6.3689247,,,
8118998972,node,,32.5443625,-6.366604,,,
8191100944,node,Pharmacie des Orangers صيدلية الليمون,34.0198347,-6.8425075,Rabat,,
8193863900,node,Pharmacie Semsa صيدلية سمسة,35.575827,-5.396399,Tétouan,,
8197970759,node,صيدلية نزالة العظم,32.097959,-7.9517653,نزالة العظم,+212 6 48 42 65 91,
8202050744,node,Pharmacie Bon Secours صيدلية العناية,34.0202562,-6.8433934,Rabat,,
8213844739,node,Pharmacie Elchifaa صيدلية الشفاء,28.4222683,-11.1105817,Tan-Tan,,
8213845129,node,Pharmacie Ennour صيدلية النور,28.437327,-11.0995347,Tan-Tan ⵟⴰⵏⵟⴰⵏ طانطان,,
8213845519,node,Pharmacie Bouanane صيدلية بوعنان,28.4262187,-11.1095054,Tan-Tan,,
8213845619,node,Pharmacie La Résistance صيدلية المقاومة,28.4343496,-11.1032003,Tan-Tan,,
8213845728,node,Pharmacie Mariem صيدلية مريم,28.4435905,-11.0971035,Tan-Tan,,
8364875980,node,Pharmacie Mamounia صيدلية المامونية,33.8993354,-5.5227433,Meknès ⴰⵎⴽⵏⴰⵙ مكناس,,
8364875985,node,Pharmacie Ibn Khaldoun صيدلية بن خلدون,33.8984297,-5.5297934,Meknès ⴰⵎⴽⵏⴰⵙ مكناس,,
8364876001,node,Pharmacie Al Masjid صيدلية المسجد,33.8979014,-5.5355239,Meknès ⴰⵎⴽⵏⴰⵙ مكناس,,
8391001640,node,Pharmacie Gueliz صيدلية كليز,33.9890295,-6.7381193,Salé El Jadida,,
8392094572,node,Pharmacie Elixir صيدلية إلكسير,33.9869735,-6.7378151,Salé El Jadida,,
8394165370,node,Pharmacie Bayti صيدلية بيتي,33.9879668,-6.7343864,Salé El Jadida,,
8394282336,node,Pharmacie Guissi صيدلية كيسي,33.9910836,-6.7351757,Salé El Jadida,,
8394319296,node,Pharmacie Cité Royale صيدلية الحي الملكي,33.9919551,-6.7403575,Salé El Jadida,,
8394339834,node,Pharmacie Ibn Hicham صيدلية ابن هشام,33.9913245,-6.7311118,Salé El Jadida,,
8394350475,node,Pharmacie Yakoubi صيدلية اليعقوبي,33.9939277,-6.7303623,Salé El Jadida,,
8394402175,node,Pharmacie Al Habayb صيدلية الحبايب,33.9934432,-6.7357701,Salé El Jadida,,
8396512500,node,Pharmacie Principale الصيدلية الرئيسية,33.9979868,-6.7468771,Salé El Jadida,,
8396566531,node,Pharmacie la Fontaine صيدلية النافورة,33.9928932,-6.7427023,Salé El Jadida,,
8396587904,node,Pharmacie Chifaa صيدلية الشفاء,33.9982345,-6.7432098,Salé El Jadida,,
8396588243,node,Pharmacie Centrale الصيدلية المركزية,33.993877,-6.7441454,Salé El Jadida,,
8396597771,node,Pharmacie Sala El Jadida صيدلية سلا الجديدة,33.9962426,-6.7450454,Salé El Jadida,,
8396619189,node,Pharmacie Wahiba صيدلية وهيبة,34.0019759,-6.7404392,Salé El Jadida,,
8396621083,node,Pharmacie El Maarid صيدلية المعرض,33.9999034,-6.7452214,Salé El Jadida,,
8396628057,node,Pharmacie Mimoza صيدلية ميموزا,33.9993447,-6.7396468,Salé El Jadida,,
8396630384,node,Phamacie Sebati صيدلية سباتي,34.0069161,-6.7434941,Salé El Jadida,,
8396647333,node,Pharmacie Athena صيدلية أثينا,34.003418,-6.7433238,Salé El Jadida,,
8396647350,node,Pharmacie Rihab صيدلية رحاب,34.0045767,-6.7459462,Salé El Jadida,,
8396685336,node,Pharmacie Al Arz صيدلية الأرز,33.996293,-6.732882,Salé El Jadida,,
8396686248,node,Pharmacie Errai صيدلية الراي,34.0125781,-6.7366589,Salé El Jadida,,
8396694017,node,Pharmacie Al Aqsa صيدلية الأقصى,34.0105423,-6.7332257,Salé,,
8396706861,node,Pharmacie Bouregrag صيدلية ابي رقراق,33.9945515,-6.7305609,Salé El Jadida,,
8396727427,node,Pharmacie des Villas صيدلية الفيلات,33.996983,-6.7300312,Salé El Jadida,,
8396727430,node,Pharmacie du Myrte صيدلية الريحان,34.001919,-6.7348576,Salé El Jadida,,
8396730893,node,Pharmacie Assabil صيدلية السبيل,34.0008065,-6.729394,Salé El Jadida,,
8396776334,node,Pharmacie MAIL CENTRAL صيدلية البريد المركزي,33.9956835,-6.7382401,Salé El Jadida,,
8396785770,node,Pharmacie Al Wafae صيدلية الوفاء,34.0239456,-6.7567668,Salé,,
8396788870,node,Pharmacie Kamil صيدلية كميل,34.017893,-6.7409602,Salé El Jadida,,
8396800446,node,Pharmacie Hssain صيدلية حصين,34.0195302,-6.7437123,Salé El Jadida,,
8396811191,node,Pharmacie du Soleil صيدلية شمس,34.025103,-6.7524119,Salé,,
8398846081,node,Pharmacie Maghreb Arabe صيدلية المغرب العربي,33.9982188,-6.7337354,Salé El Jadida,,
8398886269,node,Pharmacie Ambra صيدلية عنبرة,34.0239444,-6.7494643,Salé El Jadida,,
8398891837,node,Pharmacie Taiba صيدلية طيبة,34.0024214,-6.7217888,Sala El Jadida,,
8398895885,node,Pharmacie Hay Al Wafa صيدلية حي الوفاء,34.2279465,-6.5350708,Kénitra القنيطرة,,
8398895886,node,Pharmacie Chark Almadina صيدلية شرق المدينة,34.2255579,-6.5366594,Kénitra القنيطرة,,
8398907408,node,Pharmacie Al Hossoune صيدلية الحصون,34.2271443,-6.5457307,Kénitra القنيطرة,,
8398940759,node,Pharmacie Massoudi صيدلية مسعودي,34.2269122,-6.518029,Kénitra القنيطرة,,
8398943780,node,Pharmacie Alghofrane صيدلية الغفران,34.2333349,-6.5462317,Kénitra القنيطرة,,
8398960591,node,Pharmacie Zouhair صيدلية زهير,34.2300373,-6.5471732,Kénitra القنيطرة,,
8398962842,node,Pharmacie Omnia صيدلية أمنية,34.2281088,-6.5500843,Kénitra القنيطرة,,
8398976733,node,Pharmacie Doukalla صيدلية دكالة,34.2330652,-6.540706,Kénitra,,
8398987183,node,Pharmacie El Mkhalif صيدلية المخاليف,34.2310418,-6.5343876,Kénitra القنيطرة,,
8398998317,node,Pharmacie Alwahab صيدلية الوهاب,34.2303034,-6.5510738,Kénitra,,
8398999693,node,Pharmacie Principale الصيدلية الرئيسية,34.2553021,-6.5202976,Kénitra,,
8399001590,node,Pharmacie Sofia صيدلية صوفيا,34.2339539,-6.5472238,Kénitra القنيطرة,,
8399015152,node,Pharmacie Smiri صيدلية سميري,34.2383241,-6.5534031,Kénitra,,
8399021323,node,Pharmacie Abbouda صيدلية عبودة,34.2551332,-6.5241208,Kénitra القنيطرة,,
8399026157,node,Pharmacie Alkouweiti صيدلية الكويتي,34.2367514,-6.5508356,Kénitra,,
8399051252,node,Pharmacie Maghreb Arabe صيدلية المغرب العربي,34.2369375,-6.544815,Kénitra,,
8399065068,node,Pharmacie Cherkaoui صيدلية الشرقاوي,34.2415755,-6.5510467,Kénitra,,
8399068855,node,Pharmacie Assafar صيدلية السفر,34.2533853,-6.5523257,Kénitra,,
8399078405,node,Pharmacie Al Mouna صيدلية المنا,34.2437595,-6.5481687,Kénitra,,
8399082142,node,Pharmacie Irchad صيدلية ارشاد,34.24117,-6.5484908,Kénitra,,
8399084412,node,Pharmacie Elkhayr صيدلية الخير,34.238985,-6.5381331,Kénitra,,
8399087016,node,Pharmacie Arzak صيدلية أرزاق,34.2385183,-6.5422017,Kénitra,,
8399087062,node,Pharmacie Assafae صيدلية الصفاء,34.2443081,-6.5449575,Kénitra,,
8399087071,node,Pharmacie Alhamdo Lillah صيدلية الحمد لله,34.252955,-6.5455668,Kénitra,,
8399110742,node,Pharmacie Ouled Arfa صيدلية اولاد عرفة,34.2421565,-6.5456686,Kenitra,,
8399145383,node,Pharmacie Mosquée صيدلية المسجد,34.2515851,-6.5467166,Kénitra,,
8399158526,node,Pharmacie Kénitra صيدلية القنيطرة,34.251613,-6.5556937,Kénitra,,
8399165151,node,Pharmacie Enasser صيدلية النصر,34.256645,-6.554779,Kénitra,,
8399172496,node,Pharmacie Larma صيدلية لارما,34.2572665,-6.5554749,Kénitra,,
8399189596,node,Pharmacie Hay Mariem صيدلية حي مريم,34.2575148,-6.550312,Kénitra,,
8399199537,node,Pharmacie La Cigogne صيدلية اللقلاق,34.2589371,-6.5689805,Kénitra,,
8399203488,node,Pharmacie Essalam صيدلية السلام,34.2518719,-6.5416837,Kénitra,,
8399217966,node,Pharmacie Ibn Rochd صيدلية ابن رشد,34.2606171,-6.5677373,Kénitra,,
8399258849,node,Pharmacie Touijar صيدلية تويجر,34.2628606,-6.5624,Kénitra,,
8399268022,node,Pharmacie El Andalous صيدلية الاندلس,34.261301,-6.5597712,Kénitra,,
8399375584,node,Pharmacie La Province صيدلية العمالة,34.2595715,-6.5806913,Kénitra,+212 537 375 255,
8399403750,node,Pharmacie Du Passage صيدلية الممر,34.2695,-6.565086,Kénitra,,
8399411948,node,Pharmacie Al Forkan صيدلية الفرقان,34.2706537,-6.5627286,Kénitra,,
8399418012,node,Pharmacie Arssat Al Qadi صيدلية عرصة القاضي,34.2703533,-6.5597708,Kénitra,,
8399444911,node,Pharmacie Takaddoum صيدلية التقدم,34.2656005,-6.5738629,Kénitra,,
8399448893,node,Pharmacie Firdaous صيدلية فردوس,34.2619653,-6.5789191,Kénitra,+212 537 371 679,
8399456623,node,Pharmacie Bismi Allah Assalama صيدلية باسم الله السلامة,34.262846,-6.5756022,Kénitra,,
8399456935,node,Pharmacie Universelle صيدلية الكونية,34.2595762,-6.5774926,Kénitra,+212 537 371 888,
8399457582,node,Pharmacie de la Gare صيدلية المحطة,34.2547194,-6.5819361,Kénitra,,
8399472582,node,Pharmacie Al Manar صيدلية المنار,34.244316,-6.6168327,Kénitra,,
8399472940,node,Pharmacie L'Horizon صيدلية الأفق,34.2573692,-6.5899621,Kénitra,,
8399494024,node,Pharmacie Mohammed صيدلية محمد,34.2541012,-6.5840229,Kénitra,,
8399508043,node,Pharmacie La Domicienne صيدلية لادوميسيان,34.253996,-6.5919561,Kénitra,,
8399634187,node,Pharmacie Dalia صيدلية داليا,34.2434506,-6.6102872,Kénitra,,
8399669030,node,Pharmacie Al Hayat صيدلية الحياة,34.2382635,-6.6170309,Kénitra,,
8399673128,node,Pharmacie Amicale صيدلية أميكال,34.246018,-6.6037947,Kénitra,,
8399675188,node,Pharmacie Amri صيدلية عمري,34.2215178,-6.628677,Kénitra,,
8399675215,node,Pharmacie Fouarat صيدلية فوارات,34.2527564,-6.5217112,Kénitra,,
8399678160,node,Pharmacie Al Boustane صيدلية البستان,34.2231366,-6.617499,Kénitra,,
8399699596,node,Pharmacie Mabrouka صيدلية مبروكة,34.2407851,-6.6152841,Kénitra,,
8399708513,node,Pharmacie Lafouissi صيدلية لفويسي,34.2290584,-6.610728,Kénitra,,
8399708671,node,Pharmacie Bakkli صيدلية بقلي,34.2407008,-6.6190541,Kénitra,,
8399712056,node,Pharmacie Grande Avenue صيدلية الشارع الكبير,34.2345098,-6.6116834,Kénitra,,
8399715773,node,Pharmacie Badyine صيدلية باديين,34.2315296,-6.6174279,Kénitra,,
8399726763,node,Pharmacie Falh صيدلية فالح,34.2232704,-6.627373,Kénitra,,
8399727019,node,Pharmacie Bir Rami Sud صيدلية بئر الرامي جنوب,34.2343347,-6.6066858,Kénitra,,
8399727032,node,Pharmacie Al Felline صيدلية الفلين,34.2288236,-6.6164372,Kénitra,,
8399728772,node,Pharmacie Bassine صيدلية باسين,34.218365,-6.625507,Kénitra,,
8399730976,node,Pharmacie Al Houda صيدلية الهدى,34.2270478,-6.6199491,Kénitra,,
8399733456,node,Pharmacie Jenane Lkbal صيدلية جنان لكبال,34.2214611,-6.6141491,Kénitra,,
8399734583,node,Pharmacie Janane صيدلية جنان,34.2169731,-6.6315661,Kénitra,,
8399750069,node,Pharmacie Al Ridouane صيدلية الرضوان,34.2143048,-6.6295792,Kénitra,,
8399772906,node,Pharmacie Moderne صيدلية الحديثة,34.26548,-6.5922718,Kénitra,,
8399774877,node,Pharmacie Hay Essalam صيدلية حي السلام,34.2680734,-6.5964743,Kénitra,,
8399782576,node,Pharmacie Abderrahman Annassir صيدلية عبد الرحمان الناصر,34.2606084,-6.5964792,Kenitra,,
8399792832,node,Pharmacie Saad Kenitra صيدلية سعد قنيطرة,34.2624974,-6.594308,Kénitra,,
8399796343,node,Pharmacie Sarah صيدلية صارة,34.2667871,-6.5905584,Kénitra,,
8399801139,node,Pharmacie Cité d'Urgence صيدلية حي الطوارئ,34.2708283,-6.5938993,Kénitra,,
8399821752,node,Pharmacie Taibia صيدلية طيبية,34.275246,-6.5974252,Kénitra,,
8399836885,node,Pharmacie Omar صيدلية عمر,34.2728275,-6.5996219,Kénitra,,
8399855765,node,Pharmacie Haddioui صيدلية الحديوي,34.2769971,-6.594221,Kénitra,,
8399859153,node,Pharmacie Al Widad صيدلية الوداد,34.2757041,-6.6009803,Kénitra,,
8399866119,node,Pharmacie Al Wiam صيدلية الوئام,34.2753168,-6.6071656,Kénitra,,
8399870080,node,Pharmacie Romanova صيدلية رومانوفا,34.2659552,-6.6085139,Kénitra,,
8399886005,node,Pharmacie Corsica صيدلية كورسيكا,34.269117,-6.6049903,Kénitra,,
8399891019,node,Pharmacie Rayane صيدلية ريان,34.2706575,-6.6065653,Kénitra,,
8399892366,node,Pharmacie Echam صيدلية الشام,34.2684734,-6.6099719,Kénitra,,
8399893183,node,Pharmacie L'Avenir صيدلية المستقبل,34.2655707,-6.6165661,Kénitra,,
8399922218,node,Pharmacie Al Majd صيدلية المجد,34.2689867,-6.6151433,Kénitra,,
8400027980,node,Pharmacie Tourabi صيدلية الترابي,34.2621832,-6.6020412,Kénitra,,
8400071951,node,Pharmacie Shem's صيدلية شمس,34.2530477,-6.6194913,Kénitra,,
8400085737,node,Pharmacie Tariq صيدلية طارق,34.2553913,-6.6094654,Kénitra,,
8400091697,node,Pharmacie Ismailia صيدلية اسماعيلية,34.2541046,-6.6264593,Kénitra,,
8400111669,node,Pharmacie des Résidences صيدلية الاقامات,34.2541187,-6.6238089,Kénitra,,
8400154126,node,Pharmacie Rim صيدلية ريم,34.2520283,-6.6273797,Kénitra,,
8400154181,node,Pharmacie Masjid Arrahma صيدلية مسجد الرحمة,34.2583475,-6.6200266,Kénitra,,
8400185252,node,Pharmacie Al Masbah صيدلية المسبح,34.260667,-6.6077236,Kénitra,,
8400198788,node,Pharmacie Sanae صيدلية سناء,34.2666669,-6.6210188,Kénitra,,
8400274053,node,Pharmacie Les Iris صيدلية ليزيريس,34.2724177,-6.6137096,Kénitra,,
8400303039,node,Pharmacie Chourafa صيدلية شرفاء,34.2626159,-6.6463499,Kénitra,,
8400311216,node,Pharmacie Mehdia صيدلية مهدية,34.2648909,-6.6520185,Kénitra,,
8400320475,node,Pharmacie Ocean صيدلية المحيط,34.2573586,-6.6521473,Kénitra,+212 537 388 979,
8400341731,node,Pharmacie Rahma صيدلية رحمة,34.255793,-6.6473001,Kénitra,+212 537 328 022,
8400342572,node,Pharmacie Doha صيدلية ضحى,34.2580832,-6.6443154,Kénitra,+212 537 388 382,
8400355616,node,Pharmacie Alati Allah صيدلية العاطي الله,34.2542184,-6.6537228,Kénitra,+212 537 317 924,
8400358997,node,Pharmacie Alliance صيدلية أليونس,34.2538916,-6.650492,Kénitra,+212 680 441 851,
8400574059,node,Pharmacie Des Jardins صيدلية الحدائق,34.2521505,-6.6479219,Kénitra,+212 537 328 080,
8400687127,node,Pharmacie Sarah Santé صيدلية صارة صحة,34.2465871,-6.6509386,Kénitra,,
8400707097,node,Pharmacie Al Kaoutar صيدلية الكوثر,34.248495,-6.6546796,Kénitra,,
8400714496,node,Pharmacie Ala صيدلية ألاء,34.2415416,-6.6547595,Kénitra,,
8400724025,node,Pharmacie Ahlane صيدلية أهلا,34.24722,-6.6585804,Kénitra,,
8400733292,node,Pharmacie Ain Sbâa صيدلية عين السبع,34.2430179,-6.550215,Kénitra,,
8400793020,node,Pharmacie Youssef صيدلية يوسف,34.2726264,-6.6042945,Kénitra,,
8400810794,node,Pharmacie Al Anouar صيدلية الأنوار,34.2754216,-6.6110097,Kénitra,,
8400810795,node,Pharmacie Imane صيدلية ايمان,34.2353631,-6.5530575,Kénitra,,
8400813341,node,Pharmacie Al Omouma صيدلية الأمومة,34.2403323,-6.5568636,Kénitra,,
8400820879,node,Pharmacie Arrohama صيدلية الرحماء,34.233904,-6.5501607,Kénitra,,
8400881053,node,Pharmacie Maison d'Espoir صيدلية دار الأمل,34.2413944,-6.5407654,Kénitra,,
8400914809,node,Pharmacie Hotel De Ville صيدلية فندق المدينة,34.258304,-6.5882253,Kénitra,,
8400931602,node,Pharmacie Basma صيدلية بسمة,34.2597862,-6.6171076,Kénitra,,
8400931726,node,Pharmacie Maamoura صيدلية معمورة,34.2564908,-6.5861366,Kénitra,,
8400948224,node,Pharmacie Baddou صيدلية بادو,34.2561942,-6.5450816,Kénitra,,
8400962492,node,Pharmacie Benlahcen صيدلية بنلحسن,34.2612257,-6.5919217,Kénitra,,
8400969945,node,Pharmacie Badr صيدلية بدر,34.2486721,-6.5551669,Kénitra,,
8400972367,node,Pharmacie Ouled Oujih صيدلية أولاد أوجيه,34.2641177,-6.6133719,Kénitra,,
8400987277,node,Pharmacie Dar Doua صيدلية دار الدواء,34.254084,-6.5861316,Kénitra,,
8400992119,node,Pharmacie Hamza صيدلية حمزة,34.2446275,-6.5538795,Kénitra,,
8401709211,node,Pharmacie Du Port صيدلية الميناء,34.2640181,-6.580874,Kénitra,,
8401714055,node,Pharmacie Hind صيدلية هند,34.2563828,-6.5764181,Kénitra,,
8401725804,node,Pharmacie Ittihad صيدلية الاتحاد,34.263619,-6.5710079,Kénitra ⵇⵏⵉⵟⵔⴰ القنيطرة,,
8401728492,node,Pharmacie Iskan Chaabi صيدلية اسكان شعبي,34.273153,-6.5951511,Kénitra,,
8401735940,node,Pharmacie Ibn Khaldoun صيدلية ابن خلدون,34.2421729,-6.5534572,Kénitra,,
8401946016,node,Pharmacie L'Hopital صيدلية المستشفى,34.2537806,-6.5590956,Kénitra,,
8401947878,node,Pharmacie Al Reda صيدلية الرضى,34.2485363,-6.5473709,Kénitra,,
8402163662,node,Pharmacie Sidi Larbi Boujemaâ صيدلية سيدي العربي بوجمعة,34.2631994,-6.5741981,Kénitra,,
8402200727,node,Pharmacie Saknia صيدلية الساكنية,34.246333,-6.5505542,Kénitra,,
8402213492,node,Pharmacie de la Ville Haute صيدلية لافيلوط,34.2622662,-6.5889061,Kénitra,,
8402219052,node,Pharmacie Train Medina صيدلية قطار المدينة,34.2669585,-6.5651395,Kénitra,,
8402239563,node,Pharmacie des F.a.r. صيدلية الجيش الملكي,34.2541472,-6.5792543,Kénitra,,
8402307428,node,Pharmacie du Marché صيدلية السوق,34.2634309,-6.5842031,Kénitra القنيطرة,,
8402355275,node,Pharmacie Maaoui صيدلية المعاوي,34.25584,-6.6761597,Kénitra,,
8402363212,node,Pharmacie Annahda صيدلية النهضة,34.266856,-6.5591266,Kénitra,,
8402410203,node,Pharmacie El Houria صيدلية الحرية,34.2599876,-6.5646278,Kénitra,,
8402760604,node,Pharmacie Al Abridi صيدلية العبريدي,34.0031947,-6.7467236,Salé El Jadida,,
8402790432,node,Pharmacie Al Andaloussia صيدلية الأندلسية,33.9955298,-6.7416676,Salé Al Jadida,,
8402853108,node,Pharmacie Les Pyramides صيدلية الأهرامات,33.999408,-6.7443113,Salé El Jadida,,
8402866209,node,Pharmacie Faculté صيدلية الجامعة,34.0158739,-6.735822,Salé El Jadida,,
8404948156,node,Pharmacie Arrahma صيدلية الرحمة,23.6874011,-15.9432322,Dakhla,,
8404978700,node,Pharmacie Al Irfane صيدلية العرفان,23.6997615,-15.9492188,Dakhla ⴷⴰⵅⵍⴰ الداخلة,,
8405203142,node,Pharmacie Aoussred صيدلية أوسرد,23.698671,-15.9370107,Dakhla ⴷⴰⵅⵍⴰ الداخلة,,
8405268373,node,Pharmacie Al Massira صيدلية المسيرة,23.6874341,-15.9407288,Dakhla ⴷⴰⵅⵍⴰ الداخلة,,
8405330931,node,Pharmacie Al Janoub صيدلية الجنوب,23.6981178,-15.9346929,Dakhla ⴷⴰⵅⵍⴰ الداخلة,,
8405336217,node,Pharmacie Al Bouchra صيدلية بشرى,23.6904449,-15.9503908,Dakhla ⴷⴰⵅⵍⴰ الداخلة,,
8405354503,node,Pharmacie Al Akhaouaine صيدلية الأخوين,23.6921568,-15.9394416,Dakhla ⴷⴰⵅⵍⴰ الداخلة,,
8405357271,node,Pharmacie Sidi Ahmed Laaroussi صيدلية سيدي أحمد العروسي,23.6981374,-15.9324378,Dakhla ⴷⴰⵅⵍⴰ الداخلة,,
8405396058,node,Pharmacie du Port صيدلية الميناء,23.6876038,-15.9482233,Dakhla ⴷⴰⵅⵍⴰ الداخلة,,
8405415593,node,Pharmacie Menhour صيدلية منهور,23.7040615,-15.9441585,Dakhla,,
8405432191,node,Pharmacie Annahda صيدلية النهضة,23.7137264,-15.946784,Dakhla,,
8405601679,node,صيدلية حليم,27.1327086,-13.1573619,Laayoune,+212 5 28 99 77 03,
8405604179,node,Pharmacie La Corniche صيدلية الكورنيش,26.1279697,-14.4882669,Boujdour,,
8405616859,node,صيدلية جميلة,27.1323511,-13.1604389,Laayoune,,
8405617264,node,صيدلية سكينة,27.1358523,-13.1576825,Laayoune,+212 6 42 42 52 50,
8405617536,node,Pharmacie Karamat صيدلية كرامة,27.1233559,-13.1782697,Laayoune,+212 5 28 98 26 83,
8405621682,node,Pharmacie Al Amal صيدلية الأمل,27.1298632,-13.1662024,Laayoune,,
8405654515,node,Pharmacie Al Mousstakbal صيدلية المستقبل,27.1350026,-13.1634143,Laayoune,,
8405657115,node,Pharmacie Ibn Al Baitar صيدلية ابن البيطار,27.1325153,-13.1666437,Laayoune,,
8405666417,node,صيدلية بيد الله,27.1370028,-13.1613812,Laayoune,+212 5 28 99 02 03,
8405671546,node,Pharmacie Hay Al Mostaqbal صيدلية حي المستقبل,27.1331216,-13.170549,Laayoune,,
8405680796,node,Pharmacie Maryam صيدلية مريم,27.1267367,-13.1770708,Laayoune,,
8405688587,node,Pharmacie Al Wifag صيدلية الوفاق,27.1310813,-13.1740667,Laayoune,,
8405715266,node,صيدلية نصر الله,27.1423518,-13.1558627,Laayoune,,
8405717994,node,Pharmacie Hay Jamaa صيدلية حي جامع,27.1363011,-13.1664205,Laayoune,,
8405732515,node,صيدلية رزان,27.1383443,-13.1643606,Laayoune,,
8405740176,node,صيدلية الفرابي,27.1385894,-13.1677891,Laayoune,+212 8 08 62 68 47,
8405742058,node,Pharmacie Al Yousr صيدلية اليسر,27.1359956,-13.1814945,Laayoune,,
8405748571,node,Pharmacie Annassiha صيدلية النصيحة,27.1428889,-13.160863,Laayoune,,
8405762452,node,Pharmacie Habiba صيدلية حبيبة,27.1382918,-13.1753576,Laayoune,,
8405769911,node,Pharmacie Al Haramain صيدلية الحرمين,27.1401297,-13.1782919,Laayoune,,
8405975247,node,Pharmacie Al Andalouss صيدلية الاندلس,27.1363321,-13.1942269,Laayoune,,
8405989569,node,صيدلية الفتح,27.1363966,-13.1851853,Laayoune,+212 5 28 99 14 88,
8406008902,node,Pharmacie Ibn Sina صيدلية ابن سينا,27.137423,-13.1900293,El Aaiún العيون‎,,
8406013497,node,Pharmacie Populaire الصيدلية الشعبية,27.1377977,-13.1998033,Laâyoune,,
8406063387,node,Pharmacie Al Abadila صيدلية العبادلة,27.1435925,-13.1975094,العيون Laâyoune,,
8406072224,node,Pharmacie Aicha صيدلية عائشة,27.1432679,-13.1935183,Laayoune,,
8406078726,node,Pharmacie Achraf صيدلية أشرف,27.1464185,-13.1972466,العيون Laâyoune,,
8406082369,node,La Grande Pharmacie الصيدلية الكبرى,27.1459506,-13.1902889,Laâyoune,,
8406083833,node,Pharmacie Ben Qadi صيدلية بن القاضي,27.1432775,-13.2026646,العيون Laâyoune,,
8406094115,node,Pharmacie Nezar صيدلية نزار,27.1509782,-13.2020263,Laâyoune,,
8406112885,node,صيدلية النهضة الكبرى,27.1451582,-13.1866304,Laayoune,+212 5 28 98 50 19,
8406116227,node,صيدلية صامد,27.1466369,-13.1822691,Laayoune,+212 5 28 89 27 35,
8406116753,node,Pharmacie Al Fadl صيدلية الفضل,27.1494985,-13.1901065,Laayoune,,
8406120878,node,Pharmacie Moulay Rachid صيدلية مولاي رشيد,27.1488207,-13.1868933,Laâyoune,,
8406124624,node,Pharmacie Al Oum صيدلية الأم,27.1550546,-13.1874565,Laayoune,,
8406128591,node,Pharmacie Azzahraa صيدلية الزهراء,27.149952,-13.1953959,Laâyoune,,
8406156558,node,Pharmacie Ibn Rochd صيدلية ابن رشد,27.1619706,-13.2010902,Laâyoune,,
8406157932,node,صيدلية مولاي عبد العزيز,27.1572478,-13.2058511,Laâyoune,+212 5 28 89 22 27,
8406160597,node,Pharmacie Sakia El Hamra صيدلية الساقية الحمراء,27.9417498,-12.9234222,Tarfaya ⵟⴰⵔⴼⴰⵢⴰ طرفاية,,
8406169869,node,Pharmacie Al Assouak صيدلية الأسواق,27.1636089,-13.2089249,Laayoune,,
8406185182,node,Pharmacie Al Andalous صيدلية الأندلس,23.7043691,-15.948398,Dakhla,,
8406186744,node,Pharmacie El Kamar صيدلية القمر,27.155335,-13.1987728,Laâyoune,,
8406187305,node,Pharmacie Al Wahda,27.1568433,-13.2027532,Laayoune,,
8406195850,node,Pharmacie Elmustapha صيدلية المصطفى,27.1624181,-13.2066906,Laâyoune,,
8406204664,node,Pharmacie Chifaa صيدلية الشفاء,27.1632843,-13.2129187,Laayoune,,
8406219644,node,Pharmacie Deredik صيدلية ديريديك,27.1487974,-13.2078581,Laayoune,,
8406224552,node,صيدلية وليد,27.1532175,-13.2078688,Laâyoune,+212 5 28 89 25 89,
8406225607,node,Pharmacie Al Massjid صيدلية المسجد,27.1551411,-13.2049559,Laayoune,,
8406227209,node,Pharmacie Catalonia صيدلية كاطالونيا,27.1614814,-13.2154936,Laayoune,,
8406235566,node,Pharmacie de Place Saint Exupery صيدلية سانت ٌإكسوبيغي,27.9395266,-12.9259659,Tarfaya ⵟⴰⵔⴼⴰⵢⴰ طرفاية,,
8406253650,node,Pharmacie Mawhoub صيدلية موهوب,27.132772,-13.1986205,Laâyoune,,
8406257127,node,Pharmacie El Mazmour صيدلية المزمور,27.126883,-13.173448,Laayoune,,
8406269784,node,Pharmacie Anas Ibno Malik صيدلية أنس ابن مالك,27.1333138,-13.1851747,Laayoune,+212 5 28 98 28 94,
8406283974,node,Pharmacie Al Rahmane صيدلية الرحمان,27.1296611,-13.1791058,Laayoune,+212 5 28 98 42 88,
8406357702,node,Pharmacie Al Imane,27.1530813,-13.1969563,Laâyoune,,
8406434367,node,Pharmacie Almarssa صيدلية المرسى,27.098356,-13.4113206,Laayoune,,
8406462848,node,Pharmacie Oued Eddahab صيدلية وادي الذهب,27.1478149,-13.1957675,Laâyoune,,
8406463264,node,Pharmacie Dakar صيدلية دكار,27.0940102,-13.4079946,El Marsa المرسى,,
8406471308,node,Pharmacie Amghagh صيدلية امغاغ,27.1576937,-13.1994831,Laâyoune,,
8406472389,node,Pharmacie Annour صيدلية النور,27.1455093,-13.2071937,Laayoune,,
8406478257,node,Pharmacie Al Hidaya صيدلية الهداية,27.1583876,-13.1876565,Laayoune,,
8406498420,node,Pharmacie Laâyoune صيدلية العيون,27.1398382,-13.1888716,El Aaiún العيون‎,,
8406501299,node,Pharmacie Route Smara صيدلية طريق السمارة,27.142786,-13.1891103,Laâyoune,,
8406502225,node,صيدلية القيروان,27.153278,-13.2018159,Laayoune,+212 5 28 89 42 52,
8406505627,node,Pharmacie Rabab صيدلية رباب,27.1394874,-13.185897,Laâyoune,,
8406511899,node,Pharmacie La Mecque صيدلية مكة,27.1455738,-13.1929351,Laâyoune,,
8406517036,node,Pharmacie Ben El Mehdi صيدلية بن المهدي,27.1550231,-13.1922964,Laayoune,,
8406531325,node,Pharmacie Arraha صيدلية الراحة,27.1345894,-13.1780703,Laayoune,,
8406562330,node,Pharmacie Les Hopitaux صيدلية المستشفيات,27.1566651,-13.1961051,Laâyoune,,
8406590151,node,Pharmacie attaaoune صيدلية التعاون,27.1489035,-13.2106753,Laayoune,,
8406609123,node,Pharmacie Al Ouda صيدلية العودة,27.1294991,-13.1623481,Laayoune,,
8406627352,node,Pharmacie Macha-Allah صيدلية ما شاء الله,27.1303188,-13.169373,Laayoune,,
8406654384,node,84 صيدلية,27.1430939,-13.1651812,Laayoune,,
8406667567,node,Pharmacie Rahma صيدلية رحمة,27.1354998,-13.1986031,Laâyoune,,
8406677732,node,Pharmacie Hagounia صيدلية الحكونية,27.1407286,-13.1993967,Laâyoune,,
8406694375,node,Pharmacie La Grande Skikma صيدلية اسكيكيمة الكبرى,27.1391919,-13.1973582,Laâyoune,,
8408188922,node,Pharmacie Aïn Rahma صيدلية عين الرحمة,28.4288933,-11.1072756,Tan-Tan طانطان,,
8408198002,node,Pharmacie Tan-Tan صيدلية طان طان,28.4319031,-11.106385,Tan-Tan,,
8408266759,node,Pharmacie Sahara صيدلية الصحراء,28.4385123,-11.1015865,Tan-Tan,,
8408274738,node,Pharmacie Chaâb صيدلية الشعب,28.4380814,-11.0954642,Tan-Tan طانطان,,
8408278091,node,Pharmacie El Massira صيدلية المسيرة,28.4356934,-11.0939919,Tan-Tan,,
8408304528,node,Pharmacie Al Janoub صيدلية الجنوب,28.4392658,-11.0923821,Tan-Tan طانطان,,
8408333027,node,Pharmacie Annahda صيدلية النهضة,28.4408618,-11.0891073,Tan-Tan طانطان,,
8408338074,node,Pharmacie Alfath صيدلية الفتح,28.4418005,-11.0921598,Tan-Tan طانطان,,
8408358391,node,Pharmacie Al Madina صيدلية المدينة,28.4399349,-11.1105586,Tan-Tan طانطان,,
8408364574,node,Pharmacie Ibn Sina صيدلية ابن سينا,28.4410413,-11.0852075,Tan-Tan طانطان,,
8408376555,node,Pharmacie de l'Hôpital صيدلية المستشفى,28.4406656,-11.1130693,Tan-Tan,,
8408623447,node,Pharmacie la Mosqueė صيدلية المسجد,28.442425,-11.1117396,Tan-Tan,,
8408636350,node,Pharmacie Tiguiria صيدلية تيغيريا,28.4446492,-11.1069374,Tan-Tan,,
8408663200,node,Pharmacie al andalouss صيدلية الأندلس,28.437997,-11.1140219,Tan-Tan,,
8409092392,node,Pharmacie Almasira صيدلية المسيرة,28.9909908,-10.0613907,كلميم,,
8409139427,node,Pharmacie Bentaher صيدلية بنطاهر,28.9916033,-10.0596079,Guelmim,,
8409149460,node,Pharmacie Du Palais صيدلية القصر,28.989643,-10.0596443,Guelmim,,
8409162381,node,Pharmacie Oued Noun صيدلية واد نون,28.9872898,-10.059278,Guelmim ⴳⵍⵎⵉⵎ كلميم,,
8409169544,node,Pharmacie La Santé صيدلية الصحة,28.9916662,-10.0549912,Guelmim,,
8409190406,node,Pharmacie Tafilalet صيدلية تافيلالت,28.9852011,-10.0598706,Guelmim,,
8409343203,node,Pharmacie Principale الصيدلية الرئيسية,28.9854097,-10.0524484,كلميم,,
8409357642,node,Pharmacie Oumaima صيدلية أميمة,28.9859564,-10.0527293,كلميم,,
8409406223,node,Pharmacie Echaab صيدلية الشعب,28.98862,-10.0501007,Guelmim,,
8409408378,node,Pharmacie Moderne الصيدلية العصرية,28.9888222,-10.0519683,Guelmim,,
8409416010,node,Pharmacie Tayert صيدلية تيرت,28.9904504,-10.0429191,Guelmim,,
8409444923,node,Pharmacie Elazhar صيدلية الأزهر,28.9879547,-10.0470154,Guelmim,,
8409459333,node,Pharmacie Badr صيدلية بدر,28.9918272,-10.0470302,Guelmim,,
8409463176,node,Pharmacie Al Mosalla صيدلية المصلى,29.0006885,-10.0451217,Guelmim,,
8409485439,node,Pharmacie Guelmim صيدلية كلميم,28.9858139,-10.0571567,Guelmim ⴳⵍⵎⵉⵎ كلميم,,
8409496017,node,Pharmacie Ichrak صيدلية إشراق,28.9924158,-10.0503717,Guelmim,,
8409498775,node,Pharmacie Soumaya صيدلية سمية,28.9841257,-10.0461772,Guelmim ⴳⵍⵎⵉⵎ كلميم,,
8409511417,node,Pharmacie Chifaa صيدلية الشفاء,28.9908318,-10.0645579,Guelmim,,
8409521337,node,Pharmacie l'Hopital صيدلية المستشفى,28.9799912,-10.0555265,Guelmim,,
8409531935,node,Pharmacie Du Souk صيدلية السوق,28.981415,-10.0581115,Guelmim,,
8409561170,node,Pharmacie Al Qods صيدلية القدس,29.0019662,-10.0496017,Guelmim,,
8409562658,node,Pharmacie Mokhtar Soussi صيدلية المختار السوسي,28.9750399,-10.0592168,Guelmim ⴳⵍⵎⵉⵎ كلميم,,
8409565248,node,Pharmacie Mouquaouama صيدلية المقاومة,28.9982502,-10.0592399,Guelmim,,
8409576968,node,Pharmacie Hay Miri صيدلية حي ميري,28.9799847,-10.0477496,Guelmim,,
8409599186,node,Pharmacie Gharnata صيدلية غرناطة,28.976552,-10.0647052,Guelmim,,
8409630399,node,Pharmaci Idlhouss صيدلية إدلحوس,28.9899945,-10.0557961,Guelmim,,
8409652795,node,Pharmacie Route D'Ifni صيدلية طريق إفني,28.9897875,-10.0633678,Guelmim,,
8409658285,node,Pharmacie Almahatta صيدلية المحطة,28.9937886,-10.0577391,Guelmim,,
8409671470,node,Pharmacie Rond Point Camera,28.9908976,-10.0553611,Guelmim,,
8409711655,node,La Grande Pharmacie De Guelmim الصيدلية الكبرى لكلميم,28.9882002,-10.0574895,Guelmim ⴳⵍⵎⵉⵎ كلميم,,
8409726812,node,Pharmacie Bab Al Sahra صيدلية باب الصحراء,28.9859932,-10.054632,كلميم,,
8409732039,node,Pharmacie La Corniche صيدلية الكورنيش,28.996762,-10.0633205,Guelmim,,
8409739689,node,Pharmacie Wafi صيدلية الوافي,29.3779984,-10.1778153,Sidi Ifni,,
8409746989,node,Pharmacie Boulaalam صيدلية بولعالم,29.3766101,-10.171488,Sidi Ifni,,
8409828924,node,Pharmacie El Qods صيدلية القدس,29.3899751,-10.1602468,Sidi Ifni ⵙⵉⴷⵉ ⵉⴼⵏⵉ سيدي إفني,,
8409840326,node,Pharmacie Aït Baâmrane صيدلية آيت باعمران,29.3778921,-10.17126,Sidi Ifni ⵙⵉⴷⵉ ⵉⴼⵏⵉ سيدي إفني,,
8409868558,node,Pharmacie Al Fath صيدلية الفتح,29.3896573,-10.160043,Sidi Ifni ⵙⵉⴷⵉ ⵉⴼⵏⵉ سيدي إفني,,
8410164667,node,Pharmacie Elouatia صيدلية الوطية,28.4974618,-11.331219,El Ouatia ⵍⵡⵟⵢⴰ الوطية,,
8410181151,node,Pharmacie Lakhssas صيدلية الأخصاص,29.3566554,-9.755191,Lakhsas ⵍⴰⵅⵚⴰⵚ الأخصاص,,
8410204988,node,Pharmacie des FAR صيدلية الجيش الملكي,29.1787174,-9.7122656,Bouizakarne ⴱⵓⵢⵣⴰⴽⴰⵔⵏ بويزكارن,,
8410212883,node,Pharmacie Arrazi صيدلية الرازي,29.1798531,-9.7063585,Bouizakarne ⴱⵓⵢⵣⴰⴽⴰⵔⵏ بويزكارن,,
8410227097,node,Pharmacie Bednaben صيدلية بيدنابن;Bidnaben,29.1754872,-9.7140881,Bouizakarne ⴱⵓⵢⵣⴰⴽⴰⵔⵏ بويزكارن,,
8410232319,node,Pharmacie Al Madina صيدلية المدينة,29.1800482,-9.7215503,Bouizakarne ⴱⵓⵢⵣⴰⴽⴰⵔⵏ بويزكارن,,
8411641658,node,Pharmacie Bayti,33.9879171,-6.7344171,,,
8411804887,node,Pharmacie Polyclinique صيدلية بولتكنيك,29.7436585,-7.9651707,Tata ⵟⴰⵟⴰ طاطا,,
8411883715,node,Pharmacie Al Moustakbal صيدلية المستقبل,29.6829293,-9.7154369,Tiznit,,
8411903574,node,Pharmacie Hay Al Wahda صيدلية حي الوحدة,29.6877277,-9.7280598,Tiznit,,
8411918898,node,Pharmacie Principale الصيدلية الرئيسية,29.7204644,-8.9718394,Tafraout,,
8411941484,node,Pharmacie Ennakhil صيدلية النخيل,29.6837943,-9.7199515,Tiznit,,
8411941485,node,Pharmacie Ibn Sina صيدلية ابن سينا,29.6874947,-9.7237683,Tiznit,,
8411952514,node,Pharmacie Issafarn صيدلية إسفارن,29.7240627,-8.9720113,Tafraout,,
8411960463,node,Pharmacie Al Amal صيدلية الأمل,29.6875879,-9.7356236,Ph PAA,,
8411974156,node,Pharmacie Afrag صيدلية أفراك,29.6915653,-9.7344676,Tiznit,,
8411976712,node,Pharmacie Al Kayrawan صيدلية القيروان,29.6892143,-9.7320348,Tiznit,,
8411981215,node,Pharmacie Ighrem صيدلية إغرم,30.0899102,-8.4605872,Igherm ⵉⵖⵔⵎ إغرم,,
8411982121,node,Pharmacie Ben Omar صيدلية بن عمر,29.6891071,-9.737646,Tiznit,,
8411990080,node,Pharmacie Iligh صيدلية ايليغ,29.6881844,-9.7413367,Tiznit,,
8412008011,node,Pharmacie Tiznit صيدلية تزنيت,29.6974252,-9.7304523,Tiznit ⵜⵉⵣⵏⵉⵜ تزنيت,,
8412008933,node,Pharmacie Al Bahia صيدلية الباهية,29.6957314,-9.7321395,Tiznit ⵜⵉⵣⵏⵉⵜ تزنيت,,
8412115355,node,Pharmacie Europe صيدلية أوروبا,29.6994453,-9.7359696,Tiznit,,
8412136069,node,Pharmacie Des Amicales صيدلية لزاميكال,29.6973623,-9.7348807,Tiznit,,
8412136116,node,Pharmacie Sud صيدلية الجنوب,29.6979867,-9.7393009,Tiznit,,
8412136508,node,Pharmacie El Massira صيدلية المسيرة,29.7017145,-9.7419456,Tiznit,,
8412142462,node,Pharmacie Centrale الصيدلية المركزية,29.6979541,-9.7368226,Tiznit,,
8412151945,node,Pharmacie Ikram صيدلية اكرام,29.7025719,-9.7372839,Tiznit,,
8412156567,node,Pharmacie Charif Idrissi صيدلية الشريف الادريسي,29.7049436,-9.7363398,Tiznit,,
8412166855,node,Pharmacie De La Santé صيدلية الصحة,29.6996782,-9.7430989,Tiznit,,
8412183475,node,Pharmacie Provinciale الصيدلية الاقليمية,29.6936625,-9.723737,Tiznit,,
8412217810,node,Pharmacie Abouzaid صيدلية أبو زيد,29.7042633,-9.7402129,Tiznit,,
8412221654,node,Pharmacie De L'Hôpital صيدلية المستشفى,29.7045988,-9.7421387,Tiznit,,
8412232520,node,Pharmacie Narjou Achifaa صيدلية نرجو الشفاء,29.7059267,-9.7460065,Tiznit,,
8412236308,node,Pharmacie Erac صيدلية ايراك,29.6962466,-9.7424373,Tiznit,,
8412242937,node,Pharmacie Azioual صيدلية أزيوال,29.6909066,-9.7177143,Tiznit,,
8412244708,node,Pharmacie Guennouni Med صيدلية كنوني محمد,29.6920196,-9.7483073,Tiznit,,
8412253940,node,Pharmacie Assouk صيدلية السوق,29.6918665,-9.7229714,Tiznit,,
8412256652,node,Pharmacie Nouvelle الصيدلية الجديدة,29.6948045,-9.726973,Tiznit ⵜⵉⵣⵏⵉⵜ تزنيت,,
8412269591,node,Pharmacie Attakwine صيدلية التكوين,29.6906789,-9.7174871,Tiznit,,
8412284234,node,Pharmacie Route Guelmim صيدلية طريق كلميم,29.6905676,-9.7242396,Tiznit,,
8412285686,node,Pharmacie La Grande الصيدلية الكبرى,29.6940845,-9.7327094,Tiznit ⵜⵉⵣⵏⵉⵜ تزنيت,,
8412288075,node,Pharmacie Abi صيدلية أبي,30.6695374,-8.1798482,Aoulouz,,
8412288077,node,Pharmacie Aoulouz صيدلية أولوز,30.6728902,-8.1796013,Aoulouz ⴰⵡⵍⵓⵣ اولوز,,
8412289287,node,Pharmacie Peuple صيدلية الشعب,29.6966358,-9.7364701,Tiznit,,
8412296781,node,Pharmacie Fouk El Wad صيدلية فوق الواد,29.703303,-9.7283899,Tiznit ⵜⵉⵣⵏⵉⵜ تزنيت,,
8412320057,node,Pharmacie Ahl Souss صيدلية أهل سوس,30.671122,-8.1784325,Aoulouz,,
8412323092,node,Pharmacie Iliass صيدلية الياس,29.6943173,-9.7330168,Tiznit ⵜⵉⵣⵏⵉⵜ تزنيت,,
8412323998,node,Pharmacie Ait Maten صيدلية أيت ماتن,30.6741381,-8.1806167,Aoulouz ⴰⵡⵍⵓⵣ اولوز,,
8412332370,node,Pharmacie Bougdour صيدلية بوكدور,30.2130171,-9.3687232,Biougra بيوكرى,,
8412363898,node,Pharmacie L'arganier صيدلية شجرة أركان,30.6388734,-8.4766855,Oulad Berhil,,
8412369707,node,Pharmacie La Fontaine صيدلية النافورة,30.6360953,-8.4770194,Oulad Berhil ⵡⵍⴰⴷ ⴱⴰⵔⵃⵉⵍ اولاد برحيل,,
8412377305,node,Pharmacie Touama صيدلية توامة,30.210039,-9.3632119,Biougra ⴱⵢⵓⴳⵔⴰ بيوگرى,,
8412378941,node,Pharmacie Route Lkhmis صيدلية طريق الخميس,30.2117288,-9.3717177,Biougra بيوكرى,,
8412381372,node,Pharmacie Route Sebt صيدلية طريق السبت,30.2110429,-9.368478,Biougra,,
8412391377,node,Pharmacie Biougra صيدلية بيوكرى,30.2170809,-9.3710323,Biougra بيوكرى,,
8412394983,node,Pharmacie Ouled Berhil صيدلية أولاد برحيل,30.6395542,-8.4756351,Oulad Berhil,,
8412396897,node,Pharmacie Agharass Biougra صيدلية أغاراس بيوكرى,30.2152843,-9.363898,Biougra ⴱⵢⵓⴳⵔⴰ بيوگرى,,
8412401705,node,Pharmacie Famille صيدلية الأسرة,30.2160953,-9.3677007,Biougra ⴱⵢⵓⴳⵔⴰ بيوكرى,,
8412404813,node,Pharmacie Riad Hida صيدلية رياض حيدا,30.6387626,-8.4703689,Oulad Berhil,,
8412409262,node,Pharmacie Ibn Rochd صيدلية ابن رشد,30.2198341,-9.3752861,Biougra,,
8412415937,node,Pharmacie Al Majd صيدلية المجد,30.6419435,-8.4733767,Oulad Berhil ⵡⵍⴰⴷ ⴱⴰⵔⵃⵉⵍ اولاد برحيل,,
8412423190,node,Pharmacie L'Hôpital صيدلية المستشفى,30.2138079,-9.3766648,Biougra,,
8412424749,node,Pharmacie Lachali صيدلية لاشالي,30.2211923,-9.3769437,Biougra,,
8412431820,node,Pharmacie Achkid صيدلية أشكيد,30.2147505,-9.3687626,Biougra ⴱⵢⵓⴳⵔⴰ بيوگرى,,
8412434041,node,Pharmacie Oumelloul صيدلية أوملول,30.2183674,-9.3732514,Biougra,,
8412453727,node,Pharmacie Rbouh صيدلية ربوح,30.2208446,-9.3710965,Biougra,,
8412465117,node,Pharmacie Al Falah صيدلية الفلاح,30.2184435,-9.3791485,Biougra,,
8412470177,node,Pharmacie Sidi Said صيدلية سيدي سعيد,30.2217207,-9.3677598,Biougra,,
8412470844,node,Pharmacie Peuple صيدلية الشعب,30.2191202,-9.3676955,Biougra بيوكرى,,
8412479028,node,Pharmacie Bab Ait Saih صيدلية باب أيت سايح,30.2174932,-9.3570954,Biougra ⴱⵢⵓⴳⵔⴰ بيوگرى,,
8412483394,node,Pharmacie Assafaa صيدلية الصفاء,30.2252527,-9.3846899,Biougra,,
8412487667,node,Pharmacie Chifaa صيدلية الشفاء,30.2238714,-9.3677545,Biougra,,
8412586784,node,Phamacie El Mers صيدلية المرس,29.6990167,-9.7254198,Tiznit ⵜⵉⵣⵏⵉⵜ تزنيت,,
8412658185,node,Pharmacie Elmokhtar Soussi صيدلية المختار السوسي,29.6959498,-9.729636,Tiznit ⵜⵉⵣⵏⵉⵜ تزنيت,,
8412750563,node,Pharamcie El Ikhlass صيدلية الإخلاص,30.5045466,-8.7980666,Ait Iaaza,,
8412753703,node,Pharmacie PAM صيدلية بام,30.5062901,-8.8002594,Ait Iaaza,,
8412753949,node,Pharmacie Khair صيدلية الخير,30.5061009,-8.7931377,Ait Iaaza ⴰⵢⵜ ⵉⵄⵣⴰ آيت ايعزة,,
8412786627,node,Pharmacie Soussi صيدلية السوسي,30.5071605,-8.8025796,Ait Iaaza ⴰⵢⵜ ⵉⵄⵣⴰ آيت ايعزة,,
8412798523,node,Pharmacie Adrar صيدلية أدرار,30.0715018,-9.1547857,Ait Baha ⴰⵉⵜ ⴱⴰⵀⴰ ايت باها,,
8412810944,node,Grande Pharmacie Ait Baha الصيدلية الكبرى ايت باها,30.0722715,-9.1536783,Ait Baha ⴰⵉⵜ ⴱⴰⵀⴰ ايت باها,,
8412828697,node,Pharmacie Azmani صيدلية أزماني,30.3788679,-9.0168594,Guerdane ⵍⴳⵔⴷⴰⵏ الكردان,,
8413077511,node,Pharmacie El Guerdane صيدلية الكردان,30.3789438,-9.0180959,Guerdane ⵍⴳⵔⴷⴰⵏ الكردان,,
8413096785,node,Pharmacie du Centre صيدلية المركز,30.3774051,-9.021163,Sebt Guerdane ⵙⴱⵜ ⵍⴳⵔⴷⴰⵏ سبت الكردان,,
8413107154,node,Pharmacie Mahane صيدلية مهان,30.3802547,-9.018617,Sebt Guerdane,,
8413158150,node,Pharmacie Les Orangers صيدلية البرتقال,30.3947366,-9.2098313,OULAD TEIMA,,
8413159290,node,Pharmacie Ouled Teima صيدلية اولاد تايمة,30.3921777,-9.2141298,Ouled-Teima ⴰⵡⵍⴰⴷ ⵜⴰⵢⵎⴰ أولاد تايمة,,
8413197168,node,Pharmacie Belghali صيدلية بلغالي,30.3939903,-9.2141966,Ouled-Teima ⴰⵡⵍⴰⴷ ⵜⴰⵢⵎⴰ أولاد تايمة,,
8413198559,node,Pharmacie du Souk صيدلية السوق,30.3916316,-9.2100804,Oulad-Teima,,
8414818708,node,Pharmacie Conseil صيدلية النصيحة,30.3889886,-9.2090952,Oulad-Teima,,
8414850669,node,Pharmacie 44 صيدلية,30.390112,-9.2139351,Oulad-Teima,,
8414850713,node,Nouvelle Pharmacie الصيدلية الجديدة,30.3911583,-9.2167999,Oulad-Teima,,
8414860838,node,Pharmacie Ouled Said صيدلية أولاد سعيد,30.3885664,-9.2164424,Oulad-Teima,,
8414860996,node,Pharmacie Ahl Souss صيدلية أهل سوس,30.2388515,-9.5259813,Sidi Bibi ⵙⵉⴷⵉ ⴱⵉⴱⵉ سيدي بيبي,,
8414866076,node,Pharmacie Houara صيدلية هوارة,30.3925106,-9.2166357,Oulad-Teima,,
8414876265,node,Pharmacie Chrarda صيدلية شراردة,30.3916745,-9.217449,Oulad-Teima,,
8414902266,node,Pharmacie Sidi Bibi صيدلية سيدي بيبي,30.237526,-9.5269056,Sidi Bibi,,
8414906327,node,Pharmacie Principale الصيدلية الرئيسية,30.2367966,-9.5267207,Sidi Bibi ⵙⵉⴷⵉ ⴱⵉⴱⵉ سيدي بيبي,,
8414921502,node,Pharmacie Al Nass صيدلية الناس,30.2369509,-9.530381,Sidi Bibi,,
8414925142,node,Pharmacie Attakadoum صيدلية التقدم,30.3956548,-9.2142502,Ouled-Teima ⴰⵡⵍⴰⴷ ⵜⴰⵢⵎⴰ أولاد تايمة,,
8414947137,node,Pharmacie Anahda Alkobra صيدلية النهضة الكبرى,30.3812437,-9.2201105,Oulad-Teima,,
8414951972,node,Pharmacie El Hadi صيدلية الهادي,30.3903182,-9.2231655,Ouled Teima ⴰⵡⵍⴰⴷ ⵜⴰⵢⵎⴰ أولاد تايمة,,
8415207592,node,Pharmacie Ouakssim صيدلية واقسيم,30.2930423,-9.4566677,Lqliaa القليعة,,
8415216382,node,Pharmacie Al Mostawssaf صيدلية المستوصف,30.3003697,-9.4690893,Lqliaa,,
8415221078,node,Pharmacie Ayour صيدلية أيور,30.2865615,-9.4514016,Lqliaa ⴰⵍⵇⵍⵉⵄⴰ القليعة,,
8415225484,node,Pharmacie La Kasbah صيدلية القصبة,30.288693,-9.4533377,Lqliaa,,
8415225676,node,Pharmacie Du Quartier صيدلية الحي,30.2977941,-9.461015,Lqliaa ⴰⵍⵇⵍⵉⵄⴰ القليعة,,
8415240462,node,Pharmacie Jnanat Sidi Daouad صيدلية جنانات سيدي داوود,30.2912926,-9.4504594,Lqliaa,,
8415243644,node,Pharmacie Santé صيدلية الصحة,30.382474,-9.2214847,Oulad-Teima,,
8415243849,node,Pharmacie La Source صيدلية لعوينة,30.2944828,-9.4585199,Lqliaa القليعة,,
8415250406,node,Pharmacie Souk صيدلية السوق,30.2923937,-9.4614586,Lqliaa,,
8415260603,node,Pharmacie Boukhrisse صيدلية بوخريص,30.4015748,-9.2289155,Ouled Teima ⴰⵡⵍⴰⴷ ⵜⴰⵢⵎⴰ أولاد تايمة,,
8415262773,node,Pharmacie Mounawar صيدلية منور,30.2931333,-9.4724518,Lqliaa,,
8415262789,node,Pharmacie Lkhmayess صيدلية لخمايس,30.2934897,-9.4727784,Lqliaa,,
8415272631,node,Pharmacie El Ouahhabi صيدلية الوهابي,30.2952775,-9.4564119,Lqliaa القليعة,,
8415276365,node,Pharmacie Jerada صيدلية جرادة,30.2967193,-9.4644719,Lqliaa,,
8415287615,node,Pharmacie Radouani صيدلية الرضواني,30.4000299,-9.2142612,Oulad-Teima,,
8415288512,node,Pharmacie Ben Jillali صيدلية بن جلالي,30.299277,-9.4623165,Lqliaa ⴰⵍⵇⵍⵉⵄⴰ القليعة,,
8415291491,node,Pharmacie Al Houda صيدلية الهدى,30.2961288,-9.4674482,Lqliaa,,
8415291492,node,Pharmacie Al Izdihar صيدلية الازدهار,30.2938462,-9.4683602,Lqliaa,,
8415299577,node,Pharmacie Place Des Fêtes صيدلية ساحة الحفلات,30.2968896,-9.4734809,Lqliaa,,
8415300181,node,Pharmacie Lotfi صيدلية لطفي,30.3997969,-9.2184202,Ouled Teima ⴰⵡⵍⴰⴷ ⵜⴰⵢⵎⴰ أولاد تايمة,,
8415311711,node,Pharmacie Cheninat صيدلية شنينات,30.4072453,-9.21899,Ouled Teima ⴰⵡⵍⴰⴷ ⵜⴰⵢⵎⴰ أولاد تايمة,,
8415315233,node,Pharmacie Rteim صيدلية رطيم,30.40268,-9.2219099,Oulad-Teima,,
8415329639,node,Pharmacy Al jawhari صيدلية الجوهري,30.4001098,-9.223855,Oulad-Teima,,
8415330084,node,Pharmacie Ben Anfar صيدلية بن أنفر,30.3038978,-9.4701161,Lqliaa,,
8415334316,node,Pharmacie Lycée صيدلية الثانوية,30.3082949,-9.4705744,Lqliaa,,
8415337045,node,Pharmacie Al Anwar صيدلية الأنوار,30.3005573,-9.4640246,Lqliaa ⴰⵍⵇⵍⵉⵄⴰ القليعة,,
8415339597,node,Pharmacie La Santé صيدلية الصحة,30.3023067,-9.4773058,Lqliaa,,
8415342557,node,Pharmacie Lqliaa صيدلية القليعة,30.3041611,-9.4691201,Lqliaa,,
8415346928,node,Pharmacie Arrahman صيدلية الرحمان,30.3033189,-9.4664624,Lqliaa,,
8415347541,node,Pharmacie Al Fajr صيدلية الفجر,30.4071403,-9.2235217,Oulad-Teima,,
8415367144,node,Pharmacie Qweit Lqliaa صيدلية كويت لقليعة,30.3057478,-9.4721582,Lqliaa,,
8415367809,node,Pharmacie El Fath صيدلية الفتح,30.3111836,-9.4766689,Lqliaa,,
8415378211,node,Pharmacie Laazib صيدلية العزيب,30.317993,-9.4813194,Lqliaa,,
8415379847,node,Pharmacie Al Wiam صيدلية الوئام,30.3983731,-9.1902755,Ouled Teima ⴰⵡⵍⴰⴷ ⵜⴰⵢⵎⴰ أولاد تايمة,,
8415383600,node,Pharmacie La Commune صيدلية الجماعة,30.3095013,-9.476568,Lqliaa,,
8415384018,node,Pharmacie Principale الصيدلية الرئيسية,30.3107614,-9.4725464,Lqliaa,,
8415389744,node,Pharmacie Bab Lqliaa صيدلية باب القليعة,30.3139718,-9.4751705,Lqliaa,,
8415391433,node,Pharmacie Anwal صيدلية أنوال,30.401048,-9.1898796,Ouled Teima ⴰⵡⵍⴰⴷ ⵜⴰⵢⵎⴰ أولاد تايمة,,
8415396145,node,Pharmacie Douar Laazib صيدلية دوار العزيب,30.317483,-9.478096,Lqliaa,,
8415410882,node,Pharmacie Chliouate صيدلية شليوط,30.4026931,-9.1860594,Ouled Teima ⴰⵡⵍⴰⴷ ⵜⴰⵢⵎⴰ أولاد تايمة,,
8415423337,node,Pharmacie Al Massira صيدلية المسيرة,30.3921274,-9.2190357,Ouled Teima ⴰⵡⵍⴰⴷ ⵜⴰⵢⵎⴰ أولاد تايمة,,
8415463575,node,Pharmacie Agadir صيدلية أكادير,30.3937106,-9.2111737,OULAD TEIMA,,
8415515580,node,Pharmacie Al Azhar صيدلية الأزهر,30.3957587,-9.2189698,Oulad-Teima,,
8415533134,node,Pharmacie Mekka صيدلية مكة,30.404751,-9.2223662,Oulad-Teima,,
8415754592,node,Pharmacie Zineb صيدلية زينب,30.1751185,-9.4868183,Ait Amira,,
8415784177,node,Pharmacie Tantaoui صيدلية طنطاوي,30.1713845,-9.4820367,Ait Amira,,
8415798193,node,Pharmacie La Poste صيدلية البريد,30.1764429,-9.4868798,Ait Amira,,
8415817241,node,Pharmacie Asrir صيدلية أسرير,30.1764165,-9.4899094,Aït Amira ⴰⵢⵜ ⵄⵎⵉⵔⴰ آيت اعميرة,,
8415820766,node,Pharmacie Al Fajr صيدلية الفجر,30.1765699,-9.4922962,Ait Amira,,
8415821423,node,Pharmacie Du Centre صيدلية المركز,30.1742894,-9.4917717,Ait Amira,,
8415839886,node,Pharmacie Jnane Essada صيدلية جنان السعادة,30.1763403,-9.49725,Aït Amira,,
8415842560,node,Pharmacie Ait Amira صيدلية أيت عميرة,30.1790241,-9.4854759,Ait Amira,,
8415843057,node,Pharmacie Chaabe صيدلية الشعب,30.1793656,-9.4891404,Ait Amira آيت اعميرة,,
8415881158,node,Pharmacie Tin Amara صيدلية تين عمارة,30.1703547,-9.5040521,Tin 'Amara,,
8416021127,node,Pharmacie Al Maadyate صيدلية المعديات,30.4651652,-8.873134,Taroudant,,
8416053855,node,Pharmacie Jnane Jamaa صيدلية جنان الجامع,30.4663175,-8.8796708,Taroudant,,
8416061163,node,Pharmacie Jawad صيدلية جواد,30.469068,-8.8746934,Taroudant,,
8416157717,node,Pharmacie du Sud صيدلية الجنوب,30.4686501,-8.880126,Taroudant,,
8416415392,node,Pharmacie Kasbah صيدلية القصبة,30.4720177,-8.8747474,Taroudant,,
8416471862,node,Pharmacie Jamaa Lakbir صيدلية جامع الكبير,30.4677963,-8.8786401,Taroudant,,
8416524894,node,Pharmacie Des Saadiens صيدلية السعديين,30.4702135,-8.8795699,Taroudant ⵜⴰⵔⵓⴷⴰⵏⵜ تارودانت,,
8416526704,node,Pharmacie Sidi O Sidi صيدلية سيدي وسيدي,30.471097,-8.8814565,Taroudant ⵜⴰⵔⵓⴷⴰⵏⵜ تارودانت,,
8416533518,node,Pharmacie Ibn Sina صيدلية ابن سينا,30.4729886,-8.8786487,Taroudant,,
8416571283,node,Pharmacie Lahbab صيدلية الأحباب,30.4742399,-8.8780987,Taroudant,,
8416574249,node,Pharmacie Al Massjid صيدلية المسجد,30.4721487,-8.866345,Taroudant,,
8416574485,node,Pharmacie Nadim صيدلية نديم,30.4694926,-8.861658,Taroudant,,
8416590297,node,Pharmacie Tafelagt صيدلية تافلاكت,30.4770399,-8.8788447,Taroudant,,
8416611126,node,Pharmacie Bab El Khmiss صيدلية باب الخميس,30.4765259,-8.8768706,Taroudant,,
8416616555,node,Pharmacie Mentaga صيدلية منتاكة,30.4780982,-8.8746825,Taroudant,,
8416621292,node,Pharmacie Al Nour صيدلية النور,30.4755636,-8.8808963,Taroudant,,
8416642681,node,Pharmacie Hay Hassani صيدلية الحي الحسني,30.4775508,-8.8819674,Taroudant,,
8416653645,node,Pharmacie Zraib صيدلية زرايب,30.4766525,-8.8891343,Taroudant,,
8416661957,node,Pharmacie Ibn Rochd صيدلية إبن رشد,30.470455,-8.8946,Taroudant,,
8416675315,node,Pharmacie Mhaita صيدلية المحايطة,30.4776338,-8.8631478,Taroudant,,
8416684266,node,Pharmacie Oasis صيدلية لوازيس,30.4743521,-8.8605937,Taroudant,,
8416691090,node,Pharmacie Principale الصيدلية الرئيسية,30.4695641,-8.8842913,Taroudant,,
8416695810,node,Pharmacie Bab Targhount صيدلية باب تارغونت,30.4694033,-8.887357,Taroudant,,
8416695811,node,Pharmacie Lastah صيدلية لاسطاح,30.486599,-8.873825,Taroudant,,
8416709021,node,Pharmacie Sidi Belkas صيدلية سيدي بلقاس,30.4701933,-8.8914184,Taroudant,,
8416726592,node,Pharmacie Al Faiz صيدلية الفايز,30.4617231,-8.8926348,Taroudant,,
8416756655,node,Pharmacie Akka صيدلية أقا,30.4660692,-8.8842345,Taroudant,,
8417679574,node,Pharmacie Ibn Taimia صيدلية ابن تيمية,30.3653172,-9.4150756,Temsia ⵜⴻⵎⵙⵉⵢⴰ التمسية,,
8417692225,node,Pharmacie Ait Moussa صيدلية أيت موسى,30.3680269,-9.366791,Temsia,,
8417698276,node,Pharmacie Dar Ben Cheikh صيدلية دار بن شيخ,30.3640524,-9.4318327,Temsia ⵜⴻⵎⵙⵉⵢⴰ التمسية,,
8417699922,node,Pharmacie Kelthoum صيدلية كلثوم,30.3633415,-9.4090033,Temsia ⵜⴻⵎⵙⵉⵢⴰ التمسية,,
8417702380,node,Pharmacie Du Croissant صيدلية الهلال,30.3644066,-9.4124272,Temsia,,
8417704022,node,Pharmacie Temsia صيدلية التمسية,30.3667163,-9.4190734,Temsia,,
8417704088,node,Pharmacie Al Masjid صيدلية المسجد,30.3614608,-9.4542824,Aït Melloul ⴰⵢⵜ ⵎⵍⵍⵓⵍ أيت ملول,,
8417723091,node,Pharmacie Nour Adrar صيدلية نور أدرار,30.3647938,-9.4211774,Temsia,,
8417739543,node,Pharmacie Douhi صيدلية دوحي,30.3643346,-9.4540185,Aït Melloul ⴰⵢⵜ ⵎⵍⵍⵓⵍ أيت ملول,,
8417742744,node,Pharmacie Al Qods صيدلية القدس,30.3629479,-9.4572327,Ait Melloul,,
8417748838,node,Pharmacie La Grande Pharmacie Azrou الصيدلية الكبرى أزرو,30.3603921,-9.4622184,Aït Melloul ⴰⵢⵜ ⵎⵍⵍⵓⵍ أيت ملول,,
8417752470,node,Pharmacie Assia صيدلية اسية,30.3522429,-9.4895253,Aït Melloul ⴰⵢⵜ ⵎⵍⵍⵓⵍ أيت ملول,,
8417754634,node,Pharmacie Assaiss صيدلية أسايس,30.3623588,-9.4622201,Aït Melloul ⴰⵢⵜ ⵎⵍⵍⵓⵍ أيت ملول,,
8417756936,node,Pharmacie Habiba صيدلية حبيبة,30.3599137,-9.4665057,Aït Melloul ⴰⵢⵜ ⵎⵍⵍⵓⵍ أيت ملول,,
8417761276,node,Pharmacie Al Moutakbal صيدلية المستقبل,30.3474726,-9.4944941,Ait Melloul,,
8417761590,node,Pharmacie Hay El Amal صيدلية حي الأمل,30.3535292,-9.4940826,Aït Melloul ⴰⵢⵜ ⵎⵍⵍⵓⵍ أيت ملول,,
8417773820,node,Pharmacie Chouhada صيدلية الشهداء,30.3502464,-9.4929491,Aït Melloul ⴰⵢⵜ ⵎⵍⵍⵓⵍ أيت ملول,,
8417782096,node,Pharmacie Al Azhar صيدلية الازهر,30.3483704,-9.4900998,Ait Melloul,,
8417784563,node,Pharmacie Essaada صيدلية السعادة,30.3429099,-9.4837025,Ait Melloul,,
8417790482,node,Pharmacie Al Hakim صيدلية الحكيم,30.344404,-9.4832211,Ait Melloul,,
8417805047,node,Pharmacie Admine صيدلية أدمين,30.3471376,-9.4855269,Aït Melloul ⴰⵢⵜ ⵎⵍⵍⵓⵍ أيت ملول,,
8417805274,node,Pharmacie Titrit صيدلية تيتريت,30.3446854,-9.4872117,Ait Melloul,,
8417812266,node,Pharmacie Essounni صيدلية السني,30.3442834,-9.487367,Ait Melloul,,
8417820885,node,Pharmacie Al Hayat صيدلية الحياة,30.3419182,-9.4867536,Ait Melloul,,
8417829670,node,Pharmacie Kolea صيدلية الكلية,30.3462605,-9.5013066,Aït Melloul ⴰⵢⵜ ⵎⵍⵍⵓⵍ أيت ملول,,
8418003015,node,Pharmacie Ifoulki صيدلية افولكي,30.3438958,-9.5171321,Ait Melloul,,
8418004827,node,Pharmacie Tamazart صيدلية تامازارت,30.3480237,-9.5135711,Aït Melloul ⴰⵢⵜ ⵎⵍⵍⵓⵍ أيت ملول,,
8418019762,node,Pharmacie Les Chalets صيدلية لشالي,30.3415702,-9.5020954,Ait Melloul,,
8418020024,node,Pharmacie Ait Melloul صيدلية أيت ملول,30.3438161,-9.5027428,Aït Melloul ⴰⵢⵜ ⵎⵍⵍⵓⵍ أيت ملول,,
8418020050,node,Pharmacie Al Chifaa صيدلية الشفاء,30.3482835,-9.5035368,Aït Melloul ⴰⵢⵜ ⵎⵍⵍⵓⵍ أيت ملول,,
8418023773,node,Pharmacie De Zagora صيدلية زاكورة,30.3292377,-5.8384217,Zagora ⵣⴰⴳⵓⵔⴰ زاكورة,,
8418027029,node,Pharmacie Hassania صيدلية حسنية,30.3461123,-9.5068252,Aït Melloul ⴰⵢⵜ ⵎⵍⵍⵓⵍ أيت ملول,,
8418031198,node,Pharmacie Grande Pharmacie Douar Laarab الصيدلية الكبرى دوار العراب,30.3413946,-9.5043839,Ait Melloul,,
8418042297,node,Pharmacie Mazine صيدلية مازين,30.3396446,-9.5066369,Ait Melloul,,
8418043806,node,Pharmacie El Baraka صيدلية البركة,30.3255147,-5.8375363,Zagora,,
8418051893,node,Pharmacie Agdal صيدلية أكدال,30.3389408,-9.4998724,Ait Melloul,,
8418065139,node,Pharmacie Nouri صيدلية نوري,30.3373528,-9.5044322,Aït Melloul ⴰⵢⵜ ⵎⵍⵍⵓⵍ أيت ملول,,
8418066075,node,Pharmacie Avenue Hassan II صيدلية شارع الحسن الثاني,30.3338714,-9.50375,Ait Melloul,,
8418066085,node,Pharmacie Al Fidraous صيدلية الفردوس,30.3318323,-5.837257,Zagora,,
8418066086,node,Pharmacie Amlak Souss صيدلية أملاك سوس,30.3347845,-9.508752,Ait Melloul,,
8418067941,node,Pharmacie Amarir صيدلية أمارير,30.3364407,-9.5020396,Ait Melloul,,
8418068015,node,Pharmacie Yassine صيدلية ياسين,30.3458329,-5.8384301,Zagora ⵣⴰⴳⵓⵔⴰ زاكورة,,
8418071821,node,Pharmacie Rihane صيدلية ريحان,30.3366926,-5.8387405,Zagora ⵣⴰⴳⵓⵔⴰ زاكورة,,
8418085649,node,Pharmacie Essafaa صيدلية الصفاء,30.3315696,-9.506757,Ait Melloul,,
8418087049,node,Pharmacie Lamine صيدلية لامين,30.3281945,-9.4986379,Aït Melloul ⴰⵢⵜ ⵎⵍⵍⵓⵍ أيت ملول,,
8418087053,node,Pharmacie Du Souk صيدلية السوق,30.3256663,-9.4972431,Ait Melloul,,
8418087057,node,Pharmacie Nouvelle الصيدلية الجديدة,30.3227449,-9.5020023,Aït Melloul ⴰⵢⵜ ⵎⵍⵍⵓⵍ أيت ملول,,
8418089673,node,Pharmacie Al Farah صيدلية الفرح,30.33362,-9.4999977,Ait Melloul,,
8418091034,node,Pharmacie Assafar صيدلية أسفار,30.3520621,-5.8395326,Zagora,,
8418103397,node,Pharmacie Al Mahata صيدلية المحطة,30.3549382,-5.8403302,Zagora,,
8418108631,node,Pharmacie Attakafoul صيدلية التكافل,30.3221151,-9.5072144,Aït Melloul ⴰⵢⵜ ⵎⵍⵍⵓⵍ أيت ملول,,
8418111250,node,Pharmacie Essenhaji Agadir صيدلية الصنهاجي أكادير,30.3172602,-9.5027479,Aït Melloul ⴰⵢⵜ ⵎⵍⵍⵓⵍ أيت ملول,,
8418116712,node,Pharmacie Al Mazar صيدلية المزار,30.3183878,-9.5203033,Aït Melloul ⴰⵢⵜ ⵎⵍⵍⵓⵍ أيت ملول,,
8418118070,node,Pharmacie Tohmo صيدلية طوهمو,30.3131657,-9.502584,Aït Melloul ⴰⵢⵜ ⵎⵍⵍⵓⵍ أيت ملول,,
8418132367,node,Pharmacie Agdz صيدلية أكدز,30.6936154,-6.4479115,Agdz ⴰⴳⴷⵣ أكدز,,
8418146556,node,Pharmacie Ennakhil صيدلية النخيل,30.6961857,-6.4483966,Agdz ⴰⴳⴷⵣ أكدز,,
8418330493,node,Pharmacie Famille صيدلية الأسرة,30.3329827,-9.5257074,Aït Melloul ⴰⵢⵜ ⵎⵍⵍⵓⵍ أيت ملول,,
8418332512,node,Pharmacie Kasbat Taher صيدلية قصبة طاهر,30.3324494,-9.5287815,Aït Melloul ⴰⵢⵜ ⵎⵍⵍⵓⵍ أيت ملول,,
8418348086,node,Pharmacie Sidi Mimoun صيدلية سيدي ميمون,30.3301159,-9.5210555,Aït Melloul ⴰⵢⵜ ⵎⵍⵍⵓⵍ أيت ملول,,
8418358934,node,Pharmacie Al Yasamin صيدلية الياسمين,30.3272765,-9.5246431,Aït Melloul ⴰⵢⵜ ⵎⵍⵍⵓⵍ أيت ملول,,
8418359472,node,Pharmacie Al Maghrib Al Arabi صيدلية المغرب العربي,30.3289198,-9.504113,Ait Melloul,,
8418360600,node,Pharmacie Al Jissr صيدلية الجسر,30.3417173,-9.515171,Aït Melloul ⴰⵢⵜ ⵎⵍⵍⵓⵍ أيت ملول,,
8418377736,node,Pharmacie El Mostafa صيدلية المصطفى,30.3290628,-9.5287019,Aït Melloul ⴰⵢⵜ ⵎⵍⵍⵓⵍ أيت ملول,,
8418389058,node,Pharmacie Granada صيدلية غرناطة,30.3453879,-9.4960054,Ait Melloul,,
8418396944,node,Pharmacie Moderne الصيدلية الحديثة,30.3486471,-9.5062386,Aït Melloul ⴰⵢⵜ ⵎⵍⵍⵓⵍ أيت ملول,,
8418416554,node,Pharmacie Atter صيدلية عاطر,30.3361879,-9.5067476,Ait Melloul,,
8418458635,node,Pharmacie Nass Jorf صيدلية ناس الجرف,30.3440704,-9.5394131,Inezgane ⵉⵏⴻⵣⴳⴰⵏ إنزگان,,
8418480408,node,Pharmacie Ait Kdif صيدلية أيت كضيف,30.9254492,-6.8842953,Ouarzazate ورزازات,,
8418483939,node,Pharmacie El Walidine صيدلية الواليدين,30.3465812,-9.5387677,Inezgane ⵉⵏⴻⵣⴳⴰⵏ إنزگان,,
8418484482,node,Pharmacie La Palmeraie صيدلية بستان النخيل,30.9222956,-6.8940313,OUARZAZATE,,
8418484911,node,Pharmacie Jorf صيدلية جرف,30.3489706,-9.537748,Inezgane ⵉⵏⴻⵣⴳⴰⵏ إنزگان,,
8418488625,node,Pharmacie Nouvelle الصيدلية الجديدة,30.3449545,-9.5431523,Inezgane ⵉⵏⴻⵣⴳⴰⵏ إنزگان,,
8418488626,node,Pharmacie Avicenne صيدلية ابن سينا,30.3446869,-9.5492761,Inezgane ⵉⵏⴻⵣⴳⴰⵏ إنزگان,,
8418489313,node,Pharmacie Massdoura صيدلية مصدورا,30.3498871,-9.5399474,Inezgane,,
8418489521,node,Pharmacie Bouzgar صيدلية بوزكار,30.3474382,-9.5353018,Inezgane ⵉⵏⴻⵣⴳⴰⵏ إنزگان,,
8418506821,node,Pharmacie Grande Pharmacie الصيدلية الكبرى,30.35135,-9.5386546,Inezgane ⵉⵏⴻⵣⴳⴰⵏ إنزگان,,
8418508053,node,Pharmacie Taj صيدلية تاج,30.3519425,-9.5413046,Inezgane,,
8418514197,node,Pharmacie Al Amaouine صيدلية الأمويين,30.3499167,-9.5526682,Inezgane,,
8418515763,node,Pharmacie 10 Ramadan صيدلية 10 رمضان,30.3511,-9.5438205,Inezgane,,
8418518183,node,Pharmacie La Grande Mosquée صيدلية المسجد الكبير,30.3494908,-9.5488863,Inezgane,,
8418521085,node,Pharmacie Chahir صيدلية شاهير,30.3474849,-9.5420669,Inezgane,,
8418541388,node,Pharmacie Les Hôpitaux صيدلية المستشفيات,30.3522182,-9.5379187,Inezgane ⵉⵏⴻⵣⴳⴰⵏ إنزگان,,
8418552130,node,Pharmacie Manar صيدلية منار,30.3474401,-9.5505815,Inezgane ⵉⵏⴻⵣⴳⴰⵏ إنزگان,,
8418554927,node,Pharmacie Essaada صيدلية السعادة,30.3552733,-9.5383156,Inezgane,,
8418556472,node,Pharmacie L'Unité صيدلية الوحدة,30.3519179,-9.5521299,Inezgane,,
8418565696,node,Pharmacie Al Wafaa صيدلية الوفاء,30.3523128,-9.5505376,Inezgane,,
8418565703,node,Pharmacie Tarraste صيدلية تاراست,30.352322,-9.5475282,Inezgane,,
8418569781,node,Pharmacie Al Massira صيدلية المسيرة,30.3551854,-9.5334179,Inezgane إنزكان,,
8418579093,node,Pharmacie Zahra صيدلية زهراء,30.3541901,-9.5421297,Inezgane,,
8418601315,node,Pharmacie Almogar صيدلية الموكار,30.3566204,-9.5318998,Inezgane إنزكان,,
8418601316,node,Pharmacie Argana صيدلية أركانة,30.3578887,-9.5380152,Inezgane ⵉⵏⴻⵣⴳⴰⵏ إنزگان,,
8418604475,node,Pharmacie Abir صيدلية عبير,30.360663,-9.5371498,Inezgane ⵉⵏⴻⵣⴳⴰⵏ إنزگان,,
8419182663,node,Pharmacie Annour صيدلية النور,30.920319,-6.9121125,Ouarzazate ⵡⴰⵔⵣⴰⵣⴰⵜ ورزازات,,
8419206122,node,Pharmacie Laboratoire du Sud صيدلية مختبر الجنوب,30.921605,-6.9158769,ouarzazate,,
8419221893,node,Pharmacie l'hôpital صيدلية المستشفى,30.9248886,-6.9142318,Ouarzazate,,
8419241933,node,Pharmacie Sidi Hsein صيدلية سيدي حساين,30.9261772,-6.9169441,Ouarzazate,,
8419340575,node,Pharmacie Al Hizame صيدلية الحزام,30.9276764,-6.927051,Ouarzazate,,
8419353362,node,Pharmacie Al Matar صيدلية المطار,30.9301939,-6.9085252,Ouarzazate,,
8419367839,node,Pharmacie Ibn Al Atik صيدلية ابن العتيق,30.9289584,-6.9236083,Ouarzazate,,
8419381219,node,Pharmacie Al Moussala صيدلية المصلى,30.9291997,-6.9056763,Ouarzazate ورزازات,,
8419384839,node,Pharmacie Al Wahda صيدلية الوحدة,30.9269364,-6.9047722,Ouarzazate ورزازات,,
8419395531,node,Pharmacie Al Maghreb Al Arabi صيدلية المغرب العربي,30.9283813,-6.8994142,Ouarzazate ورزازات,,
8419409773,node,Pharmacie Al Qods صيدلية القدس,30.9265625,-6.8933141,Ouarzazate,,
8419415753,node,Pharmacie El Filaha صيدلية الفلاحة,30.9246437,-6.8798132,Ouarzazate ورزازات,,
8419424918,node,Pharmacie Ibn Sina صيدلية ابن سينا,30.9263875,-6.8794226,Ouarzazate ورزازات,,
8419437339,node,Pharmacie Ouarzazate صيدلية ورزازات,30.9270247,-6.9399603,Ouarzazate,,
8420123650,node,Pharmacie Dadouch صيدلية دادوش,30.9339167,-6.9235483,Ouarzazate ورزازات,,
8420194437,node,Pharmacie Hay El Mohammadi صيدلية الحي المحمدي,30.9397095,-6.9382365,Ouarzazate ورزازات,,
8420203494,node,Pharmacie Arrahma صيدلية الرحمة,30.9375916,-6.9651201,Ouarzazate ورزازات,,
8420215855,node,Pharmacie Al Masjid صيدلية المسجد,30.925965,-6.9227039,Ouarzazate ورزازات,,
8420274954,node,Pharmacie Itrane صيدلية إثران,30.9258423,-6.9095214,Ouarzazate ورزازات,,
8420276141,node,Pharmacie Atlas صيدلية أطلس,30.9270673,-6.8963151,Ouarzazate ورزازات,,
8420331886,node,Pharmacie Tamlalte صيدلية تملالت,31.2420809,-6.1280574,Kalaat M'Gouna ⵜⵉⵖⵔⵎⵜ ⵏ ⵉⵎⴳⵓⵏⵏ قلعة مغونة,,
8420335124,node,Pharmacie Aït Hammou صيدلية ايت حمو,31.2372841,-6.129126,Kalaat M'Gouna ⵜⵉⵖⵔⵎⵜ ⵏ ⵉⵎⴳⵓⵏⵏ قلعة مغونة,,
8420345865,node,Pharmacie El Karam صيدلية الكرم,31.2383553,-6.1273732,Kalaat M'Gouna ⵜⵉⵖⵔⵎⵜ ⵏ ⵉⵎⴳⵓⵏⵏ قلعة مغونة,,
8420356712,node,Pharmacie Dades صيدلية دادس,31.2393106,-6.1252011,Kalaat M'Gouna,,
8420357865,node,Pharmacie Rose Dades صيدلية ورود دادس,31.2391091,-6.1281744,Kalaat M'Gouna ⵜⵉⵖⵔⵎⵜ ⵏ ⵉⵎⴳⵓⵏⵏ قلعة مغونة,,
8420367027,node,Pharmacie Al Amal صيدلية الأمل,31.240941,-6.1281997,Kalaat M'Gouna ⵜⵉⵖⵔⵎⵜ ⵏ ⵉⵎⴳⵓⵏⵏ قلعة مغونة,,
8420380735,node,Pharmacie Ruchdi صيدلية رشدي,31.2416597,-6.1160713,Kalaat M'Gouna,,
8420502908,node,Pharmacie Conseil صيدلية النصيحة,30.3541547,-9.5589527,Inezgane ⵉⵏⴻⵣⴳⴰⵏ إنزگان,,
8420506885,node,Pharmacie Al Andalouss صيدلية الأندلس,30.3616772,-9.5403677,Inezgane ⵉⵏⴻⵣⴳⴰⵏ إنزگان,,
8420513299,node,Pharmacie Taghazoute صيدلية تغازوت,30.3599203,-9.5339556,Inezgane ⵉⵏⴻⵣⴳⴰⵏ إنزگان,,
8420516589,node,Pharmacie Jamal صيدلية جمال,30.3641032,-9.5396173,Inezgane ⵉⵏⴻⵣⴳⴰⵏ إنزگان,,
8420532740,node,Pharmacie Amlal صيدلية أملال,30.3551894,-9.5524179,Inezgane,,
8420532748,node,Pharmacie Hader صيدلية حاضر,30.3585031,-9.5498036,Inezgane,,
8420534759,node,Pharmacie Souk صيدلية السوق,30.3592935,-9.5301967,Inezgane ⵉⵏⴻⵣⴳⴰⵏ إنزگان,,
8420541491,node,Pharmacie Hagounia صيدلية الحكونية,30.360173,-9.5282762,Inezgane ⵉⵏⴻⵣⴳⴰⵏ إنزگان,,
8420543225,node,Pharmacie Annour صيدلية النور,30.351784,-9.5572448,Inezgane,,
8420569853,node,Pharmacie Rmel صيدلية رمل,30.3559595,-9.5476869,Inezgane ⵉⵏⴻⵣⴳⴰⵏ إنزگان,,
8420580932,node,Pharmacie Rhal Ben Ahmed صيدلية رحال بن أحمد,30.3585662,-9.5459945,Inezgane,,
8420591954,node,Pharmacie Souk Al Houriya صيدلية سوق الحرية,30.3570403,-9.5263432,Inezgane ⵉⵏⴻⵣⴳⴰⵏ إنزگان,,
8420599179,node,Pharmacie Jihadia صيدلية جهادية,30.3644272,-9.5262425,Dcheira El Jihadia ⴷⵛⵉⵔⴰ ⵍⵊⵉⵀⴰⴷⵉⵢⴰ الدشيرة الجهادية,,
8420630981,node,Pharmacie Al Jihadis صيدلية الجهادي,30.3624794,-9.5300207,Dcheira El Jihadia ⴷⵛⵉⵔⴰ ⵍⵊⵉⵀⴰⴷⵉⵢⴰ الدشيرة الجهادية,,
8420645757,node,Pharmacie Rahma صيدلية رحمة,30.3665921,-9.5260101,Dcheira El Jihadia ⴷⵛⵉⵔⴰ ⵍⵊⵉⵀⴰⴷⵉⵢⴰ الدشيرة الجهادية,,
8420651298,node,Pharmacie Khouya صيدلية خويا,30.3695953,-9.51961,Dcheira El Jihadia ⴷⵛⵉⵔⴰ ⵍⵊⵉⵀⴰⴷⵉⵢⴰ الدشيرة الجهادية,,
8420657142,node,Pharmacie Titrite صيدلية تيتريت,30.3700512,-9.5262245,Dcheira El Jihadia ⴷⵛⵉⵔⴰ ⵍⵊⵉⵀⴰⴷⵉⵢⴰ الدشيرة الجهادية,,
8420918099,node,Pharmacie Dades صيدلية دادس,31.3717794,-5.9859779,Boumalne Dadès ⴱⵓⵎⴰⵍⵏ ⴷⴰⴷⵙ بومالن دادس,,
8421018327,node,Pharmacie Amougay صيدلية أموكاي,30.3664997,-9.5331602,Dcheira El Jihadia ⴷⵛⵉⵔⴰ ⵍⵊⵉⵀⴰⴷⵉⵢⴰ الدشيرة الجهادية,,
8421023169,node,Pharmacie Tenere صيدلية تينيري,31.3678241,-5.9773581,Boumalne Dadès,,
8421066056,node,Pharmacie Fetouaki صيدلية فطواكي,30.3644233,-9.5270046,Dcheira El Jihadia ⴷⵛⵉⵔⴰ ⵍⵊⵉⵀⴰⴷⵉⵢⴰ الدشيرة الجهادية,,
8421077247,node,Pharmacie Al Amine صيدلية الأمين,30.3663321,-9.5380839,Dcheira El Jihadia ⴷⵛⵉⵔⴰ ⵍⵊⵉⵀⴰⴷⵉⵢⴰ الدشيرة الجهادية,,
8421085959,node,Pharmacie Principale الصيدلية الرئيسية,30.371081,-9.535116,Dcheira El Jihadia ⴷⵛⵉⵔⴰ ⵍⵊⵉⵀⴰⴷⵉⵢⴰ الدشيرة الجهادية,,
8421093222,node,Pharmacie Al Kaoutar صيدلية الكوثر,30.3689967,-9.5347901,Dcheira El Jihadia ⴷⵛⵉⵔⴰ ⵍⵊⵉⵀⴰⴷⵉⵢⴰ الدشيرة الجهادية,,
8421112906,node,Pharmacie Ksima صيدلية كسيما,30.3703588,-9.5372958,Dcheira El Jihadia ⴷⵛⵉⵔⴰ ⵍⵊⵉⵀⴰⴷⵉⵢⴰ الدشيرة الجهادية,,
8421112907,node,Pharmacie Hamzaoui صيدلية حمزاوي,30.369462,-9.544678,Dcheira El Jihadia ⴷⵛⵉⵔⴰ ⵍⵊⵉⵀⴰⴷⵉⵢⴰ الدشيرة الجهادية,,
8421118264,node,Pharmacie La Liberté صيدلية الحرية,30.3716093,-9.5443634,Dcheira El Jihadia ⴷⵛⵉⵔⴰ ⵍⵊⵉⵀⴰⴷⵉⵢⴰ الدشيرة الجهادية,,
8421121437,node,Pharmacie La Pergola صيدلية لابيركولا,30.3720843,-9.550622,Dcheira El Jihadia ⴷⵛⵉⵔⴰ ⵍⵊⵉⵀⴰⴷⵉⵢⴰ الدشيرة الجهادية,,
8421144996,node,Pharmacie Tabarin صيدلية طاباران,30.3749628,-9.5323302,Dcheira El Jihadia ⴷⵛⵉⵔⴰ ⵍⵊⵉⵀⴰⴷⵉⵢⴰ الدشيرة الجهادية,,
8421154666,node,Pharmacie Najah Igroumai صيدلية نجاح اكروماي,30.3774992,-9.5391625,Dcheira El Jihadia ⴷⵛⵉⵔⴰ ⵍⵊⵉⵀⴰⴷⵉⵢⴰ الدشيرة الجهادية,,
8421161260,node,Pharmacie Tilila صيدلية تليلا,30.3743036,-9.5397798,Dcheira El Jihadia ⴷⵛⵉⵔⴰ ⵍⵊⵉⵀⴰⴷⵉⵢⴰ الدشيرة الجهادية,,
8421168700,node,Pharmacie Hammam Aachak صيدلية حمام أعشاق,30.373974,-9.5355831,Dcheira El Jihadia ⴷⵛⵉⵔⴰ ⵍⵊⵉⵀⴰⴷⵉⵢⴰ الدشيرة الجهادية,,
8421285888,node,Pharmacie Cokail صيدلية كوكاي,30.3747473,-9.5166802,Agadir ⴰⴳⴰⴷⵉⵔ أگادير,,
8421303558,node,Pharmacie Ibn El Haitam صيدلية ابن الهيثم,30.3775502,-9.5181789,Dcheira El Jihadia ⴷⵛⵉⵔⴰ ⵍⵊⵉⵀⴰⴷⵉⵢⴰ الدشيرة الجهادية,,
8421306014,node,Pharmacie Hay Sbai صيدلية حي السباعي,30.3768836,-9.534314,Dcheira El Jihadia ⴷⵛⵉⵔⴰ ⵍⵊⵉⵀⴰⴷⵉⵢⴰ الدشيرة الجهادية,,
8421306367,node,Pharmacie Darif صيدلية ضريف,30.3716331,-9.5238023,Dcheira El Jihadia ⴷⵛⵉⵔⴰ ⵍⵊⵉⵀⴰⴷⵉⵢⴰ الدشيرة الجهادية,,
8421315680,node,Pharmacie Fadesa صيدلية فاديزا,30.3768581,-9.5266676,Dcheira El Jihadia ⴷⵛⴰⵢⵔⴰ ⵍⵊⵉⵀⴰⴷⵉⵢⴰ الدشيرة الجهادية,,
8421323598,node,Pharmacie Masjid Assaka صيدلية مسجد أساكا,30.3811756,-9.5127637,Agadir ⴰⴳⴰⴷⵉⵔ أگادير,,
8421327121,node,Pharmacie Hay El Mers صيدلية حي المرس,30.3712453,-9.5288137,Dcheira El Jihadia ⴷⵛⵉⵔⴰ ⵍⵊⵉⵀⴰⴷⵉⵢⴰ الدشيرة الجهادية,,
8421327748,node,Pharmacie Bella صيدلية بلا,30.3746265,-9.5110591,Agadir ⴰⴳⴰⴷⵉⵔ أگادير,,
8421329003,node,Pharmacie Al Yosr صيدلية اليسر,30.3755591,-9.5235046,Dcheira El Jihadia,,
8421329311,node,Pharmacie Al Walae صيدلية الولاء,30.3723262,-9.5202854,Dcheira El Jihadia ⴷⵛⵉⵔⴰ ⵍⵊⵉⵀⴰⴷⵉⵢⴰ الدشيرة الجهادية,,
8421333043,node,Pharmacie Assaka صيدلية أساكا,30.3788332,-9.5153135,Agadir ⴰⴳⴰⴷⵉⵔ أگادير,,
8421342839,node,Pharmacie Bir Anzarane صيدلية بئر أنزران,30.3759548,-9.5081874,Agadir ⴰⴳⴰⴷⵉⵔ أگادير,,
8421362417,node,Pharmacie Souiri صيدلية صويري,30.3782698,-9.5095061,Agadir ⴰⴳⴰⴷⵉⵔ أگادير,,
8421395018,node,Pharmacie Said صيدلية سعيد,30.373721,-9.5501004,Dcheira El Jihadia ⴷⵛⵉⵔⴰ ⵍⵊⵉⵀⴰⴷⵉⵢⴰ الدشيرة الجهادية,,
8421427563,node,Pharmacie Amgala صيدلية أمكالا,30.3748601,-9.5485723,Dcheira El Jihadia ⴷⵛⵉⵔⴰ ⵍⵊⵉⵀⴰⴷⵉⵢⴰ الدشيرة الجهادية,,
8421468741,node,Pharmacie Dahabia صيدلية ذهبية,30.3955216,-9.5417417,Agadir ⴰⴳⴰⴷⵉⵔ أگادير,,
8421471779,node,Pharmacie Houch صيدلية حوش,30.3925587,-9.5368408,Agadir ⴰⴳⴰⴷⵉⵔ أگادير,,
8421474268,node,Pharmacie Anir صيدلية أنير,30.388669,-9.5375829,Dcheira El Jihadia ⴷⵛⵉⵔⴰ ⵍⵊⵉⵀⴰⴷⵉⵢⴰ الدشيرة الجهادية,,
8421492727,node,Pharmacie Adlouni صيدلية أدلوني,30.3925807,-9.5408253,Agadir ⴰⴳⴰⴷⵉⵔ أگادير,,
8421496213,node,Pharmacie Ait Mhand صيدلية أيت محند,30.3745644,-9.4997481,Agadir ⴰⴳⴰⴷⵉⵔ أگادير,,
8421525330,node,Pharmacie Zaytoun صيدلية زيتون,30.3800655,-9.4944783,Agadir ⴰⴳⴰⴷⵉⵔ أگادير,,
8421527097,node,Pharmacie Pharm14 صيدلية فارم14,30.3766098,-9.4967143,Agadir ⴰⴳⴰⴷⵉⵔ أگادير,,
8421527330,node,Pharmacie Des Quartiers صيدلية الأحياء,30.3770945,-9.4977649,Agadir ⴰⴳⴰⴷⵉⵔ أگادير,,
8421534850,node,Pharmacie Ait El Kadi صيدلية ايت القاضي,30.3728922,-9.4964221,Agadir,,
8421542243,node,Pharmacie La Santé صيدلية الصحة,30.3773271,-9.5017706,Agadir,,
8421542820,node,Pharmacie Hajeb صيدلية حاجب,30.3759458,-9.4950008,Agadir,,
8421548931,node,Pharmacie Al Walidayne صيدلية الوالدين,30.3732072,-9.4884837,Agadir ⴰⴳⴰⴷⵉⵔ أگادير,,
8421557605,node,Pharmacie Berada صيدلية برادة,30.3435759,-9.506276,Aït Melloul ⴰⵢⵜ ⵎⵍⵍⵓⵍ أيت ملول,,
8421557658,node,Pharmacie Tikiouine صيدلية تكوين,30.3753981,-9.5032987,Agadir,,
8421649814,node,Pharmacie du centre de santé صيدلية مركز الصحة,30.3092471,-9.4751421,Lqliaa,,
8422113132,node,Pharmacie Al Adouiya صيدلية الأدوية,30.3801042,-9.5044246,Agadir ⴰⴳⴰⴷⵉⵔ أگادير,,
8422128111,node,Pharmacie Adrar صيدلية أدرار,30.3859415,-9.5025404,Agadir,,
8422155362,node,Pharmacie Sefrihi صيدلية سفريحي,30.3822804,-9.4967334,Agadir,,
8422176554,node,Pharmacie Elmira صيدلية الميرة,30.3943069,-9.5151001,Agadir ⴰⴳⴰⴷⵉⵔ أگادير,,
8422178329,node,Pharmacie Jnane Adrar صيدلية جنان أدرار,30.38591,-9.4979936,Agadir,,
8422178331,node,Pharmacie Paris صيدلية باريس,30.3877177,-9.5075163,Agadir ⴰⴳⴰⴷⵉⵔ أگادير,,
8422178437,node,Pharmacie Al Akhawayne صيدلية الأخوين,30.3898485,-9.5007026,Agadir ⴰⴳⴰⴷⵉⵔ أگادير,,
8422189868,node,Pharmacie Africaine صيدلية أفريقيا,30.394081,-9.5079484,Agadir,,
8422193436,node,Pharmacie Grand Tilila صيدلية تليلا الكبرى,30.3993223,-9.511027,Agadir,,
8422212252,node,Pharmacie Liya صيدلية لية,30.3940161,-9.5160721,Agadir ⴰⴳⴰⴷⵉⵔ أگادير,,
8422218995,node,Pharmacie Al Bouchra صيدلية البشرى,30.3975944,-9.5183694,Agadir ⴰⴳⴰⴷⵉⵔ أگادير,,
8422221639,node,Pharmacie City Center صيدلية الحي المركزي,30.3960679,-9.5026055,Agadir,,
8422221875,node,Pharmacie La Nouvelle الصيدلية الجديدة,30.3933119,-9.5026897,Agadir ⴰⴳⴰⴷⵉⵔ أگادير,,
8422229656,node,Pharmacie Amrani صيدلية العمراني,30.3994366,-9.5145979,Agadir ⴰⴳⴰⴷⵉⵔ أگادير,,
8422237674,node,Pharmacie Majd صيدلية مجد,30.3985941,-9.5225822,Agadir ⴰⴳⴰⴷⵉⵔ أگادير,,
8422240321,node,Pharmacie Adam صيدلية ادم,30.3965118,-9.512527,Agadir,,
8422260165,node,Pharmacie Agdal صيدلية أكدال,30.401771,-9.5182517,Agadir ⴰⴳⴰⴷⵉⵔ أگادير,,
8422522843,node,Pharmacie Aghroud صيدلية أغروض,30.3725299,-9.5729042,Inezgane ⵉⵏⴻⵣⴳⴰⵏ إنزگان,,
8422741445,node,Pharmacie Tilila صيدلية تيليلا,30.4028215,-9.5213054,Agadir,,
8422777694,node,Pharmacie Niaamat Allah صيدلية نعمة الله,30.4037552,-9.5157982,Agadir,,
8422787807,node,Pharmacie Riad El Houda صيدلية رياض الهدى,30.4002042,-9.536471,Agadir ⴰⴳⴰⴷⵉⵔ أگادير,,
8422796437,node,Pharmacie Cité Universitaire Tilila صيدلية الحي الجامعي تبليلا,30.4043475,-9.5253672,Agadir,,
8422799893,node,Pharmacie Ayour صيدلية أيور,30.398576,-9.5308865,Agadir ⴰⴳⴰⴷⵉⵔ أگادير,,
8422857537,node,Pharmacie Al Messahat صيدلية المصحات,30.4009677,-9.5238197,Agadir ⴰⴳⴰⴷⵉⵔ أگادير,,
8422859461,node,Pharmacie Assafar صيدلية السفر,30.3984888,-9.533954,Agadir ⴰⴳⴰⴷⵉⵔ أگادير,,
8422868119,node,Pharmacie Noor El Houda صيدلية نور الهدى,30.3954359,-9.5347181,Agadir ⴰⴳⴰⴷⵉⵔ أگادير,,
8422870607,node,Pharmacie Leghzaoui صيدلية لغزاوي,30.3907086,-9.5454138,Agadir ⴰⴳⴰⴷⵉⵔ أگادير,,
8422871819,node,Pharmacie Mejjane صيدلية مجان,30.3952358,-9.5444007,Agadir ⴰⴳⴰⴷⵉⵔ أگادير,,
8422886874,node,Pharmacie Attawhid صيدلية التوحيد,30.3947575,-9.5379879,Agadir ⴰⴳⴰⴷⵉⵔ أگادير,,
8422889297,node,Pharmacie El Amri صيدلية العمري,30.3998587,-9.5460524,Agadir ⴰⴳⴰⴷⵉⵔ أگادير,,
8422895983,node,Pharmacie Al Manar صيدلية المنار,30.3985794,-9.548884,Agadir ⴰⴳⴰⴷⵉⵔ أگادير,,
8422896224,node,Pharmacie Tikida صيدلية تيكيدا,30.3991997,-9.5434344,Agadir ⴰⴳⴰⴷⵉⵔ أگادير,,
8422897694,node,Pharmacie Adouz صيدلية أدوز,30.3966236,-9.5497657,Agadir ⴰⴳⴰⴷⵉⵔ أگادير,,
8422898384,node,Pharmacie Rajaa صيدلية رجاء,30.3972032,-9.5460637,Agadir ⴰⴳⴰⴷⵉⵔ أگادير,,
8422903125,node,Pharmacie JetSakan صيدلية جيت سكن,30.3931191,-9.5487691,Agadir ⴰⴳⴰⴷⵉⵔ أگادير,,
8422908922,node,Pharmacie Attadamoun صيدلية التضامن,30.3899149,-9.5488971,Agadir ⴰⴳⴰⴷⵉⵔ أگادير,,
8422910011,node,Pharmacie Aicha صيدلية عائشة,30.3885261,-9.5638686,Agadir,,
8422914127,node,Pharmacie Tarik El Kheir صيدلية طريق الخير,30.3914696,-9.5549592,Agadir ⴰⴳⴰⴷⵉⵔ أگادير,,
8422929748,node,Pharmacie Anouar صيدلية أنور,30.3906273,-9.5590497,Agadir,,
8422930786,node,Pharmacie La Caserne صيدلية القشلة,30.3830386,-9.5674363,Agadir,,
8422935603,node,Pharmacie Bensergao صيدلية بنسركاو,30.3854998,-9.5719162,Agadir,,
8422957956,node,Pharmacie Benchrif صيدلية بن شريف,30.3851924,-9.5687432,Agadir,,
8422969857,node,Pharmacie Souika صيدلية سويقة,30.3874764,-9.5688138,Agadir,,
8422972826,node,Pharmacie Karima صيدلية كريمة,30.3890391,-9.56805,Agadir,,
8422973346,node,Pharmacie Moustawsaf صيدلية مستوصف,30.3910703,-9.5699476,AGADIR,,
8422973460,node,Pharmacie Hassan صيدلية حسن,30.388877,-9.5707336,Agadir,,
8422974607,node,Pharmacie El Wifaq صيدلية الوفاق,30.392532,-9.5636561,Agadir,,
8422978044,node,Pharmacie Nessrine صيدلية نسرين,30.3874259,-9.5729581,Agadir,,
8422978582,node,Pharmacie Radi صيدلية راضي,30.390562,-9.573639,Agadir,,
8422982936,node,Pharmacie La Grande Al Farah صيدلية الفرح الكبرى,30.3974601,-9.5684309,Agadir,,
8422986234,node,Pharmacie Ibn Zohr صيدلية ابن زهر,30.4025028,-9.5526991,Agadir,,
8422990685,node,Pharmacie Al Jisr صيدلية الجسر,30.3908949,-9.5658405,Agadir,,
8422996403,node,Pharmacie Oubelkhir صيدلية أوبلخير,30.3996068,-9.5592815,Agadir,,
8422997235,node,Pharmacie Chifaa Al Farah صيدلية الشفاء الفرح,30.3955122,-9.5580586,Agadir,,
8423001576,node,Pharmacie Le Complexe صيدلية المركب,30.3929041,-9.5611481,Agadir,,
8423007978,node,Pharmacie Ahl El Kheir صيدلية أهل الخير,30.4000382,-9.5674718,Agadir,,
8423013076,node,Pharmacie Odessa صيدلية أوديسا,30.3954828,-9.554416,Agadir,,
8423015783,node,Pharmacie Al Farah صيدلية الفرح,30.3973291,-9.5615653,Agadir,,
8423021719,node,Pharmacie Le Corail Salam صيدلية مرجان السلام,30.3999359,-9.5528638,Agadir,,
8423022421,node,Pharmacie Al Ikhlas صيدلية الإخلاص,30.4022288,-9.5458327,Agadir,,
8423045917,node,Pharmacie Andalousia صيدلية الأندلسية,30.3979864,-9.5556763,Agadir,,
8423051369,node,Pharmacie Assalam صيدلية السلام,30.402178,-9.5492924,Agadir,,
8423055578,node,Pharmacie Sara صيدلية سارة,30.4024775,-9.5426554,Agadir,,
8423070399,node,Pharmacie Alma Vita صيدلية ألما فيتا,30.3990925,-9.539537,Agadir,,
8423083365,node,Pharmacie Azizi صيدلية عزيزي,30.4123769,-9.5470525,Agadir,,
8423095234,node,Pharmacie Ibn Sina صيدلية ابن سينا,30.4152505,-9.5503004,Agadir,,
8423097665,node,Pharmacie Inezgane صيدلية إنزكان,30.3572713,-9.5336576,Inezgane ⵉⵏⴻⵣⴳⴰⵏ إنزگان,,
8423109554,node,Pharmacie El Hilal صيدلية الهلال,30.3503715,-9.5470536,Inezgane ⵉⵏⴻⵣⴳⴰⵏ إنزگان,,
8423162018,node,Pharmacie Populaire الصيدلية الشعبية,30.3568301,-9.5361553,Inezgane ⵉⵏⴻⵣⴳⴰⵏ إنزگان,,
8423840888,node,Pharmacie Al Amane صيدلية الأمان,30.3645081,-9.5250753,Dcheira El Jihadia ⴷⵛⵉⵔⴰ ⵍⵊⵉⵀⴰⴷⵉⵢⴰ الدشيرة الجهادية,,
8425212364,node,Pharmacie Les Gorges صيدلية ليكورج,31.5197322,-5.5320459,Tinghir ⵜⵉⵏⵖⵉⵔ تنغير,,
8425221405,node,Pharmacie Al Waffa صيدلية الوفاء,31.5207893,-5.5288936,Tinghir ⵜⵉⵏⵖⵉⵔ تنغير,,
8425248651,node,Pharmacie Tinghir صيدلية تنغير,31.5205391,-5.5305189,Tinghir ⵜⵉⵏⵖⵉⵔ تنغير,,
8425252814,node,Pharmacie Grand Atlas صيدلية الأطلس الكبير,31.5139197,-5.5388206,Tinghir,,
8425266205,node,Pharmacie Nafis صيدلية نفيس,31.5026196,-5.5408515,Tinghir,,
8425277975,node,Pharmacie Tawzzayte صيدلية توزايت,31.501192,-5.5333766,Tinghir,,
8425297406,node,Pharmacie Alyosr صيدلية اليسر,31.5077001,-5.5316006,Tinghir,,
8425310548,node,Pharmacie Assiha صيدلية الصحة,31.5105075,-5.5336071,Tinghir,,
8425419763,node,Pharmacie La Palmeraie صيدلية النخيل,31.6908763,-4.9562124,Goulmima ⴳⵓⵍⵎⵉⵎⴰ گلميمة,,
8425428231,node,Pharmacie Goulmima صيدلية كلميمة,31.6908099,-4.9541238,Goulmima ⴳⵓⵍⵎⵉⵎⴰ گلميمة,,
8425432257,node,Pharmacie De La mosquée صيدلية المسجد,31.6925627,-4.9540326,Goulmima ⴳⵓⵍⵎⵉⵎⴰ گلميمة,,
8425435311,node,Pharmacie Hopital 20 Aout صيدلية مستشفى 20 أغسطس,31.6828555,-4.9607403,كلميمة,,
8425674008,node,Pharmacie Almassira صيدلية المسيرة,31.5078621,-5.0367471,Tinejdad تنجداد,,
8425685765,node,Pharmacie Tinejdad صيدلية تنجداد,31.5095196,-5.0322487,Tinejdad ⵜⵉⵏⵊⴷⴰⴷ تنجداد,,
8425687307,node,Pharmacie Faiçal صيدلية فيصل,30.405527,-9.5531847,Agadir,,
8425688189,node,Pharmacie Des Facultés صيدلية الكليات,30.4064359,-9.5503711,Agadir,,
8425711689,node,Pharmacie Bachouch صيدلية بشوش,30.4057815,-9.5607674,Agadir,,
8425719905,node,Pharmacie L'Université صيدلية الجامعة,30.4097384,-9.548379,Agadir,,
8425742666,node,Pharmacie Mansour Dahbi صيدلية المنصور الدهبي,30.4145427,-9.5513744,Agadir,,
8425754548,node,Pharmacie Marjane Founty صيدلية مرجان فونتي,30.4147476,-9.5628623,Agadir,,
8425755202,node,Pharmacie Yousra صيدلية يسرى,30.4117256,-9.560468,Agadir,,
8425772390,node,Pharmacie Chifa صيدلية شفاء,30.4092154,-9.5589192,Agadir,,
8425779247,node,Pharmacie L'aéroport صيدلية المطار,31.9362822,-4.4045728,Errachidia ⵉⵎⵜⵖⴻⵔⵏ الرشيدية,,
8425781367,node,Pharmacie Ouled Elhaj صيدلية أولاد الحاج,31.9341926,-4.4083517,Errachidia ⵉⵎⵜⵖⴻⵔⵏ الرشيدية,,
8425783370,node,Nouvelle Pharmacie الصيدلية الجديدة,31.9363453,-4.4115714,Errachidia ⵉⵎⵜⵖⴻⵔⵏ الرشيدية,,
8425783371,node,Pharmacie Moulay Ali Cherif صيدلية مولاي علي الشريف,31.9391623,-4.4188226,Errachidia,,
8425793287,node,Pharmacie El Kadi Ben Driss صيدلية القاضي بن ادريس,30.4144916,-9.5638626,Agadir,,
8425800212,node,Pharmacie De France صيدلية فرنسا,30.4133364,-9.574119,Agadir,,
8425805532,node,Pharmacie Elmghari صيدلية المغاري,30.4117756,-9.5640562,Agadir,,
8425809188,node,Pharmacie Al Amal صيدلية الأمل,31.9414126,-4.4219408,Errachidia,,
8425810238,node,Pharmacie Errachidia صيدلية الرشيدية,31.9322755,-4.4272453,Errachidia ⵉⵎⵜⵖⴻⵔⵏ الرشيدية,,
8425810914,node,Pharmacie Itry صيدلية اتري,30.4076204,-9.5767262,Agadir,,
8425817915,node,Pharmacie des vallées صيدلية الأودية,31.9307461,-4.4262615,Errachidia ⵉⵎⵜⵖⴻⵔⵏ الرشيدية,,
8425818299,node,Pharmacie Elmassira صيدلية المسيرة,31.9201028,-4.42149,Errachidia,,
8425827220,node,Pharmacie Toubkal صيدلية توبقال,30.4091709,-9.5641788,Agadir,,
8425831421,node,Pharmacie Al Fath صيدلية الفتح,31.9288802,-4.4272539,Errachidia ⵉⵎⵜⵖⴻⵔⵏ الرشيدية,,
8425839099,node,Pharmacie L'Habitat صيدلية لابيطا,31.928671,-4.4210573,Errachidia,,
8425841257,node,Pharmacie Al Massira صيدلية المسيرة,30.4109293,-9.568023,Agadir,,
8425845547,node,Pharmacie Erraji صيدلية الراجي,30.4121724,-9.5711049,Agadir,,
8425847644,node,Pharmacie Al Michwar صيدلية المشوار,30.3946862,-9.5710401,AGADIR,,
8425851491,node,Pharmacie Al Hamra صيدلية الحمرى,30.4122733,-9.5771392,Agadir,,
8425862874,node,Pharmacie Al Oum Aicha صيدلية الأم عائشة,31.9174209,-4.4214494,Errachidia,,
8425873069,node,Pharmacie Amjad صيدلية أمجد,30.3981152,-9.5724017,Agadir,,
8425875618,node,Pharmacie Al Moustakbal صيدلية المستقبل,31.9181116,-4.4282013,Errachidia ⵉⵎⵜⵖⴻⵔⵏ الرشيدية,,
8425877242,node,Pharmacie Boutlamine صيدلية بوتلامين,31.924183,-4.4387958,Errachidia,,
8425883836,node,Pharmacie El Alami صيدلية العلمي,30.4067855,-9.5742029,Agadir,,
8425885229,node,Pharmacie El Waha صيدلية الواحة,31.9131402,-4.4334935,Errachidia ⵉⵎⵜⵖⴻⵔⵏ الرشيدية,,
8425894769,node,Pharmacie Oued Eddahab صيدلية واد الذهب,31.9166957,-4.4408727,Errachidia,,
8425895272,node,Pharmacie Al Inara صيدلية الإنارة,31.9129148,-4.4323783,Errachidia ⵉⵎⵜⵖⴻⵔⵏ الرشيدية,,
8425897075,node,Pharmacie Haut Founty صيدلية فونتي العليا,30.4012335,-9.5795913,Agadir,,
8425897076,node,Pharmacie Agadir Bay صيدلية أكادير باي,30.4010683,-9.5847458,Agadir,,
8425897616,node,Pharmacie Al Montazah صيدلية المنتزه,31.9163693,-4.4447159,Errachidia,,
8425902351,node,Pharmacie Hay Founty صيدلية حي فونتي,30.4017834,-9.5730536,Agadir,,
8425902408,node,Pharmacie Mohamed Yasser صيدلية محمد ياسر,31.9138222,-4.4464493,Errachidia,,
8425908224,node,Pharmacie Boutasra صيدلية بوتاسرا,30.3958719,-9.5737957,AGADIR,,
8425911050,node,Pharmacie Al Mouna صيدلية المنى,30.4098619,-9.5833796,Agadir,,
8425918103,node,Pharmacie Ayour صيدلية أيور,30.3878079,-9.5883787,Agadir,,
8425925226,node,Pharmacie Marjane Agadir صيدلية مرجان أكادير,30.3937761,-9.5813813,Agadir,,
8425927431,node,Pharmacie du Palais,30.4109102,-9.5919713,Agadir,,
8425929237,node,Pharmacie Dakhla صيدلية الداخلة,31.923678,-4.4353883,Errachidia,,
8425929239,node,Pharmacie Targa صيدلية تاركة,31.9278105,-4.4429916,Errachidia,,
8425952573,node,Pharmacie Annour صيدلية النور,31.9349617,-4.4509326,Errachidia,,
8425953329,node,Pharmacie Azemour صيدلية أزمور,31.9361465,-4.4476988,Errachidia ⵉⵎⵜⵖⴻⵔⵏ الرشيدية,,
8425955382,node,Pharmacie Ait Aissa صيدلية ايت عيسى,31.9271626,-4.4465871,Errachidia,,
8425967866,node,Pharmacie Masjid Targa Jdida صيدلية مسجد تاركا الجديدة,31.93061,-4.4422649,Errachidia ⵉⵎⵜⵖⴻⵔⵏ الرشيدية,,
8425978985,node,Pharmacie Ibn Rochd صيدلية ابن رشد,31.9377986,-4.4555933,Errachidia ⵉⵎⵜⵖⴻⵔⵏ الرشيدية,,
8426001117,node,Pharmacie La Cité Universitaire صيدلية الحي الجامعي,31.9377104,-4.452715,Errachidia ⵉⵎⵜⵖⴻⵔⵏ الرشيدية,,
8426004319,node,Pharmacie Acima صيدلية أسيما,31.9310274,-4.4537288,Errachidia ⵉⵎⵜⵖⴻⵔⵏ الرشيدية,,
8426008984,node,Pharmacie El Aati صيدلية العاطي,31.9348716,-4.456317,Errachidia ⵉⵎⵜⵖⴻⵔⵏ الرشيدية,,
8426035510,node,Pharmacie Chifae صيدلية الشفاء,31.9308822,-4.4225252,Errachidia,,
8426049456,node,Pharmacie L'université صيدلية الجامعة,31.9318237,-4.4456618,Errachidia ⵉⵎⵜⵖⴻⵔⵏ الرشيدية,,
8426278008,node,Pharmacie Ibn Sina صيدلية ابن سينا,31.9253155,-4.4247745,Errachidia,,
8426307251,node,Pharmacie El Masjid صيدلية المسجد,31.9284401,-4.4242422,Errachidia ⵉⵎⵜⵖⴻⵔⵏ الرشيدية,,
8426339554,node,Pharmacie El Mohit صيدلية المحيط,31.9288707,-4.4334542,Errachidia ⵉⵎⵜⵖⴻⵔⵏ الرشيدية,,
8426391948,node,Pharmacie L'Oasis صيدلية الواحة,31.9230435,-4.4486204,Errachidia ⵉⵎⵜⵖⴻⵔⵏ الرشيدية,,
8426862308,node,Pharmacie Les Parents صيدلية الوالدين,31.280397,-4.2654488,Rissani,,
8426865134,node,Pharmacie Sijlmassa صيدلية سجلماسة,31.2861924,-4.2637471,Rissani,,
8426917469,node,Pharmacie Oued Chorafa صيدلية واد الشرفاء,31.2855872,-4.2651818,Rissani ⵔⵉⵙⵙⴰⵏⵉ الريصاني,,
8426985010,node,Pharmacie Anassiha صيدلية النصيحة,31.2822647,-4.2702565,Rissani,,
8427001272,node,Pharmacie Al Quds صيدلية القدس,31.4384921,-4.2316629,Arfoud أرفود,,
8427010249,node,Pharmacie El Bathaa صيدلية البطحاء,31.433386,-4.2354147,Erfoud أرفود,,
8427012303,node,Pharmacie Essalam صيدلية السلام,31.4338923,-4.2322381,Erfoud أرفود,,
8427028137,node,Pharmacie du Marché صيدلية السوق,31.4348888,-4.2293119,Erfoud أرفود,,
8427036051,node,Pharmacie Principale الصيدلية المركزية,31.4346247,-4.2301802,Erfoud أرفود,,
8427058219,node,pharmacie Anahda صيدلية النهضة,31.4293922,-4.2352389,Erfoud أرفود,,
8427119144,node,Pharmacie Imam Malik صيدلية الإمام مالك,32.2625921,-4.4939119,Er-Rich الريش,,
8427134743,node,Pharmacie Ziz صيدلية زيز,32.257661,-4.5051729,Er-Rich الريش,,
8427147733,node,Pharmacie Al Qods صيدلية القدس,32.2582098,-4.5037033,Er-Rich الريش,,
8427165246,node,Pharmacie Al Atlas صيدلية الأطلس,32.2578392,-4.506315,Er-Rich الريش,,
8427177688,node,Pharmacie Rich صيدلية الريش,32.258804,-4.5056928,Er-Rich الريش,,
8427196542,node,Nouvelle Pharmacie الصيدلية الجديدة,32.2549622,-4.5000434,Er-Rich الريش,,
8428617706,node,Pharmacie La Gare صيدلية المحطة,32.6796875,-4.7258484,Midelt ميدلت,,
8428627167,node,Pharmacie Principale الصيدلية الرئيسية,32.6791461,-4.7387863,Midelt ⴰⵡⵟⴰⵟ ميدلت,,
8428646191,node,Pharmacie Annour صيدلية النور,32.6754352,-4.7276834,Midelt ميدلت,,
8428692486,node,Pharmacie Ifsane صيدلية إفسان,32.6859732,-4.7361827,Midelt,,
8428747215,node,Pharmacie Jabal Ayachi صيدلية جبل عياشي,32.6863638,-4.7433086,Midelt,,
8428758798,node,Pharmacie Al Andalous صيدلية الأندلس,32.6934141,-4.7522828,Midelt ميدلت,,
8428760709,node,Pharmacie Arrahma صيدلية الرحمة,32.6873364,-4.7454732,Midelt ميدلت,,
8428798364,node,Pharmacie Al Akhawayan صيدلية الأخوين,32.6997497,-4.7564592,Midelt ميدلت,,
8429024120,node,Pharmacie Chellaoui,30.4107725,-9.5891116,Agadir,,
8429026893,node,Pharmacie Al Hayat صيدلية الحياة,30.4117721,-9.5884188,Agadir,,
8429029165,node,Pharmacie centrale,30.4127543,-9.5886993,Agadir,,
8429036952,node,Pharmacie Riad Salam الصيدلية رياض السلام,30.4096973,-9.5762705,Agadir,,
8429050690,node,Pharmacie Les Parents صيدلية الوالدين,30.4087537,-9.570152,Agadir,,
8429051722,node,Pharmacie Azmi صيدلية عزمي,30.4104154,-9.5728841,Agadir,,
8429074465,node,Pharmacie La Gare صيدلية المحطة,30.4158124,-9.568102,Agadir,,
8429077687,node,Pharmacie Abou Said صيدلية أبو سعيد,30.4182626,-9.564649,Agadir,,
8429079582,node,Pharmacie Atiqi صيدلية عاتيقي,30.4260985,-9.5622621,Agadir,,
8429086870,node,Pharmacie La Famille صيدلية الأسرة,30.4172687,-9.5733916,Agadir,,
8429086871,node,Pharmacie Chaab صيدلية الشعب,30.4162324,-9.5890281,Agadir,,
8429090248,node,Pharmacie Le Caducee صيدلية الكادوسي,30.4190695,-9.5620418,Agadir,,
8429104167,node,Pharmacie Annasr صيدلية النصر,30.4198128,-9.5707627,Agadir,,
8429106502,node,Pharmacie Tildi صيدلية تلدي,30.4163048,-9.586608,Agadir,,
8429113026,node,Pharmacie Zerktouni صيدلية الزرقطوني,30.4185885,-9.5676779,Agadir,,
8429113844,node,Pharmacie Moussa صيدلية موسى,30.4178965,-9.584317,Agadir,,
8429128856,node,Pharmacie Mouisset صيدلية مويسيت,30.4188036,-9.5905576,أكادير,,
8429130662,node,Pharmacie Hadrane صيدلية حاضران,30.4221304,-9.576433,Agadir,,
8429132163,node,Pharmacie Ennahda صيدلية النهضة,30.4271745,-9.584439,Agadir,,
8429133251,node,Pharmacie Al Farah صيدلية الفرح,31.5674128,-7.6504314,Ait Ourir ⴰⵢⵜ ⵓⵔⵉⵔ آيت ورير,,
8429140341,node,Pharmacie El Hajjouji صيدلية الحجوجي,30.4235767,-9.5877891,Agadir,,
8429143541,node,Pharmacie Al Jabal صيدلية الجبل,31.5715078,-7.6532356,Ait Ourir ⴰⵢⵜ ⵓⵔⵉⵔ آيت ورير,,
8429144786,node,Pharmacie et Laboratoire Tahiri صيدلية ومختبر الطاهري,30.4220575,-9.5953526,Agadir ⴰⴳⴰⴷⵉⵔ أگادير,,
8429154884,node,Pharmacie Annour صيدلية النور,31.5641014,-7.6491345,Ait Ourir ⴰⵢⵜ ⵓⵔⵉⵔ آيت ورير,,
8429156694,node,Pharmacie Bouargan صيدلية بواركان,30.4236385,-9.5716252,AGADIR,,
8429160229,node,Pharmacie Hay Amahane صيدلية حي أمهان,31.5567099,-7.6566672,Ait Ourir ⴰⵢⵜ ⵓⵔⵉⵔ آيت ورير,,
8429161137,node,Pharmacie Rihab صيدلية رحاب,31.5532679,-7.6721518,Ait Ourir ⴰⵢⵜ ⵓⵔⵉⵔ آيت ورير,,
8429161169,node,Pharmacie Abidar صيدلية أبيضار,31.5700484,-7.6727897,Ait Ourir ⴰⵢⵜ ⵓⵔⵉⵔ آيت ورير,,
8429167284,node,Pharmacie Argane صيدلية أركان,30.4278637,-9.5657564,Agadir,,
8429172041,node,Pharmacie Bousaid صيدلية بوسعيد,30.426657,-9.5776458,Agadir,,
8429180931,node,Pharmacie Ouahbi صيدلية وهبي,30.4306165,-9.5771819,Agadir,,
8429183374,node,Pharmacie Les Amicales صيدلية ليزاميكال,30.4309382,-9.5801867,Agadir,,
8429183950,node,Pharmacie Ait Ourir صيدلية أيت ورير,31.5647384,-7.6618144,Ait Ourir ⴰⵢⵜ ⵓⵔⵉⵔ آيت ورير,,
8429190836,node,Pharmacie Moulay Youssef صيدلية مولاي يوسف,30.4270325,-9.5888329,Agadir,,
8429202832,node,Pharmacie Naciri صيدلية الناصري,31.564017,-7.6636746,Ait Ourir ⴰⵢⵜ ⵓⵔⵉⵔ آيت ورير,,
8429205046,node,Pharmacie Talberjt صيدلية تلبرجت,30.4238666,-9.5926974,Agadir,,
8429205802,node,Pharmacie La Mosquée Du Liban صيدلية مسجد لبنان,30.422844,-9.600835,Agadir أكادير,,
8429209261,node,Pharmacie Hôpital Hassan II صيدلية مستشفى الحسن الثاني,30.4358914,-9.5868276,Agadir,,
8429214018,node,Pharmacie Des FAR صيدلية الجيش الملكي,30.4287023,-9.5904516,Agadir,,
8429214234,node,Pharmacie Iligh صيدلية ايليغ,30.4399575,-9.5895212,Agadir,,
8429224002,node,Pharmacie Chichaoua صيدلية شيشاوة,31.5462926,-8.7583542,Chichaoua ⵛⵉⵛⴰⵡⴰ شيشاوة,,
8429229529,node,Pharmacie Anza صيدلية أنزا,30.446843,-9.6582516,Agadir ⴰⴳⴰⴷⵉⵔ أگادير,,
8429231796,node,Pharmacie Mallorca صيدلية مايوركا,31.5438782,-8.7660485,Chichaoua,,
8429234481,node,Pharmacie Aloulya صيدلية العليا,30.4567468,-9.6344918,Agadir,,
8429238729,node,Pharmacie Bd Mohamed V صيدلية شارع محمد الخامس,30.4229135,-9.608763,Agadir ⴰⴳⴰⴷⵉⵔ أگادير,,
8429243006,node,Pharmacie Ibn Malik صيدلية ابن مالك,30.4484255,-9.6570207,Agadir ⴰⴳⴰⴷⵉⵔ أگادير,,
8429243672,node,Pharmacie La Santé صيدلية الصحة,30.4436931,-9.6528004,Agadir,,
8429243948,node,Pharmacie Al Hassania صيدلية الحسنية,30.4574364,-9.6603238,Agadir ⴰⴳⴰⴷⵉⵔ أگادير,,
8429248821,node,Pharmacie Agadir Oufella صيدلية أكادير أوفلا,30.4244851,-9.6114672,Agadir ⴰⴳⴰⴷⵉⵔ أگادير,,
8429249254,node,Pharmacie Chadia صيدلية شادية,30.4261888,-9.5549061,Agadir,,
8429253423,node,Pharmacie Karima صيدلية كريمة,31.5482662,-8.7484709,Chichaoua ⵛⵉⵛⴰⵡⴰ شيشاوة,,
8429256892,node,Pharmacie Taddart صيدلية تادارت,30.4555972,-9.6473877,Agadir ⴰⴳⴰⴷⵉⵔ أگادير,,
8429258656,node,Pharmacie Taiba صيدلية طيبة,30.4578248,-9.643941,Agadir,,
8429266190,node,Pharmacie Jawhara صيدلية جوهرة,30.4314017,-9.5608697,Agadir,,
8429268741,node,Pharmacie Ben Omar صيدلية بن عمر,30.4647919,-9.6388067,Agadir,,
8429268778,node,Pharmacie Addoha صيدلية الضحى,30.4311165,-9.5654535,Agadir,,
8429268986,node,Pharmacie Isafaren صيدلية اسافارن,30.4586592,-9.648465,Agadir,,
8429280601,node,Pharmacie Bab Al Hay صيدلية باب الحي,30.4286681,-9.5569671,Agadir,,
8429280623,node,Pharmacie Chifaa صيدلية الشفاء,31.5469482,-8.7633745,Chichaoua,,
8429287261,node,Pharmacie Ouled Brahim صيدلية اولاد ابراهيم,31.5466816,-8.7653636,Chichaoua,,
8429292906,node,Pharmacie La Cité Administrative صيدلية الحي الاداري,31.5400405,-8.7676785,Chichaoua,,
8429293219,node,Pharmacie El Massira صيدلية المسيرة,31.5414889,-8.7673634,Chichaoua,,
8429294118,node,Pharmacie Immeubles Assafa صيدلية عمارات الصفاء,30.432428,-9.5554076,Agadir,,
8429294857,node,Pharmacie Kessouba صيدلية كسوبة,31.531432,-8.767418,Chichaoua ⵛⵉⵛⴰⵡⴰ شيشاوة,,
8429317744,node,Pharmacie Abou Bakr Essiddik صيدلية أبو بكر الصديق,31.5362181,-8.7690416,Chichaoua,,
8429328601,node,La Grande Pharmacie الصيدلية الكبرى,31.5322863,-8.7705936,Chichaoua ⵛⵉⵛⴰⵡⴰ شيشاوة,,
8429392463,node,Pharmacie Lebtanten صيدلية لبتانتن,31.5339634,-8.7657644,Chichaoua ⵛⵉⵛⴰⵡⴰ شيشاوة,,
8429434644,node,Pharmacie Ibn Rochd صيدلية ابن رشد,31.1764321,-8.8488286,Imintanoute,,
8429451438,node,Pharmacie Le Progrès صيدلية التقدم,31.1735466,-8.85115,Imintanoute ⵉⵎⵉ ⵏ ⵜⴰⵏⵓⵜ إيمنتانوت,,
8429454650,node,Pharmacie Centrale الصيدلية المركزية,31.1732318,-8.8491033,Imintanoute ⵉⵎⵉ ⵏ ⵜⴰⵏⵓⵜ إيمنتانوت,,
8429457229,node,La Grande Pharmacie الصيدلية الكبرى,31.1745911,-8.8489958,Imintanoute,,
8429469775,node,Pharmacie Assafar صيدلية أسفار,31.1727817,-8.8479483,Imintanoute ⵉⵎⵉ ⵏ ⵜⴰⵏⵓⵜ إيمنتانوت,,
8431312696,node,Pharmacie Marhaba صيدلية مرحبا,30.4392562,-9.5565864,Agadir,,
8431342269,node,Pharmacie Hay Mohammadi صيدلية حي المحمدي,30.4330512,-9.5511547,Agadir,,
8431352736,node,Pharmacie Errahma صيدلية الرحمة,30.4366961,-9.5524505,Agadir,,
8431353283,node,Pharmacie Aiyar صيدلية عيار,30.4359073,-9.5559484,Agadir,,
8431359409,node,Pharmacie Zineb صيدلية زينب,30.4406249,-9.5600391,Agadir,,
8431361052,node,Pharmacie Illy صيدلية الي,30.4360541,-9.5493594,Agadir ⴰⴳⴰⴷⵉⵔ أگادير,,
8431371154,node,Pharmacie Reda صيدلية رضى,30.4452291,-9.5562261,Agadir,,
8431376664,node,Pharmacie Mohamed Rayane صيدلية محمد ريان,30.4423981,-9.5559889,Agadir,,
8431390705,node,Pharmacie El Ouazzani صيدلية الوزاني,30.4360317,-9.5737263,Agadir,,
8431395626,node,Pharmacie Bayti صيدلية بيتي,30.4396125,-9.5639779,Agadir,,
8431395627,node,Pharmacie Les Jardins De Souss صيدلية حدائق سوس,30.4362442,-9.5699058,Agadir,,
8431469463,node,Pharmacie Sidi Haj Said صيدلية سيدي الحاج سعيد,30.3791031,-9.4780907,Drarga,,
8431477986,node,Pharmacie Talat Izm صيدلية تالات ازم,30.3754791,-9.4835654,Drargua ⴷⵔⴰⵔⴳⴰ الدراركة,,
8431478592,node,Pharmacie Bouloiz صيدلية بولواز,30.3791467,-9.4807774,Drarga,,
8431527745,node,Pharmacie Lagouira صيدلية الكويرة,30.3798255,-9.473999,Drarga,,
8431533414,node,Pharmacie Misri صيدلية مصري,30.38046,-9.4701008,Drarga,,
8431550547,node,Pharmacie Etissir صيدلية التيسير,30.3821136,-9.4797907,Drarga,,
8431555777,node,Pharmacie Drarga صيدلية دراركة,30.3834885,-9.4788257,Drarga,,
8431561681,node,Pharmacie Imam Malik صيدلية امام مالك,30.3801817,-9.4728178,Drarga,,
8431571578,node,Pharmacie Maison De Soufiane صيدلية دار سفيان,30.3853385,-9.4315648,Drargua ⴷⵔⴰⵔⴳⴰ الدراركة,,
8431579855,node,Pharmacie Tagadirt صيدلية تكاديرت,30.3870285,-9.4458637,Drarga,,
8431582421,node,Pharmacie Nour صيدلية نور,30.3813842,-9.4656544,Drarga,,
8431605369,node,Pharmacie Tamait صيدلية تماعيت,30.3941903,-9.3837785,Drarga,,
8431657505,node,Pharmacie Azlef صيدلية أزلف,31.505743,-9.7583099,Essaouira,,
8431681675,node,Pharmacie Erraounak صيدلية الرونق,31.4994725,-9.7533725,Essaouira,,
8431686525,node,Pharmacie Al Moustakbal صيدلية المستقبل,31.4986081,-9.7568228,Essaouira,,
8431697028,node,Pharmacie Essaouira,31.5032293,-9.757175,Essaouira,,
8431699656,node,Pharmacie Al Borj,31.5030414,-9.7588374,Essaouira,,
8431699755,node,Pharmacie Hizam Al Akhdar صيدلية الحزام الأخضر,31.5040498,-9.7543868,Essaouira,,
8431717402,node,Pharmacie Sidi Magdoul صيدلية سيدي مكدول,31.5089598,-9.7578162,Essaouira,,
8431719313,node,Pharmacie Populaire الصيدلية الشعبية,31.5074891,-9.7609797,Essaouira,,
8431726100,node,Pharmacie Chifa صيدلية الشفاء,31.5133596,-9.7550656,Essaouira,,
8431734488,node,Pharmacie Al Afaq صيدلية الأفاق,31.5086457,-9.7571031,Essaouira,,
8431741010,node,Pharmacie Tafoukt Al Koubra صيدلية تافوكت الكبرى,31.5163387,-9.7528888,Essaouira,,
8431741985,node,Pharmacie Najib صيدلية نجيب,31.5113287,-9.759934,Essaouira,,
8431742156,node,Pharmacie Koutoubia صيدلية كتبية,31.5118156,-9.7575245,Essaouira,,
8431756615,node,Pharmacie La Gare صيدلية المحطة,31.5161531,-9.7601048,Essaouira الصويرة,,
8431769680,node,Pharmacie Smimou صيدلية سميمو,31.5150638,-9.764448,Essaouira ⵚⵚⵡⵉⵕⴰ الصويرة,,
8431775490,node,Pharmacie Mogador صيدلية موكادور,31.5166647,-9.7624538,Essaouira الصويرة,,
8431780613,node,Pharmacie El Massira صيدلية المسيرة,31.5142935,-9.7637187,Essaouira ⵚⵚⵡⵉⵕⴰ الصويرة,,
8431916733,node,Pharmacie 2000 صيدلية,30.4180699,-9.5939044,Agadir,,
8431956370,node,Pharmacie Mallah Kdim صيدلية ملاح قديم,31.5145768,-9.7694615,Essaouira الصويرة,,
8432000080,node,Pharmacie Les Dunes صيدلية التلال,31.5141168,-9.7586436,Essaouira,,
8432012108,node,Pharmacie Ibn Sina صيدلية ابن سينا,31.5195945,-9.75607,Essaouira الصويرة,,
8432048179,node,Pharmacie Al Haddadah صيدلية الحدادة,31.5135619,-9.7690238,Essaouira ⵚⵚⵡⵉⵕⴰ الصويرة,,
8432078243,node,Pharmacie Palmier صيدلية النخيل,32.2484527,-9.2566127,Safi,,
8432080480,node,Pharmacie Amouni صيدلية أموني,32.2495921,-9.251352,Safi,,
8432091024,node,Pharmacie Driouchat صيدلية دريوشات,32.2468905,-9.2424334,,,
8432093713,node,Pharmacie Idrissi صيدلية الإدريسي,32.2589075,-9.2463613,,,
8432096289,node,Pharmacie Chakir صيدلية شاكر,32.2550502,-9.2520299,Safi,,
8432115155,node,Pharmacie Kaouki صيدلية كاوكي,32.2509604,-9.2549984,Safi,,
8432120287,node,Pharmacie Al Moatassim صيدلية المعتصم,32.256603,-9.2428529,Safi,,
8432129152,node,Pharmacie El Corse صيدلية الكورس,32.2719143,-9.2458486,Safi,,
8432155831,node,Pharmacie Nour Al Farah 3 صيدلية نور الفرح,30.400773,-9.5620105,Agadir,,
8432162868,node,Pharmacie Corse صيدلية كورسكا,32.2735626,-9.2422474,SAFI,,
8432172036,node,Pharmacie Ezzaouia صيدلية الزاوية,32.2664321,-9.246431,Safi,,
8432175905,node,Pharmacie Charaf صيدلية شرف,30.4327214,-9.5897908,Agadir ⴰⴳⴰⴷⵉⵔ أگادير,,
8432179448,node,Pharmacie El Bayar صيدلية البيار,32.2700616,-9.2484611,Safi آسفي,,
8432180709,node,Pharmacie Taib Abdellah صيدلية طيب عبد الله,32.2752872,-9.2432424,SAFI,,
8432183563,node,Pharmacie Arrahma صيدلية الرحمة,32.2692932,-9.2357681,Safi,,
8432190901,node,Pharmacie Bazi صيدلية البازي,32.2722475,-9.2344709,Safi,,
8432192038,node,Pharmacie Aswak Assalam صيدلية أسواق السلام,30.4062193,-9.5377237,Agadir,,
8432192802,node,Pharmacie Populaire الصيدلية الشعبية,32.2742652,-9.2453894,SAFI,,
8432198256,node,Pharmacie Ourida صيدلية وريدة,32.2778462,-9.2422196,Safi آسفي,,
8432204751,node,Pharmacie El Matar صيدلية المطار,32.2686197,-9.2401931,SAFI,,
8432205535,node,Pharmacie Ben Rahal صيدلية بن رحال,30.409047,-9.5873048,Agadir,,
8432207274,node,Pharmacie Zamzam صيدلية زمزم,32.2718326,-9.2306067,Safi,,
8432208826,node,Pharmacie Abid صيدلية عابد,32.2690933,-9.2435663,Safi,,
8432213174,node,Pharmacie Housni صيدلية حسني,32.2696336,-9.2329584,Safi,,
8432222794,node,Pharmacie El Bradi صيدلية البرادي,30.3762682,-9.5059146,Agadir ⴰⴳⴰⴷⵉⵔ أگادير,,
8432246847,node,Pharmacie Galinos صيدلية كالينوس,32.2705762,-9.2390679,SAFI,,
8432247448,node,Pharmacie Hay Mohammadi صيدلية حي المحمدي,32.2760237,-9.2282417,Safi,,
8432257326,node,Pharmacie Les Orchidées صيدلية ليزوركيدي,32.2782992,-9.2386882,Safi,,
8432258499,node,Pharmacie Skalli صيدلية الصقلي,32.278078,-9.2319193,Safi,,
8432274429,node,Pharmacie Balamissa صيدلية بلميسا,32.2798412,-9.2290859,Safi,,
8432296424,node,Pharmacie Sania Zine El Abidine صيدلية سانيا زين العابدين,32.2812675,-9.2309742,Safi,,
8432298382,node,Pharmacie Al Osra صيدلية الأسرة,32.2766515,-9.2236312,Safi,,
8432302542,node,Pharmacie Khalil صيدلية خليل,32.2804632,-9.2348266,Safi,,
8432379416,node,Pharmacie Errami صيدلية الرامي,30.427509,-9.5718362,Agadir,,
8432416540,node,Pharmacie Extension Dakhla صيدلية نطاق الداخلة,30.4052274,-9.557644,Agadir,,
8432446613,node,Pharmacie Inbiaat صيدلية الإنبعاث,30.413734,-9.5927306,Agadir,,
8432465229,node,Pharmacie Iqbal صيدلية إقبال,30.4159939,-9.5757681,Agadir,,
8432512891,node,Pharmacie Marina Agadir صيدلية مارينا أكادير,30.4237011,-9.6181807,Agadir,,
8432557012,node,Pharmacie du Maroc صيدلية المغرب,30.3979724,-9.5365712,Agadir,,
8432610127,node,Pharmacie Diet صيدلية دايت,30.4089448,-9.5602012,Agadir,,
8432923323,node,Pharmacie Soufi صيدلية الصوفي,30.4133125,-9.5682721,Agadir,,
8432930719,node,Pharmacie Valtur صيدلية فالتور,30.4071431,-9.5973277,Agadir أݣادير,,
8434588348,node,Pharmacie Al Khair صيدلية الخير,31.1753226,-8.8532883,Imintanoute,,
8434723769,node,Pharmacie Itto صيدلية إيطو,30.3832238,-9.4839112,Drargua ⴷⵔⴰⵔⴳⴰ الدراركة,,
8434823897,node,Pharmacie El Hana صيدلية الهناء,32.0602471,-7.408085,EL KELAA DES SRAGHNA,,
8434832813,node,Pharmacie Imlil صيدلية إمليل,32.0604323,-7.4058971,Kalaat Es-Sraghna,,
8434836214,node,Pharmacie Soukaina صيدلية سكينة,32.0610855,-7.41203,Kalaat Es-Sraghna,,
8434840645,node,Pharmacie El Idrissi صيدلية الإدريسي,32.0609363,-7.412118,Kalaat Es-Sraghna,,
8434847827,node,Pharmacie Tahra صيدلية طاهرة,32.0621552,-7.4106491,Kalaat Es-Sraghna,,
8434849328,node,Pharmacie Arrahman صيدلية الرحمان,32.0627509,-7.413815,Kalaat Es-Sraghna,,
8434852944,node,Pharmacie Azzohour صيدلية الزهور,32.0648629,-7.4165099,Kalaat Es-Sraghna,,
8434861147,node,Pharmacie Oussama صيدلية أسامة,32.0659841,-7.4101358,El Kelâat Es-Sraghna ⵍⵇⵍⵄⴰ ⵏ ⵙⵕⴰⵖⵏⴰ قلعة السراغنة,,
8434864074,node,Pharmacie Annakhla صيدلية النخلة,32.0624415,-7.405805,El Kelaat Es-Sraghna,,
8434870962,node,Pharmacie Al Andalouss صيدلية الأندلس,32.0667304,-7.4062517,El Kelaat Es-Sraghna,,
8434880891,node,Pharmacie Al Amal صيدلية الأمل,32.0594295,-7.397598,El Kelaat Es-Sraghna,,
8434882000,node,Pharmacie Nadia صيدلية نادية,32.0627407,-7.400656,El Kelaat Es-Sraghna,,
8434891658,node,Pharmacie Ainachi صيدلية العيناشي,32.0560765,-7.3934994,El Kelaat Es-Sraghna,,
8434891711,node,Pharmacie Louhmadi صيدلية لحمادي,32.0552463,-7.3947146,El Kelaat Es-Sraghna,,
8434893409,node,Pharmacie les Fleurs صيدلية الورود,32.0551848,-7.4002832,El Kelâat Es-Sraghna ⵍⵇⵍⵄⴰ ⵏ ⵙⵕⴰⵖⵏⴰ قلعة السراغنة,,
8434921250,node,Pharmacie Achifa صيدلية الشفاء,32.0539961,-7.4032246,EL Kelaat Es-Sraghna,,
8434921694,node,Pharmacie El Yasmine صيدلية الياسمين,32.063253,-7.3915194,El Kelâat Es-Sraghna ⵍⵇⵍⵄⴰ ⵏ ⵙⵕⴰⵖⵏⴰ قلعة السراغنة,,
8434924511,node,Pharmacie Centrale الصيدلية المركزية,32.0556245,-7.4075265,El Kelâat Es-Sraghna ⵍⵇⵍⵄⴰ ⵏ ⵙⵕⴰⵖⵏⴰ قلعة السراغنة,,
8434959500,node,Pharmacie Bouchra صيدلية بشرى,32.0617083,-7.3835944,El Kelâat Es-Sraghna ⵍⵇⵍⵄⴰ ⵏ ⵙⵕⴰⵖⵏⴰ قلعة السراغنة,,
8434968956,node,Pharmacie El Mourakkab صيدلية المركب,32.0556923,-7.4098466,El Kelaat Es-Sraghna,,
8434996876,node,Pharmacie Imam Malik صيدلية الإمام مالك,32.0537334,-7.4090023,El Kelaat Es-Sraghna,,
8434997964,node,Pharmacie Route Benguerir صيدلية طريق ابن جرير,32.0544231,-7.4119951,El Kelaat Es-Sraghna,,
8435018079,node,Pharmacie Hay Sinai صيدلية الحي الصناعي,32.0543727,-7.3859268,El Kelâat Es-Sraghna ⵍⵇⵍⵄⴰ ⵏ ⵙⵕⴰⵖⵏⴰ قلعة السراغنة,,
8435240271,node,Pharmacie Adel صيدلية عادل,32.0519802,-7.4077084,El Kelâat Es-Sraghna ⵍⵇⵍⵄⴰ ⵏ ⵙⵕⴰⵖⵏⴰ قلعة السراغنة,,
8435271964,node,Pharmacie Mahfoud صيدلية محفوظ,32.0500874,-7.4058893,El Kelaat Es-Sraghna,,
8435275045,node,Pharmacie Essalama صيدلية السلامة,32.0482453,-7.4026089,El Kalaat Es-Sraghna,,
8435286499,node,Pharmacie Khaless صيدلية خالص,32.048292,-7.4080857,El Kelaat Es-Sraghna,,
8435302157,node,Pharmacie Al Islah صيدلية الإصلاح,32.0495701,-7.4075433,El Kelaat Es-Sraghna,,
8435314748,node,Pharmacie Al Moustachfa صيدلية المستشفى,32.0487013,-7.3982256,El Kelaat Es-Sraghna,,
8435352818,node,Pharmacie Jnan Bakar صيدلية جنان بكار,32.0471945,-7.3997279,El Kelaat Es-Sraghna,,
8435358445,node,Pharmacie Majorelle صيدلية ماجوريل,32.0454211,-7.3945433,El Kelaat Es-Sraghna,,
8435418832,node,Pharmacie Masjid Nour صيدلية مسجد نور,32.0486845,-7.3939238,El Kelâat Es-Sraghna ⵍⵇⵍⵄⴰ ⵏ ⵙⵕⴰⵖⵏⴰ قلعة السراغنة,,
8435606170,node,Pharmacie El Attaouia صيدلية العطاوية,31.8348013,-7.3103921,El Attaouia ⵍⵄⵟⵟⴰⵡⵢⵢⴰ العطاوية,,
8435616821,node,Pharmacie Souk El Attaouia صيدلية سوق العطاوية,31.8397237,-7.3135382,El Attaouia,,
8435618003,node,Pharmacie Baddou صيدلية بادو,31.8354732,-7.3120823,El Attaouia ⵍⵄⵟⵟⴰⵡⵢⵢⴰ العطاوية,,
8435624676,node,Pharmacie Ben Moussa صيدلية بنموسى,31.8345201,-7.3188812,El Attaouia,,
8435654160,node,Pharmacie Saadia صيدلية السعدية,31.8254344,-7.3102975,Laattaouia ⵍⵄⵟⵟⴰⵡⵢⵢⴰ العطاوية,,
8435674270,node,Pharmacie L´Hôpital صيدلية المستشفى,34.9764271,-3.3856615,Driouch ⴷⵔⵉⵡⵛ ادريوش,,
8435674279,node,ParaPharmacie Be,34.9761571,-3.3887173,,,
8435695473,node,Pharmacie Zitouna صيدلية الزيتونة,31.8304447,-7.3116962,Laattaouia ⵍⵄⵟⵟⴰⵡⵢⵢⴰ العطاوية,,
8435744515,node,Pharmacie El Baji صيدلية الباجي,31.6456568,-7.4707965,Sidi Rahhal ⵙⵉⴷⵉ ⵕⵃⵃⴰⵍ سيدي رحال,,
8435749645,node,Pharmacie Sidi Rahal صيدلية سيدي رحال,31.6489745,-7.4714591,Sidi Rahhal سيدي رحال,,
8436031532,node,Pharmacie Jrifat صيدلية جريفات,32.2853216,-9.2220562,Safi,,
8436063468,node,Pharmacie Rayhane صيدلية ريحان,32.2851221,-9.2187696,Safi,,
8436063469,node,Pharmacie Oumnia صيدلية أومنية,32.2881997,-9.2231405,Safi,,
8436066397,node,Pharmacie Al Oum صيدلية الأم,32.286989,-9.2201971,Safi,,
8436069975,node,Pharmacie Al Wiam صيدلية الوئام,32.286894,-9.2159779,Safi,,
8436070247,node,Pharmacie Hanan صيدلية حنان,32.2873798,-9.2294538,Safi,,
8436075143,node,Pharmacie Hansali صيدلية حنصالي,32.2901154,-9.2261953,Safi,,
8436080475,node,Pharmacie Annabi صيدلية النبي,32.2837891,-9.2315774,Safi,,
8436085886,node,Pharmacie La Médina صيدلية المدينة,32.2860642,-9.2296841,Safi,,
8436088576,node,Pharmacie Attadamoun صيدلية التضامن,32.2827168,-9.2426893,Safi,,
8436089031,node,Pharmacie Wafa صيدلية وفاء,32.2874178,-9.225684,Safi,,
8436105582,node,Pharmacie Imam Malik صيدلية امام مالك,32.2846075,-9.2371768,Safi,,
8436118896,node,Pharmacie Familiale الصيدلية العائلية,32.2834914,-9.2394466,Safi,,
8436130788,node,Pharmacie Fatima صيدلية فاطمة,32.2791829,-9.2450826,Safi آسفي,,
8436132612,node,Pharmacie Centrale الصيدلية المركزية,32.2857231,-9.2422753,Safi,,
8436138122,node,Pharmacie Socrate صيدلية سقراط,32.2876506,-9.2125595,Safi,,
8436144292,node,Pharmacie Mirabelle صيدلية ميرابل,32.2861648,-9.2392415,Safi,,
8436149612,node,Pharmacie La Santé صيدلية الصحة,32.2914422,-9.2368711,Safi,,
8436151917,node,Pharmacie Abda صيدلية عبدة,32.2903439,-9.2403158,Safi,,
8436155862,node,Pharmacie Pasteur صيدلية باستور,32.2893008,-9.2343718,Safi,,
8436155977,node,Pharmacie Les Jasmins صيدلية الياسمين,32.2925924,-9.2395131,Safi,,
8436158651,node,Pharmacie La Liberté صيدلية الحرية,32.2909552,-9.2314797,Safi,,
8436159687,node,Pharmacie Mouslih صيدلية مصلح,32.2855676,-9.2090895,Safi,,
8436163087,node,Pharmacie Sentir صيدلية سنتير,32.2987336,-9.2227092,آسفي,,
8436172000,node,Pharmacie Al Hanae صيدلية الهناء,32.2930314,-9.2015948,Safi آسفي,,
8436173926,node,Pharmacie Kariat Chems صيدلية قرية شمس,32.2866482,-9.2026014,Safi,,
8436175880,node,Pharmacie Nouvelle الصيدلية الجديدة,32.2961205,-9.2433793,Safi آسفي,,
8436183497,node,Pharmacie Al Hayat صيدلية الحياة,32.2913713,-9.2104439,Safi,,
8436184919,node,Pharmacie Al Imane صيدلية الايمان,32.2981257,-9.219299,Safi,,
8436186197,node,Pharmacie Mimosa صيدلية ميموزا,32.2939826,-9.2220604,Safi,,
8436190015,node,Pharmacie Sandali صيدلية صاندالي,32.2971712,-9.2213552,Safi,,
8436191122,node,Pharmacie Chems صيدلية شمس,32.290663,-9.2176604,Safi,,
8436191407,node,Pharmacie Jaafar صيدلية جعفر,32.2279488,-7.9502983,Ben Guerir ⴱⴰⵏⴳⵔⵉⵔ ابن جرير,,
8436192012,node,Pharmacie Hay Moulay Rachid صيدلية حي مولاي رشيد,32.2146102,-7.9276742,Ben Guerir ⴱⴰⵏⴳⵔⵉⵔ ابن جرير,,
8436193920,node,Pharmacie Nidale صيدلية نضال,32.2880593,-9.207114,Safi,,
8436194016,node,Pharmacie Ejjennane صيدلية إجنان,32.3074684,-9.2376579,Safi,,
8436194863,node,Pharmacie Naim صيدلية نعيم,32.2946573,-9.2212938,Safi,,
8436194864,node,Pharmacie Moulay صيدلية مولاي,32.3000205,-9.2252991,Safi,,
8436197711,node,Pharmacie Al Nasr صيدلية النصر,32.2933905,-9.2187619,SAFI,,
8436198661,node,Pharmacie El Wifak صيدلية الوفاق,32.2952337,-9.2276527,Safi,,
8436199009,node,Pharmacie Route Marrakech صيدلية طريق مراكش,32.2980027,-9.2070673,Safi,,
8436203330,node,Pharmacie Ennasr صيدلية النصر,32.2224072,-7.9406393,Benguerir ⴱⴰⵏⴳⵔⵉⵔ بن گرير,,
8436208179,node,Pharmacie El Houda صيدلية الهدى,32.2870188,-9.235742,Safi,,
8436210438,node,Pharmacie Arrazi صيدلية الرازي,32.293218,-9.2336688,SAFI,,
8436217350,node,Pharmacie Erriad صيدلية الرياض,32.2285054,-7.9469974,Ben Guerir ابن جرير,,
8436219554,node,Pharmacie Karim صيدلية كريم,32.3115489,-9.228892,Safi,,
8436227062,node,Pharmacie La Marine صيدلية لامارين,32.307277,-9.2377579,Safi,,
8436227112,node,Pharmacie El Hayat صيدلية الحياة,32.228175,-7.9378261,Ben Guerir ⴱⴰⵏⴳⵔⵉⵔ ابن جرير,,
8436227180,node,Pharmacie Jnane El Kheir صيدلية جنان الخير,32.2383112,-7.9416374,Ben Guerir ⴱⴰⵏⴳⵔⵉⵔ ابن جرير,,
8436229323,node,Grande Pharmacie Française الصيدلية الفرنسية الكبرى,32.2965194,-9.2438119,Safi آسفي,,
8436230109,node,Pharmacie Amal Safi صيدلية أمل اسفي,32.2934569,-9.2433388,SAFI آسفي,,
8436233349,node,Pharmacie Chater صيدلية الشاطر,32.2310257,-7.9494958,Ben Guerir ⴱⴰⵏⴳⵔⵉⵔ ابن جرير,,
8436234351,node,Pharmacie Ghalia صيدلية الغالية,32.2944046,-9.2412116,SAFI آسفي,,
8436236147,node,Pharmacie Hadri صيدلية هضمي,32.2952761,-9.2320162,SAFI,,
8436241231,node,Pharmacie Sidi Abdelkrim صيدلية سيدي عبد الكريم,32.3125055,-9.2214608,Safi,,
8436241752,node,Pharmacie Hay Riad صيدلية حي الرياض,32.2314798,-7.9459574,Ben Guerir ابن جرير,,
8436243054,node,Pharmacie Biada صيدلية بياضة,32.3052015,-9.2338043,Safi,,
8436243188,node,Pharmacie Ibn Nafis صيدلية ابن النفيس,32.3078817,-9.2276982,Safi,,
8436243210,node,Pharmacie Al Yassamine صيدلية الياسمين,32.2363149,-7.9392237,Ben Guerir ⴱⴰⵏⴳⵔⵉⵔ ابن جرير,,
8436243463,node,Pharmacie Achbar صيدلية أشبال,32.3044261,-9.2366333,Safi,,
8436244805,node,Pharmacie Ibn El Kaym صيدلية ابن القيم,32.313187,-9.2321842,Safi,,
8436247736,node,Pharmacie Miftah Lkhair صيدلية مفتاح الخير,32.3140939,-9.2294819,Safi,,
8436253912,node,Pharmacie Al Hilal صيدلية الهلال,32.2311346,-7.939257,Ben Guerir ابن جرير,,
8436256310,node,Pharmacie l'Orient صيدلية المشرق,32.2293361,-7.9422394,Ben Guerir ابن جرير,,
8436259626,node,Pharmacie Safia صيدلية صافية,32.3234785,-9.2296081,Safi,,
8436264322,node,Pharmacie Grand Atlas صيدلية الأطلس الكبير,32.3139104,-9.2266978,Safi آسفي,,
8436266763,node,Pharmacie Tensift صيدلية تنسيفت,32.3172489,-9.2241464,Safi آسفي,,
8436266764,node,Pharmacie Ijennane صيدلية اجنان,32.3233218,-9.2324902,Safi,,
8436266824,node,Pharmacie Charif Lioui صيدلية شريف ليوي,32.3096192,-9.2251939,Safi,,
8436268802,node,Pharmacie El Amrani صيدلية العمراني,32.3237114,-9.2364924,Safi,,
8436275163,node,Pharmacie Afriquia صيدلية افريقيا,32.2450641,-7.9475506,Ben Guerir ابن جرير,,
8436277559,node,Pharmacie Cheguit صيدلية شنكيط,32.3129328,-9.2240395,Safi,,
8436279837,node,Pharmacie Temry صيدلية تمري,32.3205976,-9.2372294,Safi آسفي,,
8436280354,node,Pharmacie Attae صيدلية عطاء,32.3182398,-9.2296965,Safi,,
8436282740,node,Pharmacie Ouakib صيدلية واكيب,32.2403861,-7.9462195,Ben Guerir ابن جرير,,
8436282741,node,Pharmacie Ibn Sina صيدلية ابن سينا,32.2397358,-7.9532512,Ben Guerir ابن جرير,,
8436283342,node,Pharmacie Lafraidi صيدلية لفرايدي,32.3206339,-9.2283245,Safi,,
8436283592,node,Pharmacie Khawarizmi صيدلية خوارزمي,32.3095474,-9.2142792,Safi,,
8436283599,node,Pharmacie Meftah Arraha صيدلية مفتاح الراحة,32.304544,-9.2101129,Safi,,
8436284684,node,Pharmacie Lemkhoudem صيدلية لمخودم,32.3267386,-9.223819,Safi آسفي,,
8436284691,node,Pharmacie Al Hamd صيدلية الحمد,32.3067743,-9.2127286,Safi,,
8436284695,node,Pharmacie Sakhraoui صيدلية السخراوي,32.3039471,-9.213744,Safi,,
8436287889,node,Pharmacie Al Falah صيدلية الفلاح,32.2459046,-7.942888,Ben Guerir ⴱⴰⵏⴳⵔⵉⵔ ابن جرير,,
8436288956,node,Pharmacie Sidi Bouzid صيدلية سيدي بوزيد,32.3213144,-9.2530496,Safi آسفي,,
8436292473,node,Pharmacie Ridari صيدلية رضاري,32.3258408,-9.2340296,Safi,,
8436303759,node,Pharmacie Al Wahda صيدلية الوحدة,32.2415706,-7.9532658,ابن جرير,,
8436308057,node,Pharmacie Al Masjid صيدلية المسجد,32.2373048,-7.9587308,Ben Guerir ⴱⴰⵏⴳⵔⵉⵔ ابن جرير,,
8436310832,node,Pharmacie Rahma صيدلية رحمة,32.2430109,-7.9483996,Ben Guerir ابن جرير,,
8436316101,node,Pharmacie Al Farabi صيدلية الفرابي,32.2412403,-7.9511944,Ben Guerir ابن جرير,,
8436343244,node,Pharmacie Hay Almajd 2 صيدلية حي المجد,32.2480004,-7.945221,Ben Guerir ⴱⴰⵏⴳⵔⵉⵔ ابن جرير,,
8436358182,node,Pharmacie Benguerir صيدلية بنجرير,32.235207,-7.9567681,Ben Guerir ابن جرير,,
8436362525,node,Pharmacie Salam صيدلية سلام,32.2349623,-7.9542895,Ben Guerir ابن جرير,,
8437536128,node,Pharmacie Jawhara صيدلية جوهرة,32.234885,-7.9546886,Ben Guerir ابن جرير,,
8437647283,node,Pharmacie Hay Al Farah صيدلية حي الفرح,32.2364792,-7.9522474,Ben Guerir ابن جرير,,
8437664604,node,Grande Pharmacie الصيدلية الكبرى,32.2466665,-7.9552111,Ben Guerir ابن جرير,,
8437698687,node,Pharmacie Nabih El Ouadi صيدلية نبيه الوادي,32.2295812,-7.9552431,Benguerir,,
8437714624,node,Pharmacie Oum Achraf صيدلية أم أشرف,32.2350004,-7.9486958,Benguerir,,
8437756584,node,Pharmacie El Farah صيدلية الفرح,32.2409105,-7.9567023,Ben Guerir ابن جرير,,
8437770132,node,Pharmacie Al Warda صيدلية الوردة,32.2404225,-7.9612229,Ben Guerir ابن جرير,,
8437787935,node,Pharmacie Hay Ennour صيدلية حي النور,32.2376195,-7.957016,Ben Guerir ⴱⴰⵏⴳⵔⵉⵔ ابن جرير,,
8437788666,node,Pharmacie Abouab El Kheir صيدلية أبواب الخير,32.2366948,-7.9444594,Benguerir,,
8438168566,node,Pharmacie Amine صيدلية أمين,32.2388315,-7.958789,Ben Guerir ⴱⴰⵏⴳⵔⵉⵔ ابن جرير,,
8438291215,node,Pharmacie Souk Lhed صيدلية سوق الأحد,31.7337189,-7.016381,Demnate,,
8438304322,node,Pharmacie Tizeght صيدلية تيزغت,31.7336322,-7.0175306,Demnate,,
8438338779,node,Pharmacie Demnate صيدلية دمنات,31.7321179,-7.0016464,Demnate ⴷⵎⵏⴰⵜ دمنات,,
8438342360,node,Pharmacie Azoukni صيدلية أزوكني,31.7336186,-7.0136648,Demnate,,
8438342611,node,Pharmacie Marrakech صيدلية مراكش,31.7322375,-7.0051385,Demnate ⴷⵎⵏⴰⵜ دمنات,,
8438349944,node,Pharmacie Mimouna صيدلية ميمونة,31.7314253,-7.0035949,Demnate ⴷⵎⵏⴰⵜ دمنات,,
8438511618,node,Pharmacie Imi Nifri صيدلية إمي نفري,31.7316217,-6.9996327,Demnate ⴷⵎⵏⴰⵜ دمنات,,
8438530467,node,Pharmacie Nouvelle الصيدلية الجديدة,31.733305,-7.0028757,Demnate ⴷⵎⵏⴰⵜ دمنات,,
8438556241,node,Pharmacie Ouzoud صيدلية أوزود,31.7341529,-7.004812,Demnate ⴷⵎⵏⴰⵜ دمنات,,
8439085900,node,Pharmacie Hay Essaada صيدلية حي السعادة,32.0749202,-8.6303306,Echemmaia الشماعية,,
8439119028,node,Pharmacie Henider صيدلية هنيدر,32.0758357,-8.6266957,Echemmaia ⵛⵎⴰⵄⵉⵢⴰ الشماعية,,
8439124663,node,Pharmacie Souk Zima صيدلية سوق زيما,32.0773451,-8.6318294,Chemaia,,
8439124687,node,Pharmacie Chemaia صيدلية الشماعية,32.0819364,-8.6248746,Echemmaia,,
8439131621,node,Pharmacie Sidi Bouaalam صيدلية سيدي بوعلام,32.0777056,-8.6266072,Echemmaia ⵛⵎⴰⵄⵉⵢⴰ الشماعية,,
8439138557,node,Pharmacie Essalam صيدلية السلام,32.0790365,-8.6285653,Echemmaia ⵛⵎⴰⵄⵉⵢⴰ الشماعية,,
8439144756,node,Pharmacie Al Farabi صيدلية الفرابي,32.2869186,-9.2325394,Safi,,
8439148872,node,Pharmacie Anas صيدلية أنس,32.2806898,-9.2390287,Safi,,
8439150856,node,Pharmacie Ahmar صيدلية أحمر,32.0823818,-8.625985,Echemmaia,,
8439168944,node,Pharmacie Avicenne صيدلية ابن سينا,32.2895026,-9.2425816,Safi آسفي,,
8439182731,node,Pharmacie Dakhla صيدلية الداخلة,32.2330557,-8.5366846,Youssoufia ⵢⵓⵙⴼⵉⵢⴰ اليوسفية,,
8439198085,node,Pharmacie Farah صيدلية فرح,32.2891181,-9.2197803,Safi,,
8439199689,node,Pharmacie Al Amal صيدلية الأمل,32.2353451,-8.5328651,Youssoufia ⵢⵓⵙⴼⵉⵢⴰ اليوسفية,,
8439204319,node,Pharmacie Saada Rhazri صيدلية السعادة عازري,32.2361437,-8.5360301,Youssoufia,,
8439212909,node,Pharmacie Annour صيدلية النور,32.237092,-8.5326451,Youssoufia ⵢⵓⵙⴼⵉⵢⴰ اليوسفية,,
8439266550,node,Pharmacie Moderne الصيدلية الحديثة,32.2415859,-8.5371963,Youssoufia,,
8439278881,node,Pharmacie Al Ouma صيدلية الأمة,32.2458394,-8.5341124,Youssoufia ⵢⵓⵙⴼⵉⵢⴰ اليوسفية,,
8439283846,node,Pharmacie Ibn Sina صيدلية ابن سينا,32.239898,-8.5422871,Youssoufia,,
8439284815,node,Pharmacie Inas صيدلية ايناس,32.2427264,-8.5403043,Youssoufia,,
8439284816,node,Pharmacie Al Qods صيدلية القدس,32.2538836,-8.5358955,YOUSSOUFIA,,
8439290174,node,Pharmacie Ahmar صيدلية أحمر,32.2418627,-8.5354636,Youssoufia,,
8439294931,node,Pharmacie Minicipalité صيدلية البلدية,32.2446437,-8.5345939,YOUSSOUFIA,,
8439299972,node,Pharmacie Louis Gentil صيدلية لويس جونتي,32.246148,-8.5283145,Youssoufia,,
8439303334,node,Pharmacie Zaid صيدلية زيد,32.2484544,-8.5234343,Youssoufia ⵢⵓⵙⴼⵉⵢⴰ اليوسفية,,
8439308189,node,Pharmacie Kachkat صيدلية كاشكاط,32.2458067,-8.5332465,Youssoufia ⵢⵓⵙⴼⵉⵢⴰ اليوسفية,,
8439308791,node,Pharmacie Orphelinat صيدلية الخيرية,32.2446004,-8.5317972,Youssoufia ⵢⵓⵙⴼⵉⵢⴰ اليوسفية,,
8439312393,node,Pharmacie Dokkali صيدلية دكالي,32.2566127,-8.5291738,Youssoufia,,
8439316457,node,Pharmacie Moatamid Ibn Abbad صيدلية المعتمد بن عباد,32.2426258,-8.5421335,Youssoufia,,
8439322769,node,Pharmacie Zaytouna صيدلية زيتونة,32.2491676,-8.539346,Youssoufia ⵢⵓⵙⴼⵉⵢⴰ اليوسفية,,
8439323041,node,Pharmacie Najmi صيدلية نجمي,32.2515064,-8.5342218,YOUSSOUFIA,,
8439341054,node,Pharmacie Chefchaouni صيدلية الشفشاوني,32.2552809,-8.5336693,Youssoufia,,
8439358139,node,Pharmacie Zainab صيدلية زينب,32.2602303,-8.5235158,Youssoufia ⵢⵓⵙⴼⵉⵢⴰ اليوسفية,,
8439370946,node,Pharmacie Lahdir صيدلية لهضير,32.2489358,-8.532388,Youssoufia,,
8439388569,node,Pharmacie Du Souk صيدلية السوق,32.239991,-8.5379535,Youssoufia,,
8439417064,node,Pharmacie de l'Hôpital صيدلية المستشفى,32.2892361,-9.2374423,Safi,,
8440787302,node,Pharmacie Taoufik صيدلية توفيق,32.0801425,-8.625871,Echemmaia,,
8440876478,node,Pharmacie La marche Verte صيدلية المسيرة الخضراء,32.0811162,-8.6238571,Echemmaia,,
8441149412,node,Pharmacie El Kheir صيدلية الخير,32.1079615,-9.0834304,Sebt Gzoula ⵙⴰⴱⵜ ⴳⴰⵣⵓⵍⴰ سبت جزولة,,
8441167314,node,Pharmacie Douha صيدلية الدوحة,32.107131,-9.083239,Sebt Gzoula ⵙⴰⴱⵜ ⴳⴰⵣⵓⵍⴰ سبت جزولة,,
8441184788,node,Pharmacie Sebt صيدلية سبت,32.1045332,-9.0867523,Sebt Gzoula ⵙⴰⴱⵜ ⴳⴰⵣⵓⵍⴰ سبت گزولة,,
8441189899,node,Pharmacie Joulane صيدلية الجولان,32.1102344,-9.0842205,Sebt Gzoula ⵙⴰⴱⵜ ⴳⴰⵣⵓⵍⴰ سبت گزولة,,
8441212984,node,Pharmacie Al Amal صيدلية الأمال,32.1121389,-9.082697,Sebt Gzoula,,
8441511683,node,Pharmacie Kasbet Oualidia صيدلية قصبة الواليدية,32.7296279,-9.0385311,Oualidia,,
8441551456,node,Pharmacie La Mosquée صيدلية المسجد,32.7324212,-9.0350496,Oualidia ⵍⵡⴰⵍⵉⴷⵢⵢⴰ الوليدية,,
8441554201,node,Pharmacie Karam Daif صيدلية كرم الضيف,32.7199202,-9.0469122,Oualidia,,
8441577691,node,Pharmacie La Lagune صيدلية البحيرة,32.735019,-9.0322626,Loualidia ⵍⵡⴰⵍⵉⴷⵢⵢⴰ الوليدية,,
8441590655,node,Pharmacie Al Hamd صيدلية الحمد,32.7378038,-9.0267862,Oualidia,,
8441608241,node,Pharmacie Route Lgherbia صيدلية الطريق الغربية,32.7322295,-9.0274012,Loualidia ⵍⵡⴰⵍⵉⴷⵢⵢⴰ الوليدية,,
8441686953,node,Pharmacie Izlafen صيدلية إزلافن,31.9472537,-6.5855488,Azilal ⴰⵣⵉⵍⴰⵍ أزيلال,,
8441718572,node,Pharmacie de la Gare صيدلية المحطة,31.9517462,-6.5851194,Azilal ⴰⵣⵉⵍⴰⵍ أزيلال,,
8441790380,node,Pharmacie Tanoute صيدلية تانوت,31.97059,-6.5655113,Azilal ⴰⵣⵉⵍⴰⵍ أزيلال,,
8441791056,node,Pharmacie Anass صيدلية أنس,31.9632751,-6.5676817,Azilal,,
8441792778,node,Pharmacie Ouahda صيدلية الوحدة,31.9678707,-6.5697279,Azilal ⴰⵣⵉⵍⴰⵍ أزيلال,,
8441835390,node,Pharmacie Ben Allal صيدلية بن علال,31.9582457,-6.5736906,Azilal,,
8442363931,node,Pharmacie Lissasfa صيدلية ليساسفة,33.2031072,-8.4930913,El Jadida ⵍⵊⴰⴷⵉⴷⴰ الجديدة,,
8442364594,node,Pharmacie Espace Al Amal صيدلية فضاء الأمل,33.2100867,-8.4938533,El Jadida ⵍⵊⴰⴷⵉⴷⴰ الجديدة,,
8442400023,node,Pharmacie Al Yacout صيدلية الياقوت,33.2128784,-8.494894,El Jadida ⵍⵊⴰⴷⵉⴷⴰ الجديدة,,
8442408350,node,Pharmacie Malika صيدلية مليكة,33.2196501,-8.4953668,El Jadida ⵍⵊⴰⴷⵉⴷⴰ الجديدة,,
8442570819,node,Pharmacie Oumnia صيدلية أمنية,32.3247763,-6.3772576,Beni Mellal,,
8442576417,node,Pharmacie Riyad Salam صيدلية رياض السلام,32.3168973,-6.3823196,Beni Mellal,,
8442576780,node,Pharmacie Myriam صيدلية مريم,32.3219247,-6.3821512,Beni Mellal,,
8442585740,node,Pharmacie Achorouk صيدلية الشروق,32.3192366,-6.3707215,Beni Mellal,,
8442612717,node,Pharmacie Tahri صيدلية طاهري,32.3232082,-6.3713076,Beni Mellal,,
8442779685,node,Pharmacie Raed صيدلية الرائد,32.3234642,-6.3674361,Beni Mellal,,
8442785507,node,Pharmacie Ourbia صيدلية أوربية,32.3169641,-6.3587898,Beni Mellal,,
8442801889,node,Pharmacie Aiyad صيدلية عياد,32.3246032,-6.3485419,Beni Mellal,,
8442819334,node,Pharmacie Jnane Taher صيدلية جنان الطاهر,32.324974,-6.3642228,Beni Mellal,,
8442842407,node,Pharmacie Zohour Atlas صيدلية زهور أطلس,32.3223438,-6.3587841,Beni Mellal,,
8442880620,node,Pharmacie D'chira صيدلية الدشيرة,32.3287043,-6.3540923,Beni Mellal,,
8442886294,node,Pharmacie Belle Vue صيدلية المنظر الجميل,32.3276189,-6.360697,Béni Mellal,,
8442896253,node,Pharmacie Ram صيدلية رام,32.3264034,-6.3568071,Beni Mellal,,
8442971923,node,Pharmacie Zitoune صيدلية الزيتون,32.327009,-6.3695917,Beni Mellal,,
8443154557,node,Pharmacie Bouachouch صيدلية بوعشوش,32.3322295,-6.3552175,Béni Mellal,,
8443248396,node,Pharmacie Chifa صيدلية الشفاء,32.3308561,-6.3527242,Beni Mellal,,
8443250772,node,Pharmacie Sidi Abdelhalim صيدلية سيدي عبد الحليم,32.3346998,-6.3475913,Beni Mellal,,
8443254096,node,Pharmacie Beni Mellal صيدلية بني ملال,32.3336981,-6.3535899,Beni Mellal ⴰⵢⵜ ⵎⵍⵍⴰⵍ بني ملال,,
8443294874,node,Pharmacie Ait Tisslit صيدلية أيت تسليت,32.3342741,-6.3501821,Beni Mellal,,
8443351078,node,Pharmacie de la Gare صيدلية المحطة,32.3368636,-6.3529048,Beni Mellal,,
8443371246,node,Pharmacie Du Maroc صيدلية المغرب,32.3381502,-6.3495253,Beni Mellal,,
8443382173,node,Pharmacie Lycée Technique صيدلية الثانوية التقنية,32.3477734,-6.3402455,Beni Mellal,,
8443386583,node,Pharmacie Rmila صيدلي الرميلة,32.3360644,-6.3447692,Beni Mellal,,
8443391579,node,Pharmacie Addaouha صيدلية الدوحة,32.336337,-6.3379146,Beni Mellal,,
8443399439,node,Pharmacie Essoumaa صيدلية الصومعة,32.3336603,-6.3353532,Beni Mellal,,
8443408441,node,Pharmacie Ennaciria صيدلية الناصيرية,32.3439987,-6.3360687,Beni Mellal,,
8443421079,node,Pharmacie Dar Dbagh صيدلية دار الدباغ,32.3323781,-6.343164,Beni Mellal,,
8443463284,node,Pharmacie Al Massira 1 صيدلية المسيرة,32.3406834,-6.3359067,Beni Mellal,,
8443476412,node,Pharmacie Balsam صيدلية البلسم,32.341811,-6.3434107,Beni Mellal,,
8443491085,node,Pharmacie Populaire الصيدلية الشعبية,32.340144,-6.35236,Beni Mellal,,
8443506625,node,Pharmacie Ibn Sina صيدلية ابن سينا,32.3382679,-6.3455074,Beni Mellal,,
8443527456,node,Pharmacie El Houda,32.3426959,-6.3501091,Beni Mellal,,
8443527973,node,Pharmacie Atlas صيدلية أطلس,33.218918,-8.4920413,El Jadida ⵍⵊⴰⴷⵉⴷⴰ الجديدة,,
8443539957,node,Pharmacie Jebli صيدلية جبلي,33.2230377,-8.4958124,El Jadida,,
8443540185,node,Pharmacie Hay Salam صيدلية حي السلام,33.225935,-8.496973,El Jadida ⵍⵊⴰⴷⵉⴷⴰ الجديدة,,
8443541344,node,Pharmacie Route De Marrakech صيدلية طريق مراكش,33.2219292,-8.491993,El Jadida,,
8443541359,node,Pharmacie Al Balssam صيدلية البلسم,33.224309,-8.4930444,El Jadida ⵍⵊⴰⴷⵉⴷⴰ الجديدة,,
8443548687,node,Pharmacie El Amryate صيدلية العامريات,32.3402582,-6.3604204,Beni Mellal,,
8443551376,node,Pharmacie Al Mahabba صيدلية المحبة,33.2237501,-8.5006604,El Jadida ⵍⵊⴰⴷⵉⴷⴰ الجديدة,,
8443552299,node,Pharmacie Khalil Jabrane صيدلية خليل جبران,33.228664,-8.5198234,El Jadida,,
8443566666,node,Pharmacie El Amal صيدلية الأمل,32.3386935,-6.3623713,Beni Mellal,,
8443568175,node,Pharmacie Islam صيدلية اسلام,33.2213762,-8.5031173,El Jadida ⵍⵊⴰⴷⵉⴷⴰ الجديدة,,
8443580611,node,Pharmacie la Faculté صيدلية الكلية,32.3365241,-6.3710131,Béni Mellal,,
8443590164,node,Pharmacie Al Bouchra صيدلية البشرى,32.3508578,-6.3593174,Beni Mellal,,
8443590471,node,Pharmacie Sherif صيدلية شريف,33.2260032,-8.5020405,El Jadida,,
8443594751,node,Pharmacie Mellalya صيدلية ملالية,32.3406718,-6.3748805,Beni Mellal,,
8443602501,node,Pharmacie Najd 2 صيدلية نجد,33.2268176,-8.5050351,El Jadida,,
8443603937,node,Pharmacie Jnane El Matar صيدلية جنان المطار,33.2274883,-8.5165511,El Jadida,,
8443613758,node,Pharmacie Commerciale صيدلية التجارية,33.2285084,-8.5074016,El Jadida,,
8443615000,node,Pharmacie Dahbi صيدلية الذهبي,32.3470775,-6.3586898,Beni Mellal,,
8443616555,node,Pharmacie Belfadla صيدلية بلفاضلا,33.2305078,-8.5050155,El Jadida,,
8443617634,node,Pharmacie Miral صيدلية ميرال,32.3440631,-6.3688497,Beni Mellal,,
8443622041,node,Pharmacie L'Afrique صيدلية أفريقيا,33.2281448,-8.4816342,El Jadida,,
8443622818,node,Pharmacie Laila Santé صيدلية ليلى,32.3517771,-6.3556121,Beni Mellal,,
8443630972,node,Pharmacie Rachdaoui,32.3501497,-6.3458547,Beni Mellal,,
8443637823,node,Pharmacie Azzaytouna صيدلية الزيتونة,33.2278895,-8.4997064,El Jadida,,
8443648935,node,Pharmacie les Martyrs صيدلية الشهداء,32.3506476,-6.3512681,Beni Mellal,,
8443652161,node,Pharmacie Cité Universitaire صيدلية الحي الجامعي,33.2244685,-8.4828123,El Jadida ⵍⵊⴰⴷⵉⴷⴰ الجديدة,,
8443652565,node,Pharmacie Al Ghazwa صيدلية الغزوة,33.2332186,-8.5050348,El Jadida,,
8443656120,node,Pharmacie Al Massira 2 صيدلية المسيرة,32.3562964,-6.355546,Beni Mellal ⴰⵢⵜ ⵎⵍⵍⴰⵍ بني ملال,,
8443660395,node,Pharmacie Grande Al Hawzia الصيدلية الكبرى للحوزية,33.2298637,-8.4704769,El Jadida ⵍⵊⴰⴷⵉⴷⴰ الجديدة,,
8443676317,node,Pharmacie Al Boustane الصيدلية البستان,33.2320673,-8.4866693,El Jadida ⵍⵊⴰⴷⵉⴷⴰ الجديدة,,
8443676906,node,Pharmacie Bismi Allah صيدلية بسم الله,32.354899,-6.36069,Beni Mellal ⴰⵢⵜ ⵎⵍⵍⴰⵍ بني ملال,,
8443687790,node,Pharmacie Aït Falha صيدلية آيت فالحة,32.3521188,-6.3640472,Beni Mellal ⴰⵢⵜ ⵎⵍⵍⴰⵍ بني ملال,,
8443713760,node,Pharmacie Al Hamrae الصيدلية الحمراء,33.2366571,-8.4819324,El Jadida,,
8443722729,node,Pharmacie Al Masjid صيدلية المسجد,33.2353919,-8.4871536,El Jadida,,
8443728594,node,Pharmacie El Kawassim صيدلية القواسم,33.2355304,-8.477676,El Jadida,,
8443729212,node,Pharmacie Al Wahat الصيدلية الواحات,33.2326482,-8.4818477,El Jadida,,
8443747543,node,Pharmacie Le Grand Parc صيدلية البارك الكبير,33.2377999,-8.5111008,El Jadida,,
8443751316,node,Pharmacie Sid Moussa صيدلية سيدي موسى,33.2333471,-8.492578,El Jadida,,
8443751413,node,Pharmacie Chaimae صيدلية شيماء,32.3248477,-6.3985837,Beni Mellal ⴰⵢⵜ ⵎⵍⵍⴰⵍ بني ملال,,
8443754087,node,Pharmacie Marjana صيدلية مرجانة,33.2274216,-8.5276798,El Jadida,,
8443758991,node,Pharmacie Liban صيدلية لبنان,33.2438546,-8.487045,El Jadida ⵍⵊⴰⴷⵉⴷⴰ الجديدة,,
8443758993,node,Pharmacie Hakima صيدلية حكيمة,33.2376599,-8.4914393,El Jadida,,
8443762296,node,Pharmacie La Famille صيدلية الأسرة,33.2354286,-8.4903909,El Jadida,,
8443768329,node,Pharmacie Jawhara صيدلية جوهرة,33.2269657,-8.4935786,El Jadida,,
8443768386,node,Pharmacie Achour صيدلية اشور,33.2373077,-8.5034253,El Jadida,,
8443776660,node,Pharmacie Al Jahidi صيدلية الجاهدي,33.229685,-8.493702,El Jadida,,
8443780797,node,Pharmacie La Pleiade صيدلية الديوان,33.2313479,-8.5190773,El Jadida,,
8443782570,node,Pharmacie Belhaj صيدلية بلحاج,33.2305618,-8.5325049,El Jadida ⵍⵊⴰⴷⵉⴷⴰ الجديدة,,
8443783060,node,Pharmacie Al Qods صيدلية القدس,33.2411322,-8.4974862,El Jadida,,
8443793804,node,Pharmacie Ouled Ayad صيدلية أولاد عياد,32.3305243,-6.377284,Beni Mellal,,
8443793920,node,Pharmacie Moulay Driss صيدلية مولاي ادريس,33.2322965,-8.4952411,El Jadida,,
8443794571,node,Pharmacie Ezzahraa صيدلية الزهراء,32.3339047,-6.3717701,Beni Mellal,,
8443798636,node,Pharmacie Cherkaoui صيدلية الشرقاوي,32.3266905,-6.3950126,Beni Mellal ⴰⵢⵜ ⵎⵍⵍⴰⵍ بني ملال,,
8443810040,node,Pharmacie Ouassat El Jadida صيدلية وسط الجديدة,33.2357009,-8.5193437,El Jadida,,
8443810041,node,Pharmacie Oasis صيدلية الواحة,33.2285544,-8.5247937,El Jadida,,
8443810944,node,Pharmacie Zakaria صيدلية زكرياء,32.3295168,-6.3851694,Beni Mellal,,
8443812620,node,Pharmacie Izdihar صيدلية ازدهار,33.2292485,-8.5125414,El Jadida,,
8443816004,node,Pharmacie Fadwa صيدلية فدوى,33.2263896,-8.5219398,El Jadida,,
8443842756,node,Pharmacie Saqr صيدلية صقر,33.2400215,-8.5336317,El Jadida ⵍⵊⴰⴷⵉⴷⴰ الجديدة,,
8443845836,node,Pharmacie Natale صيدلية ناتال,33.2328583,-8.5354618,El Jadida ⵍⵊⴰⴷⵉⴷⴰ الجديدة,,
8443855840,node,Pharmacie Ibrahim Al Khalil صيدلية ابراهيم الخليل,33.2353346,-8.5329315,El Jadida ⵍⵊⴰⴷⵉⴷⴰ الجديدة,,
8443855867,node,Pharmacie Hacienda صيدلية هاسياندا,33.2296809,-8.549818,Sidi Bouzid ⵙⵉⴷⵉ ⴱⵓⵣⵉⴷ سيدي بوزيد,,
8443866618,node,Pharmacie Acharif Al Idrissi صيدلية الشريف الادريسي,33.2305274,-8.5275179,El Jadida ⵍⵊⴰⴷⵉⴷⴰ الجديدة,,
8443867327,node,Pharmacie Melk Cheikh صيدلية ملك الشيخ,33.2342323,-8.5273791,El Jadida ⵍⵊⴰⴷⵉⴷⴰ الجديدة,,
8443871596,node,Pharmacie Diamant Vert صيدلية الماسة الزرقاء,33.2272265,-8.5461774,Sidi Bouzid,,
8443876013,node,Pharmacie Shihab صيدلية شهاب,32.3323168,-6.3743557,Beni Mellal,,
8443877513,node,Pharmacie Iness صيدلية اناس,33.2325687,-8.549439,Sidi Bouzid,,
8443892816,node,Pharmacie Lawina صيدلية لعوينة,33.2549857,-8.5174514,El Jadida ⵍⵊⴰⴷⵉⴷⴰ الجديدة,,
8443893903,node,Pharmacie Pierre De Corail صيدلية حجر المرجان,33.2239565,-8.5280094,El Jadida ⵍⵊⴰⴷⵉⴷⴰ الجديدة,,
8443900168,node,Pharmacie Sanaa صيدلية سناء,33.2477286,-8.5319524,El Jadida ⵍⵊⴰⴷⵉⴷⴰ الجديدة,,
8443900879,node,Pharmacie Sidi Bouzid صيدلية سيدي بوزيد,33.2307949,-8.5520103,Sidi Bouzid ⵙⵉⴷⵉ ⴱⵓⵣⵉⴷ سيدي بوزيد,,
8443901384,node,Pharmacie Hajji صيدلية حاجي,33.2470734,-8.5279156,El Jadida ⵍⵊⴰⴷⵉⴷⴰ الجديدة,,
8443908487,node,Pharmacie Cotière صيدلية الساحل,33.24834,-8.5220595,El Jadida ⵍⵊⴰⴷⵉⴷⴰ الجديدة,,
8443908492,node,Pharmacie Narjiss صيدلية نرجس,33.2510941,-8.524019,El Jadida ⵍⵊⴰⴷⵉⴷⴰ الجديدة,,
8443919275,node,Pharmacie El Araki صيدلية العراقي,33.2462122,-8.53353,El Jadida ⵍⵊⴰⴷⵉⴷⴰ الجديدة,,
8443921296,node,Pharmacie Azur صيدلية أزور,33.2382287,-8.5468333,Sidi Bouzid,,
8443927153,node,Pharmacie Les Fleurs صيدلية الورود,33.2396834,-8.5368492,El Jadida ⵍⵊⴰⴷⵉⴷⴰ الجديدة,,
8443932873,node,Pharmacie Mazagan صيدلية مازاكان,33.2507218,-8.5267656,El Jadida ⵍⵊⴰⴷⵉⴷⴰ الجديدة,,
8443939382,node,Pharmacie Al Moujahid Al Ayachi صيدلية المجاهد العياشي,33.2453685,-8.5254802,El Jadida ⵍⵊⴰⴷⵉⴷⴰ الجديدة,,
8443939484,node,Pharmacie Essaada صيدلية السعادة,33.2428516,-8.5252388,El Jadida,,
8443939485,node,Pharmacie Najih صيدلية نجيح,33.243207,-8.5312016,El Jadida ⵍⵊⴰⴷⵉⴷⴰ الجديدة,,
8443943115,node,Pharmacie et Laboratoire Imane صيدلية و مختبر ايمان,33.2441971,-8.4953457,El Jadida ⵍⵊⴰⴷⵉⴷⴰ الجديدة,,
8443944645,node,Pharmacie Ennakhil صيدلية النخيل,33.2430644,-8.4921565,El Jadida ⵍⵊⴰⴷⵉⴷⴰ الجديدة,,
8443948099,node,Pharmacie Amoury صيدلية عموري,33.2538389,-8.5190577,El Jadida ⵍⵊⴰⴷⵉⴷⴰ الجديدة,,
8443948652,node,Pharmacie Omar Ben Khattab صيدلية عمر بن الخطاب,33.2337008,-8.5267311,El Jadida ⵍⵊⴰⴷⵉⴷⴰ الجديدة,,
8443948653,node,Pharmacie La Province صيدلية العمالة,33.2455387,-8.5072729,El Jadida,,
8443959036,node,Pharmacie Al Nasr صيدلية النصر,33.2535995,-8.5213942,El Jadida ⵍⵊⴰⴷⵉⴷⴰ الجديدة,,
8443959119,node,Pharmacie Polyclinique صيدلية بوليكلينيك,33.245858,-8.5191703,El Jadida ⵍⵊⴰⴷⵉⴷⴰ الجديدة,,
8443962021,node,Pharmacie Lina صيدلية لينا,33.2423192,-8.517643,El Jadida ⵍⵊⴰⴷⵉⴷⴰ الجديدة,,
8443966068,node,Pharmacie Al Moukawana صيدلية المقاومة,33.2432892,-8.501845,El Jadida,,
8443968612,node,Pharmacie Oscar صيدلية أوسكار,33.2497932,-8.499538,El Jadida,,
8443972351,node,Pharmacie Adalia صيدلية الدالية,32.3487098,-6.3627301,Beni Mellal,,
8444009200,node,Pharmacie La Santé صيدلية الصحة,32.3359649,-6.3613073,Béni Mellal,,
8444009201,node,Pharmacie Moderne الصيدلية الحديثة,33.2559889,-8.5147903,El Jadida ⵍⵊⴰⴷⵉⴷⴰ الجديدة,,
8444010904,node,Pharmacie Rabat,32.3445945,-6.3490022,Beni Mellal,,
8444025378,node,Pharmacie Populaire الصيدلية الشعبية,33.254729,-8.506892,El Jadida ⵍⵊⴰⴷⵉⴷⴰ الجديدة,,
8444025815,node,Pharmacie Derb El Hajjaj صيدلية درب الحجاج,33.2562816,-8.5049762,El Jadida ⵍⵊⴰⴷⵉⴷⴰ الجديدة,,
8444026895,node,Pharmacie Du Soleil صيدلية الشمس,33.2529009,-8.5102349,El Jadida,,
8444027442,node,Pharmacie Dar Talib صيدلية دار الطالب,32.3452837,-6.3418008,Beni Mellal ⴰⵢⵜ ⵎⵍⵍⴰⵍ بني ملال,,
8444029144,node,Pharmacie De France صيدلية فرنسا,33.2575825,-8.5095417,El Jadida ⵍⵊⴰⴷⵉⴷⴰ الجديدة,,
8445486486,node,Pharmacie Les Orangers صيدلية الليمون,32.3271053,-6.3665727,Beni Mellal,,
8445589077,node,Pharmacie du Marché صيدلية المارشي,32.3346269,-6.3550396,Beni Mellal ⴰⵢⵜ ⵎⵍⵍⴰⵍ بني ملال,,
8445648795,node,Pharmacie Al Adarissa صيدلية الأدارسة,32.3335099,-6.3672697,Béni Mellal,,
8445729919,node,Pharmacie Chakib صيدلية شكيب,32.3410221,-6.3572812,Beni Mellal,,
8445841015,node,Pharmacie Nour صيدلية نور,32.3408769,-6.3684902,Beni Mellal,,
8446064283,node,Pharmacie El Manar صيدلية المنار,33.2516084,-8.5126459,El Jadida ⵍⵊⴰⴷⵉⴷⴰ الجديدة,,
8446067052,node,Pharmacie Semlali صيدلية سملالي,33.2501616,-8.5105769,El Jadida ⵍⵊⴰⴷⵉⴷⴰ الجديدة,,
8446073807,node,Pharmacie La Paix صيدلية السلام,33.2533024,-8.5121384,El Jadida,,
8446084011,node,Pharmacie Al Fath صيدلية الفتح,33.248296,-8.5061224,El Jadida ⵍⵊⴰⴷⵉⴷⴰ الجديدة,,
8446095434,node,Pharmacie El Breija صيدلية البريجة,33.2573063,-8.5060371,El Jadida ⵍⵊⴰⴷⵉⴷⴰ الجديدة,,
8446095757,node,Pharmacie Belbachir صيدلية بلبشير,33.2603491,-8.5099483,El Jadida ⵍⵊⴰⴷⵉⴷⴰ الجديدة,,
8446099784,node,Pharmacie Des Doukkala صيدلية دكالة,33.2500258,-8.5040119,El Jadida ⵍⵊⴰⴷⵉⴷⴰ الجديدة,,
8446103786,node,Pharmacie Ouled Hamdane N'Zala صيدلية اولاد حمدان النزالة,32.3392465,-6.3718512,Beni Mellal,,
8446115556,node,Pharmacie Lalla Zahra صيدلية لالة زهرة,33.2536882,-8.5146733,El Jadida,,
8446127234,node,Pharmacie Dikra صيدلية ذكرى,33.2477695,-8.499859,El Jadida ⵍⵊⴰⴷⵉⴷⴰ الجديدة,,
8446129683,node,Pharmacie Bouchtia صيدلية بوشتية,33.2527036,-8.503733,,,
8446164097,node,Pharmacie El Ghorba صيدلية الغربة,33.2216212,-8.4765585,El Jadida ⵍⵊⴰⴷⵉⴷⴰ الجديدة,,
8446221218,node,Pharmacie Khansae صيدلية الخنساء,33.2523503,-8.5245989,El Jadida ⵍⵊⴰⴷⵉⴷⴰ الجديدة,,
8446458998,node,Pharmacie des FAR صيدلية الجيش الملكي,32.3439137,-6.3575982,Bèni Mellal,,
8446555549,node,Pharmacie Centrale الصيدلية المركزية,32.3347334,-6.3573031,Béni Mellal,,
8446574091,node,Pharmacie Hay Redouane صيدلية حي الرضوان,32.3415579,-6.3635529,Beni Mellal,,
8446621766,node,Pharmacie El Oualidia صيدلية الوالدية,32.7359675,-9.0284008,Loualidia ⵍⵡⴰⵍⵉⴷⵢⵢⴰ الوليدية,,
8446856915,node,Pharmacie de l'Hopital صيدلية المستشفى,32.5882904,-6.2599298,kasba tadla,,
8446933003,node,Pharmacie Dakhla صيدلية الداخلة,32.5938733,-6.2576693,Kasba Tadla,,
8447117804,node,Pharmacie El Massira صيدلية المسيرة,33.2473793,-8.5007258,El Jadida ⵍⵊⴰⴷⵉⴷⴰ الجديدة,,
8447143064,node,Pharmacie Amine صيدلية أمين,32.596844,-6.2730289,Kasba Tadla,,
8447152048,node,Pharmacie Ait Omar صيدلية ايت عمر,32.6037363,-6.2645643,Kasba Tadla,,
8447176153,node,Pharmacie Annour صيدلية النور,33.2422827,-8.5273172,El Jadida,,
8447182212,node,Pharmacie Al Amal صيدلية الأمل,32.6059994,-6.2621518,Kasba Tadla,,
8447189060,node,Pharmacie Gasmy صيدلية كاسمي,33.252184,-8.5039525,El Jadida ⵍⵊⴰⴷⵉⴷⴰ الجديدة,,
8447198665,node,Pharmacie Ayoub صيدلية أيوب,32.6073292,-6.273512,Kasba Tadla,,
8447198874,node,Pharmacie Jorf صيدلية جرف,33.252153,-8.5088372,El Jadida,,
8447199044,node,Pharmacie Des Unions صيدلية الاتحاد,33.2465224,-8.5001893,El Jadida ⵍⵊⴰⴷⵉⴷⴰ الجديدة,,
8447200703,node,Pharmacie La Victoire صيدلية النصر,33.2499096,-8.5206546,El Jadida ⵍⵊⴰⴷⵉⴷⴰ الجديدة,,
8447204244,node,Pharmacie Zaaouat صيدلية زعواط,32.6038122,-6.2673631,Kasba Tadla,,
8447213420,node,La Nouvelle Pharmacie الصيدلية الجديدة,32.5965583,-6.2633588,Kasba Tadla,,
8447226322,node,Pharmacie de la Gare صيدلية المحطة,32.5998553,-6.2670699,Kasba Tadla,,
8447226358,node,Pharmacie Errachidia صيدلية الراشيدية,32.6043394,-6.2740656,Kasba Tadla,,
8447226664,node,Pharmacie Dolphine صيدلية الدلفين,33.2490392,-8.5295434,El Jadida ⵍⵊⴰⴷⵉⴷⴰ الجديدة,,
8447235019,node,Pharmacie Farah صيدلية فرح,32.6030587,-6.2795317,Kasba Tadla,,
8447248224,node,Pharmacie Miral صيدلية ميرال,32.6141487,-6.2628274,Kasba Tadla ⵇⵚⴱⵜ ⵜⴰⴷⵍⴰ قصبة تادلة,,
8447279250,node,Pharmacie 20 Aout صيدلية 20 غشت,32.605176,-6.2820524,Kasba Tadla ⵇⵚⴱⵜ ⵜⴰⴷⵍⴰ قصبة تادلة,,
8449040353,node,Pharmacie Souk Jdid صيدلية السوق الجديد,32.4974178,-6.7107975,Fkih Ben Salah ⴼⵇⵉⵀ ⴱⵏ ⵚⴰⵍⵃ الفقيه بن صالح,,
8449056432,node,Pharmacie Al Andalous صيدلية الأندلس,32.4968359,-6.7068331,Fkih Ben Salah,,
8449063575,node,Pharmacie Ait Radi صيدلية آيت الراضي,32.4978809,-6.7020734,Fkih Ben Salah,,
8449070491,node,Pharmcie Meskaoui صيدلية مسكاوي,32.4991151,-6.7050366,Fkih Ben Salah,,
8449097856,node,Pharmacie La Nouvelle الصيدلية الجديدة,32.4988728,-6.7000495,Fkih Ben Salah,,
8449124623,node,Pharmacie Btissam صيدلية ابتسام,32.4976461,-6.6975166,Fkih Ben Salah,,
8449144328,node,Pharmacie Al Moujahid صيدلية المجاهد,32.495994,-6.6952954,Fkih Ben Salah,,
8449148410,node,Pharmacie Adoha صيدلي الضحى,32.4935369,-6.697736,Fkih Ben Salah,,
8449170583,node,Pharmacie Nazha 1 صيدلية نزهة,32.4910064,-6.6914812,Fkih Ben Salah,,
8449177148,node,Pharmacie Al Majd صيدلية المجد,32.4916698,-6.6877058,Fkih Ben Salah,,
8449189660,node,Pharmacie La Gare صيدلية المحطة,32.494544,-6.6871905,Fkih Ben Salah ⴼⵇⵉⵀ ⴱⵏ ⵚⴰⵍⵃ الفقيه بن صالح,,
8449200011,node,Pharmacie Imam Al Boukhari صيدلية الإمام البخاري,32.4995865,-6.6782924,Fkih Ben Salah,,
8449217421,node,Pharmacie Ouled Hdidou صيدلية اولاد حديدو,32.4948479,-6.6857068,Fkih Ben Salah ⴼⵇⵉⵀ ⴱⵏ ⵚⴰⵍⵃ الفقيه بن صالح,,
8449218628,node,Pharmacie Fkih Ben Salah صيدلية لفقيه بنصالح,32.49694,-6.6867873,Fkih Ben Salah,,
8449244278,node,Pharmacie 2 Mars صيدلية 2 مارس,32.5003081,-6.6827185,Fkih Ben Salah,,
8449244752,node,Pharmacie Larmoud صيدلية لارمود,32.4962382,-6.6810024,Fkeh Ben Salah,,
8449259881,node,Pharmacie Ibn Sina صيدلية ابن سينا,32.4993925,-6.6843842,Fkih Ben Salah,,
8449310225,node,Pharmacie Nafidi صيدلية نفدي,32.4986557,-6.6864223,Fkih Ben Salah,,
8449325992,node,Pharmacie Majidi صيدلية ماجيدي,33.2795696,-8.3573212,Azemmour أزمور,,
8449350028,node,Pharmacie Hay Al Wifak صيدلية حي الوفاق,33.2804432,-8.3616753,Azemmour أزمور,,
8449353591,node,Pharmacie Ennasr صيدلية النصر,33.2878001,-8.3493125,Azemmour أزمور,,
8449355804,node,Pharmacie Oum Rabii صيدلية أم ربيع,33.2820554,-8.3518655,Azemmour أزمور,,
8449367189,node,Pharmacie Azemmour صيدلية أزمور,33.28647,-8.3471006,Azemmour أزمور,,
8449368627,node,Pharmacie Jaouhari صيدلية جوهري,33.2868406,-8.3541568,Azemmour أزمور,,
8449369184,node,Pharmacie Tourabi صيدلية تورابي,32.50131,-6.6847428,Fkih Ben Salah,,
8449378869,node,Pharmacie Al Mahatta صيدلية المحطة,33.2806228,-8.3428308,Azemmour أزمور,,
8449380996,node,Pharmacie Derb Jdid صيدلية درب جديد,33.2837695,-8.3427578,Azemmour أزمور,,
8449381151,node,Pharmacie de Peuple صيدلية الشعب,33.2844458,-8.3463646,Azemmour,,
8449382559,node,Pharmacie Moulay Bouchaib صيدلية مولاي بوشعيب,33.2878319,-8.3421061,Azemmour ⴰⵣⵎⵎⵓⵔ أزمور,,
8449394881,node,Pharmacie El Idrissi صيدلية الادريسي,33.2862164,-8.3415387,Azemmour أزمور,,
8449397061,node,Pharmacie Populaire الصيدلية الشعبية,32.5021835,-6.6868638,Fkih Ben Salah,,
8449400149,node,Pharmacie Fadel صيدلية فاضل,33.2866046,-8.3265405,Azemmour أزمور,,
8449403067,node,Pharmacie Sidi Ali صيدلية سيدي علي,33.2843599,-8.3290778,Azemmour أزمور,,
8449416089,node,Pharmacie Al Farabi صيدلية الفرابي,32.5036979,-6.6875022,Fkih Ben Salah ⴼⵇⵉⵀ ⴱⵏ ⵚⴰⵍⵃ الفقيه بن صالح,,
8449418809,node,Pharmacie Safir صيدلية سافير,33.2829138,-8.3242188,Azemmour,,
8449424105,node,Pharmacie Amine صيدلية أمين,33.2890098,-8.3228817,Azemmour,,
8449445104,node,Pharmacie Abou Ali صيدلية أبو علي,32.5018969,-6.6902708,Fkih Ben Salah,,
8449459451,node,Pharmacie Al Amal صيدلية اﻷمل,32.5000214,-6.6932807,Fkih Ben Salah,,
8449665098,node,Pharmacie El Modafar صيدلية المظفار,32.4985869,-6.6908648,Fkih Ben Salah,,
8449690260,node,Pharmacie Errahma صيدلية الرحمة,32.4970431,-6.6931938,Fkih Ben Salah,,
8449724066,node,Pharmacie Errajaa صيدلية الرجاء,32.4959283,-6.6898981,Fkih Ben Salah,,
8449727567,node,Pharmacie Abida صيدلية عبيدة,32.5102847,-6.7005835,Fkih Ben Salah,,
8449753501,node,Pharmacie Bir Anzarane صيدلية بئر أنزران,32.5091881,-6.6972136,Fkih Ben Salah,,
8449759178,node,Pharmacie Essaada صيدلية السعادة,32.5063531,-6.7024786,Fkih Ben Salah,,
8449760883,node,Pharmacie La Renaissance صيدلية النهضة,32.5038778,-6.699565,Fkih Ben Salah,,
8449773121,node,Pharmacie Abou Al Fadl صيدلية أبو الفضل,32.5132715,-6.6985096,Fkih Ben Salah,,
8449898766,node,Pharmacie de l'Hopital صيدلية المستشفى,32.5058514,-6.6837123,Fkih Ben Salah,,
8449994834,node,Pharmacie El Yassmine صيدلية الياسمين,32.5075303,-6.6814443,Fkih Ben Salah,,
8450000856,node,Pharmacie Marjane صيدلية مرجان,32.5107496,-6.6807668,Fkih Ben Salah,,
8450004024,node,Pharmacie Ifrane صيدلية إفران,32.5109073,-6.6770924,Fkih Ben Salah,,
8450022626,node,Pharmacie Pasteur صيدلية باستور,32.5136272,-6.6748361,Fkih Ben Salah,,
8450039113,node,Pharmacie Al Manar صيدلية المنار,32.5077078,-6.6733812,Fkih Ben Salah,,
8450042553,node,Pharmacie Bab Tlat صيدلية باب الثلاثاء,32.5002278,-6.6896792,Fkih Ben Salah,,
8450061462,node,Pharmacie El Kindi صيدلية الكندي,32.504267,-6.6926508,Fkih Ben Salah,,
8450075758,node,Pharmacie Zarktouni صيدلية الزرقطوني,32.4996169,-6.6879055,Fkih Ben Salah,,
8450085704,node,Pharmacie Beni Amir صيدلية بني عمير,32.5002753,-6.6864353,Fkih Ben Salah,,
8450152817,node,Pharmacie Al Chifaa صيدلية الشفاء,32.4889322,-6.6886706,Fkih Ben Salah ⴼⵇⵉⵀ ⴱⵏ ⵚⴰⵍⵃ الفقيه بن صالح,,
8450155461,node,Pharmacie Sabil صيدلية سبيل,32.4904933,-6.685399,Fkih Ben Salah ⴼⵇⵉⵀ ⴱⵏ ⵚⴰⵍⵃ الفقيه بن صالح,,
8450171565,node,Pharmacie El Hansali صيدلية الحنصالي,32.4979188,-6.6884744,Fkih Ben Salah ⴼⵇⵉⵀ ⴱⵏ ⵚⴰⵍⵃ الفقيه بن صالح,,
8451308198,node,Pharmacie Quarante صيدلية كارنت,32.5213165,-6.6718824,Fkih Ben Salah,,
8453177333,node,Pharmacie Palace Znaqa صيدلية قصر زناقة,32.0952819,-1.2354321,Figuig,,
8453206357,node,Pharmacie Figuig صيدلية فكيك,32.1130808,-1.2309895,Figuig ⵉⴼⵉⵢⵢⵉⵢ فكيك,,
8453261222,node,Pharmacie Centrale الصيدلية المركزية,32.5316792,-1.9627708,Bouarfa ⴱⵓⵄⴰⵔⴼⴰ بوعرفة,,
8453267069,node,Pharmacie Arrida صيدلية الرضا,32.5274967,-1.9636304,Buarfa بوعرفة,,
8453283821,node,Pharmacie Aabir صيدلية عبير,32.5307035,-1.9621416,Bouarfa ⴱⵓⵄⴰⵔⴼⴰ بوعرفة,,
8453290208,node,Pharmacie Oasis صيدلية الواحة,32.5320913,-1.9610966,Bouarfa ⴱⵓⵄⴰⵔⴼⴰ بوعرفة,,
8453295477,node,Pharmacie Issaoui صيدلية عيساوي,32.5317266,-1.9602033,Bouarfa ⴱⵓⵄⴰⵔⴼⴰ بوعرفة,,
8453311610,node,Pharmacie Bouarfa,32.5341111,-1.9604918,Bouarfa,,
8453350345,node,Pharmacie Toba صيدلية توبة,32.5333607,-1.9650449,Bouarfa ⴱⵓⵄⴰⵔⴼⴰ بوعرفة,,
8453389228,node,Pharmacie Ibn Sina صيدلية ابن سينا,32.5353041,-1.9627105,Bouarfa بوعرفة,,
8453451934,node,Pharmacie La Gare صيدلية المحطة,33.042908,-4.003711,Missour,,
8454198077,node,Pharmacie Hay Lmatar صيدلية حي المطار,33.2316791,-8.5243105,El Jadida,,
8454208207,node,Pharmacie Varenne صيدلية فارين,33.2371773,-8.5170182,El Jadida,,
8454298238,node,Pharmacie Al Kheir صيدلية الخير,33.2508749,-8.5211566,El Jadida ⵍⵊⴰⴷⵉⴷⴰ الجديدة,,
8454362580,node,Pharmacie Attissir صيدلية التيسير,33.2387467,-8.496767,El Jadida,,
8454379117,node,Pharmacie Timouyasse صيدلية تيموياس,33.2359803,-8.4943638,El Jadida,,
8455559935,node,Pharmacie Espace Al Massira صيدلية فضاء المسيرة,33.2398457,-8.4926873,El Jadida,,
8455560168,node,Pharmacie Shahme صيدلية شهم,33.2261546,-8.5103572,El Jadida,,
8455569083,node,Pharmacie Ibn Rochd صيدلية ابن رشد,32.7737593,-6.3837094,Bejaad,,
8455576025,node,Pharmacie Hassan 2 صيدلية حسن,32.7706387,-6.3842633,Bejaad ابي الجعد,,
8455576026,node,Pharmacie La Santé صيدلية الصحة,32.77123,-6.387243,Bejaad,,
8455576027,node,Pharmacie Derb Mimouna صيدلية درب ميمونة,32.772907,-6.38867,Bejaad,,
8455576067,node,Pharmacie Centrale الصيدلية المركزية,32.7714521,-6.3946364,Bejaad ⴱⵊⵊⵄⴷ بجعد,,
8455578732,node,Pharmacie Al Kawtar صيدلية الكوثر,33.2386379,-8.5264582,El Jadida ⵍⵊⴰⴷⵉⴷⴰ الجديدة,,
8455595667,node,Pharmacie Hamdi صيدلية حمدي,32.775866,-6.3894726,Bejaad ابي الجعد,,
8455607650,node,Pharmacie Chergui صيدلية الشرقي,33.2177739,-8.4708828,El Jadida ⵍⵊⴰⴷⵉⴷⴰ الجديدة,,
8455610503,node,Pharmacie Ibn Sina صيدلية ابن سينا,32.7729118,-6.3956814,Bejaad ⴱⵊⵊⵄⴷ بجعد,,
8455612135,node,Pharmacie Arrabii صيدلية الربيع,32.7752453,-6.404485,Bejaad,,
8455612717,node,Pharmacie Chifa صيدلية الشفاء,32.7708391,-6.3816362,Bejaad ابي الجعد,,
8455615130,node,Pharmacie La Santé صيدلية الصحة,33.2377031,-8.5310191,El Jadida,,
8455616464,node,Pharmacie Laktater صيدلية القطاطر,32.775198,-6.3977255,Bejaad ابي الجعد,,
8455621076,node,Pharmacie l'Océan صيدلية المحيط,33.2436343,-8.522587,El Jadida ⵍⵊⴰⴷⵉⴷⴰ الجديدة,,
8455632153,node,La Grande Pharmacie الصيدلية الكبرى,32.7728126,-6.3925746,Bejaad,,
8455634478,node,Pharmacie Ibn Nafis صيدلية ابن النفيس,32.7699864,-6.3930453,Bejaad ⴱⵊⵊⵄⴷ بجعد,,
8455647441,node,Pharmacie Omar Ibn El Khattab صيدلية عمر ابن الخطاب,32.7780794,-6.4004279,Bejaad,,
8455649112,node,Pharmacie Al Moujahidine صيدلية المجاهدين,32.7741655,-6.3907929,Bejaad ابي الجعد,,
8455649113,node,Pharmacie Ard Al Khayr صيدلية أرض الخير,32.7749497,-6.3815127,Bejaad,,
8455657208,node,Pharmacie Al Qods صيدلية القدس,32.7672748,-6.396096,Bejaad,,
8455658502,node,Pharmacie Place Mohamed 5 صيدلية ساحة محمد الخامس,32.769202,-6.3958545,Bejaad ⴱⵊⵊⵄⴷ بجعد,,
8455659080,node,Pharmacie El Malki صيدلية المالكي,32.77446,-6.3772933,Bejaad ⴱⵊⵊⵄⴷ بجعد,,
8455732292,node,Pharmacie Karim صيدلية كريم,33.2403059,-8.5244509,El Jadida,,
8457400239,node,Pharmacie Les Parents صيدلية الأبوين,33.2435201,-8.51347,El Jadida,,
8457499470,node,Pharmacie Lafridiyate صيدلية لفريديات,32.7689597,-6.3902529,Bejaad,,
8457669739,node,Pharmacie Tariq Meknes صيدلية طريق مكناس,32.9558605,-5.6650109,Khenifra الخنيفرة,,
8457727533,node,Pharmacie Ennajd صيدلية النجد,32.9493911,-5.6597647,Khenifra الخنيفرة,,
8457773784,node,Pharmacie Ibn Rochd صيدلية ابن رشد,32.9480169,-5.6645119,Khenifra الخنيفرة,,
8458050409,node,Pharmacie Khénifra صيدلية الخنيفرة,32.9438866,-5.6482438,Khenifra الخنيفرة,,
8458055917,node,Pharmacie El Amraoui صيدلية العمراوي,32.9456378,-5.6621081,Khenifra الخنيفرة,,
8458064534,node,Pharmacie Lascirie صيدلية لاسيري,32.945205,-5.6568065,Khenifra الخنيفرة,,
8458090364,node,Pharmacie El Nasr صيدلية النصر,32.9407468,-5.6472683,Khenifra الخنيفرة,,
8458096944,node,Pharmacie Amalou صيدلية أمالو,32.9398286,-5.6499114,Khenifra الخنيفرة,,
8458100953,node,Pharmacie El Habri صيدلية الهبري,32.9386758,-5.6519625,Khenifra الخنيفرة,,
8458105940,node,Pharmacie Le Cèdre صيدلية الأرز,32.9383404,-5.6534616,Khenifra الخنيفرة,,
8458112038,node,Pharmacie Al Massira صيدلية المسيرة,32.9382954,-5.6547181,Khenifra الخنيفرة,,
8458126085,node,Pharmacie Al Karaouiya صيدلية القروية,32.9392239,-5.659339,Khénifra,,
8458130565,node,Pharmacie Ibn Sina صيدلية ابن سينا,32.9372741,-5.6590069,Khenifra الخنيفرة,,
8458142174,node,Pharmacie Jabbour صيدلية جبور,32.9378553,-5.6632577,Khenifra الخنيفرة,,
8458143882,node,Pharmacie Aliaa صيدلية علياء,32.9209391,-5.6628339,Khenifra الخنيفرة,,
8458146207,node,Pharmacie Touhami صيدلية التهامي,32.9321676,-5.6651001,Khénifra,,
8458184793,node,Pharmacie Aguelmam Azegza صيدلية أغلمام أزكزا,32.9350966,-5.6676612,Khénifra ⵅⵏⵉⴼⵕⴰ خنيفرة,,
8458196614,node,Pharmacie El kours صيدلية الكورس,32.9303967,-5.661117,Khenifra الخنيفرة,,
8458198151,node,Pharmacie Hay Errahma صيدلية حي الرحمة,32.9239971,-5.6696272,Khénifra,,
8458204342,node,Pharmacie Achbarou صيدلية أشبارو,32.9264753,-5.6670646,Khenifra الخنيفرة,,
8458263596,node,Pharmacie La Gare صيدلية المحطة,32.9302153,-5.6687732,Khenifra الخنيفرة,,
8458894806,node,Pharmacie 8 mars صيدلية 8 مارس,32.9321576,-5.6688252,Khénifra,+212 5 35 58 88 34,
8458940068,node,Pharmacie Zayan صيدلية زيان,32.9345999,-5.6713701,Khénifra ⵅⵏⵉⴼⵕⴰ خنيفرة,,
8458957148,node,Pharmacie Abouchane صيدلية أبو الشان,32.939164,-5.6696004,Khenifra الخنيفرة,,
8458958932,node,Pharmacie Atlas صيدلية أطلس,32.9361843,-5.6738082,Khenifra الخنيفرة,,
8458958960,node,Pharmacie Oum Rabiee صيدلية أم الربيع,32.9382728,-5.6746518,Khenifra الخنيفرة,,
8458994974,node,Pharmacie Laghrissi صيدلية لغريسي,32.9428803,-5.6770795,Khenifra الخنيفرة,,
8459003925,node,Pharmacie Nouvelle الصيدلية الجديدة,32.9399501,-5.6757494,Khenifra الخنيفرة,,
8459034639,node,Pharmacie Zohour صيدلية الزهور,32.9435614,-5.6754507,Khenifra الخنيفرة,,
8459075859,node,Pharmacie El Fath صيدلية الفتح,32.9464255,-5.6805046,Khenifra الخنيفرة,,
8459080730,node,Pharmacie Boufloucen صيدلية بوفلوسن,32.9459672,-5.6829572,Khénifra,,
8459087579,node,Pharmacie Assaka صيدلية أسكا,32.946903,-5.676296,Khenifra الخنيفرة,,
8459092180,node,Pharmacie Nour صيدلية نور,32.9441572,-5.6693942,Khenifra الخنيفرة,,
8459351175,node,Pharmacie des Cliniques صيدلية المصحات,32.9349695,-5.6613909,Khenifra الخنيفرة,,
8459386410,node,Pharmacie Avicenne صيدلية ابن سينا,32.853026,-6.5783109,OUED ZEM,,
8459387992,node,Pharmacie Al Balsam صيدلية البلسم,32.8466323,-6.5767257,Oued Zem ⵡⴰⴷ ⵣⴰⵎ وادي زم,,
8459388825,node,Pharmacie Oued Zem صيدلية واد زم,32.8544654,-6.5762772,OUED ZEM,,
8459389087,node,Pharmacie Badr صيدلية بدر,32.8485083,-6.579861,Oued Zem ⵡⴰⴷ ⵣⴰⵎ وادي زم,,
8459390903,node,Pharmacie Jerusalem صيدلية القدس,32.8603242,-6.5749552,Oued Zem,,
8459392791,node,Pharmacie Zidania صيدلية زيدانية,32.8583279,-6.5823227,Oued Zem,,
8459393049,node,Pharmacie Salah صيدلية صلاح,32.8537622,-6.5805975,Oued Zem ⵡⴰⴷ ⵣⴰⵎ وادي زم,,
8459400859,node,Pharmacie Al Wahda صيدلية الوحدة,32.8591529,-6.5769821,Oued Zem,,
8459406711,node,Pharmacie Annour صيدلية النور,32.8560121,-6.5791653,Oued Zem,,
8459412805,node,Pharmacie Chifaa صيدلية الشفاء,32.8587352,-6.5739255,Oued Zem,,
8459431339,node,Pharmacie Mahi صيدلية ماحي,32.8598646,-6.5792592,Oued Zem,,
8459437571,node,Pharmacie Lac صيدلية البحيرة,32.861126,-6.5695789,Oued Zem ⵡⴰⴷ ⵣⴰⵎ وادي زم,,
8459438617,node,Pharmacie 20 Août صيدلية 20 غشت,32.8607542,-6.57324,Oued Zem,,
8459438699,node,Pharmacie Oum El Qora صيدلية أم القرى,32.9525428,-5.6647156,Khenifra الخنيفرة,,
8459438700,node,Pharmacie Route Rabat صيدلية طريق الرباط,32.8719313,-6.5725387,Oued Zem ⵡⴰⴷ ⵣⴰⵎ وادي زم,,
8459439058,node,Pharmacie Mohamed V صيدلية محمد الخامس,32.8629609,-6.5686833,Oued Zem ⵡⴰⴷ ⵣⴰⵎ وادي زم,,
8459442140,node,Pharmacie Al Bochra صيدلية البشرى,32.8625267,-6.5682844,Oued Zem ⵡⴰⴷ ⵣⴰⵎ وادي زم,,
8459442258,node,Pharmacie Ibtissam صيدلية ابتسام,32.8641548,-6.5737396,Oued Zem,,
8459449581,node,Pharmacie Al Amal صيدلية الأمل,32.8634328,-6.5707002,Oued Zem ⵡⴰⴷ ⵣⴰⵎ وادي زم,,
8459456314,node,Pharmacie El Haj Taghi صيدلية الحاج التاغي,32.8627206,-6.572268,Oued Zem ⵡⴰⴷ ⵣⴰⵎ وادي زم,,
8459459172,node,Pharmacie Lakriaa صيدلية القريعة,32.8626359,-6.5834931,Oued Zem,,
8459462177,node,Pharmacie Hebron صيدلية الخليل,32.8656129,-6.5821218,Oued Zem,,
8459466816,node,Pharmacie Mekka صيدلية مكة,32.8751777,-6.5701623,Oued Zem,,
8459468945,node,Pharmacie Al Haddada صيدلية الحدادة,32.8574515,-6.575483,Oued Zem,,
8459471162,node,Pharmacie Al Massira صيدلية المسيرة,32.8653119,-6.5528392,Oued Zem ⵡⴰⴷ ⵣⴰⵎ وادي زم,,
8459474446,node,Pharmacie Ennasr صيدلية النصر,32.8633684,-6.5573463,Oued Zem ⵡⴰⴷ ⵣⴰⵎ وادي زم,,
8459480496,node,Pharmacie Al Hasnaa صيدلية الحسناء,32.8602592,-6.5557584,Oued Zem,,
8459490418,node,Pharmacie Hôpital صيدلية المستشفى,32.8622,-6.5749869,Oued Zem,,
8460924984,node,Pharmacie Noureddine صيدلية نور الدين,32.2935736,-6.6983572,Souk Sebt Oulad Nemma,,
8460940754,node,Pharmacie El Markazia الصيدلية المركزية,32.2916961,-6.6952264,Souk Sebt Oulad Nemma ⵙⵓⵇ ⵙⴱⵜ ⵡⵍⴰⴷ ⵏⵎⴰ سوق السبت أولاد النمة,,
8460965003,node,Pharmacie Beni Moussa صيدلية بني موسى,32.2971426,-6.7021464,Souk Sebt Oulad Nemma ⵙⵓⵇ ⵙⴱⵜ ⵡⵍⴰⴷ ⵏⵎⴰ سوق السبت أولاد النمة,,
8460985586,node,Pharmacie Errachad صيدلية الرشاد,32.2951066,-6.6979328,Souk Sebt Oulad Nemma,,
8461001529,node,Pharmacie Souk Sebt صيدلية سوق السبت,32.297981,-6.7001161,Souk Sebt Oulad Nemma ⵙⵓⵇ ⵙⴱⵜ ⵡⵍⴰⴷ ⵏⵎⴰ سوق السبت أولاد النمة,,
8461009725,node,Pharmacie Bir Anzarane صيدلية بئر أنزران,32.2987627,-6.7025618,Souk Sebt Oulad Nemma ⵙⵓⵇ ⵙⴱⵜ ⵡⵍⴰⴷ ⵏⵎⴰ سوق السبت أولاد النمة,,
8461009855,node,Pharmacie Ouled Nemma صيدلية أولاد النمة,32.2992994,-6.7010937,Souk Sebt Oulad Nemma ⵙⵓⵇ ⵙⴱⵜ ⵡⵍⴰⴷ ⵏⵎⴰ سوق السبت أولاد النمة,,
8461022481,node,Pharmacie Bouaalam صيدلية بوعلام,32.3021774,-6.7000233,Souk Sebt Oulad Nemma ⵙⵓⵇ ⵙⴱⵜ ⵡⵍⴰⴷ ⵏⵎⴰ سوق السبت أولاد النمة,,
8461034288,node,Pharmacie Mohammadan صيدلية محمدان,32.3031765,-6.695527,Souk Sebt Oulad Nemma ⵙⵓⵇ ⵙⴱⵜ ⵡⵍⴰⴷ ⵏⵎⴰ سوق السبت أولاد النمة,,
8461044320,node,Pharmacie Dakhla صيدلية الداخلة,32.2983141,-6.707216,Souk Sebt Oulad Nemma ⵙⵓⵇ ⵙⴱⵜ ⵡⵍⴰⴷ ⵏⵎⴰ سوق السبت أولاد النمة,,
8461044583,node,Pharmacie Al Mostakbal صيدلية المستقبل,32.2945922,-6.7084003,Souk Sebt Oulad Nemma ⵙⵓⵇ ⵙⴱⵜ ⵡⵍⴰⴷ ⵏⵎⴰ سوق السبت أولاد النمة,,
8461048608,node,Pharmacie El Raouajih صيدلية الرواجح,32.2995126,-6.7096766,Souk Sebt Oulad Nemma,,
8461065920,node,Pharmacie Hay El Yassamine صيدلية حي الياسمين,32.3038578,-6.7143747,Souk Sebt Oulad Nemma ⵙⵓⵇ ⵙⴱⵜ ⵡⵍⴰⴷ ⵏⵎⴰ سوق السبت أولاد النمة,,
8461117397,node,Pharmacie Farouk صيدلية فاروق,32.5032288,-7.1912465,El Borouj ⵍⴱⵕⵓⵊ البروج,,
8461133495,node,Pharmacie L'amitié صيدلية الصداقة,32.3002635,-6.7039653,Souk Sebt Oulad Nemma ⵙⵓⵇ ⵙⴱⵜ ⵡⵍⴰⴷ ⵏⵎⴰ سوق السبت أولاد النمة,,
8461139397,node,Pharmacie Oum Errabia صيدلية أم الربيع,33.1602441,-5.5664611,MRIRT,,
8461149092,node,Pharmacie M'rirt صيدلية مريرت,33.16803,-5.5657866,M'rirt ⵎⵔⵉⵔⵜ مريرت,,
8461150889,node,Pharmacie Al Fath صيدلية الفتح,32.5060133,-7.1935441,El Borouj ⵍⴱⵕⵓⵊ البروج,,
8461153659,node,Pharmacie Centrale De L'Atlas صيدلية الأطلس المركزية,33.1695788,-5.5659439,M'rirt ⵎⵔⵉⵔⵜ مريرت,,
8461157316,node,Pharmacie Al Masjid صيدلية المسجد,33.1688983,-5.5684933,M'rirt,,
8461159890,node,Pharmacie Souk Lakhmiss صيدلية سوق الخميس,33.1744899,-5.5642326,M'rirt ⵎⵔⵉⵔⵜ مريرت,,
8461168418,node,Pharmacie Hassan 1er صيدلية الحسن الاول,32.5040627,-7.1956567,El Borouj,,
8461168419,node,Pharmacie Sidi Nacer صيدلية سيدي ناصر,32.5048634,-7.1915836,El Borouj ⵍⴱⵕⵓⵊ البروج,,
8461176151,node,Pharmacie Beni Meskine صيدلية بني مسكين,32.5036884,-7.1927915,El Borouj ⵍⴱⵕⵓⵊ البروج,,
8461186036,node,Pharmacie Achifaa صيدلية الشفاء,32.5055585,-7.1953813,El Borouj,,
8461186094,node,Pharmacie El Ayoubi صيدلية الأيوبي,33.164615,-5.566248,M'rirt ⵎⵔⵉⵔⵜ مريرت,,
8461189853,node,Pharmacie Centrale الصيدلية المركزية,32.5045317,-7.1929769,El Borouj ⵍⴱⵕⵓⵊ البروج,,
8461194340,node,Pharmacie El Borouj صيدلية البروج,32.5062123,-7.1922183,El Borouj ⵍⴱⵕⵓⵊ البروج,,
8461200286,node,Pharmacie Rhamna صيدلية رحامنة,32.4785631,-7.9171255,Skhour Rhamna,,
8461210577,node,Pharmacie Ait Sgougou صيدلية أيت سغوغو,33.1629049,-5.5700332,M'rirt ⵎⵔⵉⵔⵜ مريرت,,
8461217778,node,Pharmacie Mabchour صيدلية مبشور,32.4765204,-7.9169569,Skhour Rhamna,,
8461225567,node,Pharmacie Nouvelle الصيدلية الجديدة,33.1561604,-5.566058,M'rirt,,
8461232922,node,Pharmacie El Basatine صيدلية البساتين,33.1658583,-5.5697536,M'rirt ⵎⵔⵉⵔⵜ مريرت,,
8461235272,node,Pharmacie Abdelaziz صيدلية عبد العزيز,32.8514757,-6.8759579,Khouribga,,
8461248125,node,Pharmacie Makka صيدلية مكة,32.8632156,-6.9032585,Khouribga ⵅⵯⵔⵉⴱⴳⴰ خريبكة,,
8461255173,node,Pharmacie de l’Hôpital صيدلية المستشفى,33.1622396,-5.5621486,M'rirt ⵎⵔⵉⵔⵜ مريرت,,
8461255195,node,Pharmacie Faculté صيدلية الكلية,32.8659343,-6.9061813,Khouribga,,
8461257264,node,Pharmacie Al Marjane صيدلية المرجان,32.873962,-6.901222,Khouribga,,
8461261522,node,Pharmacie Achorouk صيدلية الشروق,32.8664203,-6.9013385,Khouribga,,
8461262093,node,Pharmacie Al Falah صيدلية الفلاح,32.8686099,-6.8989789,Khouribga,,
8461268453,node,Pharmacie Riyad Essaha صيدلية رياض الصحة,32.8671323,-6.9167253,Khouribga,,
8461273605,node,Pharmacie El Allaouin صيدلية العلويين,32.873532,-6.9123822,Khouribga,,
8461273725,node,Pharmacie Qadi Ayad صيدلية قاضي عياض,32.8684836,-6.9156064,Khouribga,,
8461274763,node,Pharmacie Guizlan صيدلية غزلان,32.873246,-6.9172781,Khouribga,,
8461343023,node,Pharmacie Al Mokawama صيدلية المقاومة,32.8514127,-6.5796077,Oued Zem ⵡⴰⴷ ⵣⴰⵎ وادي زم,,
8461623987,node,Pharmacie Noury Ihssane صيدلية نوري إحسان,32.9021916,-6.7817469,Boujniba ⴱⵓⵊⵏⵉⴱⴰ بو جنيبة,,
8461686957,node,Pharmacie Mosquée Badr صيدلية مسجد بدر,32.8996485,-6.7751918,Boujniba ⴱⵓⵊⵏⵉⴱⴰ بو جنيبة,,
8461692387,node,Pharmacie Boujniba صيدلية بوجنيبة,32.8982514,-6.7791135,Boujniba ⴱⵓⵊⵏⵉⴱⴰ بو جنيبة,,
8461704017,node,Pharmacie Principale الصيدلية الرئيسية,32.8977106,-6.7759273,Boujniba ⴱⵓⵊⵏⵉⴱⴰ بو جنيبة,,
8461723983,node,Pharmacie Fatima Zahra صيدلية فاطمة الزهراء,32.8956758,-6.7757093,Boujniba ⴱⵓⵊⵏⵉⴱⴰ بو جنيبة,,
8461756800,node,Pharmacie Salah Eddine صيدلية صلاح الدين,33.3791616,-7.9986333,Bir Jdid,,
8461765369,node,Pharmacie Canada One صيدلية وان كندا,33.3804859,-7.9920469,Bir Jdid ⴱⵉⵔ ⵊⴷⵉⴷ البير الجديد,,
8461810333,node,Pharmacie Ridouane صيدلية الرضوان,33.3792296,-7.9954559,Bir Jdid ⴱⵉⵔ ⵊⴷⵉⴷ البير الجديد,,
8461830433,node,Pharmacie Assanabil صيدلية السنابل,33.3768254,-7.999021,Bir Jdid ⴱⵉⵔ ⵊⴷⵉⴷ البير الجديد,,
8461840118,node,Pharmacie Oulja صيدلية الولجة,33.3744768,-7.9980062,Bir Jdid ⴱⵉⵔ ⵊⴷⵉⴷ البير الجديد,,
8461846594,node,Pharmacie du quartier صيدلية الحي,33.370224,-7.999867,Bir Jdid ⴱⵉⵔ ⵊⴷⵉⴷ البير الجديد,,
8461854540,node,Pharmacie Yassmine صيدلية ياسمين,33.3723486,-7.9939954,Bir Jdid ⴱⵉⵔ ⵊⴷⵉⴷ البير الجديد,,
8461871764,node,Pharmacie Chikh Bahloul صيدلية الشيخ بهلول,33.3681612,-7.9915998,Bir Jdid ⴱⵉⵔ ⵊⴷⵉⴷ البير الجديد,,
8461882561,node,Pharmacie Riad صيدلية رياض,33.3687257,-7.9979071,Bir Jdid ⴱⵉⵔ ⵊⴷⵉⴷ البير الجديد,,
8462048562,node,Pharmacie Dyar Ismail صيدلية ديار إسماعيل,33.4536189,-7.4989284,Mediouna,,
8462078321,node,Pharmacie Kasbah Mediouna صيدلية قصبة مديونة,33.4629668,-7.5212014,Médiouna مديونة,,
8462104857,node,Pharmacie Mediouna صيدلية مديونة,33.4536375,-7.5153314,Médiouna مديونة,,
8462115169,node,Pharmacie Wiam Mediouna صيدلية وئام مديونة,33.4475369,-7.5033015,Médiouna مديونة,,
8462123072,node,Pharmacie Jnane Mediouna صيدلية جنان مديونة,33.4558395,-7.507549,Médiouna مديونة,,
8462156235,node,Pharmacie Zohour صيدلية زهور,33.4609958,-7.504889,Médiouna مديونة,,
8462553420,node,Pharmacie Wellness صيدلية الصحة و العافية,33.4354915,-7.5206472,Mediouna,,
8463146667,node,Pharmacie Akhawaine صيدلية أخوين,32.8757699,-6.9244209,Khouribga,,
8463146670,node,Pharmacie Baghdad صيدلية بغداد,32.8804956,-6.9234559,Khouribga,,
8463165585,node,Pharmacie la Liberté صيدلية الحرية,32.8754362,-6.8971327,Khouribga,,
8463172452,node,Pharmacie Anssam صيدلية أنسام,32.8701749,-6.9306562,Khouribga ⵅⵯⵔⵉⴱⴳⴰ خريبكة,,
8463184883,node,Pharmacie 21 Août صيدلية 21 غشت,32.8826763,-6.9159339,Khouribga ⵅⵯⵔⵉⴱⴳⴰ خريبكة,,
8463187864,node,Pharmacie Victoire صيدلية النصر,32.8907539,-6.9340279,Khouribga,,
8463198336,node,Pharmacie Al Masjid صيدلية المسجد,32.8753626,-6.9036656,Khouribga,,
8463199298,node,Pharmacie Jazi صيدلية جازي,32.8792736,-6.9303157,Khouribga ⵅⵯⵔⵉⴱⴳⴰ خريبكة,,
8463201830,node,Pharmacie Nour Arrahmane صيدلية نور الرحمان,32.8737033,-6.9346852,Khouribga,,
8463208516,node,Pharmacie Yasser صيدلية ياسر,32.8739392,-6.9308256,Khouribga,,
8463208877,node,Pharmacie Bilal صيدلية بلال,32.8763766,-6.9336978,Khouribga,,
8463217931,node,Pharmacie Marrakech صيدلية مراكش,32.8814213,-6.9140125,Khouribga ⵅⵯⵔⵉⴱⴳⴰ خريبكة,,
8463225893,node,Pharmacie Bab Khoukha صيدلية باب خوخة,32.8815336,-6.9232481,Khouribga,,
8463231369,node,Pharmacie Al Ghaz صيدلية الغاز,32.8802227,-6.8994703,Khouribga,,
8463239003,node,Pharmacie Village صيدلية القرية,32.8765125,-6.9082636,Khouribga,,
8463249872,node,Pharmacie Bioute صيدلية بيوت,32.876487,-6.9000616,KHOURIBGA,,
8463252392,node,Pharmacie Tariq صيدلية طارق,32.8827478,-6.9316345,Khouribga,,
8463255630,node,Pharmacie Al Ihssane صيدلية الاحسان,32.8872581,-6.935983,Khouribga,,
8463266901,node,Pharmacie Al Manar صيدلية المنار,32.8948723,-6.9290221,Khouribga,,
8463285883,node,Pharmacie Rafiq صيدلية رفيق,32.8955469,-6.9370167,Khouribga,,
8463286009,node,Pharmacie Fahmane صيدلية فهمان,32.8894472,-6.9359212,Khouribga,,
8463295458,node,Pharmacie El Imane صيدلية الايمان,32.893358,-6.9416404,Khouribga ⵅⵯⵔⵉⴱⴳⴰ خريبكة,,
8463295511,node,Pharmacie Rabbani صيدلية الرباني,32.89299,-6.9379437,Khouribga ⵅⵯⵔⵉⴱⴳⴰ خريبكة,,
8463301652,node,Pharmacie El Wafaa صيدلية الوفاء,32.8982687,-6.9368819,Khouribga,,
8463307268,node,Pharmacie Errahmane صيدلية الرحمان,32.8994574,-6.9308199,Khouribga,,
8463307269,node,Pharmacie Populaire صيدلية الشعب,32.8975989,-6.9331514,Khouribga,,
8463309148,node,Pharmacie Zellaka صيدلية ا الزلاقة,32.8907209,-6.9304266,Khouribga,,
8463316510,node,Pharmacie Aneflous صيدلية انفلوس,32.8976696,-6.9282918,Khouribga,,
8463316610,node,Pharmacie Assalam صيدلية السلام,32.8883098,-6.8935856,Khouribga,,
8463317408,node,Pharmacie Ibn Sina صيدلية ابن سينا,32.884964,-6.9290827,Khouribga,,
8463318316,node,Pharmacie Grand Maghreb صيدلية المغرب الكبير,32.8873925,-6.9279442,Khouribga,,
8463325773,node,Pharmacie Charkaoui صيدلية الشرقاوي,32.8854462,-6.9156823,Khouribga,,
8463344019,node,Pharmacie Phosphate صيدلية الفوسفاط,32.8844996,-6.9251906,Khouribga,,
8463345522,node,Pharmacie Roudani صيدلية الروداني,32.8839129,-6.9212835,Khouribga,,
8463346510,node,Pharmacie Chahbounia صيدلية شهبونية,32.8985373,-6.9032138,Khouribga ⵅⵯⵔⵉⴱⴳⴰ خريبكة,,
8463360303,node,Pharmacie Centrale الصيدلية المركزية,32.8844199,-6.9133502,Khouribga,,
8463368521,node,Pharmacie Nahda صيدلية النهضة,32.8854903,-6.9120525,Khouribga,,
8463380009,node,Pharmacie Grande Pharmacie,32.8844129,-6.9098107,Khouribga,,
8463381811,node,Pharmacie Ibn Tofail صيدلية ابن طفيل,32.8860122,-6.9008217,Khouribga,,
8463387290,node,Pharmacie El Massira صيدلية المسيرة,32.8874889,-6.8969171,Khouribga,,
8463412229,node,Pharmacie Ouled Abdoun صيدلية اولاد عبدون,32.9055929,-6.9240365,Khouribga,,
8463420508,node,Pharmacie Pasteur صيدلية باستور,32.8998414,-6.9156488,Khouribga ⵅⵯⵔⵉⴱⴳⴰ خريبكة,,
8463428527,node,Pharmacie Al Bassatine صيدلية البساتين,32.9038991,-6.9070396,Khouribga ⵅⵯⵔⵉⴱⴳⴰ خريبكة,,
8463449992,node,Pharmacie Hazim صيدلية حازم,32.8964624,-6.920839,Khouribga ⵅⵯⵔⵉⴱⴳⴰ خريبكة,,
8463451731,node,Pharmacie Wariri صيدلية وريري,32.9009634,-6.9112044,Khouribga ⵅⵯⵔⵉⴱⴳⴰ خريبكة,,
8463461706,node,Pharmacie Amtoun صيدلية أمتون,32.8882019,-6.9073428,Khouribga,,
8463463297,node,Pharmacie Moulay Youssef صيدلية مولاي يوسف,32.8874282,-6.9109272,Khouribga,,
8463464523,node,Pharmacie Résistance صيدلية المقاومة,32.8921083,-6.9202547,Khouribga,,
8463470245,node,Pharmacie Al Mostakbal صيدلية المستقبل,32.8987154,-6.9225582,Khouribga ⵅⵯⵔⵉⴱⴳⴰ خريبكة,,
8463481503,node,Pharmacie Hay Mabchour صيدلية حي مبشور,32.8943915,-6.9221199,Khouribga ⵅⵯⵔⵉⴱⴳⴰ خريبكة,,
8463489558,node,Pharmacie Annour صيدلية النور,32.8902022,-6.9049214,Khouribga,,
8463554315,node,Pharmacie Jnan Slimane صيدلية جنان سليمان,31.5750694,-8.0613534,Marrakech ⵎⵕⵕⴰⴽⵯⵛ مراكش,,
8463574605,node,Pharmacie Bab Assalam صيدلية باب السلام,31.5739845,-8.0623771,Marrakech ⵎⵕⵕⴰⴽⵯⵛ مراكش,,
8463579050,node,Pharmacie Oudghiri صيدلية الودغيري,31.5797725,-8.0543781,Marrakech,,
8463593297,node,Pharmacie Essajda صيدلية السجدة,31.575099,-8.0559343,Marrakech ⵎⵕⵕⴰⴽⵯⵛ مراكش,,
8463595691,node,Pharmacie Wahab صيدلية وهاب,31.5789321,-8.0575357,Marrakech ⵎⵕⵕⴰⴽⵯⵛ مراكش,,
8463604124,node,Pharmacie Abraj El Koutoubia صيدلية أبراج الكتبية,31.5764072,-8.0606894,Marrakech ⵎⵕⵕⴰⴽⵯⵛ مراكش,,
8463620427,node,Pharmacie Le Croissant Vert صيدلية الهلال الأخضر,31.5798894,-8.0609568,Marrakech ⵎⵕⵕⴰⴽⵯⵛ مراكش,,
8463622512,node,Pharmacie Hay Al Bahja صيدلية حي البهجة,31.5645564,-8.0779626,Marrakech,,
8463625693,node,Pharmacie Abwab Lamhamid صيدلية أبواب لمحاميد,31.5708934,-8.0718611,Marrakech ⵎⵕⵕⴰⴽⵯⵛ مراكش,,
8463646697,node,Pharmacie Berradi Centrale صيدلية برادي المركزية,31.584577,-8.0557391,Marrakech,,
8463655371,node,Pharmacie Benouhoud صيدلية بنوهود,31.5737218,-8.0684727,Marrakech ⵎⵕⵕⴰⴽⵯⵛ مراكش,,
8463657892,node,Pharmacie Arraha Chkili صيدلية الراحة الشكيلي,31.5839249,-8.0484817,Marrakech,,
8463686496,node,Pharmacie Nassim صيدلية نسيم,31.5822361,-8.0533653,Marrakech,,
8463690383,node,Pharmacie Oscar صيدلية أوسكار,31.5850176,-8.0520612,Marrakech,,
8463721697,node,Pharmacie Al Majd صيدلية المجد,31.589295,-8.0524423,Marrakech,,
8463733698,node,Pharmacie Urgence صيدلية المستعجلات,31.5872533,-8.0493067,Marrakech ⵎⵕⵕⴰⴽⵯⵛ مراكش,,
8463736612,node,Pharmacie Kezibri صيدلية قزيبري,31.596332,-8.0596893,Marrakech,,
8463752762,node,Pharmacie Rania صيدلية رانيا,31.5900764,-8.0624818,Marrakech ⵎⵕⵕⴰⴽⵯⵛ مراكش,,
8463766013,node,Pharmacie Ouirgane صيدلية ويركان,31.5931765,-8.0508109,Marrakech,,
8463779860,node,Pharmacie El Housna صيدلية الحسنى,31.5922271,-8.0534202,Marrakech,,
8463797155,node,Pharmacie Ibn Sina صيدلية ابن سينا,31.6012652,-8.0554626,Marrakech,,
8463883507,node,Pharmacie Noun Oualkalam صيدلية نون و القلم,31.6009541,-8.0545602,Marrakech,,
8463930602,node,Pharmacie Les Résidences Nouha صيدلية إقامات نهى,31.6038397,-8.0515899,Marrakech,,
8464070641,node,Pharmacie Adrar صيدلية أدرار,31.5992462,-8.0523038,Marrakech,,
8464080116,node,Pharmacie Hay Zakariaa صيدلية حي زكرياء,31.5979103,-8.0553251,Marrakech,,
8464103121,node,Pharmacie Al Imane صيدلية الإيمان,31.5999167,-8.0464078,Marrakech,,
8464103217,node,Pharmacie Simou صيدلية سيمو,31.600799,-8.0497764,Marrakech,,
8464115732,node,Pharmacie Fath Al Andalous صيدلية فتح الأندلس,31.5951172,-8.0558646,Marrakech,,
8464119616,node,Pharmacie Laarif صيدلية لعريف,31.5964238,-8.0527792,Avenue Al Mokhtar Soussi,,
8464130303,node,Pharmacie Al Ousra صيدلية الأسرة,31.5893153,-8.0396545,Marrakech ⵎⵕⵕⴰⴽⵯⵛ مراكش,,
8464130304,node,Pharmacie Ighly صيدلية إغلي,31.5878275,-8.0418871,Marrakech ⵎⵕⵕⴰⴽⵯⵛ مراكش,,
8464146751,node,Pharmacie Raja صيدلية الرجاء,31.5976381,-8.0470227,Marrakech,,
8464281815,node,Pharmacie Zahra Azzohor صيدلية زهرة الزهور,31.5988971,-8.043104,Marrakech ⵎⵕⵕⴰⴽⵯⵛ مراكش,,
8464289277,node,Pharmacie Annahda صيدلية النهضة,31.5970748,-8.0435993,Marrakech,,
8464289589,node,Pharmacie Dakhla صيدلية الداخلة,32.8926656,-6.9076832,Khouribga,,
8464289604,node,Pharmacie Khouribga صيدلية خريبكة,32.8945479,-6.8986492,Khouribga,,
8464309232,node,Pharmacie Bouchra صيدلية بشرى,32.8940808,-6.9039584,Khouribga,,
8464310970,node,Pharmacie Ibn Zohr صيدلية ابن زهر,31.6003671,-8.0329125,Marrakech ⵎⵕⵕⴰⴽⵯⵛ مراكش,,
8464311585,node,Pharmacie Hôpital صيدلية المستشفى,32.8912079,-6.9092619,Khouribga,,
8464313790,node,Pharmacie Yassmina صيدلية ياسمينة,32.8914296,-6.8941604,Khouribga,,
8464315446,node,Pharmacie Masjid Nahda صيدلية مسجد النهضة,31.6014089,-8.0378945,Marrakech,,
8464317976,node,Pharmacie Youssef Ben Tachfine صيدلية يوسف بن تاشفين,32.894378,-6.8949638,Khouribga,,
8464326706,node,Pharmacie Imam Malik صيدلية الامام مالك,32.8904688,-6.9180633,Khouribga ⵅⵯⵔⵉⴱⴳⴰ خريبكة,,
8464328470,node,Pharmacie Rochdi صيدلية رشدي,32.8921797,-6.89802,Khouribga,,
8464351178,node,Pharmacie Al Akwas صيدلية الأقواس,31.5981715,-8.0338547,Marrakech,,
8464356809,node,Pharmacie Assouna صيدلية السنة,32.8770811,-6.9288784,Khouribga ⵅⵯⵔⵉⴱⴳⴰ خريبكة,,
8464364015,node,Pharmacie Khallouk صيدلية خلوق,32.9002677,-6.9186637,Khouribga ⵅⵯⵔⵉⴱⴳⴰ خريبكة,,
8464372694,node,Pharmacie Saada 5 صيدلية السعادة,31.5902817,-8.0489984,Marrakech,,
8464380263,node,Pharmacie Oum El Qora صيدلية أم القرى,32.8918877,-6.899863,Khouribga ⵅⵯⵔⵉⴱⴳⴰ خريبكة,,
8464387661,node,Pharmacie Toukram صيدلية تكرم,31.5901816,-8.0457931,Marrakech,,
8464397692,node,Pharmacie Ouardigha صيدلية ورديغة,32.8864803,-6.9322951,Khouribga,,
8464409116,node,Pharmacie Ryad صيدلية رياض,32.878631,-6.9255609,Khouribga,,
8464409639,node,Pharmacie Souissi صيدلية سويسي,32.8908687,-6.902262,Khouribga,,
8464410093,node,Pharmacie Assafae صيدلية الصفاء,31.5922771,-8.0385072,Marrakech ⵎⵕⵕⴰⴽⵯⵛ مراكش,,
8464418396,node,Pharmacie Nakhil M'Hamid صيدلية نخيل المحاميد,31.5945035,-8.0418551,Marrakech ⵎⵕⵕⴰⴽⵯⵛ مراكش,,
8464432017,node,Pharmacie Al Badre صيدلية البدر,31.5918409,-8.0419904,Marrakech ⵎⵕⵕⴰⴽⵯⵛ مراكش,,
8464444183,node,Pharmacie Lina صيدلية لينة,31.5965232,-8.0391624,Marrakech ⵎⵕⵕⴰⴽⵯⵛ مراكش,,
8464469473,node,Grande Pharmacie M'Hamid الصيدلية الكبرى المحاميد,31.5965801,-8.0350969,Marrakech,,
8464488201,node,Pharmacie Al Matar صيدلية المطار,31.5924724,-8.031882,Marrakech ⵎⵕⵕⴰⴽⵯⵛ مراكش,,
8464544422,node,Pharmacie Miftah Al Atlas صيدلية مفتاح الأطلس,31.5861113,-8.0312374,Marrakech,,
8464544606,node,Pharmacie Skalli صيدلية الصقلي,31.5951819,-8.0290308,Marrakech ⵎⵕⵕⴰⴽⵯⵛ مراكش,,
8464638838,node,Pharmacie Hopital Régional صيدلية المستشفى الجامعي,31.5881484,-8.0285595,Marrakech ⵎⵕⵕⴰⴽⵯⵛ مراكش,,
8464641648,node,Pharmacie Qortoba صيدلية قرطبة,31.5919487,-8.0270787,Marrakech,,
8464668070,node,Pharmacie Principale Chrifia الصيدلية الرئيسية الشريفية,31.5872981,-8.0239658,Marrakech,,
8464671431,node,Pharmacie Oualili صيدلية وليلي,31.5910531,-8.0246644,Marrakech ⵎⵕⵕⴰⴽⵯⵛ مراكش,,
8464674648,node,Pharmacie Jardin Hay Chrifia صيدلية حدائق الشريفية,31.5895537,-8.0218567,Marrakech,,
8464692629,node,Pharmacie Bouakaz صيدلية بوعكاز,31.5952927,-8.0230089,Marrakech,,
8464692631,node,Pharmacie Salma صيدلية سلمى,31.5945653,-8.0188833,Marrakech ⵎⵕⵕⴰⴽⵯⵛ مراكش,,
8464744430,node,Pharmacie Al Hamd صيدلية الحمد,31.5944487,-8.0263045,Marrakech ⵎⵕⵕⴰⴽⵯⵛ مراكش,,
8464748452,node,Pharmacie Al Manal صيدلية المنال,31.5974734,-8.0206438,Marrakech ⵎⵕⵕⴰⴽⵯⵛ مراكش,,
8464786554,node,Pharmacie Kabbadj صيدلية القباج,31.5924249,-8.0218114,Marrakech ⵎⵕⵕⴰⴽⵯⵛ مراكش,,
8465477528,node,Pharmacie Marwa Nour صيدلية مروة نور,31.7476415,-8.1157879,Tamansourt,,
8465478095,node,Pharmacie Madina Jadida صيدلية المدينة الجديدة,31.7509633,-8.1149297,Tamansourt,,
8465489252,node,Pharmacie Essakri صيدلية الصقري,31.7491209,-8.1004932,Tamansourt,,
8465489253,node,Pharmacie Harbil صيدلية حربيل,31.7606876,-8.1157457,Tamansourt,,
8465490384,node,Pharmacie Filal صيدلية فلال,31.7665132,-8.1074522,Tamansourt,,
8465490579,node,Pharmacie Amina صيدلية أمينة,31.7659189,-8.1112747,Tamansourt,,
8465497209,node,Pharmacie Chorouk صيدلية شروق,31.7435742,-8.122786,Tamansourt,,
8465500397,node,Pharmacie Jamila صيدلية جميلة,31.7633491,-8.1125107,Tamansourt,,
8465504650,node,Pharmacie Al Abbassia صيدلية العباسية,31.746194,-8.1112934,Tamansourt,,
8465505493,node,Pharmacie Jardin Yassmine صيدلية حديقة الياسمين,31.750476,-8.1202837,Tamansourt,,
8465508610,node,Pharmacie Tamensourt صيدلية تمنصورت,31.7516625,-8.1064877,Tamansourt,,
8465518031,node,Pharmacie Riad Attakadoum صيدلية رياض التقدم,31.7678739,-8.0985169,Tamansourt,,
8466411958,node,Pharmacie Tantawi صيدلية الطنطاوي,32.8900944,-6.9259075,Khouribga ⵅⵯⵔⵉⴱⴳⴰ خريبكة,,
8466413729,node,Pharmacie Rhases صيدلية الرازي,32.90232,-6.9042541,Khouribga ⵅⵯⵔⵉⴱⴳⴰ خريبكة,,
8466825298,node,Pharmacie Mokhtar Soussi صيدلية المختار السوسي,32.8863498,-6.9050606,Khouribga,,
8473622984,node,Pharmacie Al Fath صيدلية الفتح,32.6435325,-8.4294538,Sidi Bennour ⵙⵉⴷⵉ ⴱⵏⵏⵓⵕ سيدي بنور,,
8473654605,node,Pharmacie Charafi صيدلية شرفي,32.645245,-8.4259538,Sidi Bennour,,
8473678502,node,Pharmacie Tariq صيدلية طارق,32.6403928,-8.4243535,Sidi Bennour ⵙⵉⴷⵉ ⴱⵏⵏⵓⵕ سيدي بنور,,
8473679059,node,Pharmacie Al Mostakbal صيدلية المستقبل,32.6503923,-8.4256643,Sidi Bennour ⵙⵉⴷⵉ ⴱⵏⵏⵓⵕ سيدي بنور,,
8473688591,node,Pharmacie El Ouafaa صيدلية الوفاء,32.6441575,-8.4226979,Sidi Bennour ⵙⵉⴷⵉ ⴱⵏⵏⵓⵕ سيدي بنور,,
8473689990,node,Pharmacie Al Hassania صيدلية الحسنية,32.6484718,-8.4303442,Sidi Bennour,,
8473693733,node,Pharmacie Al Qods صيدلية القدس,32.6507329,-8.423771,Sidi Bennour ⵙⵉⴷⵉ ⴱⵏⵏⵓⵕ سيدي بنور,,
8473698252,node,Pharmacie Victoire صيدلية النصر,32.6451983,-8.4203776,Sidi Bennour ⵙⵉⴷⵉ ⴱⵏⵏⵓⵕ سيدي بنور,,
8473699259,node,Pharmacie Belkouied صيدلية بلكويد,32.6482306,-8.4159786,Sidi Bennour,,
8473699260,node,Pharmacie Centrale الصيدلية المركزية,32.648065,-8.4204169,Sidi Bennour,,
8473699568,node,Pharmacie Santé صيدلية الصحة,32.6435757,-8.4190911,Sidi Bennour ⵙⵉⴷⵉ ⴱⵏⵏⵓⵕ سيدي بنور,,
8473704743,node,Pharmacie 20 Août صيدلية 20 غشت,32.6464282,-8.4164618,Sidi Bennour ⵙⵉⴷⵉ ⴱⵏⵏⵓⵕ سيدي بنور,,
8473707719,node,Pharmacie Chorouk صيدلية الشروق,32.6502504,-8.4362994,Sidi Bennour,,
8473718773,node,Pharmacie Badr صيدلية بدر,32.65245,-8.4226361,Sidi Bennour ⵙⵉⴷⵉ ⴱⵏⵏⵓⵕ سيدي بنور,,
8473727788,node,Pharmacie Noury صيدلية النوري,32.6512816,-8.4195798,Sidi Bennour,,
8473728772,node,Pharmacie La Cité صيدلية الحي,32.650047,-8.4229282,Sidi Bennour ⵙⵉⴷⵉ ⴱⵏⵏⵓⵕ سيدي بنور,,
8473733450,node,Pharmacie Ain Chifaa صيدلية عين الشفاء,32.6502552,-8.4296307,Sidi Bennour,,
8473756972,node,Pharmacie Famille صيدلية العائلة,32.6526487,-8.4254339,Sidi Bennour,,
8473759837,node,Pharmacie Sidi Bennour صيدلية سيدي بنور,32.6505579,-8.4284621,Sidi Bennour,,
8473765295,node,Pharmacie Al Yassine صيدلية الياسين,32.655384,-8.4166483,Sidi Bennour ⵙⵉⴷⵉ ⴱⵏⵏⵓⵕ سيدي بنور,,
8473765976,node,Pharmacie Bouroud صيدلية برود,32.6492803,-8.4314073,Sidi Bennour ⵙⵉⴷⵉ ⴱⵏⵏⵓⵕ سيدي بنور,,
8473768932,node,Pharmacie Arrahma صيدلية الرحمة,32.6465512,-8.4281868,Sidi Bennour,,
8473770327,node,Pharmacie Ahlam صيدلية أحلام,32.6482306,-8.4282823,Sidi Bennour,,
8473781252,node,Pharmacie Miftah El Khair صيدلية مفتاح الخير,32.6462012,-8.4334398,Sidi Bennour,,
8473793222,node,Pharmacie Al Widad صيدلية الوداد,32.6535146,-8.4244411,Sidi Bennour ⵙⵉⴷⵉ ⴱⵏⵏⵓⵕ سيدي بنور,,
8473837571,node,Pharmacie Al Inbiat صيدلية الإنبعاث,32.8744826,-6.9277723,Khouribga,,
8473863239,node,Pharmacie du Croissant صيدلية الهلال,32.8904564,-6.9217286,Khouribga,,
8473900758,node,Pharmacie Ibn Rochd صيدلية ابن رشد,32.8924637,-6.9159149,Khouribga ⵅⵯⵔⵉⴱⴳⴰ خريبكة,,
8475602979,node,Pharmacie Ibnou Lhaytham صيدلية ابن الهيثم,32.8894719,-6.8993982,Khouribga,,
8475671306,node,Pharmacie Attakadum صيدلية التقدم,32.8920705,-6.9244132,Khouribga ⵅⵯⵔⵉⴱⴳⴰ خريبكة,,
8475759381,node,Pharmacie Atmai صيدلية أتماعي,33.4142778,-7.8579793,Had Soualem,,
8475767563,node,Pharmacie Jardins Sahel صيدلية حدائق الساهل,33.4062432,-7.8523711,Had Soualem حـد الـسـوالـم,,
8475777378,node,Pharmacie Al Widad صيدلية الوداد,33.4097386,-7.8547264,Had Soualem حـد الـسـوالـم,,
8475777591,node,Pharmacie Othmane صيدلية عثمان,33.4175276,-7.8613165,Had Soualem,,
8475790501,node,Pharmacie Ibn Rochd صيدلية ابن رشد,33.4102545,-7.8589737,Had Soualem حـد الـسـوالـم,,
8475792373,node,Pharmacie Al Itkane صيدلية الاتقان,33.4064761,-7.8555897,Had Soualem حـد الـسـوالـم,,
8475806315,node,Pharmacie Had Soualem صيدلية حد سوالم,33.4184842,-7.8584231,Had Soualem,,
8475813452,node,Pharmacie El Houdaigui صيدلية الحديكي,33.4111768,-7.8509247,Had Soualem حـد الـسـوالـم,,
8475815923,node,Pharmacie Al Fadel صيدلية الفضل,33.413679,-7.8534887,Had Soualem,,
8475816833,node,Pharmacie Soufiane صيدلية سفيان,33.4227834,-7.8541455,Had Soualem ⵃⴰⴷ ⵙⵡⴰⵍⵎ حد السوالم,,
8475816877,node,Pharmacie Al Akhawayn صيدلية الأخوين,33.4289805,-7.8561318,Had Soualem حـد الـسـوالـم,,
8475817155,node,Pharmacie Hamdoune صيدلية حمدون,33.4147983,-7.8606311,Had Soualem,,
8475825532,node,Pharmacie Hakmani صيدلية حكماني,33.423679,-7.8499768,Had Soualem,,
8475827955,node,Pharmacie Haidi صيدلية حيدي,33.4193282,-7.8546421,Had Soualem,,
8475830757,node,Pharmacie Yasmina صيدلية ياسمينة,33.4200316,-7.8523162,Had Soualem,,
8475833134,node,Pharmacie Aamir صيدلية عامر,33.4298245,-7.8524407,Had Soualem,,
8475852827,node,Pharmacie Mouktadi Billah صيدلية مقتضي بالله,33.4257398,-7.8563138,Had Soualem,,
8475852841,node,Pharmacie Dyar Dakhama 2 صيدلية ديار الضخامة,33.4336503,-7.8597555,Had Soualem حـد الـسـوالـم,,
8475853415,node,Pharmacie Riad Sahel صيدلية رياض ساهل,33.4246241,-7.8431383,Had Soualem,,
8475853935,node,Pharmacie Ibn Sina صيدلية ابن سينا,33.425993,-7.8523193,Had Soualem,,
8475855950,node,Pharmacie Bismi Allah صيدلية باسم الله,33.4168233,-7.8503409,Had Soualem حـد الـسـوالـم,,
8475863048,node,Pharmacie Centre Commerciale صيدلية المركب التجاري,33.4179379,-7.8532782,Had Soualem,,
8475876929,node,Pharmacie Izdihar صيدلية ازدهار,33.428857,-7.8344948,Had Soualem,,
8475876930,node,Pharmacie Dounia Al Irfane صيدلية دنيا العرفان,33.4286929,-7.8376466,Had Soualem,,
8475877417,node,Pharmacie Complexe Arrakhaa صيدلية مجمع الرخاء,33.4228053,-7.8347782,Had Soualem حـد الـسـوالـم,,
8475907031,node,Pharmacie Ennasr صيدلية النصر,33.4191246,-7.8612661,Had Soualem حـد الـسـوالـم,,
8476152974,node,Pharmacie Jardins Soualem صيدلية حدائق السوالم,33.4233608,-7.8172318,Had Soualem حـد الـسـوالـم,,
8476206976,node,Pharmacie Zaid صيدلية زيد,33.4578809,-7.9936604,Sidi Rahal Chatai,,
8476206977,node,Pharmacie Al Oum صيدلية الأم,33.461415,-7.9868568,Sidi Rahal Chatai ⵙⵉⴷⵉ ⵕⵃⵃⴰⵍ سيدي رحال,,
8476206978,node,Pharmacie Al Amane صيدلية الأمان,33.4644284,-7.9789581,Sidi Rahal Chatai,,
8476227406,node,Pharmacie Bahija صيدلية باهيجة,33.4744125,-7.9411466,Sidi Rahal Chatai ⵙⵉⴷⵉ ⵕⵃⵃⴰⵍ سيدي رحال,,
8476240290,node,Pharmacie Hibat Allah صيدلية هبة الله,33.4627882,-7.9823286,Sidi Rahal Chatai,,
8476248346,node,Pharmacie Chama صيدلية شامة,33.4682136,-7.9679165,Sidi Rahal Chatai,,
8476250044,node,Pharmacie Dyar Chatii صيدلية ديار الشاطئ,33.4666482,-7.972838,Sidi Rahal Chatai ⵙⵉⴷⵉ ⵕⵃⵃⴰⵍ سيدي رحال,,
8476253522,node,Pharmacie Nassim El Bahr صيدلية نسيم البحر,33.4731363,-7.9529049,Sidi Rahal Chatai ⵙⵉⴷⵉ ⵕⵃⵃⴰⵍ سيدي رحال,,
8476260629,node,Pharmacie Floralys صيدلية فلوغاليس,33.4679973,-7.9557992,Sidi Rahal Chatai ⵙⵉⴷⵉ ⵕⵃⵃⴰⵍ سيدي رحال,,
8476271497,node,Pharmacie Al Hanaa صيدلية الهناء,31.5744677,-7.9828115,Marrakech ⵎⵕⵕⴰⴽⵯⵛ مراكش,,
8476271787,node,Pharmacie Chatii صيدلية الشاطئ,33.4738857,-7.9528816,Sidi Rahal Chatai ⵙⵉⴷⵉ ⵕⵃⵃⴰⵍ سيدي رحال,,
8476302178,node,Pharmacie Koukou صيدلية كوكو,31.5747975,-7.9679645,Marrakech ⵎⵕⵕⴰⴽⵯⵛ مراكش,,
8476328931,node,Pharmacie Taha Yassine صيدلية طه يس,31.5744373,-7.9639323,Marrakech ⵎⵕⵕⴰⴽⵯⵛ مراكش,,
8476401768,node,Pharmacie Dalal صيدلية دلال,31.5703863,-7.9628919,Marrakech,,
8476402847,node,Pharmacie Al Mazar صيدلية المزار,31.5928873,-7.9860777,Marrakech,,
8476439966,node,Pharmacie Aya صيدلية اَية,31.5945755,-7.9638132,Marrakech,,
8476440087,node,Pharmacie Hay El Jadid صيدلية الحي الجديد,31.5947618,-7.9603063,Marrakech,,
8476458287,node,Pharmacie Wahat Sidi Youssef صيدلية واحة سيدي يوسف,31.5994672,-7.9608071,Marrakech,,
8476479231,node,Pharmacie El kheir صيدلية الخير,31.5979843,-7.957198,Marrakech,,
8476531147,node,Pharmacie la Palestine صيدلية فلسطين,31.6021953,-7.9692486,Marrakech ⵎⵕⵕⴰⴽⵯⵛ مراكش,,
8476534287,node,Pharmacie Jbilet صيدلية الجبيلات,31.6028393,-7.965915,Marrakech ⵎⵕⵕⴰⴽⵯⵛ مراكش,,
8476575058,node,Pharmacie Hadji صيدلية حاجي,31.6057094,-7.9583399,Marrakech,,
8476738005,node,Pharmacie Tensift صيدلية تانسيفت,31.6049546,-7.9632764,Marrakech,,
8476739856,node,Pharmacie Riad صيدلية رياض,31.604032,-7.9714257,Marrakech ⵎⵕⵕⴰⴽⵯⵛ مراكش,,
8476798712,node,Pharmacie Nassir صيدلية ناصر,31.6099004,-7.9576564,Marrakech,,
8476825736,node,Pharmacie Du Complexe صيدلية المركب,31.6073853,-7.9695712,Marrakech ⵎⵕⵕⴰⴽⵯⵛ مراكش,,
8476831088,node,Pharmacie Al Farabi صيدلية الفرابي,31.6083248,-7.966259,Marrakech ⵎⵕⵕⴰⴽⵯⵛ مراكش,,
8476849953,node,Pharmacie Jnane صيدلية جنان,31.609758,-7.9708549,Marrakech ⵎⵕⵕⴰⴽⵯⵛ مراكش,,
8476859530,node,Pharmacie Al Madariss صيدلية المدارس,31.6107807,-7.9681023,Marrakech ⵎⵕⵕⴰⴽⵯⵛ مراكش,,
8476888257,node,Pharmacie Ibn Khaldoun صيدلية ابن خلدون,31.6130191,-7.9725498,Marrakech ⵎⵕⵕⴰⴽⵯⵛ مراكش,,
8476912383,node,Pharmacie Sidi Youssef صيدلية سيدي يوسف,31.6161842,-7.9705276,Marrakech ⵎⵕⵕⴰⴽⵯⵛ مراكش,,
8476930065,node,Pharmacie Al Mssalla صيدلية المصلى,31.6135253,-7.9693822,Marrakech ⵎⵕⵕⴰⴽⵯⵛ مراكش,,
8476958680,node,Pharmacie Derb Al Makina صيدلية درب الماكينة,31.6151294,-7.9678121,Marrakech ⵎⵕⵕⴰⴽⵯⵛ مراكش,,
8477216699,node,Pharmacie du Golf صيدلية الكولف,31.6227802,-7.971606,Marrakech,,
8477223303,node,Pharmacie Houman Al Fatouaki صيدلية حمان الفطواكي,31.6208724,-7.9703436,Marrakech ⵎⵕⵕⴰⴽⵯⵛ مراكش,,
8477230655,node,Pharmacie Baghdad صيدلية بغداد,31.6210808,-7.9681155,Marrakech,,
8477235367,node,Pharmacie Idrissi صيدلية إدريسي,31.6186649,-7.9699335,Marrakech ⵎⵕⵕⴰⴽⵯⵛ مراكش,,
8477296486,node,Pharmacie Hind صيدلية هند,31.6146223,-7.9769635,Marrakech ⵎⵕⵕⴰⴽⵯⵛ مراكش,,
8477303034,node,Pharmacie Sidi Youssef Ben Ali صيدلية سيدي يوسف بن علي,31.6144868,-7.9642887,Marrakech,,
8477307409,node,Pharmacie Ibn Tachfine صيدلية ابن تاشفين,31.6125708,-7.9649568,Marrakech,,
8477354575,node,Pharmacie El Mansour Eddahbi صيدلية المنصور الذهبي,31.6151207,-7.979734,Marrakech ⵎⵕⵕⴰⴽⵯⵛ مراكش,,
8477369069,node,Al Khalil صيدلية الخليل,31.6132322,-7.9868341,Marrakech ⵎⵕⵕⴰⴽⵯⵛ مراكش,,
8478452802,node,Pharmacie Tayba صيدلية طيبة,33.2543313,-7.5717488,Berrechid,,
8478452803,node,Pharmacie Al Afaf صيدلية العفاف,33.2558837,-7.5757086,Berrechid برشيد,,
8478473712,node,Pharmacie El Karam صيدلية الكرم,33.2541517,-7.5754262,Berrechid برشيد,,
8478497215,node,Pharmacie Vignoble صيدلية حقل العنب,33.2536597,-7.5752055,Berrechid برشيد,,
8478498247,node,Pharmacie Al Hayat صيدلية الحياة,33.2571514,-7.573532,Berrechid,,
8478517836,node,Pharmacie Nasrallah صيدلية نصر الله,33.2580208,-7.5779171,Berrechid,,
8478531173,node,Pharmacie Oumnia صيدلية أمنية,33.2577809,-7.5788518,Berrechid,,
8478537472,node,Pharmacie Docteur Elmais صيدلية دكتور الميس,33.2594931,-7.5759452,Berrechid,,
8478537489,node,Pharmacie Ilham صيدلية الهام,33.2607696,-7.5739762,Berrechid,,
8478537506,node,Pharmacie Wafiq صيدلية وفيق,33.2598761,-7.5692388,Berrechid,,
8478540959,node,Pharmacie Tanaouia صيدلية ثانوية,33.2623751,-7.5775516,Berrechid,,
8478555889,node,Pharmacie Hay Al Massira صيدلية حي المسيرة,33.2604813,-7.5720601,Berrechid,,
8478567345,node,Pharmacie Zakaria صيدلية زكرياء,33.2583853,-7.5696742,Berrechid,,
8478619113,node,Pharmacie Younes صيدلية يونس,33.2617292,-7.5626836,Berrechid,,
8478623960,node,Pharmacie Quartier Al Faraj صيدلية حي الفراج,33.2592394,-7.5635488,Berrechid,,
8478626226,node,Pharmacie Iziss صيدلية ازيس,33.2616639,-7.5683129,Berrechid,,
8478801756,node,Pharmacie Saadiens صيدلية السعديين,31.6168888,-7.9893335,Marrakech ⵎⵕⵕⴰⴽⵯⵛ مراكش,,
8478831236,node,Pharmacie Mamounia صيدلية المامونية,31.6198585,-7.9907455,Marrakech ⵎⵕⵕⴰⴽⵯⵛ مراكش,,
8478876169,node,Pharmacie Al Badii صيدلية البديع,31.6167353,-7.9815264,Marrakech ⵎⵕⵕⴰⴽⵯⵛ مراكش,,
8478898241,node,Pharmacie Jnane El Afia صيدلية جنان العافية,31.6203307,-7.9804821,Marrakech ⵎⵕⵕⴰⴽⵯⵛ مراكش,,
8478928801,node,Pharmacie Isis صيدلية اسيس,33.2634478,-7.5726622,Berrechid,,
8478929369,node,Pharmacie Siham صيدلية سهام,33.2626213,-7.5714943,Berrechid,,
8478929876,node,Pharmacie Mona صيدلية منى,33.2622449,-7.5729976,Berrechid,,
8478933297,node,Pharmacie Al Wahda صيدلية الوحدة,33.2636225,-7.5735419,Berrechid,,
8478937900,node,Pharmacie Yasmina صيدلية ياسمينة,33.2658097,-7.5742031,Berrechid,,
8478939888,node,Pharmacie Kol Nass صيدلية كل الناس,33.2660781,-7.577654,Berrechid,,
8478942834,node,Pharmacie Sari صيدلية صاري,33.2641984,-7.5763998,Berrechid,,
8478955128,node,Pharmacie Al Hikma صيدلية الحكمة,33.2640904,-7.581282,Berrechid,,
8478957118,node,Pharmacie Azzahra صيدلية الزهراء,33.2633904,-7.5797763,Berrechid,,
8478976582,node,Pharmacie Nadia صيدلية نادية,33.2667053,-7.5759477,Berrechid,,
8478981100,node,Pharmacie Al Oum صيدلية الأم,33.2653211,-7.5797875,Berrechid,,
8478984860,node,Pharmacie Hay Hassani صيدلية حي الحسني,33.2684969,-7.5746168,Berrechid,,
8478991287,node,Pharmacie Tissir صيدلية تيسير,33.2675668,-7.5772011,Berrechid,,
8479000834,node,Pharmacie El Baraka صيدلية البركة,33.2674731,-7.5731952,Berrechid,,
8479003885,node,Pharmacie Arafat صيدلية عرفات,31.6247339,-8.0719908,Marrakech ⵎⵕⵕⴰⴽⵯⵛ مراكش,,
8479005395,node,Pharmacie Khadraoui صيدلية خضراوي,33.2692151,-7.5780593,Berrechid,,
8479006735,node,Pharmacie Fakhara صيدلية فخارة,31.6281073,-8.0915033,Marrakech ⵎⵕⵕⴰⴽⵯⵛ مراكش,,
8479011081,node,Pharmacie Les Anges صيدلية الملائكة,33.270008,-7.5625013,Berrechid برشيد,,
8479018048,node,Pharmacie Al Houria صيدلية الحرية,33.2672192,-7.5795327,Berrechid,,
8479025702,node,Pharmacie El Anouar صيدلية الأنوار,33.2692245,-7.5715985,Berrechid,,
8479030442,node,Pharmacie La Famille صيدلية الأسرة,31.6132656,-8.0486328,Marrakech,,
8479030874,node,Pharmacie Assila صيدلية أصيلة,33.2714626,-7.5709608,Berrechid,,
8479036010,node,Pharmacie Souk صيدلية السوق,33.2724578,-7.5739354,Berrechid,,
8479038504,node,Pharmacie Badr صيدلية بدر,33.2719766,-7.5696812,Berrechid,,
8479048039,node,Pharmacie Al Ikhlass صيدلية الإخلاص,31.6166461,-8.0541346,Marrakech,,
8479048153,node,Pharmacie Vidal صيدلية فيدال,31.613547,-8.055466,Marrakech,,
8479050851,node,Pharmacie Rashidi صيدلية راشيدي,33.2709012,-7.5752987,Berrechid,,
8479064118,node,Pharmacie Soufiane صيدلية سفيان,31.6177906,-8.0486138,Marrakech,,
8479066569,node,Pharmacie Al Hamd صيدلية الحمد,33.2747934,-7.5791494,Berrechid,,
8479070557,node,Pharmacie Lotissement Jabrane صيدلية جبران,33.2796697,-7.5679639,Berrechid,,
8479078632,node,Pharmacie Al Hilal صيدلية الهلال,31.6178995,-8.0559198,Marrakech,,
8479082780,node,Pharmacie Hay Tachfin صيدلية حي تاشفين,31.6204715,-8.0450685,Marrakech,,
8479092139,node,Pharmacie Marocaine الصيدلية المغربية,33.2764517,-7.5718012,Berrechid,,
8479100737,node,Pharmacie Assiha صيدلية الصحة,33.2745148,-7.5743108,Berrechid,,
8479106174,node,Pharmacie Imane صيدلية ايمان,33.2741978,-7.5768963,Berrechid,,
8479106423,node,Pharmacie Faiza صيدلية فايزة,33.273777,-7.5749198,Berrechid,,
8479110988,node,Pharmacie Al Afaq صيدلية الافاق,33.2717293,-7.5792091,Berrechid,,
8479112877,node,Pharmacie Rami صيدلية الرامي,33.2762354,-7.5809304,Berrechid,,
8479124185,node,Pharmacie Bab Berrechid صيدلية باب برشيد,33.2777431,-7.5813293,Berrechid,,
8479126417,node,Pharmacie Le Laurier صيدلية لوريي,31.622047,-8.0486222,Marrakech,,
8479134376,node,Pharmacie Yassine صيدلية ياسين,31.6214204,-8.0565406,Marrakech,,
8479172495,node,Pharmacie Karam صيدلية كرم,31.6152208,-8.0625566,Marrakech,,
8479181610,node,Pharmacie Socoma صيدلية صوكوما,31.6189672,-8.0584233,Marrakech,,
8479203666,node,Pharmacie Ennour صيدلية النور,31.6183967,-8.0658078,Marrakech,,
8479210938,node,Pharmacie Jasmin صيدلية الياسمين,31.6176531,-8.0615606,Marrakech,,
8479221138,node,Pharmacie Oumaima صيدلية أميمة,31.6163088,-8.0654691,Marrakech,,
8479238599,node,Pharmacie Conservation صيدلية المحافظة,33.2725549,-7.5858952,Berrechid,,
8479242392,node,Pharmacie Chaouia صيدلية الشاوية,33.2634401,-7.5883411,Berrechid,,
8479249709,node,Pharmacie El Iraki صيدلية العراقي,33.2605604,-7.5912288,Berrechid,,
8479263449,node,Pharmacie Al Matar صيدلية المطار,33.2736441,-7.583142,Berrechid,,
8479263536,node,Pharmacie Salima صيدلية سليمة,33.2743116,-7.5813951,Berrechid,,
8479272569,node,Pharmacie 2000 صيدلية,33.270227,-7.5857272,Berrechid,,
8479272579,node,Pharmacie Chifaa صيدلية الشفاء,33.2620214,-7.5892793,Berrechid,,
8479273954,node,Pharmacie Najah صيدلية نجاح,33.2643233,-7.5913131,Berrechid,,
8479277071,node,Pharmacie Arrazi صيدلية الرازي,33.2599537,-7.589645,Berrechid,,
8479288614,node,Pharmacie Médina صيدلية المدينة,33.2641776,-7.58665,Berrechid,,
8479292917,node,Pharmacie Al Masjid صيدلية المسجد,33.2659298,-7.585768,Berrechid,,
8479293876,node,Pharmacie Bir Anzarane صيدلية بير أنزران,33.2578702,-7.5898076,Berrechid,,
8479310652,node,Pharmacie Arafat صيدلية عرفات,33.27428,-7.5887221,Berrechid,,
8479310766,node,Pharmacie Samia صيدلية سامية,33.2659255,-7.5992261,Berrechid,,
8479317626,node,Pharmacie Errabii صيدلية الربيع,33.2593731,-7.5954212,Berrechid,,
8479317668,node,Pharmacie Omnia صيدلية أمنية,33.2711594,-7.5880474,Berrechid,,
8479319158,node,Pharmacie Fatima صيدلية فاطمة,33.2678566,-7.5879985,Berrechid,,
8479325195,node,Pharmacie Al Izdihar صيدلية الازدهار,33.2740404,-7.5923682,Berrechid,,
8479325205,node,Pharmacie Al Ihssane صيدلية الاحسان,33.2750968,-7.5869954,Berrechid,,
8479328236,node,Pharmacie Principale الصيدلية الرئيسية,33.2721125,-7.5892695,Berrechid,,
8479330942,node,Pharmacie Berrechid صيدلية برشيد,33.2734533,-7.5871658,Berrechid,,
8479334998,node,Pharmacie Layali صيدلية ليالي,33.2769051,-7.5845527,Berrechid,,
8479344210,node,Pharmacie Ajiad صيدلية أجياد,33.2593392,-7.5977632,Berrechid برشيد,,
8479354818,node,Pharmacie Kadi صيدلية قاضي,33.2802126,-7.5871844,Berrechid,,
8479364010,node,Pharmacie Ibn Rochd صيدلية ابن رشد,33.2702312,-7.5860091,Berrechid,,
8479374766,node,Pharmacie Mosquée Riad صيدلية مسجد رياض,33.2806101,-7.5912445,Berrechid,,
8479375266,node,Pharmacie Hania صيدلية هانية,33.2631603,-7.6047611,Berrechid برشيد,,
8479395877,node,Pharmacie Avicenne صيدلية ابن سينا,33.2761831,-7.589399,Berrechid,,
8479398319,node,Pharmacie Ouled Hriz صيدلية أولاد حريز,33.266919,-7.5841905,Berrechid,,
8479414743,node,Pharmacie Al Farabi صيدلية الفرابي,33.2679245,-7.5820254,Berrechid ⴱⵔⵔⵛⵉⴷ برشيد,,
8479452981,node,Pharmacie Alia صيدلية علياء,33.2693221,-7.5840829,Berrechid ⴱⵔⵔⵛⵉⴷ برشيد,,
8479469963,node,Pharmacie Al Mandar Al Jamil صيدلية المنظر الجميل,33.2822174,-7.5904935,Berrechid برشيد,,
8479560759,node,Pharmacie Al Manfalouti صيدلية المنفلوطي,31.6186521,-8.0685937,Marrakech,,
8479588518,node,Pharmacie Askadjour صيدلية أسكجور,31.6203126,-8.0629547,Marrakech,,
8479591485,node,Pharmacie Soudri صيدلية سودري,31.6207977,-8.0683185,Marrakech ⵎⵕⵕⴰⴽⵯⵛ مراكش,,
8479591486,node,Pharmacie Sahara صيدلية الصحراء,31.6218938,-8.0659925,Marrakech,,
8479665335,node,Pharmacie du Conseil صيدلية النصيحة,31.6234599,-8.0630557,Marrakech,,
8479669717,node,Pharmacie Ettaoufik صيدلية التوفيق,31.6212559,-8.0600398,Marrakech,,
8479720093,node,Pharmacie Salah Eddine El Ayyoubi صيدلية صلاح الدين الأيوبي,31.62601,-8.0680436,Marrakech ⵎⵕⵕⴰⴽⵯⵛ مراكش,,
8479809331,node,Pharmacie Amaddah صيدلية أمداح,31.6251994,-8.0614376,Marrakech,,
8480027433,node,Pharmacie Laayoune صيدلية لعيون,31.6235683,-8.0584045,Marrakech,,
8480046985,node,Pharmacie Addoha صيدلية الضحى,31.6214006,-8.058035,Marrakech,,
8480142618,node,Pharmacie El Basri صيدلية البصري,31.6270807,-8.0548968,Marrakech,,
8480157596,node,Pharmacie Targa صيدلي تارغا,31.627216,-8.0431423,Marrakech,,
8480257862,node,Pharmacie Azli صيدلية أزلي,31.6239616,-8.0531258,Marrakech,,
8480282918,node,Pharmacie Saada صيدلية السعادة,31.6270247,-8.0377175,Marrakech,,
8480349499,node,Pharmacie Avenue Hassan II صيدلية شارع الحسن الثاني,31.6273076,-8.0249167,Marrakech,,
8480387242,node,Pharmacie El Quitar صيدلية القطار,31.6289011,-8.0192076,Marrakech,,
8480407547,node,Pharmacie Du Consulat صيدلية القنصلية,31.6267677,-8.0168208,Marrakech,,
8480461713,node,Pharmacie Sheraton صيدلية شيراتون,31.6199021,-8.0104364,Marrakech,,"Mo-Fr 09:00-13:00,16:00-20:00; Sa 09:00-13:00"
8480496730,node,Pharmacie Rahimi صيدلية رحيمي,31.6201298,-8.0132087,Marrakech,,
8481155612,node,Pharmacie Natura صيدلية الطبيعة,31.623557,-8.0035288,Marrakech,,
8481184496,node,Pharmacie L'Opera صيدلية الأوبرا,31.6252915,-8.0124341,Marrakech,,
8481186238,node,Pharmacie Bab Jdid صيدلية باب جديد,31.6259653,-8.0018529,Marrakech,,
8482654277,node,Pharmacie Du Kawkab صيدلية الكوكب,31.6274941,-8.0072783,Marrakesh,,
8482762380,node,Pharmacie Eddafali صيدلية الدفالي,31.6294995,-8.0060742,Marrakech,,
8482851818,node,Pharmacie l'Unité صيدلية الوحدة,31.6328186,-8.0057356,Marrakech,,
8482983952,node,Pharmacie Kenzi صيدلية كنزي,32.9880885,-7.6033794,Settat,,
8482985583,node,Pharmacie Arrabia صيدلية الرابعة,32.9850538,-7.6038395,Settat,,
8483000578,node,Pharmacie Santé صيدلية الصحة,32.989375,-7.6078822,Settat,,
8483006676,node,Pharmacie Bab Al Janna صيدلية باب الجنة,32.9823541,-7.6038483,Settat ⵥⵟⵟⴰⵟ سطات,,
8483023736,node,Pharmacie Al Basmala صيدلية البسملة,32.9867958,-7.5978891,Settat,,
8483043674,node,Pharmacie 3 Mars صيدلية 3 مارس,32.9917077,-7.6084615,Settat,,
8483056620,node,Pharmacie Ain Nzagh صيدلية عين نزاغ,32.9942488,-7.6002268,Settat,,
8483058910,node,Pharmacie Al Ahbass صيدلية الأحباس,31.6335968,-8.0016328,Marrakech,,
8483070303,node,Pharmacie El Hara صيدلية الحارة,31.6322575,-8.0007156,Marrakech,,
8483072016,node,Pharmacie Al Ghofrane صيدلية الغفران,32.9986874,-7.6001616,Settat,,
8483076590,node,Pharmacie Al Houria صيدلية الحرية,32.9959812,-7.6196993,Settat ⵥⵟⵟⴰⵟ سطات,,
8483081990,node,Pharmacie Maarouf صيدلية المعروف,32.9990338,-7.6159228,Settat,,
8483100349,node,Pharmacie Dallas صيدلية دالاس,32.9953429,-7.6065633,Settat,,
8483106714,node,Pharmacie de La Médina صيدلية المدينة,31.6223617,-7.9893235,Marrakech,,
8483110739,node,Pharmacie Urgences صيدلية المستعجلات,32.9949432,-7.6084344,Settat,,
8483111833,node,Pharmacie Hôpital Hassan 2 صيدلية مستشفى الحسن,32.9946845,-7.6163934,Settat,,
8483122073,node,Pharmacie Bahia Homeo صيدلية الباهية هوميو,31.6203318,-7.9860294,Marrakech,,
8483143887,node,Pharmacie Al Qods صيدلية القدس,33.0008874,-7.6185402,Settat ⵥⵟⵟⴰⵟ سطات,,
8483156519,node,Pharmacie Rayad صيدلية رياض,33.0001045,-7.6165159,Settat ⵥⵟⵟⴰⵟ سطات,,
8483175758,node,Pharmacie Riad Zitoun صيدلية رياض الزيتون,31.6219904,-7.9841738,Marrakech,,
8483201560,node,Pharmacie Houssam El Kheir صيدلية حسام الخير,32.9935345,-7.6309773,Settat,,
8483209094,node,Pharmacie 24H صيدلية 24 ساعة,32.9954838,-7.6285119,Settat,,
8483242876,node,Pharmacie Maghreb صيدلية المغرب,31.6236874,-7.9916947,Marrakech ⵎⵕⵕⴰⴽⵯⵛ مراكش,,
8483243737,node,Pharmacie Assabil صيدلية السبيل,32.990383,-7.6339881,Settat,,
8483248358,node,Pharmacie Kotaa Cheikh صيدلية قطع الشيخ,33.0012764,-7.6387929,Settat,,
8483257676,node,Pharmacie Athmani صيدلية العثماني,32.9943481,-7.6434012,Settat,,
8483260533,node,Pharmacie Miftah Achifaa صيدلية مفتاح الشفاء,32.9934112,-7.6354313,Settat,,
8483265007,node,Pharmacie Changuit صيدلية شنكيط,33.0008551,-7.6251506,SETTAT,,
8483266729,node,Pharmacie Lyoussi صيدلية اليوسي,32.9962191,-7.632913,Settat,,
8483273815,node,La Grande Pharmacie الصيدلية الكبيرة,32.99401,-7.6491432,Settat,,
8483273816,node,Pharmacie Khaf Allah صيدلية خاف الله,32.9954782,-7.6402416,Settat,,
8483276056,node,Pharmacie Rim صيدلية ريم,32.9953943,-7.646249,Settat,,
8483280515,node,Pharmacie Al Wifak صيدلية الوفاق,33.0036548,-7.6391048,Settat,,
8483284817,node,Pharmacie Yassmine صيدلية ياسمين,32.9992771,-7.6335405,Settat,,
8483288381,node,Pharmacie Siberia صيدلية سيبيريا,33.0037042,-7.6437471,Settat,,
8483290174,node,Pharmacie Kamal صيدلية كمال,33.0029147,-7.6365041,Settat,,
8483293687,node,Pharmacie El Azhar صيدلية الأزهر,33.0049154,-7.6276376,SETTAT,,
8483293688,node,Pharmacie Général Kettani صيدلية جنرال الكتاني,33.0027863,-7.6297028,Settat,,
8483306667,node,Pharmacie Rabha صيدلية رابحة,32.9972352,-7.6242469,Settat,,
8483311762,node,Pharmacie Rohi صيدلية روحي,33.0043043,-7.6229854,Settat,,
8483312860,node,Pharmacie Derb Dabachi صيدلية ررب ضبشي,31.6271092,-7.9855954,Marrakech,,
8483313552,node,Pharmacie Kennaria صيدلية كنارية,31.6256229,-7.9856652,Marrakech,,
8483313625,node,Pharmacie Annasr صيدلية النصر,33.0003954,-7.6216346,Settat,,
8483313630,node,Pharmacie Nahda صيدلية النهضة,33.0024021,-7.6241886,SETTAT,,
8483314866,node,Pharmacie Palestine صيدلية فلسطين,33.0043949,-7.6299293,Settat,,
8483327953,node,Pharmacie El Kassam صيدلية القسام,33.0043579,-7.6318827,Settat,,
8483329589,node,Pharmacie Dimachk صيدلية دمشق,33.0044738,-7.6336391,Settat,,
8483330824,node,Pharmacie Redouane صيدلية رضوان,33.0034944,-7.6261725,SETTAT,,
8483341250,node,Pharmacie Oued Eddahab صيدلية واد الدهب,33.0064828,-7.6327179,Settat,,
8483343567,node,Pharmacie Bab Aghmat صيدلية باب أغمات,31.6252877,-7.9766715,Marrakech,,
8483344327,node,Pharmacie El Amal صيدلية الأمل,31.6276795,-7.9831991,Marrakech,,
8483345462,node,Pharmacie Douar Graoua صيدلية دوار كراوة,31.6254721,-7.9829115,Marrakech,,
8483352721,node,Pharmacie Nadi صيدلية نادي,33.0053013,-7.6357659,Settat,,
8483392846,node,Pharmacie El Boussekri صيدلية البوسكري,31.6272292,-7.9731177,Marrakech,,
8483394160,node,Pharmacie Bab Aylan صيدلية باب أيلان,31.629584,-7.9749193,Marrakech,,
8483407230,node,Pharmacie Sidi Ayoub صيدلي سيدي أيوب,31.6281703,-7.9787502,Marrakech,,
8483571053,node,Pharmacie Azzahraa صيدلية الزهراء,31.6290112,-7.9869143,Marrakech,,
8483694949,node,Pharmacie Lalla Aouda Saadia صيدلية لالة عودة السعدية,31.6314302,-7.9790223,Marrakech,,
8483710823,node,Pharmacie Ben Saleh صيدلية بن صالح,31.6297933,-7.9830681,Marrakech,,
8483718699,node,Pharmacie Bab Debagh صيدلية باب الدباغ,31.633586,-7.9825338,Marrakech,,
8483741927,node,Pharmacie Tabhirte صيدلية تابحيرت,31.6340419,-7.9814812,Marrakech,,
8483755666,node,Pharmacie El Moukef صيدلية الموقف,31.6348519,-7.9834371,Marrakech,,
8483773821,node,Pharmacie Chater صيدلية الشاطر,31.6333163,-7.9851825,Marrakech,,
8483776495,node,Pharmacie Arrahma صيدلية الرحمة,31.6342899,-7.9879576,Marrakech,,
8484020739,node,Pharmacie Riad Laarouss صيدلية رياض العروس,31.6350135,-7.9942735,Marrakech,,
8484070159,node,Pharmacie Marrakech صيدلية مراكش,31.633899,-7.9987136,Marrakech,,
8484082749,node,Pharmacie Bab Doukkala صيدلية باب دكالة,31.635877,-7.9975382,Marrakech,,
8484085294,node,Pharmacie Kechich صيدلية كشيش,31.6389059,-7.9850143,Marrakech,,
8484093552,node,Pharmacie La Mosquée صيدلية المسجد,31.630934,-7.9961617,Marrakech,,
8484105035,node,Pharmacie Arset Ihiri صيدلية عرصة إهيري,31.6375418,-7.9952744,Marrakech,,
8484116193,node,Pharmacie Jabha صيدلية الجبهة,31.6411163,-7.9858899,Marrakech,,
8484116357,node,Pharmacie Zaouia Abbasia صيدلية الزاوية العباسية,31.6400179,-7.9915972,Marrakech,,
8484135199,node,Pharmacie Bab Lekhmiss صيدلية باب الخميس,31.6432375,-7.9890725,Marrakech,,
8484138150,node,Pharmacie Morakkab Souk Lekhmis صيدلية مركب سوق الخميس,31.6419573,-7.9862319,Marrakech,,
8484145218,node,Pharmacie Al Qaria Siahiya صيدلية القرية السياحية,31.6397548,-7.9796476,Marrakech,,
8484146511,node,Pharmacie Al Antaki صيدلية الأنطاكي,31.6362457,-7.9851924,Marrakech,,
8484169560,node,Pharmacie Al Kawtar صيدلية الكوثر,31.6352986,-7.9765795,Marrakech,,
8485242900,node,Pharmacie Chaouia صيدلية شاوية,33.0078448,-7.6254946,Settat,,
8485257795,node,Pharmacie Belmahi صيدلية بالماحي,33.005422,-7.6385558,Settat,,
8485261076,node,Pharmacie El Hajja Fatna صيدلية الحاجة فاطنة,33.0084047,-7.6305167,Settat,,
8485290812,node,Pharmacie Attawhid صيدلية التوحيد,33.0058193,-7.6249331,Settat,,
8485291849,node,Pharmacie Rachidi صيدلية راشيدي,33.0067495,-7.6287601,Settat,,
8485342292,node,Pharmacie Les Abattoires صيدلية المجازر,33.0106493,-7.6244868,Settat,,
8485351039,node,Pharmacie Rayhana صيدلية ريحانة,33.007684,-7.6355572,Settat,,
8485572769,node,Pharmacie El Settati صصيدلية السطاتي,32.9893763,-7.6135692,Settat,,
8485597544,node,Pharmacie Errazi صيدلية الرازي,33.0037243,-7.6123676,Settat,,
8485654486,node,Pharmacie Al Bouchra صيدلية البشرى,33.4309537,-5.2280042,Azrou ⴰⵣⵔⵓ أزرو,,
8485661104,node,Pharmacie Hanan صيدلية حنان,33.4317179,-5.2237962,Azrou ⴰⵣⵔⵓ أزرو,,
8485677649,node,Pharmacie Rachad صيدلية رشاد,33.4302926,-5.2263468,Azrou ⴰⵣⵔⵓ أزرو,,
8485696250,node,Pharmacie Centrale الصيدلية المركزية,33.4330817,-5.2232744,Azrou ⴰⵣⵔⵓ أزرو,,
8485729977,node,Pharmacie Moyen Atlas صيدلية الأطلس المتوسط,33.4380977,-5.2214376,Azrou ⴰⵣⵔⵓ أزرو,,
8485739034,node,Pharmacie Akchmir صيدلية أقشمير,33.4380086,-5.2231061,Azrou ⴰⵣⵔⵓ أزرو,,
8485742687,node,Pharmacie El Imame Ali صيدلي الإمام علي,31.6486115,-7.979973,Marrakech,,
8485745728,node,Pharmacie Assaada صيدلية السعادة,33.4380659,-5.2266777,Azrou أزرو,,
8485748411,node,Pharmacie Al Arabi صيدلية العربي,33.4395474,-5.2243742,Azrou ⴰⵣⵔⵓ أزرو,,
8485752370,node,Pharmacie El Hamidi صيدلية الحميدي,31.6451705,-7.9850595,Marrakech,,
8485758443,node,Pharmacie Arz صيدلية الأرز,33.4422662,-5.2286382,Azrou أزرو,,
8485758512,node,Pharmacie Merchich صيدلية مرشيش,33.4482429,-5.2258117,Azrou ⴰⵣⵔⵓ أزرو,,
8485758855,node,Pharmacie Yousra صيدلية يسرى,33.4454033,-5.2202834,Azrou ⴰⵣⵔⵓ أزرو,,
8485759079,node,Pharmacie Ain Itti صيدلية عين إطي,31.6484334,-7.9829258,Marrakech,,
8485763782,node,Pharmacie Sanawbar صيدلية الصنوبر,33.4499676,-5.2221602,Azrou ⴰⵣⵔⵓ أزرو,,
8485767437,node,Pharmacie Al Amraoui صيدلية العمراوي,33.4459931,-5.2294191,Azrou أزرو,,
8485769127,node,Pharmacie Ibn Sina صيدلية ابن سينا,33.4456602,-5.2258797,Azrou أزرو,,
8485770829,node,Pharmacie Marina صيدلية مارينا,33.4467675,-5.2227049,Azrou أزرو,,
8485771376,node,Pharmacie Borj Ennakhil صيدلية برج النخيل,31.6486658,-7.9630905,Marrakech,,
8485776903,node,Pharmacie Palmier صيدلية النخيل,33.4491523,-5.2297949,Azrou أزرو,,
8485778811,node,Pharmacie Ain Aghbal صيدلية عين أغبال,33.4478467,-5.219486,Azrou ⴰⵣⵔⵓ أزرو,,
8485781402,node,Pharmacie El Ihssane صيدلية الاحسان,33.4525789,-5.2241936,Azrou ⴰⵣⵔⵓ أزرو,,
8485791610,node,Pharmacie Ahadaf صيدلية أحداف,33.4433819,-5.2246834,Azrou ⴰⵣⵔⵓ أزرو,,
8485792344,node,Pharmacie Takouine صيدلية التكوين,33.4515195,-5.2286994,Azrou أزرو,,
8485792425,node,Pharmacie Sara صيدلية سارة,33.4548128,-5.22655,Azrou ⴰⵣⵔⵓ أزرو,,
8485798261,node,Pharmacie Guennoune صيدلية كنون,31.6639524,-7.9856643,Marrakech,,
8485807900,node,Pharmacie Ramis صيدلية رامييس,33.4528555,-5.2208752,Azrou ⴰⵣⵔⵓ أزرو,,
8485809401,node,Pharmacie Dar Tounsi صيدلية دار التونسي,31.648825,-7.9517422,Marrakech,,
8485812948,node,Pharmacie Adam صيدلية اَدم,33.4475886,-5.2323047,Azrou ⴰⵣⵔⵓ أزرو,,
8485885848,node,Pharmacie M'Hamdia صيدلية المحمدية,31.6471224,-7.9020994,Marrakech,,
8485888131,node,Pharmacie Ben Bouzid صيدلية بن بوزيد,31.5918354,-7.876424,Marrakech,,
8485906340,node,Pharmacie Al Amana صيدلية الأمانة,31.6343858,-7.9205112,Marrakech ⵎⵕⵕⴰⴽⵯⵛ مراكش,,
8485942480,node,Pharmacie Massi صيدلية ماسي,31.6254759,-7.9651033,Marrakech,,
8485944982,node,Pharmacie M'Hamdia Sabaa صيدلية المحمدية السابعة,31.6333541,-7.8934788,Marrakech,,
8485960298,node,Pharmacie Tallaght صيدلية تلاغت,31.6251449,-7.93494,Marrakech,,
8485991442,node,Pharmacie Ben Yaich صيدلية اعيش,31.6476355,-8.1180106,Marrakech,,
8486001324,node,Pharmacie Rahali صيدلية الرحالي,31.6486091,-8.1222769,Marrakech,,
8486243735,node,Pharmacie Diar Zitoune صيدلية ديار الزيتون,31.6385219,-8.1091375,Marrakech,,
8486249940,node,Pharmacie Dispensaire صيدلية المستوصف,33.5197176,-5.1193816,Ifrane,,
8486257269,node,Pharmacie Lalla Habiba صيدلية لالة حبيبة,31.6440398,-8.1127099,Marrakech,,
8486257706,node,Pharmacie Des Iris صيدلية سوسن,33.5258284,-5.1164239,IFRANE,,
8486258089,node,Pharmacie Hiba صيدلية هبة,33.5426192,-5.1192732,Ifrane,,
8486258557,node,Pharmacie Vitelle صيدلية فيتال,33.5408866,-5.1188462,Ifrane,,
8486264681,node,Pharmacie Bel Yazid صيدلية بليازيد,33.5218121,-5.1193055,Ifrane,,
8486266484,node,Pharmacie Michlifen صيدلية ميشليفن,33.5291013,-5.1069944,Ifrane ⵉⴼⵔⴰⵏ إفران,,
8486270828,node,Pharmacie Al Ghofrane صيدلية الغفران,31.6403511,-8.10592,Marrakech,,
8486271427,node,Pharmacie Assalam صيدلية السلام,33.5208532,-5.120729,Ifrane,,
8486277459,node,Pharmacie Abwab El Afak صيدلية الاَفاق,31.6406045,-8.1003181,Marrakech,,
8486281858,node,Pharmacie Mahaj Essalam صيدلية محج السلام,31.6353125,-8.094395,Marrakech,,
8486286218,node,Pharmacie Anniama صيدلية النعمة,31.6360728,-8.0995049,Marrakech,,
8486304142,node,Pharmacie Essaada Marjane صيدلية السعادة مرجان,31.6354572,-8.0943873,Marrakech,,
8486313887,node,Pharmacie Marjane Massira صيدلية مرجان المسيرة,31.6298137,-8.0794547,Marrakech ⵎⵕⵕⴰⴽⵯⵛ مراكش,,
8486316288,node,Pharmacie Sami صيدلية سامي,31.6321105,-8.0952032,Marrakech,,
8486333220,node,Pharmacie de la Nation صيدلي الأمة,31.6333189,-8.075738,Marrakech ⵎⵕⵕⴰⴽⵯⵛ مراكش,,
8486336704,node,Pharmacie Abwab Al Khair صيدلية أبواب الخير,31.6380079,-8.0784014,Marrakech ⵎⵕⵕⴰⴽⵯⵛ مراكش,,
8486344417,node,Pharmacie Al Aksa صيدلية العكسة,31.6360784,-8.0757549,Marrakech ⵎⵕⵕⴰⴽⵯⵛ مراكش,,
8486344418,node,Pharmacie El Massira صيدلية المسيرة,31.6373864,-8.0799311,Marrakech ⵎⵕⵕⴰⴽⵯⵛ مراكش,,
8486350125,node,Pharmacie Jenane Faiza صيدلية جنان فايزة,31.6390042,-8.082103,Marrakech ⵎⵕⵕⴰⴽⵯⵛ مراكش,,
8486355777,node,Pharmacie Abwab Addoha صيدلية أبواب الضحى,31.6363622,-8.0723482,Marrakech ⵎⵕⵕⴰⴽⵯⵛ مراكش,,
8486359399,node,Pharmacie Ben Allal صيدلية بن علال,31.642353,-8.0755484,Marrakech ⵎⵕⵕⴰⴽⵯⵛ مراكش,,
8486376033,node,Pharmacie Bichara صيدلية بشارة,31.6477185,-8.0803131,Marrakech ⵎⵕⵕⴰⴽⵯⵛ مراكش,,
8486407323,node,Pharmacie Al Haramaine صيدلية الحرمين,31.6483963,-8.0748276,Marrakech ⵎⵕⵕⴰⴽⵯⵛ مراكش,,
8486429249,node,Pharmacie Les Portes de Marrakech صيدلية أبواب مراكش,31.6395279,-8.0775474,Marrakech ⵎⵕⵕⴰⴽⵯⵛ مراكش,,
8486465690,node,Pharmacie Prestige Targa صيدلية بريستيج تارغا,31.666047,-8.0569348,Marrakech,,
8486483113,node,Pharmacie Borj Targa صيدلية برج تارغا,31.6520927,-8.061695,Marrakech,,
8486513253,node,Pharmacie Sebou صيدلية سبو,31.6474178,-8.0655064,Marrakech ⵎⵕⵕⴰⴽⵯⵛ مراكش,,
8486523794,node,Pharmacie Al Khabir صيدلية الخبير,31.6458199,-8.0669075,Marrakech ⵎⵕⵕⴰⴽⵯⵛ مراكش,,
8486545672,node,Pharmacie Al Azhar صيدلية الأزهر,31.6423972,-8.0669988,Marrakech ⵎⵕⵕⴰⴽⵯⵛ مراكش,,
8486545860,node,Pharmacie Oum Rabii صيدلية أم الربيع,31.6422246,-8.0632518,Marrakech,,
8486556459,node,Pharmacie Kenza صيدلية كنزة,31.640323,-8.0654533,Marrakech ⵎⵕⵕⴰⴽⵯⵛ مراكش,,
8486594625,node,Pharmacie El Amane صيدلية الأمان,31.6458854,-8.0630226,Marrakech ⵎⵕⵕⴰⴽⵯⵛ مراكش,,
8486598292,node,Pharmacie La Perle Rouge صيدلية الجوهرة الحمراء,31.6442504,-8.0647053,Marrakech ⵎⵕⵕⴰⴽⵯⵛ مراكش,,
8486609091,node,Pharmacie El Massmoudi صيدلية المصمودي,31.6558375,-8.0550308,Marrakech,,
8486616598,node,Pharmacie Tilila صيدلية تليلا,31.6617498,-8.0570413,Marrakech,,
8486627621,node,Pharmacie Daou صيدلية الضو,31.6568055,-8.0535983,Marrakech,,
8486645202,node,Pharmacie Souihla صيدلية السويهلة,31.6490524,-8.052712,Marrakech,,
8486778199,node,Pharmacie Al Inara صيدلية الإنارة,31.6409181,-8.0531112,Marrakech,,
8486792676,node,Pharmacie Hay Machou صيدلية حي ماشو,31.6409648,-8.0560278,Marrakech,,
8486819067,node,Pharmacie Fadila صيدلية فضيلة,31.638079,-8.0482553,Marrakech,,
8486841296,node,Pharmacie Sofia صيدلية صوفيا,31.6402111,-8.0454672,Marrakech,,
8486859768,node,Pharmacie Sidi Mbarek صيدلية سيدي مبارك,31.6345902,-8.0413904,Marrakech,,
8486897793,node,Pharmacie Petersbourg صيدلية بترسبورغ,31.6335286,-8.0705662,Marrakech ⵎⵕⵕⴰⴽⵯⵛ مراكش,,
8486898990,node,Pharmacie Fadil صيدلية فضيل,31.6354785,-8.0678271,Marrakech ⵎⵕⵕⴰⴽⵯⵛ مراكش,,
8486905970,node,Pharmacie Asseha صيدلية الصحة,31.6286293,-8.0693622,Marrakech ⵎⵕⵕⴰⴽⵯⵛ مراكش,,
8486916851,node,Pharmacie Hay Hassani صيدلية الحي الحسني,31.6322979,-8.0672924,Marrakech ⵎⵕⵕⴰⴽⵯⵛ مراكش,,
8486930382,node,Pharmacie Radi صيدلية الراضي,31.6355285,-8.0640906,Marrakech ⵎⵕⵕⴰⴽⵯⵛ مراكش,,
8486931849,node,Pharmacie Al Fath صيدلية الفتح,31.6296557,-8.0667794,Marrakech ⵎⵕⵕⴰⴽⵯⵛ مراكش,,
8486980717,node,Pharmacie Moulay Driss صيدلية مولاي ادريس,31.6331957,-8.0638562,Marrakech ⵎⵕⵕⴰⴽⵯⵛ مراكش,,
8487325773,node,Pharmacie Ibn Al Aouam صيدلية ابن العوام,31.6284431,-8.0590802,Marrakech,,
8487334104,node,Pharmacie Bilal صيدلية بلال,31.6404888,-8.0665314,Marrakech ⵎⵕⵕⴰⴽⵯⵛ مراكش,,
8487347126,node,Pharmacie Al Haouz صيدلية الحوز,31.6301703,-8.0622889,Marrakech,,
8487361412,node,Pharmacie Chifaa صيدلية الشفاء,31.6320987,-8.058556,Marrakech,,
8487368375,node,Pharmacie et Laboratoire Belkhayat صيدلية و مختبر بلخياط,31.6344441,-8.0613368,Marrakech,,
8487383286,node,Pharmacie Lahmadi صيدلية لحمادي,31.6383314,-8.0588928,Marrakech,,
8488308338,node,Pharmacie Tourge صيدلية توغر,33.4248969,-6.0035339,Oulmès ⵡⴰⵍⵎⴰⵙ ولماس,,
8488308341,node,Pharmacie Adil صيدلية عادل,33.4256143,-6.0025282,Oulmès ⵡⴰⵍⵎⴰⵙ ولماس,,
8488314023,node,Pharmacie Dr Mohamed صيدلية دكتور محمد,33.4301177,-6.0002227,Oulmès,,
8488318992,node,Pharmacie Tarik Ibn Ziyad صيدلية طارق ابن زياد,33.4323085,-6.0029889,Oulmès,,
8488393903,node,Pharmacie des Parents صيدلية الوالدين,33.3789635,-7.6211751,النواصر,,
8488402006,node,Pharmacie La Min صيدلية لامين,33.3546813,-7.5496591,Nouaceur ⵏⵡⴰⵚⵕ النواصر,,
8488405993,node,Pharmacie Zaouia صيدلية الزاوية,33.3841849,-7.6205458,Nouaceur ⵏⵡⴰⵚⵕ النواصر,,
8488420425,node,Pharmacie Jnane Deroua صيدلية جنان دروة,33.3579439,-7.5388931,Nouaceur ⵏⵡⴰⵚⵕ النواصر,,
8488448492,node,Pharmacie Saada صيدلية السعادة,33.3617822,-7.5394783,Nouaceur ⵏⵡⴰⵚⵕ النواصر,,
8488448516,node,Pharmacie Deroua صيدلية الدروة,33.373701,-7.5408793,Nouaceur,,
8488463631,node,Pharmacie El Qods صيدلية القدس,33.3605977,-7.5429939,Nouaceur ⵏⵡⴰⵚⵕ النواصر,,
8488474575,node,Pharmacie Ryad Ahl Al Wifaq صيدلية رياض أهل الوفاق,33.3652378,-7.5325245,Nouaceur,,
8488474576,node,Pharmacie Sabilallah صيدلية سبيل الله,33.366539,-7.5259607,Nouaceur,,
8488476888,node,Pharmacie Abou Lbarakat صيدلية أبو البركات,33.363912,-7.5455595,Nouaceur ⵏⵡⴰⵚⵕ النواصر,,
8488485811,node,Pharmacie Abderrahman صيدلية عبد الرحمان,33.3719645,-7.5368763,Nouaceur ⵏⵡⴰⵚⵕ النواصر,,
8488487640,node,Pharmacie Niimate Allah صيدلية نعمة الله,33.3705738,-7.5400833,Nouaceur ⵏⵡⴰⵚⵕ النواصر,,
8488487803,node,Pharmacie Urgences صيدلية المستعجلات,33.3699263,-7.526347,Nouaceur,,
8488504178,node,Pharmacie Al Majd صيدلية المجد,33.3743904,-7.5317388,Nouaceur,,
8488505449,node,Pharmacie Chadli صيدلية الشادلي,33.3706207,-7.5350776,Nouaceur ⵏⵡⴰⵚⵕ النواصر,,
8488506828,node,Pharmacie Hay Essalam صيدلية حي السلام,33.3716904,-7.5308415,Nouaceur,,
8488513387,node,Pharmacie El Oumouma صيدلية الأمومة,33.3720986,-7.5284257,Nouaceur,,
8488523488,node,Pharmacie Principale الصيدلية الرئيسية,33.3733518,-7.5340967,Nouaceur ⵏⵡⴰⵚⵕ النواصر,,
8488541511,node,Pharmacie Hay Al Manzah صيدلية حي المنزه,33.3753176,-7.5264224,Nouaceur,,
8488659253,node,Pharmacie Al Faiz صيدلية الفايز,33.3775278,-7.535752,Nouaceur ⵏⵡⴰⵚⵕ النواصر,,
8488674180,node,Pharmacie Imad صيدلية عماد,33.3791604,-7.5287462,Nouaceur,,
8488674501,node,Pharmacie Rim صيدلية ريم,33.3791463,-7.5321677,Nouaceur ⵏⵡⴰⵚⵕ النواصر,,
8488676642,node,Pharmacie Régionale الصيدلية الجهوية,33.3806088,-7.534525,Nouaceur ⵏⵡⴰⵚⵕ النواصر,,
8488678136,node,Pharmacie Chawki صيدلية شوقي,33.3831359,-7.5359586,Nouaceur,,
8488692549,node,Pharmacie Al Abrar صيدلية الأبرار,33.3845165,-7.5253883,Nouaceur,,
8488693084,node,Pharmacie Prévention صيدلية الوقاية,33.3834651,-7.5324724,Nouaceur,,
8488697706,node,Pharmacie El Houda صيدلية الهدى,33.3875173,-7.5338188,Nouaceur ⵏⵡⴰⵚⵕ النواصر,,
8488708464,node,Pharmacie Ouassama Aicha صيدلية أسامة عائشة,33.3835044,-7.5284008,Nouaceur,,
8488711885,node,Pharmacie Al Jawhara صيدلية الجوهرة,33.3843919,-7.5219324,Nouaceur,,
8488719580,node,Pharmacie Al Khair صيدلية الخير,33.3891545,-7.5336952,Nouaceur ⵏⵡⴰⵚⵕ النواصر,,
8488731312,node,Pharmacie Bayti صيدلية بيتي,33.3942538,-7.5314976,Nouaceur ⵏⵡⴰⵚⵕ النواصر,,
8488737547,node,Pharmacie Parents صيدلية الوالدين,33.39181,-7.5300032,Nouaceur,,
8488741175,node,Pharmacie Al Maghreb صيدلية المغرب,33.3963761,-7.5292698,Nouaceur,,
8488743155,node,Pharmacie Al Faraj صيدلية الفرج,33.3980659,-7.5331061,Nouaceur ⵏⵡⴰⵚⵕ النواصر,,
8488769271,node,Pharmacie Al Wafa صيدلية الوفاء,31.6288209,-8.0522316,Marrakech,,
8488800310,node,Pharmacie Atiki صيدلية عاتيقي,33.4032257,-7.521242,Nouaceur,,
8488801274,node,Pharmacie Al Hamd صيدلية الحمد,33.4004679,-7.5219106,Nouaceur,,
8488804743,node,Pharmacie Makka صيدلية مكة,33.4009769,-7.5339071,Nouaceur ⵏⵡⴰⵚⵕ النواصر,,
8488806028,node,Pharmacie Zerktouni صيدلية الزرقطوني,31.6303149,-8.0549459,Marrakech,,
8488813554,node,Pharmacie Alaaz صيدلية العز,33.4012519,-7.5268112,Nouaceur,,
8488817050,node,Pharmacie Nouaceur صيدلية نواصر,33.3734276,-7.5443318,Nouaceur ⵏⵡⴰⵚⵕ النواصر,,
8488831490,node,Pharmacie Arganier صيدلية أركان,33.3855264,-7.5438359,Nouaceur ⵏⵡⴰⵚⵕ النواصر,,
8488833811,node,Pharmacie Al Bouchra صيدلية البشرى,31.631976,-8.053261,Marrakech,,
8488839097,node,Pharmacie Douar El Askar صيدلية دوار العسكر,31.6298342,-8.048402,Marrakech,,
8488841146,node,Pharmacie Al Madina Al Monaiara صيدلية المدينة المنورة,33.3883145,-7.5431651,Nouaceur ⵏⵡⴰⵚⵕ النواصر,,
8488842433,node,Pharmacie Ma Perla صيدلية ما برلا,33.3916738,-7.5638558,Nouaceur,,
8488866243,node,Pharmacie Nouaceur Parc,33.3887509,-7.55455,Nouaceur,,
8488873338,node,Pharmacie Al Andalous صيدلية الأندلس,31.6327006,-8.056231,Marrakech,,
8488882488,node,Pharmacie Al Bahja صيدلية البهجة,31.6331328,-8.0449001,Marrakech,,
8488882655,node,Pharmacie Ibn Bitar صيدلية ابن البيطار,31.6318622,-8.0504302,Marrakech,,
8488901414,node,Pharmacie et Laboratoire Le Pont صيدلية و مختبر القنطرة,31.6348784,-8.0579421,Marrakech,,
8488903470,node,Pharmacie Achifaa صيدلية الشفاء,33.6743355,-7.3937147,Mohammédia المحمدية,,
8488903471,node,Pharmacie Hay Lasamir صيدلية حي لاسامير,33.6734996,-7.3889184,Mohammédia المحمدية,,
8488915219,node,Pharmacie Jardins Des Fleurs صيدلية حدائق الورود,33.6719759,-7.3950628,Mohammédia المحمدية,,
8488915224,node,Pharmacie El Idrissi صيدلية الادريسي,33.6780972,-7.3860567,Mohammédia المحمدية,,
8488921902,node,Pharmacie Hay Falah صيدلية حي فلاح,33.6829409,-7.3810164,Mohammédia المحمدية,,
8488925796,node,Pharmacie Essalam صيدلية السلام,33.6756847,-7.3874107,Mohammédia المحمدية,,
8488927378,node,Pharmacie Al Inaya صيدلية العناية,33.6776344,-7.3827308,Mohammédia المحمدية,,
8488928044,node,Pharmacie Sarah صيدلية صراح,33.6821026,-7.3769044,Mohammédia المحمدية,,
8488930652,node,Pharmacie Al Massira صيدلية المسيرة,31.6374704,-8.0526009,Marrakech,,
8488932025,node,Pharmacie Fedala صيدلية فضالة,33.6811127,-7.3823768,Mohammédia المحمدية,,
8488932798,node,Pharmacie Nasser صيدلية ناصر,33.6852596,-7.3786399,Mohammédia المحمدية,,
8488932851,node,Pharmacie Bismillah صيدلية باسم الله,33.6794296,-7.3765227,Mohammédia المحمدية,,
8488946777,node,Pharmacie Belkaziz صيدلية بلقزيز,31.6351291,-8.0461326,Marrakech,,
8488948955,node,Pharmacie Lahrach صيدلية لحرش,31.6347248,-8.0531288,Marrakech,,
8488960152,node,Pharmacie Al Houda صيدلية الهدى,31.6353035,-8.0495524,Marrakech,,
8488964507,node,Pharmacie Majorelle صيدلية ماجوريل,33.6974339,-7.3656405,Mohammédia المحمدية,,
8488973334,node,Pharmacie Al Akssa صيدلية الأقصى,33.687663,-7.3744439,,,
8488973335,node,Pharmacie Abderrahim صيدلية عبد الرحيم,33.6864402,-7.3705346,Mohammédia المحمدية,,
8488973437,node,Pharmacie Espoir صيدلية الأمل,33.689236,-7.3630786,Mohammédia المحمدية,,
8488973604,node,Pharmacie Aicha صيدلية عائشة,33.6933043,-7.3582414,Mohammédia المحمدية,,
8488973648,node,Pharmacie Fadelallah صيدلية فضل الله,33.6899104,-7.3703069,Mohammédia المحمدية,,
8488975647,node,Pharmacie Castor صيدلية كاستور,31.6296419,-8.0448538,Marrakech,,
8488982421,node,Pharmacie Ibn Toumert صيدلية ابن تومرت,31.6279068,-8.0460961,Marrakech,,
8488983387,node,Pharmacie Al Fajr صيدلية الفجر,33.6927388,-7.3708896,Mohammedia,,
8489011336,node,Pharmacie Al Manzeh صيدلية المنزه,31.630266,-8.0420185,Marrakech,,
8489016476,node,Pharmacie Larbaa صيدلية الأربعاء,31.6302085,-8.036747,Marrakech,,
8489031311,node,Pharmacie Santé صيدلية الصحة,33.6960623,-7.3576094,Mohammédia المحمدية,,
8489031373,node,Pharmacie Al Wéd صيدلية الود,31.630807,-8.0275876,Marrakech,,
8489032152,node,Pharmacie Chaker صيدلية شاكر,33.7021986,-7.3542589,Mohammédia المحمدية,,
8489035792,node,Pharmacie Riad Essalam صيدلية رياض السلام,33.7000252,-7.3600006,Mohammedia,,
8489042246,node,Pharmacie Idham صيدلية إدهام,33.6999691,-7.3626973,Mohammédia المحمدية,,
8489042605,node,Pharmacie Riad Al Ali صيدلية رياض العلي,33.6991418,-7.3571747,Mohammédia المحمدية,,
8489048619,node,Pharmacie Ville Des Fleurs صيدلية مدينة الورود,33.7025351,-7.3586691,Mohammédia المحمدية,,
8489055081,node,Pharmacie Annahda صيدلية النهضة,33.6993395,-7.352182,Mohammédia المحمدية,,
8489059537,node,Pharmacie Moukawama صيدلية المقاومة,31.6336315,-8.0290497,Marrakech,,
8489062854,node,Pharmacie Jawhart El Fatah 2 صيدلية جوهرة الفتح,33.6695246,-7.3888723,Mohammédia المحمدية,,
8489078402,node,Pharmacie l'Hopital Militaire صيدلية المستشفى العسكري,31.6365989,-8.0199602,Marrakech,,
8489090394,node,Pharmacie Victor Hugo صيدلية فيكتور هوغو,31.6402347,-8.0252843,Marrakech,,
8489133796,node,Pharmacie Dar Al Halib صيدلية دار الحليب,31.6357762,-8.0353783,Marrakech,,
8489209184,node,Pharmacie Jabal Gueliz صيدلية جبل كليز,31.6428934,-8.0398186,Marrakech,,
8489248320,node,Pharmacie Anoual صيدلية أنوال,31.6328476,-8.0164038,Marrakech,,
8489483408,node,Pharmacie Paris صيدلية باريس,31.6351437,-8.0131617,Marrakech,,
8489492285,node,Pharmacie Centrale الصيدلية المركزية,31.6351483,-8.0125684,Marrakech,,
8489528562,node,Pharmacie de Gueliz صيدلية جيليز,31.6327419,-8.0126076,Marrakech,,
8489549681,node,Pharmacie Moderne الصيدلية المعاصرة,31.6366585,-8.0161065,Marrakech,,
8489918313,node,Pharmacie Assil صيدلية أصيل,33.671119,-7.3852486,Mohammédia المحمدية,,
8489944887,node,Pharmacie Al Machrouae صيدلية المشروع,33.6619107,-7.3631995,Mohammedia,,
8489948212,node,Pharmacie Des Résidences صيدلية الاقامات,33.6677623,-7.3671404,Mohammedia,,
8489949564,node,Pharmacie Mimouna صيدلية ميمونة,33.6650452,-7.3648026,Mohammedia,,
8489950772,node,Pharmacie Centre De Santé صيدلية المركز الصحي,33.6611358,-7.3588546,Mohammed,,
8489952526,node,Pharmacie Diyar El Alia صيدلية ديار العالية,33.6744821,-7.3648676,Mohammedia,,
8489961181,node,Pharmacie Jnan Zitoune صيدلية جنان الزيتون,33.6782939,-7.3621117,Mohammédia المحمدية,,
8489972073,node,Pharmacie Youssef صيدلية يوسف,33.6766534,-7.3899685,Mohammédia المحمدية,,
8490400148,node,Pharmacie Avicenne صيدلية ابن سينا,31.6386217,-8.0178562,Marrakech,,
8490411918,node,Pharmacie Ibn Toufail صيدلية ابن طفيل,31.6403848,-8.0155732,Marrakech,,
8490417154,node,Pharmacie Ibn Rochd صيدلية ابن رشد,31.6380865,-8.0133879,Marrakech,,
8490463816,node,Pharmacie Al Filali صيدلية الفيلالي,31.634877,-8.0044092,Marrakech,,
8490470807,node,Pharmacie Hani صيدلية هاني,31.6362315,-8.0069473,Marrakech,,
8490472583,node,Pharmacie Al Mahatta صيدلية المحطة,31.6360131,-8.0009299,Marrakech,,
8490489327,node,Pharmacie Fleming صيدلية فليمينك,31.6416548,-8.0092007,Marrakech,,
8490520223,node,Pharmacie Dar Talib صيدلية دار الطالب,31.643505,-8.0120974,Marrakech,,
8491220884,node,Pharmacie Al Moustachfa صيدلية المستشفى,31.6416243,-8.0180264,Marrakech,,
8491307933,node,Pharmacie Al Maarifa صيدلية المعرفة,31.6473549,-8.0124545,Marrakech,,
8491519361,node,Pharmacie Sup De Co صيدلية سوب دو كو,31.651761,-8.0168063,Marrakech,,
8491548695,node,Pharmacie Volubilis صيدلية وليلي,31.6514256,-8.0197911,Marrakech,,
8491644291,node,Pharmacie et Laboratoire Du Petit Marché صيدلية و مختبر السوق الصغير,31.6396459,-8.0207808,Marrakech,,
8491671101,node,Pharmacie Bassatine Gueliz صيدلية بساتين كليز,31.6478209,-8.0357845,Marrakech,,
8491673648,node,Pharmacie Les Portes de Gueliz أبواب صيدلية كليز,31.6491388,-8.0385605,Marrakech,,
8491707152,node,La Grande Pharmacie Attawhid صيدلية التوحيد الكبرى,31.6521415,-8.0365209,Marrakech,,
8491707987,node,Pharmacie Hay El Koudia صيدلية حي الكدية,31.6507639,-8.024245,Marrakech,,
8491729358,node,Pharmacie Ibn Atia صيدلية ابن عطية,31.6524034,-8.0309839,Marrakech,,
8492124962,node,Pharmacie Sanae صيدلية سناء,31.6570324,-8.0264444,Marrakech,,
8492142401,node,Pharmacie Galien صيدلية غاليان,31.6536356,-8.021385,Marrakech,,
8492152850,node,Pharmacie Les Vergers صيدلية البساتين,31.6543053,-8.0289268,Marrakech,,
8492176038,node,Pharmacie Hay Mabrouka صيدلية حي مبروكة,31.6563813,-8.0327389,Marrakech,,
8492214253,node,Pharmacie Les Cyprès صيدلية السرو,31.6551164,-8.0357647,Marrakech,,
8492217539,node,Pharmacie Al Wahda صيدلية الوحدة,33.6811497,-7.3854121,Mohammédia المحمدية,,
8492233289,node,Pharmacie Sarah صيدلية صارة,33.6859114,-7.3801692,Mohammédia المحمدية,,
8493052684,node,Pharmacie Soleil صيدلية شمس,33.7072137,-7.3573384,Mohammédia المحمدية,,
8493059491,node,Pharmacie Marjane صيدلية مرجان,33.7081272,-7.3468585,Mohammédia المحمدية,,
8493064475,node,Pharmacie Monica Plage صيدلية شاطئ مونيكا,33.7108882,-7.353739,Mohammédia المحمدية,,
8493070112,node,Pharmacie Nabil صيدلية نبيل,33.713637,-7.345823,Mohammédia المحمدية,,
8493070404,node,Pharmacie Targa Palmier صيدلية نخيل تارغا,31.6477485,-8.0426762,Marrakech,,
8493074650,node,Pharmacie Espoir صيدلية الأمل,33.6911969,-7.3737297,Mohammedia,,
8493074681,node,Pharmacie Zeyneb صيدلية زينب,33.7019989,-7.3665498,Mohammedia,,
8493075349,node,Pharmacie Al Qods صيدلية القدس,33.6982691,-7.3686958,Mohammedia,,
8493078226,node,Pharmacie Najd صيدلية نجد,31.6596651,-8.0320627,Marrakech,,
8493081687,node,Pharmacie Jardin Des Orchidées صيدلية بساتين الفاكهة,33.7111655,-7.3450107,Mohammédia المحمدية,,
8493085486,node,Pharmacie Sidi Ghanem صيدلية سيدي غانم,31.6688288,-8.0392719,Marrakech,,
8493095812,node,Pharmacie Oued Lmakhazin صيدلية واد المخازن,33.695717,-7.3686059,Mohammedia,,
8493100833,node,Pharmacie Al Hamd صيدلية الحمد,33.702393,-7.362434,Mohammedia,,
8493107443,node,Pharmacie Bradaa صيدلية البرادعة,33.7003444,-7.3700723,Mohammedia,,
8493107679,node,Pharmacie Yasmina صيدلية ياسمينة,33.7079027,-7.3605078,Mohammedia,,
8493112258,node,Pharmacie Anajm صيدلية النجم,33.7181266,-7.3347524,Mohammedia,,
8493120348,node,Pharmacie Jawhar صيدلية جوهر,31.6613159,-8.0442608,Marrakech,,
8493134455,node,Pharmacie Al Balsam صيدلية البلسم,31.6719225,-8.0456449,Marrakech,,
8493139669,node,Pharmacie Haj Boubker صيدلية الحاج بوبكر,31.6668244,-8.0426641,Marrakech,,
8493154507,node,Pharmacie Hay Sinai صيدلية الحي الصناعي,31.66984,-8.0427509,Marrakech,,
8494258161,node,Pharmacie Bismillah صيدلية بسم الله,31.6742309,-8.0470268,Marrakech,,
8494293133,node,Pharmacie Belkaid صيدلية بلقايد,31.6742913,-8.0556331,Marrakech,,
8494301778,node,Pharmacie Chaouf صيدلية شعوف,31.6785847,-8.0595572,Marrakech,,
8494312513,node,Pharmacie Riad Saada صيدلية رياض السعادة,31.6798579,-8.0548401,Marrakech,,
8495001250,node,Pharmacie La Gare Routière صيدلية المحطة الطرقية,31.6841886,-8.0759923,Marrakech ⵎⵕⵕⴰⴽⵯⵛ مراكش,,
8495029902,node,Pharmacie Douae صيدلية دعاء,31.6858927,-8.0734114,Marrakech ⵎⵕⵕⴰⴽⵯⵛ مراكش,,
8495038785,node,Pharmacie Mamoun صيدلية المامون,31.6839362,-8.0737874,Marrakech ⵎⵕⵕⴰⴽⵯⵛ مراكش,,
8495045150,node,Pharmacie Jebli صيدلية جبلي,31.6835282,-8.0699612,Marrakech ⵎⵕⵕⴰⴽⵯⵛ مراكش,,
8495092701,node,Pharmacie Dakar صيدلية دكار,31.6859302,-8.0665008,Marrakech ⵎⵕⵕⴰⴽⵯⵛ مراكش,,
8495145561,node,Pharmacie Les Trois Palmiers صيدلية النخلات الثلاث,31.6849123,-8.0640178,Marrakech ⵎⵕⵕⴰⴽⵯⵛ مراكش,,
8495155585,node,Pharmacie Al Farj صيدلية الفجر,31.6896231,-8.0690391,Marrakech ⵎⵕⵕⴰⴽⵯⵛ مراكش,,
8496745686,node,Pharmacie et Laboratoire Nakhil صيدلية و مختبر النخيل,31.6379648,-8.0093512,Marrakech,,
8496792371,node,Pharmacie Majorelle صيدلية ماجوريل,31.6402247,-7.9997537,Marrakech,,
8496801505,node,Pharmacie 11 Janvier صيدلية 11 يناير,31.6410406,-7.9968308,Marrakech,,
8496839948,node,Pharmacie Daoudiat صيدلية الداوديات,31.6431575,-8.0000418,Marrakech,,
8496876475,node,Pharmacie Al Qods صيدلية القدس,31.647291,-8.0004644,Marrakech,,
8497211703,node,Pharmacie Masjid Daoudiate صيدلية مسجد الداوديات,31.6498026,-7.9930251,Marrakech,,
8497220799,node,Pharmacie Mohammadia صيدلية المحمدية,31.6493959,-7.9972179,Marrakech,,
8497259803,node,Pharmacie Souss صيدلية سوس,33.7013591,-7.3787269,Mohammedia,,
8497277264,node,Pharmacie Chair El Hamraa صيدلية شاعر الحمراء,31.6464142,-7.9923936,Marrakech,,
8497279076,node,Pharmacie Razi صيدلية الرازي,31.6527748,-7.9935289,Marrakech,,
8497279930,node,Pharmacie Salle Couverte صيدلية القاعة المغطاة,31.64773,-7.9946862,Marrakech,,
8497292394,node,Pharmacie Manismane صيدلية مانيسمان,33.7058613,-7.3687767,Mohammédia المحمدية,,
8497298401,node,Pharmacie Rachad صيدلية رشاد,33.7010067,-7.3828014,Mohammedia,,
8497300612,node,Pharmacie La Siesta صيدلية لا سيبسطا,33.7155216,-7.3501934,Mohammédia المحمدية,,
8497302845,node,Pharmacie 3 Mars صيدلية 3 مارس,33.7047857,-7.38277,Mohammédia المحمدية,,
8497325198,node,Pharmacie Miramar صيدلية ميرامار,33.7041875,-7.3927197,MOHAMMEDIA,,
8497334894,node,Pharmacie Radia صيدلية راضية,33.7008329,-7.3845548,Mohammedia,,
8497354743,node,Pharmacie L'Hôpital صيدلية المستشفى,33.6991148,-7.3844459,Mohammedia,,
8497359808,node,Pharmacie Palmier صيدلية النخيل,33.705342,-7.3971812,Mohammédia المحمدية,,
8497365125,node,Pharmacie Corniche صيدلية كورنيش,33.7036033,-7.3866409,Mohammédia المحمدية,,
8497367195,node,Pharmacie Wafa صيدلية الوفا,33.6996321,-7.397617,Mohammedia,,
8497371558,node,Pharmacie Eucalyptus صيدلية الكالبتوس,33.6975761,-7.3953194,Mohammedia,,
8497371809,node,Pharmacie Nour صيدلية نور,33.7063859,-7.3902702,Mohammédia المحمدية,,
8497372715,node,Pharmacie Claude Monet صيدلية كلود موني,33.7020423,-7.3965745,Mohammedia,,
8497374921,node,Pharmacie C.H.U صيدلية المستشفى الجامعي,31.6573723,-7.9905237,Marrakech,,
8497376200,node,Pharmacie La Piscine صيدلية المسبح,33.6956437,-7.3903903,Mohammédia ⵎⵓⵃⴰⵎⴰⴷⵉⵢⴰ المحمدية,,
8497378302,node,Pharmacie de L'Avenue صيدلية الشارع,33.6995011,-7.3928085,Mohammedia,,
8497389430,node,La Grande Pharmacie الصيدلية الكبرى,33.6935917,-7.3919184,Mohammedia,,
8497389471,node,Pharmacie Malak صيدلية ملاك,33.6830497,-7.4002862,Mohammedia,,
8497395709,node,Pharmacie Sebta صيدلية سبتة,33.6950705,-7.38126,Mohammedia,,
8497396248,node,Pharmacie Liberté صيدلية الحرية,33.6902228,-7.3784751,Mohammédia المحمدية,,
8497398445,node,Pharmacie Karama صيدلية كرامة,33.6787339,-7.4125188,Mohammedia,,
8497400226,node,Pharmacie Chatebi صيدلية الشاطبي,31.6573724,-7.9873005,Marrakech,,
8497406730,node,Pharmacie Centrale الصيدلية المركزية,33.6781346,-7.4133686,Mohammedia,,
8497409963,node,Pharmacie Nassim صيدلية النسيم,33.678645,-7.3995468,Mohammedia,,
8497412633,node,Pharmacie Bennouna صيدلية بنونة,31.6594257,-7.9886009,Marrakech,,
8497413470,node,Pharmacie Mamar An-Nakhil صيدلية ممر النخيل,31.6614772,-7.9873945,Marrakech,,
8497426620,node,Pharmacie Aswak Assalam صيدلية أسواق السلام,33.688323,-7.4008127,Mohammedia,,
8497428761,node,Pharmacie Essaada صيدلية السعادة,33.6808914,-7.3940196,Mohammedia,,
8497450479,node,Pharmacie Alia صيدلية عالية,33.6879494,-7.3906383,MOHAMMEDIA,,
8497450480,node,Pharmacie Ibn Rochd صيدلية ابن رشد,33.6901605,-7.3873124,Mohammedia,,
8497456595,node,Pharmacie Mesk Lil صيدلية مسك الليل,33.6921925,-7.3875143,Mohammedia,,
8497456966,node,Pharmacie Ibn Nafis صيدلية ابن النفيس,33.6898614,-7.3909642,Mohammedia,,
8497487744,node,Pharmacie Anfa صيدلية أنفا,33.6945948,-7.3766587,Mohammedia,,
8497490736,node,Pharmacie Laayoune صيدلية لعيون,33.6943834,-7.3843837,Mohammédia المحمدية,,
8497508562,node,Pharmacie Chahrazad صيدلية شهرزاد,31.6558011,-7.9964695,Marrakech,,
8497536226,node,Pharmacie Des Narcisses صيدلية النرجس,31.6524346,-8.0011819,Marrakech,,
8497584564,node,Pharmacie Zahia صيدلية الزاهية,31.6417185,-8.0049964,Marrakech,,
8497655588,node,Pharmacie de L'Université صيدلية الجامعة,31.642593,-8.0071721,Marrakech,,
8497669605,node,Pharmacie Al Irfane صيدلية العرفان,31.6447784,-8.0033554,Marrakech,,
8497671003,node,Pharmacie Rouidate صيدلية الرويضات,31.6467471,-8.0045728,Marrakech,,
8497671721,node,Pharmacie Mimosa صيدلية ميموزا,31.644571,-8.0080261,Marrakech,,
8497750519,node,Pharmacie Awatif صيدلية عواطف,31.6521252,-8.0096695,Marrakech,,
8497880011,node,Pharmacie Attaiba صيدلية الطيبة,31.6501785,-8.0120876,Marrakech,,
8497901403,node,Pharmacie Sidi Ouaggag صيدلية سيدي وكاك,31.6541297,-8.0135605,Marrakech,,
8497945617,node,Pharmacie du Soleil صيدلية الشمس,31.6543072,-8.0162844,Marrakech,,
8497958221,node,Pharmacie Cadi Ayyad صيدلية القاضي عياض,31.6571624,-8.0160435,Marrakech,,
8498314010,node,Pharmacie Halima Saadia صيدلية حليمة السعدية,31.6647362,-8.0142052,Marrakech,,
8498323987,node,Pharmacie Ismailia صيدلية الإسماعيلية,31.6558106,-8.0069965,Marrakech,,
8498330244,node,Pharmacie Jawhara صيدلية جوهرة,31.6572463,-8.0129625,Marrakech,,
8498331147,node,Pharmacie Mogador صيدلية موكادور,31.6593783,-8.0087889,Marrakech,,
8498332597,node,Pharmacie Des Mines صيدلية المناجم,31.6621942,-8.0115633,Marrakech,,
8498348121,node,Pharmacie Issil صيدلية إسيل,31.6597853,-8.0114697,Marrakech,,
8498391388,node,Pharmacie Amerchich صيدلية أمرشيش,31.6587756,-8.0005419,Marrakech,,
8499645800,node,Pharmacie Zineb صيدلية زينب,31.6591664,-7.9928567,Marrakech,,
8499675797,node,Pharmacie Badr Eddaoui صيدلية بدر الضاوي,31.6604072,-7.9954581,Marrakech,,
8499716780,node,Pharmacie Maniss صيدلية منيس,31.6580404,-8.0033238,Marrakech,,
8499722064,node,Pharmacie Al Ihssane صيدلية الإحسان,31.662572,-7.993474,Marrakech,,
8499773728,node,Pharmacie Al Imam Malek صيدلية الإمام مالك,31.6597927,-8.0058819,Marrakech,,
8499829848,node,Pharmacie La Cité Universitaire صيدلية الحي الجامعي,31.6631898,-8.000884,Marrakech,,
8499852669,node,Pharmacie Illy صيدلية إلي,31.6621095,-8.0050586,Marrakech,,
8499899345,node,Pharmacie Hokok Al Insane صيدلية حقوق الإنسان,31.6650648,-7.9976081,Marrakech,,
8499925949,node,Pharmacie Al Boustane صيدلية البستان,31.6624028,-8.0075965,Marrakech,,
8500015866,node,Pharmacie Allal El Fassi صيدلية علال الفاسي,31.6650446,-8.0091853,Marrakech,,
8500024663,node,Pharmacie Lkssour صيدلية القصور,31.6668371,-8.0081249,Marrakech,,
8500041668,node,Pharmacie Al Wifak صيدلية الوفاق,31.669674,-8.0069585,Marrakech,,
8500046763,node,Pharmacie Chama صيدلية شامة,31.6678142,-8.0024993,Marrakech,,
8500549856,node,Pharmacie Hopital Mohamed VI صيدلية مستشفى محمد السادس,31.6657771,-7.9949076,Marrakech,,
8500705822,node,Pharmacie Ben Youssef صيدلية بن يوسف,31.680683,-8.0014453,Marrakech,,
8500710533,node,Pharmacie Jnane Awrad صيدلية جنان أوراد,31.659513,-8.0210779,Marrakech,,
8500757543,node,Pharmacie Marjane صيدلية مرجان,31.6682533,-8.0129073,Marrakech,,
8500762470,node,Pharmacie Plaza صيدلية بلازا,31.663987,-8.0152564,Marrakech,,
8500765292,node,Pharmacie Route Safi صيدلية طريق اًسفي,31.6634051,-8.0303925,Marrakech,,
8500772313,node,Pharmacie Acharaf صيدلية الشرف,31.6685368,-8.0227666,Marrakech,,
8500796809,node,Pharmacie Asoraya صيدلية الثريا,31.6715232,-8.0225463,Marrakech,,
8500801226,node,Pharmacie Hay Assanaoubar صيدلية حي الصنوبر,31.6675436,-8.0264905,Marrakech,,
8500818495,node,Pharmacie Benzouine صيدلية بنزوين,31.6723353,-8.0262145,Marrakech,,
8500823550,node,Pharmacie Al Yousr صيدلية اليسر,31.6718875,-8.0200907,Marrakech,,
8500856699,node,Pharmacie Dyour Marjane صيدلية ديور مرجان,31.6717789,-8.0106032,Marrakech,,
8501222170,node,Pharmacie Dar Saada صيدلية دار السعادة,31.6747173,-8.0166794,Marrakech,,
8501222396,node,Pharmacie Cité Yasmine صيدلية حي ياسمين,31.6778021,-8.0069562,Marrakech,,
8501240453,node,Pharmacie Asafar صيدلية أسفار,31.6724519,-8.0137136,Marrakech,,
8501252280,node,Pharmacie Nakhil Saada صيدلية نخيل السعادة,31.674404,-8.0104541,Marrakech,,
8501254031,node,Pharmacie Hôtel Wazo صيدلية فندق وازو,31.6763605,-8.0024149,Marrakech,,
8501314721,node,Pharmacie Nouarat Marjane صيدلية نوارة مرجان,31.6771905,-8.0118754,Marrakech,,
8501582232,node,Pharmacie Espace Santé صيدلية فضاء الصحة,31.6752438,-8.0278894,Marrakech,,
8501612350,node,Pharmacie Jnanate صيدلية جنانات,31.6711978,-8.0306147,Marrakech,,
8501613826,node,Pharmacie Al Izdihar صيدلية الإزدهار,31.6664672,-8.0316825,Marrakech,,
8503366450,node,Pharmacie Salima صيدلية سليمة,31.6781894,-8.0276134,Marrakech,,
8503374010,node,Pharmacie Bab Marrakech صيدلية باب مراكش,31.6766292,-8.024748,Marrakech,,
8503498745,node,Pharmacie Al Fadl صيدلية الفضل,31.6793796,-8.0221031,Marrakech,,
8503502429,node,Pharmacie Al Abawayn صيدلية الأبوين,31.6792942,-8.0248549,Marrakech,,
8503525160,node,Pharmacie Sraghna صيدلية سراغنة,31.6790308,-8.0145349,Marrakech,,
8503532034,node,Pharmacie Mamoune صيدلية مامون,31.6784869,-8.0176396,Marrakech,,
8503591938,node,Pharmacie Al Massar صيدلية المسار,31.6716551,-8.0402657,Marrakech,,
8503613176,node,Pharmacie Marché de Gros صيدلية سوق الجملة,31.6759935,-8.0332853,Marrakech,,
8503863310,node,Pharmacie Rayyane صيدلية الريان,31.6744997,-8.0402437,Marrakech,,
8503865694,node,Pharmacie Nazik صيدلية نازك,31.6766629,-8.0416173,Marrakech,,
8503883048,node,Pharmacie Majda صيدلية ماجدة,31.6797795,-8.0463029,Marrakech,,
8504507984,node,Pharmacie Al Yakout صيدلية الياقوت,33.755505,-7.1545015,Bouznika,,
8504530723,node,Pharmacie Les Résidences صيدلية الإقامات,33.7630302,-7.1527862,Bouznika,,
8504583674,node,Pharmacie El Woroud صيدلية الورود,33.7675958,-7.1597246,Bouznika,,
8504603416,node,Pharmacie Al Amine Taha صيدلية الأمين طه,33.7659262,-7.1564806,Bouznika,,
8504610256,node,Pharmacie Azir صيدلية أزير,33.7647253,-7.1595745,Bouznika,,
8504633821,node,Pharmacie Oulaya صيدلية عليا,33.768089,-7.1596123,Bouznika,,
8504636199,node,Pharmacie El Mahjoubi صيدلية المحجوبي,33.7688263,-7.1561337,Bouznika,,
8504700964,node,Pharmacie Reghay صيدلية الرغاي,33.7695007,-7.1641229,Bouznika,,
8504708318,node,Pharmacie Altruisme صيدلية الإيثار,33.7703374,-7.1620169,Bouznika,,
8504730909,node,Pharmacie Tazi صيدلية التازي,33.7800423,-7.1623527,Bouznika ⴱⵓⵣⵏⵉⵇⴰ بوزنيقة,,
8504782796,node,Pharmacie Bismillah صيدلية بسم الله,33.7747602,-7.1572593,Bouznika,,
8504786107,node,Pharmacie Rajae صيدلية رجاء,33.7785396,-7.1605219,Bouznika ⴱⵓⵣⵏⵉⵇⴰ بوزنيقة,,
8504801354,node,Pharmacie Nabil صيدلية نبيل,33.7806924,-7.1607103,Bouznika ⴱⵓⵣⵏⵉⵇⴰ بوزنيقة,,
8504806410,node,Pharmacie El Houda صيدلية الهدى,33.781277,-7.162347,Bouznika ⴱⵓⵣⵏⵉⵇⴰ بوزنيقة,,
8505016579,node,Pharmacie J.Amina صيدلية أمينة,33.7716583,-7.1582998,Bouznika,,
8505064579,node,Pharmacie Hay Othmane صيدلية حي عثمان,33.7842311,-7.1613119,Bouznika ⴱⵓⵣⵏⵉⵇⴰ بوزنيقة,,
8505072317,node,Pharmacie Pikmar صيدلية بيكمار,33.7822565,-7.1594356,Bouznika ⴱⵓⵣⵏⵉⵇⴰ بوزنيقة,,
8505072368,node,Pharmacie Al Amal صيدلية الأمل,33.7824116,-7.1577698,Bouznika ⴱⵓⵣⵏⵉⵇⴰ بوزنيقة,,
8505089023,node,Pharmacie Ibn Rochd صيدلية ابن رشد,33.7838703,-7.1579086,Bouznika ⴱⵓⵣⵏⵉⵇⴰ بوزنيقة,,
8505101652,node,Pharmacie Les Urgences صيدلية المستعجلات,33.7833023,-7.1547598,Bouznika ⴱⵓⵣⵏⵉⵇⴰ بوزنيقة,,
8505118393,node,Pharmacie La Paix صيدلية السلام,33.7853647,-7.1624486,Bouznika ⴱⵓⵣⵏⵉⵇⴰ بوزنيقة,,
8505135435,node,Pharmacie Salim صيدلية سليم,33.7849448,-7.1638278,Bouznika,,
8505155401,node,Pharmacie La Famille صيدلية العائلة,33.7867907,-7.1640467,Bouznika ⴱⵓⵣⵏⵉⵇⴰ بوزنيقة,,
8505170491,node,Pharmacie La Santé صيدلية الصحة,33.7886386,-7.1598499,Bouznika ⴱⵓⵣⵏⵉⵇⴰ بوزنيقة,,
8505196116,node,Pharmacie Centrale الصيدلية المركزية,33.7897781,-7.1585961,Bouznika ⴱⵓⵣⵏⵉⵇⴰ بوزنيقة,,
8505209795,node,Pharmacie Bir Anzarane صيدلية بئر أنزران,33.7859603,-7.158128,Bouznika ⴱⵓⵣⵏⵉⵇⴰ بوزنيقة,,
8505236138,node,Pharmacie Bouznika صيدلية بوزنيقة,33.7890289,-7.1583977,Bouznika ⴱⵓⵣⵏⵉⵇⴰ بوزنيقة,,
8505243639,node,Pharmacie Harim صيدلية حريم,33.7894313,-7.1594143,Bouznika ⴱⵓⵣⵏⵉⵇⴰ بوزنيقة,,
8505263369,node,Pharmacie Tafilalt صيدلية تافيلالت,33.7902348,-7.1573641,Bouznika ⴱⵓⵣⵏⵉⵇⴰ بوزنيقة,,
8516887312,node,Pharmacie Shems Bouznika صيدلية شمس بوزنيقة,33.7921863,-7.1632873,Bouznika,,
8517055712,node,Pharmacie la Perle d'Eddoha صيدلية جوهرة الضحى,33.8050654,-7.1547337,Bouznika ⴱⵓⵣⵏⵉⵇⴰ بوزنيقة,,
8517413507,node,Pharmacie Kasbah صيدلية القصبة,33.8093338,-7.1569282,Bouznika ⴱⵓⵣⵏⵉⵇⴰ بوزنيقة,,
8517815115,node,Pharmacie Oued Eddahab صيدلية واد الذهب,33.787732,-7.1580129,Bouznika ⴱⵓⵣⵏⵉⵇⴰ بوزنيقة,,
8517951581,node,Pharmacie Najmi صيدلية نجمي,33.7786898,-7.1583733,Bouznika ⴱⵓⵣⵏⵉⵇⴰ بوزنيقة,,
8518023703,node,Pharmacie Nour El Houda صيدلية نور الهدى,33.2723892,-7.2292949,El Gara ⵍⴳⴰⵕⴰ الكارة,,
8518105539,node,Pharmacie De l'Hopital صيدلية المستشفى,33.2811345,-7.2389013,El Gara ⵍⴳⴰⵕⴰ الكارة,,
8518289342,node,Pharmacie Youssef صيدلية يوسف,33.5424012,-7.479469,Tit Mellil تيط مليل,,
8518353023,node,Pharmacie Hay Alia صيدلية حي علياء,33.5445419,-7.4870704,Tit Mellil,,
8518414895,node,Pharmacie Le Jasmin صيدلية الياسمين,33.5450802,-7.4822458,Tit Mellil تيط مليل,,
8518420986,node,Pharmacie Bouchama صيدلية بوشامة,33.5488153,-7.4817686,Tit Mellil تيط مليل,,
8518446482,node,Pharmacie Alliance صيدلية أليانس,33.549637,-7.4872239,Tit Mellil تيط مليل,,
8518446483,node,Pharmacie Bakri صيدلية بكري,33.5500583,-7.4837862,Tit Mellil ⵜⵉⵟ ⵎⵍⵉⵍ تيط مليل,,
8518493453,node,Pharmacie Zine Essalam صيدلية زين السلام,33.5528826,-7.4751169,Tit Mellil تيط مليل,,
8518569659,node,Pharmacie Jnane Essafia صيدلية جنان الصافية,33.5560088,-7.4724584,Tit Mellil تيط مليل,,
8518573790,node,Pharmacie Messaoudi صيدلية المسعودي,33.5447985,-7.4653683,Tit Mellil تيط مليل,,
8518574931,node,Pharmacie La Permanence صيدلية الدوام,33.5480164,-7.4570364,Tit Mellil,,
8518600698,node,Pharmacie Souk Sebt صيدلية سوق السبت,33.5549773,-7.4802272,Tit Mellil تيط مليل,,
8518601494,node,Pharmacie Shems El Madina صيدلية شمس المدينة,33.5515188,-7.4639495,Tit Mellil تيط مليل,,
8520662584,node,Pharmacie Sami صيدلية سامي,33.5621879,-7.4846857,Tit Mellil تيط مليل,,
8520780374,node,Pharmacie Riad Echallalate صيدلية رياض الشلالات,33.6188064,-7.4457767,Ain Harrouda عين حرودة,,
8520816461,node,Pharmacie Hay Riad صيدلية حي الرياض,33.620225,-7.4486547,Ain Harrouda عين حرودة,,
8520959736,node,Pharmacie Solb صيدلية الصلب,33.6275418,-7.4399033,Ain Harrouda عين حرودة,,
8520974375,node,Pharmacie Zaitoune صيدلية الزيتون,33.6271798,-7.4362403,Ain Harrouda عين حرودة,,
8521003227,node,Pharmacie Dr.Salah صيدلية د.صلاح,33.6339743,-7.4208001,Ain Harrouda عين حرودة,,
8521011345,node,Pharmacie Omar Al Farouk صيدلية عمر الفاروق,33.6510104,-7.414294,Ain Harrouda عين حرودة,,
8521024284,node,Pharmacie Zenata صيدلية زناتة,33.6339426,-7.4500004,Ain Harrouda ⵄⵉⵏ ⵃⴰⵔⵓⴷⴰ عين حرودة,,
8521046199,node,Pharmacie Siècle صيدلية القرن,33.6332131,-7.4581042,Ain Harrouda,,
8521077220,node,Pharmacie El Ezz صيدلية العز,33.6317087,-7.4563667,Ain Harrouda,,
8521286417,node,Pharmacie Ibnou Sahl صيدلية ابن السهل,33.6360838,-7.4469982,Ain Harrouda,,
8521287612,node,Pharmacie El Moustawsaf صيدلية المستوصف,33.638738,-7.4482679,Ain Harrouda,,
8521315809,node,Pharmacie Zahra صيدلية زهرة,33.6362342,-7.4505974,Ain Harrouda ⵄⵉⵏ ⵃⴰⵔⵓⴷⴰ عين حرودة,,
8521339816,node,Pharmacie Aït Taleb صيدلية أيت الطالب,33.6362382,-7.4531351,Ain Harrouda ⵄⵉⵏ ⵃⴰⵔⵓⴷⴰ عين حرودة,,
8521346288,node,Pharmacie Zaynab صيدلية زينب,33.6372947,-7.4601645,Ain Harrouda,,
8521423756,node,Pharmacie Ain Harrouda صيدلية عين حرودة,33.6405941,-7.4509547,Ain Harrouda,,
8521423835,node,Pharmacie Rim صيدلية ريم,33.638872,-7.4525694,Ain Harrouda,,
8521425159,node,Pharmacie Moustaid صيدلية مستعيد,33.6389782,-7.4551621,Ain Harrouda,,
8521668669,node,Pharmacie Amal Soussi صيدلية أمل السوسي,33.6618355,-7.4377611,Ain Harrouda عين حرودة,,
8521677597,node,Pharmacie Al Madina صيدلية المدينة,33.6643582,-7.4403059,Ain Harrouda عين حرودة,,
8521708641,node,Pharmacie Km 15 صيدلية كلم,33.6330076,-7.4705889,Ain Harrouda,,
8524400888,node,Pharmacie Ibn Rochd صيدلية ابن رشد,32.6520649,-8.4266892,Sidi Bennour ⵙⵉⴷⵉ ⴱⵏⵏⵓⵕ سيدي بنور,,
8524614198,node,Pharmacie Al Okhowa صيدلية الأخوة,33.5826041,-7.1155172,Benslimane,,
8524665485,node,Pharmacie Zineb صيدلية زينب,33.6004553,-7.1117675,Benslimane بن سليمان,,
8524669204,node,Grande Pharmacie L'Oisis الصيدلية الكبرى الواحة,33.5887353,-7.1333596,Benslimane بن سليمان,,
8524673256,node,Pharmacie Najmat Benslimane صيدلية نجمة بنسليمان,33.5855303,-7.1178485,Benslimane,,
8524747142,node,Pharmacie Sofia صيدلية صوفيا,33.6032742,-7.1104495,Benslimane,,
8524759856,node,Pharmacie Benslimane صيدلية بن سليمان,33.6125822,-7.1206078,Benslimane,,
8524761210,node,Pharmacie Santé صيدلية الصحة,33.6159576,-7.1207835,Benslimane ابن سليمان,,
8524762021,node,Pharmacie Armées Royales صيدلية الجيش الملكي,33.6109041,-7.1238974,Benslimane,,
8524766851,node,Pharmacie Mouna صيدلية منى,33.61269,-7.1230143,Benslimane,,
8524787342,node,Pharmacie Annassim صيدلية النسيم,33.6114889,-7.127448,Benslimane,,
8524798705,node,Pharmacie Arroud صيدلية الروض,33.619451,-7.1324292,Benslimane,,
8524799310,node,Pharmacie Centre صيدلية المركز,33.6198641,-7.1248628,Benslimane ابن سليمان,,
8524799714,node,Pharmacie Souk صيدلية السوق,33.6225775,-7.1215709,Benslimane ابن سليمان,,
8524812968,node,Pharmacie Al Qods صيدلية القدس,33.6169588,-7.1189464,Benslimane ابن سليمان,,
8524815537,node,Pharmacie La Gare صيدلية المحطة,33.6184466,-7.1216656,Benslimane,,
8524820125,node,Pharmacie Al Azhar صيدلية الأزهر,33.6154149,-7.1180306,Benslimane,,
8524830833,node,Pharmacie Chadi صيدلية شادي,33.6135216,-7.1204233,Benslimane,,
8524833052,node,Pharmacie Hassan 2 صيدلية حسن,33.6206904,-7.1269987,Benslimane ⴱⴰⵏⵙⵍⵉⵎⴰⵏ بن سليمان,,
8524834180,node,Pharmacie Résistance صيدلية المقاومة,33.6237968,-7.1297179,Benslimane,,
8524834211,node,Pharmacie Al Ossra صيدلية الأسرة,33.6249524,-7.124513,Benslimane ابن سليمان,,
8524840228,node,Pharmacie Hay Karim صيدلية حي كريم,33.6260752,-7.131648,Benslimane ابن سليمان,,
8524840386,node,Pharmacie Chaouia صيدلية الشاوية,33.6158093,-7.1159318,Benslimane,,
8524844283,node,Pharmacie Jorio صيدلية جوريو,33.627792,-7.1324121,Benslimane,,
8524847338,node,Pharmacie Oum Kasser صيدلية أم قصر,33.6221266,-7.1249762,Benslimane ⴱⴰⵏⵙⵍⵉⵎⴰⵏ ابن سليمان,,
8524850475,node,Pharmacie Al Farah صيدلية الفرح,33.6252097,-7.1263895,Benslimane ابن سليمان,,
8524857032,node,Pharmacie Aziz صيدلية عزيز,33.6140461,-7.1216137,Benslimane,,
8524865551,node,Pharmacie Omar صيدلية عمر,33.6258272,-7.1357043,Benslimane ابن سليمان,,
8524865552,node,Pharmacie Mosquée Al Fath صيدلية مسجد الفتح,33.6243679,-7.1368001,Benslimane ابن سليمان,,
8524865553,node,Pharmacie Al Joulane صيدلية الجولان,33.6219155,-7.1295234,Benslimane,,
8524873830,node,Pharmacie Ibtissame صيدلية ابتسام,33.6179714,-7.1250688,Benslimane ابن سليمان,,
8525030446,node,Pharmacie Nouvelle الصيدلية الجديدة,33.2674314,-7.5861934,Berrechid,,
8528469311,node,Pharmacie de la Gare صيدلية المحطة,32.9985279,-7.6160557,Settat ⵥⵟⵟⴰⵟ سطات,,
8528898739,node,Pharmacie Legunanet صيدلية لكنانط,33.0079374,-7.6142417,Settat,,
8529287911,node,Pharmacie Al Fath Essaoudi صيدلية الفتح السعودي,33.444158,-5.2281667,Azrou ⴰⵣⵔⵓ أزرو,,
8529344270,node,Pharmacie Oum Rayan صيدلية أم ريان,33.4423969,-5.2354294,Azrou ⴰⵣⵔⵓ أزرو,,
8531843710,node,Pharmacie Bowling صيدلية البولينغ,33.5290447,-5.1099345,Ifrane إفران,,
8531903333,node,Pharmacie Oulmès صيدلية ولماس,33.4236037,-6.0039761,Oulmès ⵡⴰⵍⵎⴰⵙ ولماس,,
8532120360,node,Pharmacie Al Bachir صيدلية البشير,33.7020048,-7.3982737,Mohammédia المحمدية,,
8532156937,node,Pharmacie Al Fath صيدلية الفتح,33.6819076,-7.3912556,Mohammédia المحمدية,,
8532172629,node,Pharmacie Al Majd صيدلية المجد,33.6858915,-7.3827021,Mohammedia,,
8532190289,node,Pharmacie Al Mouna صيدلية المنى,33.6902091,-7.384695,Mohammedia,,
8532190922,node,Pharmacie Riad صيدلية الرياض,33.688186,-7.3843147,Mohammedia,,
8532746248,node,Pharmacie Assounah صيدلية السنة,33.681629,-7.3883894,Mohammédia المحمدية,,
8532782541,node,Pharmacie Atlantic صيدلية أطلنتيك,33.7254476,-7.334962,Mohammedia,,
8533558830,node,Pharmacie Ibn Yassine صيدلية ابن ياسين,33.7005866,-7.3881139,Mohammedia,,
8536809158,node,Pharmacie Mekka صيدلية مكة,33.6915786,-7.3827277,Mohammedia,,
8536905428,node,Pharmacie Palestine صيدلية فلسطين,33.6898042,-7.3808236,Mohammédia المحمدية,,
8538769168,node,Pharmacie du Port صيدلية الميناء,33.7083916,-7.3999213,Mohammedia,,
8538822111,node,Pharmacie de la Kasbah صيدلية القصبة,33.6987758,-7.3895011,Mohammedia,,
8538975093,node,Pharmacie du Maghreb صيدلية المغرب,33.7007884,-7.3910276,Mohammedia,,
8539270173,node,Pharmacie les Sablettes صيدلية سابليت,33.7148346,-7.3430323,Mohammédia المحمدية,,
8539350069,node,Pharmacie Les Crêtes صيدلية القمم,33.6884075,-7.395669,Mohammédia المحمدية,,
8557107103,node,Pharmacie Al Qods صيدلية القدس,32.615645,-8.7035885,Zemamra زمامرة,,
8557228254,node,Pharmacie Essabil صيدلية السبيل,32.6188104,-8.7081784,Zemamra زمامرة,,
8560231607,node,Pharmacie Skalli صيدلية صقلي,34.0034755,-6.5325903,Sidi Allal El Bahraoui ⵙⵉⴷⵉ ⵄⵍⵍⴰⵍ ⴰⴱⵃⵔⴰⵡⵉ سيدي علال البحراوي,,
8560239439,node,Pharmacie Jnane Sidi Allal Behroui صيدلية جنان سيدي علال البحراوي,33.9937402,-6.5301334,Sidi Allal El Bahraoui ⵙⵉⴷⵉ ⵄⵍⵍⴰⵍ ⴰⴱⵃⵔⴰⵡⵉ سيدي علال البحراوي,,
8560240662,node,Pharmacie Ennajm Al Behri صيدلية النجم البحري,33.9991394,-6.5212553,Sidi Allal El Bahraoui ⵙⵉⴷⵉ ⵄⵍⵍⴰⵍ ⴰⴱⵃⵔⴰⵡⵉ سيدي علال البحراوي,,
8560264941,node,Pharmacie Machaa Allah صيدلية ما شاء الله,34.0035155,-6.5280842,Sidi Allal El Bahraoui ⵙⵉⴷⵉ ⵄⵍⵍⴰⵍ ⴰⴱⵃⵔⴰⵡⵉ سيدي علال البحراوي,,
8560706170,node,Pharmacie Jnane Maamoura صيدلية جنان معمورة,34.010933,-6.52103,Sidi Allal El Bahraoui ⵙⵉⴷⵉ ⵄⵍⵍⴰⵍ ⴰⴱⵃⵔⴰⵡⵉ سيدي علال البحراوي,,
8560708861,node,Pharmacie Centrale الصيدلية المركزية,34.0046273,-6.528449,Sidi Allal El Bahraoui ⵙⵉⴷⵉ ⵄⵍⵍⴰⵍ ⴰⴱⵃⵔⴰⵡⵉ سيدي علال البحراوي,,
8560732210,node,Pharmacie Rbah صيدلية رباح,34.0069664,-6.5237551,Sidi Allal Behraoui,,
8560732270,node,Pharmacie Niamat Chifaa صيدلية نعمة الشفاء,34.0126716,-6.5271723,Sidi Allal El Bahraoui ⵙⵉⴷⵉ ⵄⵍⵍⴰⵍ ⴰⴱⵃⵔⴰⵡⵉ سيدي علال البحراوي,,
8560741649,node,Pharmacie El Manzeh صيدلية المنزه,34.0101681,-6.5254503,Sidi Allal El Bahraoui ⵙⵉⴷⵉ ⵄⵍⵍⴰⵍ ⴰⴱⵃⵔⴰⵡⵉ سيدي علال البحراوي,,
8560758026,node,Pharmacie Al Massira صيدلية المسيرة,34.0058057,-6.5292859,Sidi Allal El Bahraoui ⵙⵉⴷⵉ ⵄⵍⵍⴰⵍ ⴰⴱⵃⵔⴰⵡⵉ سيدي علال البحراوي,,
8560762329,node,Pharmacie Moumen صيدلية مومن,34.0130496,-6.5236049,Sidi Allal El Bahraoui ⵙⵉⴷⵉ ⵄⵍⵍⴰⵍ ⴰⴱⵃⵔⴰⵡⵉ سيدي علال البحراوي,,
8560776803,node,Pharmacie Avicenne صيدلية ابن سينا,34.0065439,-6.5358197,Sidi Allal El Bahraoui ⵙⵉⴷⵉ ⵄⵍⵍⴰⵍ ⴰⴱⵃⵔⴰⵡⵉ سيدي علال البحراوي,,
8560781628,node,Pharmacie Nada صيدلية نادا,34.0086429,-6.5325957,Sidi Allal El Bahraoui ⵙⵉⴷⵉ ⵄⵍⵍⴰⵍ ⴰⴱⵃⵔⴰⵡⵉ سيدي علال البحراوي,,
8560782397,node,Pharmacie Belmouna صيدلية بلمونا,34.0100837,-6.529774,Sidi Allal El Bahraoui ⵙⵉⴷⵉ ⵄⵍⵍⴰⵍ ⴰⴱⵃⵔⴰⵡⵉ سيدي علال البحراوي,,
8560784561,node,Pharmacie Oum Rabia صيدلية أم الربيع,32.6212091,-8.7048791,Zemamra زمامرة,,
8560799249,node,Pharmacie Chibh Al Jazeera صيدلية شبه الجزيرة,34.0109775,-6.5387648,Sidi Allal El Bahraoui ⵙⵉⴷⵉ ⵄⵍⵍⴰⵍ ⴰⴱⵃⵔⴰⵡⵉ سيدي علال البحراوي,,
8560823976,node,Pharmacie Nabih صيدلية نبيه,32.6212718,-8.705665,Zemamra زمامرة,,
8560848931,node,Pharmacie Farabi صيدلية الفرابي,32.6269606,-8.7010874,Zemamra زمامرة,,
8560874695,node,Pharmacie Moufid صيدلية مفيد,32.625954,-8.7030043,Zemamra زمامرة,,
8560990745,node,Pharmacie Al Assima صيدلية العاصمة,32.625232,-8.7009217,Zemamra زمامرة,,
8561004058,node,Pharmacie Youssef صيدلية يوسف,32.6235719,-8.7065779,Zemamra زمامرة,,
8561035327,node,Pharmacie Zmamra صيدلية زمامرة,32.6246273,-8.7074898,Zemamra زمامرة,,
8561066208,node,Pharmacie Chabab صيدلية الشباب,32.6237998,-8.6995026,Zemamra زمامرة,,
8561073003,node,Pharmacie Principale الصيدلية الرئيسية,32.6226898,-8.704467,Khemis Zmamra ⵣⵎⴰⵎⵔⴰ زمامرة,,
8563155170,node,Pharmacie Ouled Cherifa صيدلية أولاد شريفة,33.8875255,-6.3102405,Tiflet ⵜⵉⴼⴼⵍⵜ تيفلت,,
8563180684,node,Pharmacie Nicolas صيدلية نيكولا,33.8876056,-6.3183354,Tifelt,,
8563182535,node,Pharmacie Hay El Jadid صيدلية حي الجديد,33.8832414,-6.3166027,Tiflet ⵜⵉⴼⴼⵍⵜ تيفلت,,
8563197328,node,Pharmacie Hamidi صيدلية حميدي,33.8859134,-6.3152187,Tiflet ⵜⵉⴼⴼⵍⵜ تيفلت,,
8563208553,node,Pharmacie Prestige صيدلية بريستيج,33.8895383,-6.3105034,Tifelt,,
8563218950,node,Pharmacie Laadir صيدلية لعادير,33.8900949,-6.3127457,Tifelt,,
8563219141,node,Pharmacie Oued Eddahab صيدلية واد الذهب,33.8880777,-6.3153153,Tifelt,,
8563220832,node,Pharmacie Abdelkrim El Khattabi صيدلية عبد الكريم الخطابي,33.8885631,-6.3244241,Tiflet ⵜⵉⴼⴼⵍⵜ تيفلت,,
8563228484,node,Pharmacie Riad صيدلية رياض,33.8896496,-6.320669,Tiflet ⵜⵉⴼⴼⵍⵜ تيفلت,,
8563229098,node,Pharmacie Al Boustane صيدلية البستان,33.8854681,-6.3292145,Tiflet ⵜⵉⴼⴼⵍⵜ تيفلت,,
8563238548,node,Pharmacie Nabouia صيدلية نبوية,33.8892221,-6.3298421,Tiflet ⵜⵉⴼⴼⵍⵜ تيفلت,,
8563247680,node,Pharmacie Intilak صيدلية الانطلاق,33.8931051,-6.3301425,Tiflet ⵜⵉⴼⴼⵍⵜ تيفلت,,
8563257179,node,Pharmacie El Louani صيدلية اللواني,33.8919429,-6.3229006,Tiflet ⵜⵉⴼⴼⵍⵜ تيفلت,,
8563262273,node,Pharmacie El Aissi صيدلية العايسي,33.8927623,-6.3181531,Tiflet ⵜⵉⴼⴼⵍⵜ تيفلت,,
8563263847,node,Pharmacie Grande Mosquée صيدلية المسجد الكبير,33.8926064,-6.3110398,Tiflet,,
8563266266,node,Pharmacie Nahda صيدلية النهضة,33.8928736,-6.3160395,Tiflet ⵜⵉⴼⴼⵍⵜ تيفلت,,
8563268508,node,Pharmacie Hay Al Amal صيدلية حي الأمل,33.890892,-6.3107823,Tiflet,,
8563277762,node,Pharmacie Al Aqsa صيدلية الأقصى,33.8967876,-6.3180297,Tiflet ⵜⵉⴼⴼⵍⵜ تيفلت,,
8563283927,node,Pharmacie Centre Tiflet صيدلية مركز تيفلت,33.8929715,-6.3086956,Tiflet,,
8563288391,node,Pharmacie Issraa صيدلية اسراء,33.8959505,-6.3078856,Tiflet,,
8563293646,node,Pharmacie Arrachad صيدلية الرشاد,33.8989783,-6.3156049,Tiflet,,
8563293647,node,Pharmacie El Khiryia صيدلية الخيرية,33.8955319,-6.3121717,Tiflet,,
8563293652,node,Pharmacie El Farah صيدلية الفرح,33.8941649,-6.3149237,Tiflet ⵜⵉⴼⴼⵍⵜ تيفلت,,
8563305724,node,Pharmacie Tiflet صيدلية تيفلت,33.8934658,-6.3128155,Tiflet,,
8563326410,node,Pharmacie Ibn Nafiss صيدلية ابن النفيس,33.8951312,-6.3306736,Tiflet,,
8563327327,node,Pharmacie Al Qutbeen صيدلية الكتبيين,33.898346,-6.3180297,Tiflet ⵜⵉⴼⴼⵍⵜ تيفلت,,
8563335952,node,Pharmacie Walili صيدلية وليلي,33.8962176,-6.3271599,Tiflet,,
8563337396,node,Pharmacie Larbi صيدلية لعربي,33.8986176,-6.3326745,Tiflet,,
8563340937,node,Pharmacie Nour صيدلية نور,33.8967164,-6.329134,Tiflet,,
8563343183,node,Pharmacie Dalia صيدلية دالية,33.8956076,-6.3364404,Tiflet,,
8563356446,node,Pharmacie Pastor صيدلية باستور,33.9000469,-6.3292306,Tiflet ⵜⵉⴼⴼⵍⵜ تيفلت,,
8563358364,node,Pharmacie Hajji صيدلية حجي,33.898582,-6.3400399,Tiflet,,
8563364963,node,Pharmacie Al Felline صيدلية الفلين,33.9035287,-6.3353138,Tiflet,,
8563365035,node,Pharmacie Al Khalil صيدلية الخليل,33.9016097,-6.3395839,Tiflet,,
8566457906,node,Pharmacie Limoges صيدلية ليموج,33.8192074,-6.0821074,Khémisset,,
8566459869,node,Pharmacie Hay Assaada صيدلية حي السعادة,33.8134503,-6.0643894,Khémisset,,
8566504266,node,Pharmacie Al Mansour صيدلية المنصور,33.8225174,-6.0847575,Khémisset,,
8566504277,node,Pharmacie Haykal صيدلية هيكل,33.8338388,-6.0846039,Khémisset,,
8566504279,node,Pharmacie Mohamed Zerktouni صيدلية محمد الزرقطوني,33.8348037,-6.0781568,Khémisset,,
8566507267,node,Pharmacie Kadi Ayyad صيدلية القاضي عياض,33.8113394,-6.0751378,Khémisset,,
8566511761,node,Pharmacie Assafar صيدلية السفر,33.8149238,-6.0576133,Khémisset,,
8566521388,node,Pharmacie Al Masjid Al Kadim صيدلية المسجد القديم,33.8240073,-6.0691628,KHEMISSET,,
8566521475,node,Pharmacie Annasr صيدلية النصر,33.834177,-6.0656779,Khémisset,,
8566522791,node,Pharmacie Assalam صيدلية السلام,33.8272186,-6.0674074,KHEMISSET,,
8566523855,node,Pharmacie Khémisset صيدلية الخميسات,33.823884,-6.0665943,KHEMISSET,,
8566525729,node,Pharmacie Khalid صيدلية خالد,33.8107817,-6.0720853,Khémisset,,
8566528168,node,Pharmacie Belmiloudi صيدلية بلميلودي,33.8070063,-6.0887899,Khémisset,,
8566528277,node,Pharmacie El Hanae صيدلية الهناء,33.8202275,-6.06309,Khémisset,,
8566533778,node,Pharmacie Hakamat صيدلية حكمات,33.8304728,-6.0596374,Khémisset,,
8566535650,node,Pharmacie Al Firdaouss صيدلية الفردوس,33.8295721,-6.0675107,Khémisset,,
8566536134,node,Pharmacie Lotissement Rahali صيدلية تجزئة رحالي,33.808768,-6.0825582,Khémisset,,
8566540527,node,Pharmacie Clinique صيدلية المصحة,33.8313359,-6.0630706,Khémisset,,
8566540532,node,Pharmacie Carrefour صيدلية كارفور,33.826625,-6.0913791,Khémisset,,
8566542975,node,Pharmacie Arrachad صيدلية الرشاد,33.8259218,-6.0750514,Khémisset,,
8566543022,node,Pharmacie Marhaba صيدلية مرحبا,33.8258355,-6.0658392,KHEMISSET,,
8566545840,node,Pharmacie Ait Ben Moussa صيدلية أيت بن موسى,33.8169773,-6.0864957,Khémisset,,
8566554224,node,Pharmacie Ibn Al Baitar صيدلية ابن البيطار,33.8102994,-6.0784088,Khémisset,,
8566554332,node,Pharmacie Zone Industrielle صيدلية المنطقة الصناعية,33.8209947,-6.0784847,Khémisset,,
8566555854,node,Pharmacie Assafar صيدلية السفر,33.8252355,-6.0866613,Khémisset,,
8566556024,node,Pharmacie Jihan صيدلية جهان,33.8133758,-6.09041,Khémisset,,
8566556229,node,Pharmacie Al Karama صيدلية الكرامة,33.8355917,-6.0701351,Khémisset,,
8566559124,node,Pharmacie Al Wafae صيدلية الوفاء,33.8260397,-6.0779813,Khémisset,,
8566564013,node,Pharmacie Bellamine صيدلية بلامين,33.8364824,-6.0738683,Khémisset,,
8566564014,node,Pharmacie Nezha صيدلية نزهة,33.8394528,-6.0701329,KHEMISSET,,
8566565220,node,Pharmacie Taibi صيدلية طيبي,33.8321283,-6.0884426,Khémisset ⵅⴻⵎⵉⵙⵙⴻⵜ الخميسات,,
8566565647,node,Pharmacie Masjid Al Yamane صيدلية مسجد اليمن,33.8310881,-6.0716682,Khémisset ⵅⴻⵎⵉⵙⵙⴻⵜ الخميسات,,
8566573282,node,Pharmacie Mimouza صيدلية ميموزا,33.8276966,-6.0836815,Khémisset,,
8566577477,node,Pharmacie Chana صيدلية شانة,33.8326165,-6.0755238,Khémisset,,
8566578018,node,Pharmacie Taddart صيدلية تدارت,33.8307575,-6.0977702,Khémisset,,
8566582148,node,Pharmacie Arrayhane صيدلية الريحان,33.830594,-6.0832433,Khémisset,,
8566582690,node,Pharmacie Najah صيدلية نجاح,33.8336833,-6.0690831,Khémisset,,
8566585577,node,Pharmacie Imam Malik صيدلية امام مالك,33.8334742,-6.0812674,Khémisset,,
8566586041,node,Pharmacie Al Mostakbal صيدلية المستقبل,33.8299083,-6.0775527,Khémisset,,
8566586295,node,Pharmacie Hourri صيدلية حوري,33.8316033,-6.0681409,Khémisset,,
8566594292,node,Pharmacie Sahara صيدلية الصحراء,33.8301666,-6.072581,Khémisset ⵅⴻⵎⵉⵙⵙⴻⵜ الخميسات,,
8566595071,node,Pharmacie Maamoura صيدلية معمورة,33.8341175,-6.0714645,Khémisset,,
8566604323,node,Pharmacie Chateau صيدلية الشاطو,33.8378438,-6.0797827,Khémisset,,
8566628762,node,Pharmacie Belhassan Louazzani صيدلية بلحسن الوزاني,33.8371416,-6.0877399,Khémisset,,
8566660752,node,Pharmacie Al Warda صيدلية الوردة,33.8367717,-6.0828611,Khémisset,,
8566691119,node,Pharmacie L'Hôpital صيدلية المستشفى,33.8438073,-6.0660822,Khémisset,,
8567824707,node,Pharmacie Boutayna صيدلية بثينة,33.5972429,-7.1142164,Benslimane,,
8568571714,node,Pharmacie Hay Annasr صيدلية حي النصر,33.7970987,-6.8041633,Ain El Aouda ⵄⵉⵏ ⵄⵡⴷⴰ عين العودة,,
8568611309,node,Pharmacie Souk صيدلية السوق,33.7949159,-6.8013431,Ain El Aouda ⵄⵉⵏ ⵄⵡⴷⴰ عين العودة,,
8568611310,node,Pharmacie Nadine صيدلية نادين,33.7991956,-6.7924179,Ain El Aouda,,
8568612816,node,Pharmacie Firdaous صيدلية فردوس,33.7941705,-6.8091067,Ain El Aouda ⵄⵉⵏ ⵄⵡⴷⴰ عين العودة,,
8568639207,node,Pharmacie Phenix صيدلية فينكس,33.7871423,-6.7919483,Ain El Aouda ⵄⵉⵏ ⵄⵡⴷⴰ عين العودة,,
8568645160,node,Pharmacie Wadi Laymoun صيدلية واد الليمون,33.792023,-6.7949233,Ain El Aouda ⵄⵉⵏ ⵄⵡⴷⴰ عين العودة,,
8568650851,node,Pharmacie Musalla صيدلية مصلى,33.7905159,-6.7979113,Ain El Aouda,,
8568658245,node,Pharmacie Riad Al Kheir صيدلية رياض الخير,33.8054178,-6.8097714,Ain El Aouda ⵄⵉⵏ ⵄⵡⴷⴰ عين العودة,,
8568660296,node,Pharmacie Mohamed Ghali صيدلية محمد غالي,33.7992385,-6.795735,Ain El Aouda,,
8568665178,node,Pharmacie Azzahrae صيدلية الزهراء,33.804855,-6.7983072,Ain El Aouda,,
8568665417,node,Pharmacie Karim صيدلية كريم,33.797694,-6.8012979,Ain El Aouda,,
8568666298,node,Pharmacie Hafsa صيدلية حفصى,33.7985681,-6.8076288,Ain El Aouda,,
8568667425,node,Pharmacie Ain Aouda صيدلية عين عودة,33.8034268,-6.7900107,Ain El Aouda,,
8568670814,node,Pharmacie Assanabil صيدلية السنابل,33.8012817,-6.8053378,Ain El Aouda,,
8568670815,node,Pharmacie Al Amal صيدلية الأمل,33.8026438,-6.794128,Ain El Aouda ⵄⵉⵏ ⵄⵡⴷⴰ عين العودة,,
8568674489,node,Pharmacie Al Hayat صيدلية الحياة,33.8032234,-6.7803525,Ain El Aouda ⵄⵉⵏ ⵄⵡⴷⴰ عين العودة,,
8568676555,node,Pharmacie Addoha صيدلية الضحى,33.8020546,-6.7973193,Ain El Aouda,,
8568676690,node,Pharmacie Les Parents صيدلية الوالدين,33.8050299,-6.7869474,Ain El Aouda,,
8568680875,node,Pharmacie Chiguer صيدلية شيكر,33.8098186,-6.7952564,Ain El Aouda ⵄⵉⵏ ⵄⵡⴷⴰ عين العودة,,
8568683492,node,Pharmacie Ouled Zaer صيدلية أولاد زعير,33.8040832,-6.7844797,Ain El Aouda ⵄⵉⵏ ⵄⵡⴷⴰ عين العودة,,
8568692534,node,Pharmacie Zone Industrielle صيدلية المنطقة الصناعية,33.8012124,-6.7855209,Ain El Aouda ⵄⵉⵏ ⵄⵡⴷⴰ عين العودة,,
8568693351,node,Pharmacie Al Fadl صيدلية الفضل,33.8066036,-6.7761639,Ain El Aouda ⵄⵉⵏ ⵄⵡⴷⴰ عين العودة,,
8568693608,node,Pharmacie Al Irchad صيدلية الارشاد,33.806791,-6.7859226,Ain El Aouda,,
8568705562,node,Pharmacie Arrajae صيدلية الرجاء,33.8063695,-6.7818332,Ain El Aouda ⵄⵉⵏ ⵄⵡⴷⴰ عين العودة,,
8568705571,node,Pharmacie La Vallée صيدلية لافالي,33.8067405,-6.791105,Ain El Aouda ⵄⵉⵏ ⵄⵡⴷⴰ عين العودة,,
8568711663,node,Pharmacie Saber صيدلية صابر,33.8647617,-6.9331717,Mers El Kheir ⵄⵉⵏ ⵄⵜⵉⵇ مرس الخير,,
8568713114,node,Pharmacie Bel Hssain صيدلية بلحساين,33.8273291,-6.9018171,Tamesna,,
8568720221,node,Pharmacie El Basma صيدلية البسمة,33.8280874,-6.9039744,Tamesna,,
8568720714,node,Pharmacie Attaouhid صيدلية التوحيد,33.8308233,-6.9011989,Tamesna,,
8568727653,node,Pharmacie Centrale الصيدلية المركزية,33.8289753,-6.9158519,Tamesna,,
8568728356,node,Pharmacie Sidi YAhya Zaer صيدلية سيدي يحيى زعير,33.826477,-6.9032987,Tamesna,,
8568730157,node,Pharmacie Centrale Alaoui الصيدلية المركزية العلوي,33.8271995,-6.9041089,Tamesna,,
8568739993,node,Pharmacie Principale الصيدلية الرئيسية,33.8303983,-6.9131197,Tamesna,,
8568742293,node,Pharmacie La Commune صيدلية الجماعة,33.8302219,-6.9065651,Tamesna,,
8568749796,node,Pharmacie Tamesna صيدلية تامسنا,33.8387902,-6.913033,Tamesna,,
8568754740,node,Pharmacie Al Boraq صيدلية البراق,33.8388973,-6.9324059,Tamesna,,
8568755367,node,Pharmacie Sendid صيدلية صنديد,33.8360458,-6.925908,Tamesna,,
8568757163,node,Pharmacie Soussan صيدلية سوسن,33.8335635,-6.9238843,Temsna,,
8568758030,node,Pharmacie Al Ward صيدلية الورد,33.8369218,-6.9220432,Tamesna,,
8568758312,node,Pharmacie Nassim Assabah صيدلية نسيم الصباح,33.8485737,-6.9281727,Tamesna,,
8568762835,node,La Grande Pharmacie الصيدلية الكبرى,33.838862,-6.9247683,Tamesna,,
8568781565,node,Pharmacie Nouvelle الصيدلية الجديدة,33.8335296,-6.9280706,Tamesna,,
8568781719,node,Pharmacie Madar Annour صيدلية مدار النور,33.8475508,-6.9312341,Tamesna,,
8568787273,node,Pharmacie Labbayk صيدلية لبيك,33.8637995,-6.9296526,Mers El Kheir ⵎⵔⵙ ⵍⵅⵉⵔ مرس الخير,,
8568788435,node,Pharmacie Masjid Annour صيدلية مسجد النور,33.8470047,-6.9359075,Tamesna,,
8568788741,node,Pharmacie Nouvelle Ville صيدلية المدينة الجديدة,33.8504085,-6.9332897,Tamesna,,
8568810397,node,Pharmacie Al Imrane صيدلية العمران,33.8610201,-6.9288978,Mers El Kheir ⵄⵉⵏ ⵄⵜⵉⵇ مرس الخير,,
8568828557,node,Pharmacie Mers El Kheir صيدلية مرس الخير,33.8708641,-6.9186411,Mers El Kheir,,
8571527975,node,Pharmacie Bab Zair صيدلية باب زعير,33.8104789,-6.7862524,Ain El Aouda,,
8571648405,node,Pharmacie Dounia Al Ossra صيدلية دنيا الأسرة,33.8038708,-6.803564,Ain El Aouda ⵄⵉⵏ ⵄⵡⴷⴰ عين العودة,,
8571776294,node,Pharmacie Chrata صيدلية شراطة,33.8000619,-6.8000439,Ain El Aouda,,
8575002186,node,Pharmacie la Mosquée Pam صيدلية مسجد بام,33.808085,-6.7928416,Ain El Aouda ⵄⵉⵏ ⵄⵡⴷⴰ عين العودة,,
8575020002,node,Pharmacie Nour Victoria صيدلية نور فيكتوريا,33.4167216,-7.6784334,Bouskoura,,
8575035901,node,Pharmacie l'Aube صيدلية الفجر,33.4132803,-7.6807432,Bouskoura,,
8575055072,node,Pharmacie Zineb صيدلية زينب,33.4103551,-7.6761805,Bouskoura,,
8575058997,node,Pharmacie Centrale الصيدلية المركزية,33.422519,-7.6780797,Bouskoura,,
8575079266,node,Pharmacie Annasr Victoria صيدلية النصر فيكتوريا,33.4234586,-7.6811403,Bouskoura,,
8575084523,node,Pharmacie Garan صيدلية كران,33.4171299,-7.6737998,Bouskoura,,
8575181101,node,Pharmacie Nova Victoria صيدلية نوفا فيكتوريا,33.4200724,-7.6736957,Bouskoura,,
8575193949,node,Pharmacie Victoria Parc صيدلية فيكتوريا بارك,33.4236471,-7.6718659,Bouskoura,,
8575224113,node,Pharmacie PharmaParc صيدلية فارمابارك,33.4208701,-7.6457515,Bouskoura,,
8575296525,node,Pharmacie Mayssane صيدلية ميسان,33.4218769,-7.6517712,Bouskoura,,
8575302914,node,Pharmacie Agdal صيدلية أكدال,33.4290944,-7.6372895,Bouskoura بوسكورة,,
8575303866,node,Pharmacie Al Hamd صيدلية الحمد,33.4323388,-7.6391987,Bouskoura بوسكورة,,
8575500637,node,Pharmacie Parc Ib صيدلية بارك أب,33.4420941,-7.650858,Bouskoura بوسكورة,,
8575522080,node,Pharmacie Rachidi صيدلية الراشدي,33.4462959,-7.6481367,Bouskoura,,
8576270352,node,Pharmacie La Glita صيدلية لاغليتا,33.4511321,-7.659022,Bouskoura,,
8576285445,node,Pharmacie Tlet Bouskoura صيدلية ثلاثاء بوسكورة,33.4509888,-7.6488376,Bouskoura,,
8576303736,node,Pharmacie El Masjid صيدلية المسجد,33.4522741,-7.6509632,Bouskoura,,
8576314443,node,Pharmacie Ryad Bouskoura صيدلية رياض بوسكورة,33.4576144,-7.6652104,Bouskoura,,Mo-Su 09:00-21:00
8576324234,node,Pharmacie Maria صيدلية ماريا,33.4547158,-7.6498989,Bouskoura ⴱⵓⵙⴽⵓⵔⴰ بوسكورة,,
8576334704,node,Pharmacie Annakhil صيدلية النخيل,33.4596685,-7.6527878,Bouskoura,,
8576344805,node,Pharmacie Chorafae صيدلية الشرفاء,33.4575681,-7.6504165,Bouskoura ⴱⵓⵙⴽⵓⵔⴰ بوسكورة,,
8576359685,node,Pharmacie Al Hassanaine صيدلية الحسنين,33.4592818,-7.656905,Bouskoura,,
8576384471,node,Pharmacie La Mère صيدلية الأم,33.4600987,-7.6605442,Bouskoura,,
8579024022,node,Pharmacie Al Kawtar صيدلية الكوثر,33.4623118,-7.6638025,Bouskoura,,
8579030793,node,Pharmacie Prestige Bouskoura صيدلية بريستيج بوسكورة,33.4715831,-7.6670902,Bouskoura,,
8579036939,node,Pharmacie Flora صيدلية فلورا,33.462767,-7.6681919,Bouskoura,,
8579037711,node,Pharmacie Al Wakil صيدلية الوكيل,33.4680563,-7.6609776,Bouskoura,,
8579064377,node,Pharmacie Assamad صيدلية الصمد,33.4659259,-7.6698384,Bouskoura,,
8579078772,node,Pharmacie Kenz Bouskoura صيدلية كنز بوسكورة,33.4644174,-7.6575566,Bouskoura,,
8579089214,node,Pharmacie Najat صيدلية نجاة,33.4683996,-7.651666,Bouskoura,,
8579095762,node,Pharmacie Ibn Rochd صيدلية ابن رشد,33.463491,-7.6538305,Bouskoura,,
8579096714,node,Pharmacie Principale Bouskoura صيدلية بوسكورة الرئيسية,33.464761,-7.6502431,Bouskoura,,
8579106343,node,Pharmacie Dyar Al Andalous صيدلية ديار الأندلس,33.4605822,-7.6478776,Bouskoura,,
8579116854,node,Pharmacie Andalous Bouskoura صيدلية أندلس بوسكورة,33.4651739,-7.6452378,Bouskoura,,
8579129549,node,Pharmacie Zemmama صيدلية زمامة,33.4607975,-7.6445349,Bouskoura,,
8579147014,node,Pharmacie Eden Bouskoura صيدلية اذن بوسكورة,33.4732133,-7.64153,Bouskoura,,
8579173346,node,Pharmacie Chaimae صيدلية شيماء,33.4786894,-7.6635032,Bouskoura,,
8579192607,node,Pharmacie Gaila صيدلية كايلة,33.4828641,-7.6555344,Bouskoura,,
8579196087,node,Pharmacie Golf City صيدلية كولف سيتي,33.475405,-7.606799,Bouskoura,,
8579220022,node,Pharmacie La Ville Verte صيدلية المدينة الخضراء,33.493491,-7.6026241,Bouskoura بوسكورة,,
8579264339,node,Pharmacie Boujaadia صيدلية بوجعيدية,33.452407,-7.6347608,Bouskoura,,
8579297453,node,Pharmacie Al Joud صيدلية الجود,33.4855909,-7.6727376,Bouskoura,,
8579298870,node,c3000548,33.4812004,-7.6667034,Bouskoura,,
8579327381,node,Pharmacie Maraya صيدلية مرايا,33.4683806,-7.6912108,Bouskoura,,
8579337346,node,Pharmacie El Mzabyine صيدلية المزابيين,33.5146151,-7.5904222,Bouskoura بوسكورة,,
8579380565,node,Pharmacie Kadri صيدلية كدري,33.4530438,-7.7098775,Bouskoura,,
8579397607,node,Pharmacie Laamamra صيدلية العمامرة,33.4147384,-7.6330126,Bouskoura,,
8579398805,node,Pharmacie Kamil Bouskoura صيدلية كامل بوسكورة,33.4520102,-7.6672632,Bouskoura,,
8579410033,node,Pharmacie Casadiaa صيدلية كساديا,33.4066641,-7.62306,Bouskoura,,
8579703188,node,Pharmacie Hafsa Bint Omar صيدلية حفصة بنت عمر,33.8889792,-6.3175273,Tiflet ⵜⵉⴼⴼⵍⵜ تيفلت,,
8582719429,node,Pharmacie Naji صيدلية الناجي,33.8380249,-6.0751614,Khémisset,,
8582769651,node,Pharmacie Al Fajr صيدلية الفجر,33.8071806,-6.0857853,Khemisset,,
8582775096,node,Pharmacie Al Amala صيدلية العمالة,33.8190053,-6.0682527,Khemisset,,
8582796491,node,Pharmacie Al Houda صيدلية الهدى,33.8165575,-6.0677983,Khemisset,,
8582876884,node,Pharmacie Al Fath صيدلية الفتح,33.8134214,-6.0735056,Khemisset,,
8582926273,node,Pharmacie Sidi Ghrib صيدلية سيدي غريب,33.8342588,-6.0647357,Khémisset,,
8582950380,node,Pharmacie Filatova صيدلية فيلاتوفا,33.8330394,-6.0614047,Khémisset,,
8583276355,node,Pharmacie et Laboratoire Atlas صيدلية و مختبر الأطلس,33.8258559,-6.0691902,KHEMISSET,,
8583294179,node,Pharmacie Centrale الصيدلية المركزية,33.8272307,-6.0638701,KHEMISSET,,
8583311154,node,Pharmacie Al Wahda صيدلية الوحدة,33.823629,-6.0773064,Khemisset,,
8583331107,node,Pharmacie El Yassamine صيدلية الياسمين,33.8287424,-6.0891561,Khémisset,,
8583332338,node,Pharmacie Zemmour صيدلية زمور,33.8260867,-6.0714923,Khemisset,,
8583414756,node,Pharmacie Al Kawtar صيدلية الكوثر,33.8284161,-6.0690121,Khémisset,,
8583448131,node,Pharmacie Lirac صيدلية ليراك,33.8208441,-6.0709123,Khemisset,,
8585839675,node,Pharmacie Al Omran صيدلية العمران,33.6692061,-5.371487,El Hajeb الحاجب,,
8585841203,node,Pharmacie Hôpital Provincial صيدلية المستشفى الاقليمي,33.6790033,-5.3760801,El Hajeb الحاجب,,
8585841212,node,Pharmacie Yakouta صيدلية ياقوتة,33.6813049,-5.3733742,El Hajeb الحاجب,,
8585843972,node,Pharmacie Annour صيدلية النور,33.6800885,-5.3727159,El Hajeb الحاجب,,
8586024888,node,Pharmacie El Yassmine صيدلية الياسمين,33.6851231,-5.3769419,El Hajeb الحاجب,,
8586187277,node,Pharmacie El Hajeb صيدلية الحاجب,33.6907681,-5.3727032,El Hajeb ⵍⵃⴰⵊⴱ الحاجب,,
8586208896,node,Pharmacie Biranzarane صيدلية بيرانزاران,33.6936175,-5.3696039,El Hajeb الحاجب,,
8586216213,node,Pharmacie Belfkih صيدلية بلفقيه,33.6950925,-5.3657068,El Hajeb الحاجب,,
8586216524,node,Pharmacie Populaire الصيدلية الشعبية,33.6929516,-5.3674743,El Hajeb الحاجب,,
8586219703,node,Pharmacie Dar Al Mamouniya صيدلية دار المامونية,33.6915448,-5.369036,El Hajeb الحاجب,,
8586221120,node,Pharmacie Nouvelle الصيدلية الجديدة,33.6914884,-5.3704751,El Hajeb ⵍⵃⴰⵊⴱ الحاجب,,
8586221222,node,Pharmacie Al Atlas صيدلية الأطلس,33.6925221,-5.3691812,El Hajeb الحاجب,,
8586235098,node,Pharmacie Ain Khadem صيدلية عين خادم,33.6938902,-5.3743329,El Hajeb الحاجب,,
8586239959,node,Pharmacie Conseil صيدلية النصيحة,33.6979067,-5.3663126,El Hajeb الحاجب,,
8586241102,node,Pharmacie Imane صيدلية ايمان,33.8251628,-4.8180792,Sefrou ⵚⴼⵕⵓ صفرو,,
8586259961,node,Pharmacie Du Stade صيدلية الملعب,33.8223701,-4.8328579,Sefrou,,
8586261852,node,Pharmacie Zghari صيدلية زغاري,33.8243181,-4.8247475,Sefrou ⵚⴼⵕⵓ صفرو,,
8586265604,node,Pharmacie Al Masjid صيدلية المسجد,33.8203488,-4.832048,Sefrou,,
8586265631,node,Pharmacie Zahrat Al Jabal صيدلية زهرة الجبل,33.8176214,-4.8288786,Sefrou ⵚⴼⵕⵓ صفرو,,
8586269310,node,Pharmacie Laaouini صيدلية العويني,33.8254802,-4.8218266,Sefrou,,
8586279115,node,Pharmacie Pasteur صيدلية باستور,33.8282589,-4.8322908,Sefrou,,
8586281771,node,Pharmacie Zalagh صيدلية زالاغ,33.8283236,-4.8205683,Sefrou ⵚⴼⵕⵓ صفرو,,
8586327022,node,Pharmacie Hay Bouderham صيدلية حي بودرهم,33.8257658,-4.8130166,Sefrou ⵚⴼⵕⵓ صفرو,,
8586353730,node,Pharmacie Sidi Boumdien صيدلية بومدين,33.8270217,-4.8264957,Sefrou ⵚⴼⵕⵓ صفرو,,
8586397429,node,Pharmacie Les Cérises صيدلية الكرز,33.8264484,-4.8312035,Sefrou ⵚⴼⵕⵓ صفرو,,
8586406480,node,Pharmacie Ben Seffar صيدلية بن صفار,33.8314144,-4.8264371,Sefrou,,
8586406484,node,Pharmacie El Osra صيدلية الأسرة,33.8332664,-4.8288446,Sefrou,,
8586407304,node,Pharmacie Slaoui Al Jadida صيدلية سلاوي الجديدة,33.8338924,-4.8360216,Sefrou ⵚⴼⵕⵓ صفرو,,
8586415298,node,Pharmacie Assalam صيدلية السلام,33.8296319,-4.828748,Sefrou,,
8586426986,node,Pharmacie Les Cascades صيدلية الشلالات,33.8370429,-4.8257509,Sefrou,,
8586433418,node,Pharmacie Arrachad صيدلية الرشاد,33.8383635,-4.8225343,Sefrou,,
8586460209,node,Pharmacie Centrale الصيدلية المركزية,33.8280992,-4.8374662,Sefrou,,
8586469911,node,Pharmacie Hay Chabbak صيدلية حي الشباك,33.8299922,-4.8383002,Sefrou ⵚⴼⵕⵓ صفرو,,
8586481031,node,Pharmacie La Province صيدلية العمالة,33.8270109,-4.8398992,Sefrou,,
8586494360,node,Pharmacie Avicenne صيدلية ابن سينا,33.8250863,-4.8365434,Sefrou,,
8586511491,node,Pharmacie Sidi Ahmed Tadli صيدلية سيدي احمد تادلي,33.8322462,-4.842931,Sefrou ⵚⴼⵕⵓ صفرو,,
8586529075,node,Pharmacie Orjane صيدلية أورجان,33.3395623,-3.7046471,Outat El Haj أوطاط الحاج,,
8586530800,node,Pharmacie Outat El Haj صيدلية أوطاط الحاج,33.3502669,-3.7068366,Outat El Haj أوطاط الحاج,,
8586538749,node,Pharmacie Kihel صيدلية كيحل,33.3447876,-3.7075111,Outat El Haj,,
8586542753,node,Pharmacie Nahda صيدلية النهضة,33.3376396,-3.6973316,Outat El Haj ⵓⵟⴰⵟ ⵍⵃⴰⵊⵊ أوطاط الحاج,,
8586545249,node,Pharmacie Essalam صيدلية السلام,33.3415706,-3.7043212,Outat El Haj,,
8586717244,node,Pharmacie El Kachla صيدلية القشلة,33.517233,-6.6011552,Rommani ⵕⵯⵎⵎⴰⵏⵉ الرماني,,
8586733316,node,Pharmacie Intilak صيدلية انطلاق,34.3166244,-2.1573871,Jerada جرادة,,
8586747017,node,La Grande Pharmacie الصيدلية الكبرى,33.5288234,-6.605735,Rommani ⵕⵯⵎⵎⴰⵏⵉ الرماني,,
8586751282,node,Pharmacie Centrale الصيدلية المركزية,33.5305165,-6.6022678,Rommani ⵕⵯⵎⵎⴰⵏⵉ الرماني,,
8586763364,node,Pharmacie Hassi Bilal صيدلية حاسي بلال,34.3094596,-2.2065452,Jerada جرادة,,
8586767194,node,Pharmacie Anwal صيدلية أنوال,34.3051266,-2.1665361,Jerada,,
8586767209,node,Pharmacie Errazi صيدلية الرازي,34.309289,-2.1593014,Jerada ⵊⵔⴰⴷⴰ جرادة,,
8586789576,node,Pharmacie Arrahma صيدلية الرحمة,34.3056036,-2.1623292,Jerada,,
8586793975,node,Pharmacie Taza صيدلية تازة,34.2033198,-4.0160214,Taza,,
8586817092,node,Pharmacie Achifae صيدلية الشفاء,34.3065506,-2.1589563,Jerada,,
8586822740,node,Pharmacie Al Wifaq صيدلية الوفاق,34.2002362,-4.0104609,Taza تازة,,
8586836586,node,Pharmacie Bab Zitouna صيدلية باب الزيتونة,34.2080822,-4.0199038,Taza,,
8586853643,node,Pharmacie Bab Rih صيدلية باب الريح,34.211542,-4.0199452,Taza,,
8586892487,node,Pharmacie Jamaa Lakbir صيدلية المسجد الكبير,34.211792,-4.0176826,Taza,,
8586932029,node,Pharmacie El Moaskar صيدلية المعسكر,34.2188916,-4.0176291,Taza,,
8586934100,node,Pharmacie El Fath صيدلية الفتح,34.2139772,-4.0139717,Taza,,
8586942659,node,Pharmacie Imam Malik صيدلية الإمام مالك,34.2185086,-4.0142911,Taza,,
8586951801,node,Pharmacie Aharrach صيدلية أحراش,34.2095349,-4.0152044,TAZA,,
8586952926,node,Pharmacie El Koucha صيدلية الكوشة,34.2166871,-4.0166013,Taza,,
8586968250,node,Pharmacie Al Masbah صيدلية المسبح,34.2083475,-4.0041779,Taza تازة,,
8586973727,node,Pharmacie Friouato صيدلية إفريواطو,34.2109737,-4.0075349,Taza تازة,,
8589323768,node,Pharmacie Jiarine صيدلية الجيارين,34.2080342,-3.9999986,Taza تازة,,
8589337094,node,Pharmacie Al Maarid صيدلية المعرض,34.2120442,-4.0030838,Taza تازة,,
8589343008,node,Pharmacie Essaada صيدلية السعادة,34.2139227,-4.0008089,Taza تازة,,
8589368470,node,Pharmacie de l'Hopital صيدلية المستشفى,34.2146306,-4.0045113,Taza تازة,,
8589419414,node,Pharmacie Victoria صيدلية فيكتوريا,34.2135245,-4.0106228,Taza تازة,,
8589425441,node,Pharmacie Rachad صيدلية الرشاد,34.2104477,-3.9974648,Taza تازة,,
8589440773,node,Pharmacie Taza El Jadida صيدلية تازة الجديدة,34.2174266,-4.00959,Taza,,
8589461165,node,Pharmacie Ourida صيدلية وريدة,34.2187315,-4.0053679,taza تازة,,
8589461830,node,Pharmacie Lbaladiya صيدلية البلدية,34.2173669,-4.0085466,Taza,,
8589486154,node,Pharmacie Ennasr صيدلية النصر,34.2207059,-4.0063538,taza تازة,,
8589596936,node,Pharmacie Al Gaada صيدلية الكعدة,34.2209393,-4.0000301,Taza تازة,,
8589615150,node,Pharmacie Bit Ghoulem صيدلية بيت غلام,34.2245552,-4.0019967,Taza تازة,,
8589633645,node,Pharmacie Al Amal صيدلية الأمل,34.2214899,-4.0033283,Taza تازة,,
8589639965,node,Pharmacie Hind صيدلية هند,34.227648,-4.0006146,Taza تازة,,
8589757643,node,Pharmacie Ibn Haitem صيدلية ابن الهيثم,34.2280462,-4.0054406,Taza,,
8589815025,node,Pharmacie Al Wahda صيدلية الوحدة,34.225579,-4.0109951,Taza,,
8589845307,node,Pharmacie Reida صيدلية رضا,34.2284635,-4.0106574,Taza,,
8589845553,node,Pharmacie Bin Jradi صيدلية بين جرادي,34.2284445,-4.0083011,Taza,,
8589897613,node,Pharmacie Centrale الصيدلية المركزية,34.2222102,-4.0081508,taza تازة,,
8589903024,node,Pharmacie Ibn Baja صيدلية ابن باجا,34.2239837,-4.0089727,taza تازة,,
8591275897,node,Pharmacie Aqartit صيدلية أقرطيط,34.2309035,-3.994893,Taza,,
8591284176,node,Pharmacie Douar Ayad صيدلية دوار عياد,34.2274335,-4.0230165,Taza,,
8591285219,node,Pharmacie Nahda صيدلية النهضة,34.2295592,-4.0219404,Ph PNH,,
8591290032,node,Pharmacie Palestine صيدلية فلسطين,34.2288107,-4.0260673,Taza,,
8591290083,node,Pharmacie Mohamed Yassine صيدلية محمد ياسين,34.2290842,-4.0365857,Taza تازة,,
8591306532,node,Pharmacie Al Bahra صيدلية البحرة,34.2325617,-4.0287097,Taza,,
8591312991,node,Pharmacie Merras صيدلية مراس,34.2334927,-4.0220492,Taza تازة,,
8591314263,node,Pharmacie Achchaq صيدلية عشاق,34.2325992,-4.0171631,Taza,,
8591335495,node,Pharmacie El Massaudia صيدلية المسعودية,34.2317064,-4.0175068,Taza,,
8591335496,node,Pharmacie Al Mourabitine صيدلية المرابطين,34.2297256,-4.016927,Taza,,
8591338454,node,Pharmacie des Allaouites صيدلية العلويين,34.2289757,-4.014262,Taza,,
8591361299,node,Pharmacie Al Masjid صيدلية المسجد,34.2316814,-4.0130191,Taza,,
8591378517,node,Pharmacie Pasteur صيدلية باستور,34.2311679,-3.999959,Taza,,
8591390886,node,Pharmacie Al Massira صيدلية المسيرة,34.2350843,-3.9933129,Taza تازة,,
8592241369,node,Pharmacie Al Irfane صيدلية العرفان,34.2272323,-3.9934905,Taza تازة,,
8592256426,node,Pharmacie Omar Al Khayam صيدلية عمر الخيام,34.2281942,-3.9897594,Taza تازة,,
8592312037,node,Pharmacie Al Qods صيدلية القدس,34.2355647,-3.9840629,Taza,,
8592338612,node,Pharmacie La Nouvelle Gare صيدلية المحطة الجديدة,34.2258306,-3.9751054,Taza تازة,,
8592348450,node,Pharmacie Bani Marine صيدلية بني مرين,34.2331708,-3.9841095,Taza تازة,,
8592365599,node,Pharmacie La Santé صيدلية الصحة,34.2294263,-3.9810498,Taza,,
8592366511,node,Pharmacie Annassim صيدلية النسيم,34.228235,-3.9759049,Taza,,
8592414341,node,Pharmacie Arsalan صيدلية أرسلان,34.2266925,-3.9768015,Taza,,
8592415958,node,La Grande Pharmacie الصيدلية الكبرى,34.2275428,-3.9859959,Taza تازة,,
8592455101,node,Pharmacie Chifae صيدلية الشفاء,34.2261139,-4.0056661,Taza تازة,,
8592542006,node,Pharmacie Ibn Rochd صيدلية ابن رشد,34.2238221,-4.0071766,Taza تازة,,
8592550643,node,Pharmacie Ibn Sina صيدلية ابن سينا,34.2105305,-3.9980347,Taza تازة,,
8592709857,node,Pharmacie Ibn Zohr صيدلية ابن زهر,34.2318135,-3.9806139,Taza تازة,,
8594912931,node,Pharmacie Chifaa صيدلية شفاء,34.8592021,-1.9935882,Bni Drar ⴱⵏⵉ ⴷⵔⴰⵔ بني درار,,
8594919119,node,Pharmacie Badr صيدلية بدر,34.8564245,-1.9916034,Bni Drar ⴱⵏⵉ ⴷⵔⴰⵔ بني درار,,
8594919518,node,Pharmacie Al Massira صيدلية المسيرة,34.8611037,-1.9948435,Bni Drar,,
8594944041,node,Pharmacie L'Oriental صيدلية الشرق,34.9470925,-2.10192,Ahfir أحفير,,
8594945787,node,Pharmacie El Nahda صيدلية النهضة,34.9502056,-2.1013835,Ahfir,,
8594948453,node,Pharmacie Soulimani صيدلية سليماني,34.951916,-2.101,Ahfir,,
8594950367,node,Pharmacie El Mahi صيدلية الماحي,34.95278,-2.1034086,Ahfir,,
8594950837,node,Pharmacie El Rahma صيدلية الرحمة,34.9510432,-2.1023545,Ahfir,,
8594957860,node,Pharmacie Assalam صيدلية السلام,34.9518852,-2.099911,Ahfir,,
8594966741,node,Pharmacie Principale الصيدلية الرئيسية,34.9542968,-2.1023277,Ahfir ⴰⵃⴼⵉⵔ أحفير,,
8594972876,node,Pharmacie Imam Malik صيدلية امام مالك,34.9579263,-2.1003938,Ahfir أحفير,,
8594973351,node,Pharmacie Ahfir صيدلية أحفير,34.9622677,-2.1030921,Ahfir أحفير,,
8594974038,node,Pharmacie Annasri صيدلية الناصري,34.9502957,-2.1146793,Ahfir أحفير,,
8595033645,node,Pharmacie Yahyaoui صيدلية يحياوي,35.0790556,-2.2177351,Saidia ⵙⵄⵉⴷⵢⵢⴰ السعيدية,,
8595057001,node,Pharmacie Principale الصيدلية الرئيسية,35.0849248,-2.2219488,Saidia ⵙⵄⵉⴷⵢⵢⴰ السعيدية,,
8595082540,node,Pharmacie La Perle Bleue صيدلية الجوهرة الزرقاء,35.0777539,-2.2257173,Saidia,,
8595088038,node,Pharmacie La Plage صيدلية الشاطئ,35.0851048,-2.222952,Saidia ⵙⵄⵉⴷⵢⵢⴰ السعيدية,,
8595120840,node,Pharmacie Marina Saidia صيدلية مارينا سعيدية,35.1082264,-2.2989121,Saidia,,
8595125862,node,Pharmacie Khaibar صيدلية خيبر,34.9089233,-2.3069212,Berkane بركان,,
8595139267,node,Pharmacie Ouartass صيدلية ورطاس,34.9129704,-2.3194686,Berkane بركان,,
8595143682,node,Pharmacie Zouhair صيدلية زهير,34.9106785,-2.3159549,Berkane بركان,,
8595143931,node,Pharmacie Ismaili صيدلية اسماعيلي,34.9120994,-2.3114166,Berkane بركان,,
8595145119,node,Pharmacie Foufa صيدلية فوفا,34.90924,-2.3140344,Berkane بركان,,
8595145474,node,Pharmacie Sukhar صيدلية سوخار,34.913617,-2.3153755,Berkane,,
8595145704,node,Pharmacie Pasteur صيدلية باستور,34.9160408,-2.3152629,Berkane,,
8595155490,node,Pharmacie Plestine صيدلية فلسطين,34.9150687,-2.3218128,Berkane,,
8595160249,node,Pharmacie de L'Hopital صيدلية المستشفى,34.539135,-4.6417047,,,Mo-Sa 08:30-19:30
8595167475,node,Pharmacie Filali صيدلية فيلالي,34.9216095,-2.3136938,Berkane,,
8595167885,node,Pharmacie Moulay Youssef صيدلية مولاي يوسف,34.9226017,-2.3324687,Berkane,,
8595175224,node,Pharmacie Khalid Ibn El Walid صيدلية خالد ابن الوليد,34.9189923,-2.3118136,Berkane,,
8595183851,node,Pharmacie El Harti صيدلية الحارثي,34.9191023,-2.3175803,Berkane,,
8595192217,node,Pharmacie Al Widadia صيدلية الودادية,34.9178751,-2.3193399,Berkane,,
8595202197,node,Pharmacie El Mekteb صيدلية المكتب,34.9217062,-2.3172397,Berkane,,
8595213027,node,الصيدلية العصرية,34.5479508,-4.6437345,Taounate,,
8595215616,node,Pharmacie Fethi صيدلية فتحي,34.9205186,-2.3219979,Berkane,,
8595217626,node,Pharmacie Bouyakchar صيدلية بوياكشار,34.9178267,-2.3317987,Berkane بركان,,
8595223169,node,Pharmacie El Madina صيدلية المدينة,34.9194894,-2.3305864,Berkane بركان,,
8595223199,node,Pharmacie Andalous صيدلية الأندلس,34.9195641,-2.3238004,Berkane,,
8595224767,node,Pharmacie Principale الصيدلية الرئيسية,34.9236723,-2.3141659,Berkane,,
8595245382,node,Pharmacie Laayoune صيدلية العيون,34.9220273,-2.3205012,Berkane,,
8595253368,node,Pharmacie Al Massahha صيدلية المصحة,34.5180771,-4.6454145,Taounate,,
8595254583,node,Pharmacie Farida صيدلية فريدة,34.5432357,-4.6379632,Taounate,,
8595403769,node,Pharmacie Lamnii صيدلية لمنيعي,34.2171856,-5.7103892,SIDI-KACEM,,
8595409148,node,Pharmacie Azghar صيدلية أزغار,34.2152582,-5.7148705,Sidi Kacem,,
8595472841,node,Pharmacie Al Fath صيدلية الفتح,34.2184749,-5.7108966,SIDI-KACEM,,
8595474538,node,Pharmacie Chrarda صيدلية الشراردة,34.2203164,-5.7088723,Sidi Kacem ⵙⵉⴷⵉ ⵇⴰⵙⴰⵎ سيدي قاسم,,
8595524125,node,Pharmacie Ibn Al Baytar صيدلية ابن البيطار,34.923901,-2.305218,Berkane,,
8595535521,node,Pharmacie Abdellaoui صيدلية عبدلاوي,34.9263905,-2.3106414,Berkane,,
8595539522,node,Pharmacie Sidi Ahmed Aberkane صيدلية سيدي محمد أبركان,34.9219218,-2.3308438,Berkane,,
8595541949,node,Pharmacie Bouarfa صيدلية بوعرفة,34.9229642,-2.3248089,Berkane,,
8595549717,node,Pharmacie El Mossalla صيدلية المصلى,34.9244904,-2.3233605,Berkane,,
8595567085,node,Pharmacie Complexe Sportif صيدلية المركب الرياضي,34.9340034,-2.3204744,Berkane,,
8595570781,node,Pharmacie Al Majd صيدلية المجد,34.9357713,-2.3233444,Berkane,,
8595583079,node,Pharmacie Al Moumen صيدلية المومن,34.920479,-2.3358113,Berkane بركان,,
8595590524,node,Pharmacie Boulevard Mohamed V صيدلية شارع محمد,34.9236415,-2.3357416,Berkane بركان,,
8595590872,node,Pharmacie Grance Place صيدلية الساحة الكبيرة,34.9231225,-2.3371953,Berkane بركان,,
8595599085,node,Pharmacie Hay Al Amal صيدلية حي الأمل,34.928484,-2.312857,Berkane,,
8595599879,node,Pharmacie Marbouha صيدلية مربوحة,34.9301465,-2.325238,Berkane,,
8595604321,node,Pharmacie 19 Mai صيدلية 19 ماي,34.9390608,-2.3249001,Berkane,,
8595604803,node,Pharmacie Laymoun صيدلية الليمون,34.929047,-2.3223681,Berkane,,
8595614465,node,Pharmacie Beni Attig صيدلية بني عتيق,34.9328336,-2.3398775,Berkane,,
8595617708,node,Pharmacie Al Khalil صيدلية الخليل,34.93527,-2.3259676,Berkane,,
8595627130,node,Pharmacie Karakchou صيدلية كراكشو,34.939716,-2.3282046,Berkane,,
8595628594,node,Pharmacie Al Massira صيدلية المسيرة,34.9279166,-2.3339123,Berkane,,
8595632284,node,Pharmacie Sebbani صيدلية صباني,34.9101941,-2.3447627,Sidi Slimane Echcharaa سيدي سليمان الشراعة,,
8595634495,node,Pharmacie Al Hambra صيدلية العنبرة,34.9346983,-2.3310745,Berkane,,
8595638553,node,Pharmacie Abdellah صيدلية عبد الله,34.926452,-2.3364389,Berkane,,
8595642235,node,Pharmacie Al Ahram صيدلية الأهرام,34.9313603,-2.3313964,Berkane,,
8595648323,node,Pharmacie Moulouya صيدلية ملوية,34.9286203,-2.3391265,Berkane,,
8595653671,node,Pharmacie Al Istiklal صيدلية الاستقلال,34.9307622,-2.3470873,Berkane بركان,,
8595667924,node,Pharmacie Smimou صيدلية سميمو,34.9143033,-2.3493725,Sidi Slimane Echcharaa,,
8595696123,node,Pharmacie La Paix صيدلية السلام,34.9128912,-2.3467252,Sidi Slimane Echcharaa سيدي سليمان الشراعة,,
8595696124,node,Pharmacie Marché Couvert صيدلية السوق المغطى,34.9115848,-2.3492455,Sidi Slimane Echcharaa سيدي سليمان الشراعة,,
8595698492,node,Pharmacie Boujir صيدلية بوجير,34.9060792,-2.3575586,Sidi Slimane Echcharaa سيدي سليمان الشراعة,,
8595700910,node,Pharmacie Tizghin صيدلية تيزغين,34.9074639,-2.3421053,Sidi Slimane Echcharaa سيدي سليمان الشراعة,,
8595710617,node,Pharmacie Al Farah صيدلية الفرح,34.9036639,-2.361008,Sidi Slimane Echcharaa سيدي سليمان الشراعة,,
8595710625,node,Pharmacie Maalou صيدلية معلو,34.9010022,-2.3641703,Sidi Slimane Echcharaa سيدي سليمان الشراعة,,
8595871075,node,Pharmacie Bir Anzarane صيدلية بئر أنزران,34.2226316,-5.7111642,Sidi Kacem ⵙⵉⴷⵉ ⵇⴰⵙⴰⵎ سيدي قاسم,,
8595916683,node,Pharmacie La Nouvelle الصيدلية الجديدة,34.2225834,-5.7088217,Sidi Kacem,,
8595936900,node,Pharmacie Al Gharb صيدلية الغرب,34.2224494,-5.7069471,Sidi Kacem,,
8595947406,node,Pharmacie Al Qods صيدلية القدس,34.2229613,-5.7198817,Sidi Kacem ⵙⵉⴷⵉ ⵇⴰⵙⴰⵎ سيدي قاسم,,
8598956324,node,Pharmacie Ennasr صيدلية النصر,34.2242629,-5.7163382,Sidi Kacem ⵙⵉⴷⵉ ⵇⴰⵙⴰⵎ سيدي قاسم,,
8598990109,node,Pharmacie Lmadani صيدلية لمدني,34.2303689,-5.7271158,Sidi Kacem ⵙⵉⴷⵉ ⵇⴰⵙⴰⵎ سيدي قاسم,,
8598996356,node,Pharmacie La Clinique صيدلية المصحة,34.2312471,-5.7228641,Sidi Kacem ⵙⵉⴷⵉ ⵇⴰⵙⴰⵎ سيدي قاسم,,
8599098048,node,Pharmacie Afca صيدلية أفكا,34.2270204,-5.7194902,Sidi Kacem,,
8599109893,node,Pharmacie Yasmina صيدلية ياسمينة,34.2277307,-5.7229105,Sidi Kacem ⵙⵉⴷⵉ ⵇⴰⵙⴰⵎ سيدي قاسم,,
8599111892,node,Pharmacie Jawhara صيدلية جوهرة,34.2334544,-5.7307717,Sidi Kacem ⵙⵉⴷⵉ ⵇⴰⵙⴰⵎ سيدي قاسم,,
8599191238,node,Pharmacie Al Hakim صيدلية الحكيم,34.2356842,-5.7320749,Sidi Kacem ⵙⵉⴷⵉ ⵇⴰⵙⴰⵎ سيدي قاسم,,
8599213571,node,Pharmacie Zirara صيدلية زيرارة,34.2410099,-5.7414921,Sidi Kacem ⵙⵉⴷⵉ ⵇⴰⵙⴰⵎ سيدي قاسم,,
8599240942,node,Pharmacie Al Khawarizmi صيدلية الخوارزمي,34.2231898,-5.7048807,Sidi Kacem,,
8599278102,node,Pharmacie Ibn Rochd صيدلية بن رشد,34.2244259,-5.7060413,Sidi Kacem,,
8599295488,node,Pharmacie Belmjdoub صيدلية بلمجدوب,34.224314,-5.7109202,Sidi Kacem ⵙⵉⴷⵉ ⵇⴰⵙⴰⵎ سيدي قاسم,,
8599399546,node,Pharmacie A'Ryad صيدلية الرياض,34.2365572,-5.7285617,Sidi Kacem ⵙⵉⴷⵉ ⵇⴰⵙⴰⵎ سيدي قاسم,,
8599402433,node,Pharmacie Saad صيدلية سعد,34.2329645,-5.7066067,Sidi Kacem ⵙⵉⴷⵉ ⵇⴰⵙⴰⵎ سيدي قاسم,,
8599418431,node,Pharmacie Al Bouchra صيدلية البشرى,34.2325567,-5.7118703,Sidi Kacem ⵙⵉⴷⵉ ⵇⴰⵙⴰⵎ سيدي قاسم,,
8599513191,node,Pharmacie Ezzahra صيدلية الزهراء,34.2302505,-5.7078634,Sidi Kacem ⵙⵉⴷⵉ ⵇⴰⵙⴰⵎ سيدي قاسم,,
8599530704,node,Pharmacie Oued Eddahab صيدلية وادي الذهب,34.226861,-5.7104886,Sidi Kacem ⵙⵉⴷⵉ ⵇⴰⵙⴰⵎ سيدي قاسم,,
8599571615,node,Pharmacie Al Maghreb Al Arabi صيدلية المغرب العربي,34.2255696,-5.7125965,Sidi Kacem ⵙⵉⴷⵉ ⵇⴰⵙⴰⵎ سيدي قاسم,,
8600016770,node,Pharmacie Bassal صيدلية بسال,34.5713482,-5.9626502,Mechra Bel Ksiri ⵎⵛⵕⵄ ⴱⵍⵍⵇⵚⵉⵕⵉ مشرع بلقصيري,,
8600017988,node,Pharmacie Ezzarad,34.579573,-5.9777802,Mechra Bel Ksiri,,
8600039640,node,Pharmacie Assalam,34.5753061,-5.9642571,Mechra Bel Ksiri,,
8600058645,node,Pharmacie El Kettani,34.5697525,-5.9583983,Mechra Bel Ksiri,,
8600062089,node,Pharmacie de l'Hôpital,34.57002,-5.9551879,Mechra Bel Ksiri,,
8600085333,node,Pharmacie Sebou صيدلية سبو,34.5741522,-5.9545495,Mechra Bel Ksiri ⵎⵛⵕⵄ ⴱⵍⵍⵇⵚⵉⵕⵉ مشرع بلقصيري,,
8600093125,node,Pharmacie Nouvelle الصيدلية الجديدة,34.5725325,-5.9566541,Mechra Bel Ksiri ⵎⵛⵕⵄ ⴱⵍⵍⵇⵚⵉⵕⵉ مشرع بلقصيري,,
8600115584,node,Pharmacie Al Hikma,34.5815403,-5.9437831,Mechra Bel Ksiri,,
8600115755,node,Pharmacie populaire,34.576125,-5.954755,Mechra Bel Ksiri,,
8600127088,node,Pharmacie De La Gare صيدلية المحطة,34.5774468,-5.9576151,Mechra Bel Ksiri,,
8600133122,node,Pharmacie El Khadir,34.5774842,-5.9545426,Mechra Bel Ksiri,,
8600152159,node,Pharmacie Agdal,34.5805019,-5.955376,Mechra Bel Ksiri,,
8600183387,node,Pharmacie Al Qods,34.5815321,-5.947073,Mechra Bel Ksiri,,
8600429360,node,Pharmacie Bouitate,34.5813004,-5.9509642,Mechra Bel Ksiri,,
8600442497,node,Pharmacie El Kaoutar صيدلية الكوثر,34.5777919,-5.9491327,Mechra Bel Ksiri ⵎⵛⵕⵄ ⴱⵍⵍⵇⵚⵉⵕⵉ مشرع بلقصيري,,
8602677746,node,Pharmacie La Santé صيدلية الصحة,34.2511369,-5.920911,Sidi Slimane ⵙⵉⴷⵉ ⵙⵍⵉⵎⴰⵏ سيدي سليمان,,
8602679254,node,Pharmacie Chifaa صيدلية الشفاء,34.2512093,-5.9293961,Sidi Slimane ⵙⵉⴷⵉ ⵙⵍⵉⵎⴰⵏ سيدي سليمان,,
8602679475,node,Pharmacie Menara صيدلية المنارة,34.2527079,-5.9169915,Sidi Slimane ⵙⵉⴷⵉ ⵙⵍⵉⵎⴰⵏ سيدي سليمان,,
8602687064,node,Pharmacie El Mohammedia صيدلية المحمدية,34.2544771,-5.9088475,Sidi Slimane ⵙⵉⴷⵉ ⵙⵍⵉⵎⴰⵏ سيدي سليمان,,
8602687146,node,Pharmacie Riad صيدلية الرياض,34.2535819,-5.9131698,Sidi Slimane,,
8602719830,node,Pharmacie Maein صيدلية معين,34.2557664,-5.9049333,Sidi Slimane ⵙⵉⴷⵉ ⵙⵍⵉⵎⴰⵏ سيدي سليمان,,
8602726096,node,Pharmacie Nour صيدلية نور,34.2573458,-5.9105356,Sidi Slimane ⵙⵉⴷⵉ ⵙⵍⵉⵎⴰⵏ سيدي سليمان,,
8602734158,node,Pharmacie Bismi Llah صيدلية بسم الله,34.2584373,-5.9148003,Sidi Slimane ⵙⵉⴷⵉ ⵙⵍⵉⵎⴰⵏ سيدي سليمان,,
8603033260,node,Pharmacie Jalal صيدلية جلال,34.2590402,-5.9182947,Sidi Slimane,,
8603127709,node,Pharmacie Saih صيدلية السايح,34.2593841,-5.920786,Sidi Slimane,,
8603141363,node,Pharmacie Ennasr صيدلية النصر,34.2577224,-5.9284133,Sidi Slimane,,
8603145000,node,Pharmacie Des Orangers Des Goumareyenes صيدلية الليمون الغماريين,34.2569564,-5.9311579,Sidi Slimane,,
8603163791,node,Pharmacie Ibn Sina صيدلية ابن سينا,34.2592699,-5.9243981,Sidi Slimane,,
8603166823,node,Pharmacie Essalam صيدلية السلام,34.2577864,-5.9255332,Sidi Slimane,,
8603223109,node,Pharmacie Al Masjid صيدلية المسجد,34.2543679,-5.923932,Sidi Slimane,,
8603233678,node,Pharmacie La Clinique صيدلية المصحة,34.2554893,-5.9182958,Sidi Slimane,,
8603265894,node,Pharmacie El Mansouri صيدلية المنصوري,34.2663506,-5.9254007,Sidi Slimane,,
8603272985,node,Pharmacie El Houda صيدلية الهدى,34.2564646,-5.9220886,Sidi Slimane,,
8603284921,node,Pharmacie Assafaa صيدلية الصفاء,34.2540121,-5.9197721,Sidi Slimane,,
8603286104,node,Pharmacie Populaire الصيدلية الشعبية,34.2622822,-5.9262334,Sidi Slimane,,
8603299012,node,Pharmacie la Résistance صيدلية المقاومة,34.2673508,-5.920548,Sidi Slimane,,
8603335200,node,Pharmacie l'Hopital صيدلية المستشفى,34.2672795,-5.9234458,Sidi Slimane ⵙⵉⴷⵉ ⵙⵍⵉⵎⴰⵏ سيدي سليمان,,
8603337150,node,Pharmacie Karima صيدلية كريمة,34.261281,-5.9143657,Sidi Slimane,,
8603475655,node,Pharmacie Al Marjane صيدلية المرجان,34.2647314,-5.9149458,Sidi Slimane ⵙⵉⴷⵉ ⵙⵍⵉⵎⴰⵏ سيدي سليمان,,
8603479641,node,Pharmacie Jbirat صيدلية جبيرات,34.2635624,-5.9422486,Sidi Slimane ⵙⵉⴷⵉ ⵙⵍⵉⵎⴰⵏ سيدي سليمان,,
8603496826,node,Pharmacie Yassine صيدلية ياسين,34.269301,-5.9367478,Sidi Slimane ⵙⵉⴷⵉ ⵙⵍⵉⵎⴰⵏ سيدي سليمان,,
8603529986,node,Pharmacie Sidi Slimane صيدلية سيدي سليمان,34.2538874,-5.9276788,Sidi Slimane ⵙⵉⴷⵉ ⵙⵍⵉⵎⴰⵏ سيدي سليمان,,
8603563251,node,Pharmacie Errahma صيدلية الرحمة,34.2590768,-5.9350318,Sidi Slimane,,
8604073965,node,Pharmacie Al Hay Al Jadid صيدلية الحي الجديد,34.2572469,-5.9476026,Sidi Slimane ⵙⵉⴷⵉ ⵙⵍⵉⵎⴰⵏ سيدي سليمان,,
8604116679,node,Pharmacie Al Fajr صيدلية الفجر,34.3013916,-6.3104253,Sidi Yahya du Gharb,,
8604144938,node,Pharmacie Tahiri صيدلية الطاهري,34.3086277,-6.3088469,Sidi Yahya du Rharb,,
8604156988,node,Pharmacie Al Ooma صيدلية الأمة,34.3034642,-6.3016199,Sidi Yahya du Gharb,,
8604156995,node,Pharmacie Malak صيدلية ملاك,34.3075921,-6.3022126,Sidi Yahya du Gharb ⵙⵉⴷⵉ ⵉⵃⵢⴰ ⵏ ⵍⵖⴰⵔⴱ سيدي يحيى الغرب,,
8606613204,node,Pharmacie Meriem صيدلية مريم,34.6781595,-6.0097456,Souk El Arbaa ⵙⵓⵇ ⵍⴰⵔⴱⵄⴰ سوق الأربعاء,,
8606631206,node,Pharmacie Al Amane صيدلية الأمان,34.68266,-6.0039079,Souk El Arbaa ⵙⵓⵇ ⵍⴰⵔⴱⵄⴰ سوق الأربعاء,,
8606654676,node,Pharmacie Pam صيدلية بام,34.6797725,-6.004848,Souk El Arbaa ⵙⵓⵇ ⵍⴰⵔⴱⵄⴰ سوق الأربعاء,,
8606720679,node,Pharmacie L'Hopital صيدلية المستشفى,34.6823087,-6.0020829,Souk El Arbaa ⵙⵓⵇ ⵍⴰⵔⴱⵄⴰ سوق الأربعاء,,
8606741504,node,Pharmacie Bismillah صيدلية بسم الله,34.6738832,-5.9947132,Souk El Arbaa ⵙⵓⵇ ⵍⴰⵔⴱⵄⴰ سوق الأربعاء,,
8606777744,node,Pharmacie El Joulane صيدلية الجولان,34.6740617,-5.9926556,Souk El Arbaa ⵙⵓⵇ ⵍⴰⵔⴱⵄⴰ سوق الأربعاء,,
8606875936,node,Pharmacie Arrahma صيدلية الرحمة,34.6808944,-5.9938636,Souk Al Arbaa Du Gharb,,
8606897343,node,Pharmacie Al Bathae صيدلية البطحاء,34.6798471,-5.986591,Souk Al Arbaa Du Gharb,,
8606997844,node,Pharmacie Hind صيدلية هند,34.6815524,-5.990353,Souk Al Arbaa Du Gharb,,
8607010262,node,Pharmacie El Majd صيدلية المجد,34.6829923,-5.9846973,Souk Al Arbaa Du Gharb,,
8607015433,node,Pharmacie Anouar صيدلية أنور,34.683957,-5.9886948,Souk Al Arbaa Du Gharb,,
8607038746,node,Pharmacie Badr صيدلية بدر,34.6847598,-6.0015233,Souk El Arbaa ⵙⵓⵇ ⵍⴰⵔⴱⵄⴰ سوق الأربعاء,,
8607412095,node,Pharmacie Du Grand Maghreb صيدلية المغرب الكبير,34.6859234,-6.0028666,Souk El Arbaa ⵙⵓⵇ ⵍⴰⵔⴱⵄⴰ سوق الأربعاء,,
8607474688,node,Pharmacie Arrazi صيدلية الرازي,34.6895356,-6.0071354,Souk El Arbaa ⵙⵓⵇ ⵍⴰⵔⴱⵄⴰ سوق الأربعاء,,
8607487132,node,Pharmacie Al Masjid صيدلية المسجد,34.6887379,-6.0001529,Souk El Arba Du Gharb ⵙⵓⵇ ⵍⴰⵔⴱⵄⴰ ⵏ ⵍⵖⴰⵔⴱ سوق الأربعاء الغرب,,
8607495361,node,Pharmacie Rida صيدلية رضا,34.689056,-5.9889526,Souk El Arbaa ⵙⵓⵇ ⵍⴰⵔⴱⵄⴰ سوق الأربعاء,,
8607517907,node,Pharmacie Boushaba صيدلية بوصحابة,34.6862649,-5.9818924,Souk El Arbaa ⵙⵓⵇ ⵍⴰⵔⴱⵄⴰ سوق الأربعاء,,
8607575214,node,Pharmacie Al Fath صيدلية الفتح,34.6868216,-6.0027086,Souk El Arbaa ⵙⵓⵇ ⵍⴰⵔⴱⵄⴰ سوق الأربعاء,,
8611079222,node,Pharmacie Essalam صيدلية السلام,34.6760747,-5.9924021,Souk El Arbaa ⵙⵓⵇ ⵍⴰⵔⴱⵄⴰ سوق الأربعاء,,
8611111779,node,Pharmacie Al Masjid صيدلية المسجد,33.9030427,-5.3742757,Sabaa Aiyoun,,
8611186530,node,Pharmacie Al Hayat صيدلية الحياة,33.9036233,-5.3786653,Sabaa Aiyoun ⵙⴱⵄ ⵄⵢⵓⵏ سبع عيون,,
8611196802,node,Pharmacie L'Hopital صيدلية المستشفى,33.9039504,-5.3754977,Sabaa Aiyoun ⵙⴱⵄ ⵄⵢⵓⵏ سبع عيون,,
8611402266,node,Pharmacie El Gharbi صيدلية الغربي,33.9304981,-5.2225089,Ain Taoujdate ⵄⵉⵏ ⵜⴰⵡⵊⵟⴰⵜ عين تاوجدات,,
8611516268,node,Pharmacie Fadl Llah صيدلية فضل الله,33.9349343,-5.2161951,Ain Taoujdate ⵄⵉⵏ ⵜⴰⵡⵊⵟⴰⵜ عين تاوجدات,,
8611545046,node,Pharmacie Ben Zaid صيدلية بن زايد,33.9387712,-5.2154424,Ain Taoujdate ⵄⵉⵏ ⵜⴰⵡⵊⵟⴰⵜ عين تاوجدات,,
8611582380,node,Pharmacie Al Masjid صيدلية المسجد,33.939244,-5.2102944,Ain Taoujdate ⵄⵉⵏ ⵜⴰⵡⵊⵟⴰⵜ عين تاوجدات,,
8611586940,node,Pharmacie Ain Taoujdate صيدلية عين تاوجدات,33.9390815,-5.2087673,Ain Taoujdate ⵄⵉⵏ ⵜⴰⵡⵊⵟⴰⵜ عين تاوجدات,,
8611606633,node,Pharmacie Oulhaj صيدلية والحاج,33.9401174,-5.209155,Ain Taoujdate ⵄⵉⵏ ⵜⴰⵡⵊⵟⴰⵜ عين تاوجدات,,
8611648899,node,Pharmacie Moulay Youssef صيدلية مولاي يوسف,33.9417896,-5.207817,Ain Taoujdate ⵄⵉⵏ ⵜⴰⵡⵊⵟⴰⵜ عين تاوجدات,,
8611658349,node,Pharmacie Aïcha صيدلية عائشة,33.9383079,-5.2062066,Ain Taoujdate ⵄⵉⵏ ⵜⴰⵡⵊⵟⴰⵜ عين تاوجدات,,
8611664041,node,Pharmacie Nouvelle الصيدلية الجديدة,33.941922,-5.2054445,Ain Taoujdate,,
8611709031,node,Pharmacie Bismillah Achafi صيدلية بسم الله الشافي,33.9442984,-5.2060074,Ain Taoujdate ⵄⵉⵏ ⵜⴰⵡⵊⵟⴰⵜ عين تاوجدات,,
8611720855,node,Pharmacie Walili صيدلة وليلي,33.9426914,-5.2130578,Ain Taoujdate ⵄⵉⵏ ⵜⴰⵡⵊⵟⴰⵜ عين تاوجدات,,
8611739441,node,Pharmacie Riad Salam صيدلية رياض السلام,33.9447589,-5.2173323,Ain Taoujdate ⵄⵉⵏ ⵜⴰⵡⵊⵟⴰⵜ عين تاوجدات,,
8612587471,node,Pharmacie Laila صيدلية ليلى,35.454444,-6.0341217,Assilah,,
8612617779,node,Pharmacie Ibn Toumert صيدلية ابن تومرت,35.4630641,-6.0333587,Assilah,,
8612625586,node,Pharmacie Ain Al Hamra صيدلية عين الحمراء,35.4595975,-6.0359122,Assilah,,
8612627846,node,Pharmacie Imam Malek صيدلية الإمام مالك,35.4578975,-6.0363931,Assilah,,
8612677975,node,Pharmacie Bab Al Homar,35.464722,-6.0377722,Assilah أصيلة,,
8614679265,node,Pharmacie L'Océan صيدلية المحيط,35.4665303,-6.0357522,Assilah,,
8614708168,node,Pharmacie Achifae Zerktouni صيدلية الشفاء الزرقطوني,35.465817,-6.0245606,Assilah,,
8614729285,node,Pharmacie L'Hopital صيدلية المستشفى,35.4663726,-6.0295148,Assilah أصيلة,,
8614768243,node,Pharmacie Ibn Sina صيدلية ابن سينا,35.4685262,-6.0322706,Assilah أصيلة,,
8615171856,node,Pharmacie Anoual صيدلية أنوال,35.836789,-5.3613616,Fnideq ⴼⵏⵉⴷⴰⵇ الفنيدق,,
8615176719,node,Pharmacie Ibn Baja,35.8340003,-5.3616394,Fnideq ⴼⵏⵉⴷⴰⵇ الفنيدق,,
8615182529,node,Pharmacie Fadl Llah صيدلية فضل الله,35.8359334,-5.3571564,Fnideq ⴼⵏⵉⴷⴰⵇ الفنيدق,,
8615206377,node,Pharmacie Zohour صيدلية زهور,35.8392798,-5.3562357,Fnideq ⴼⵏⵉⴷⴰⵇ الفنيدق,,
8615240608,node,Pharmacie Condessa صيدلية كنديسة,35.8413211,-5.3564115,Fnideq,,
8615240735,node,Pharmacie Arrachad صيدلية الرشاد,35.8387983,-5.3586938,Fnideq,,
8615275831,node,Pharmacie Centrale الصيدلية المركزية,35.8415311,-5.3603545,Fnideq,,
8617525965,node,Pharmacie Al Amira,35.8418729,-5.3621905,Fnideq ⴼⵏⵉⴷⴰⵇ الفنيدق,,
8617563333,node,Pharmacie Laymouna صيدلية الليمونة,35.845594,-5.3726887,Fnideq ⴼⵏⵉⴷⴰⵇ الفنيدق,,
8617566812,node,Pharmacie Baisa,35.8472271,-5.360556,Fnideq ⴼⵏⵉⴷⴰⵇ الفنيدق,,
8617568022,node,Pharmacie Hay Rass Lota صيدلية حي رأس لوطا,35.8449377,-5.3675971,Fnideq ⴼⵏⵉⴷⴰⵇ الفنيدق,,
8617585676,node,Pharmacie Moulay Rachid صيدلية مولاي رشيد,35.8483003,-5.3569248,Fnideq ⴼⵏⵉⴷⴰⵇ الفنيدق,,
8617604341,node,Pharmacie Sidi Boghaba صيدلية سيدي بوغابة,35.8501718,-5.3581418,Fnideq ⴼⵏⵉⴷⴰⵇ الفنيدق,,
8617611608,node,Pharmacie Al Andalus صيدلية الأندلس,35.8506675,-5.3547339,Fnideq ⴼⵏⵉⴷⴰⵇ الفنيدق,,
8617614338,node,Pharmacie Gualinus صيدلية جالينوس,35.8509036,-5.3565441,Fnideq ⴼⵏⵉⴷⴰⵇ الفنيدق,,
8617631206,node,Pharmacie Fnideq صيدلية الفنيدق,35.8491775,-5.354189,Fnideq ⴼⵏⵉⴷⴰⵇ الفنيدق,,
8617683373,node,Pharmacie Granada صيدلية غرناطة,35.8519363,-5.3546141,Fnideq ⴼⵏⵉⴷⴰⵇ الفنيدق,,
8619111656,node,Pharmacie Bismillah,35.8530589,-5.3583318,Fnideq,,
8619146510,node,Pharmacy Sevilla,35.856366,-5.3550821,Fnideq ⴼⵏⵉⴷⴰⵇ الفنيدق,,
8622607117,node,Pharmacie Assakina 5 صيدلية الساكنة,33.9015538,-5.5968389,Meknès,,
8622650130,node,Pharmacie Annasr صيدلية النصر,35.6895266,-5.3302665,M'Diq ⵎⴹⵢⴰⵇ المضيق,,
8622659277,node,Pharmacie Chifae صيدلية الشفاء,35.6865892,-5.3256156,M'Diq ⵎⴹⵢⴰⵇ المضيق,,
8622694404,node,Pharmacie Kharkhour صيدلية خرخور,35.683068,-5.3238449,M'Diq ⵎⴹⵢⴰⵇ المضيق,,
8622712862,node,Pharmacie Sekka صيدلية السكة,35.6825693,-5.3278134,M'Diq ⵎⴹⵢⴰⵇ المضيق,,
8622714821,node,Pharmacie Harras صيدلية الهراس,35.6844532,-5.3245841,M'Diq ⵎⴹⵢⴰⵇ المضيق,,
8622716275,node,Pharmacie Rincon صيدلية الرينكون,35.684522,-5.3234125,M'Diq ⵎⴹⵢⴰⵇ المضيق,,
8622719405,node,Pharmacie Hay Al Kalaa صيدلية حي القلعة,35.6805965,-5.330265,M'Diq,,
8622724563,node,Pharmacie M'Diq صيدلية المضيق,35.6848698,-5.3223347,M'Diq ⵎⴹⵢⴰⵇ المضيق,,
8622734366,node,Pharmacie Alami صيدلية علمي,35.6835962,-5.3261375,M'Diq ⵎⴹⵢⴰⵇ المضيق,,
8623528640,node,Pharmacie Tamuda Bay صيدلية تامودا باي,35.6831119,-5.3227596,M'Diq ⵎⴹⵢⴰⵇ المضيق,,
8623705458,node,Pharmacie El Ouazzani Taibi صيدلية الوزاني الطيبي,35.6836546,-5.3220866,M'Diq ⵎⴹⵢⴰⵇ المضيق,,
8626415233,node,Pharmacie Adel صيدلية عادل,35.6317809,-5.2855324,Martil,,
8626429616,node,Pharmacie Rio Martin صيدلية ريو مرتين,35.6274042,-5.2917208,Martil,,
8626475686,node,Pharmacie Ahrik صيدلية أحريق,35.6277124,-5.2832572,Martil,,
8626515354,node,Pharmacie Moltaka Oussar صيدلية ملتقى الأسر,35.6286931,-5.274923,Martil ⵎⴰⵔⵜⵉⵍ مرتيل,,
8626544951,node,Pharmacie Al Ahd Al Jadid صيدلية العهد الجديد,35.624761,-5.2896438,Martil,,
8629148738,node,Pharmacie El Hadj صيدلية الحاج,35.6244222,-5.2742218,Martil ⵎⴰⵔⵜⵉⵍ مرتيل,,
8629153122,node,Pharmacie Dar D'Mana صيدلية دار ضمانة,35.6248903,-5.2749068,Martil ⵎⴰⵔⵜⵉⵍ مرتيل,,
8629172652,node,Pharmacie Miramar صيدلية ميرامار,35.6229414,-5.2738227,Martil ⵎⴰⵔⵜⵉⵍ مرتيل,,
8629187325,node,Pharmacie La Playa صيدلية الشاطئ,35.620369,-5.2719345,Martil ⵎⴰⵔⵜⵉⵍ مرتيل,,
8629190904,node,Pharmacie Del-Lero صيدلية ديل ليرو,35.6188518,-5.2851403,Martil,,
8629191411,node,Pharmacie Al Abrar صيدلية الأبرار,35.6166861,-5.291773,Martil,,
8629212836,node,Pharmacie Yahya صيدلية يحيى,35.6211261,-5.2773386,Martil ⵎⴰⵔⵜⵉⵍ مرتيل,,
8629223844,node,Pharmacie Hiba صيدلية هبة,35.621328,-5.2822182,Martil,,
8629232738,node,Pharmacie Mouncif صيدلية منصف,35.6195148,-5.2885903,Martil,,
8629240063,node,Pharmacie Al Bayt Al Atiq صيدلية البيت العتيق,35.616175,-5.2882209,Martil,,
8629324662,node,Pharmacie Réda صيدلية رضا,35.6155082,-5.2736356,Martil ⵎⴰⵔⵜⵉⵍ مرتيل,,
8629343979,node,Pharmacie Youness صيدلية يونس,35.6167044,-5.2758113,Martil ⵎⴰⵔⵜⵉⵍ مرتيل,,
8629351154,node,Pharmacie El Borj صيدلية البرج,35.6152506,-5.2753774,Martil ⵎⴰⵔⵜⵉⵍ مرتيل,,
8629375238,node,Pharmacie Hay Pam صيدلية حي بام,34.9441794,-2.7387166,Zaio,,
8629398393,node,Pharmacie Rayan صيدلية رايان,34.9417872,-2.7461785,Zaio,,
8629413315,node,Pharmacie El Aghrass صيدلية الأغراس,35.6141594,-5.2828305,Martil,,
8629422122,node,Pharmacie Ibn Nafiss صيدلية ابن النفيس,34.9416773,-2.7381426,Zaio,,
8629422338,node,Pharmacie Faculté des Lettres صيدلية كلية الآداب,35.6093874,-5.2930216,Martil ⵎⴰⵔⵜⵉⵍ مرتيل,,
8629422470,node,Pharmacie Sidi Athman صيدلية سيدي عثمان,34.9439331,-2.7346719,Zaïo ⵣⴰⵢⵢⵓ زايو,,
8629422536,node,Pharmacie Al Yassamine صيدلية الياسمين,34.9435945,-2.7374775,Zaio,,
8629424047,node,Pharmacie Riad Sofia صيدلية رياض صوفيا,35.6234887,-5.3005801,Martil,,Mo-Su 09:00-03:00
8629433536,node,Pharmacie Azzahraoui صيدلية الزهراوي,34.9429129,-2.7346611,Zaïo ⵣⴰⵢⵢⵓ زايو,,
8629434755,node,Pharmacie Du Centre صيدلية المركز,34.9415058,-2.7324778,Zaïo ⵣⴰⵢⵢⵓ زايو,,
8629439580,node,Pharmacie Athina صيدلية أثينا,34.9434142,-2.7335722,Zaïo ⵣⴰⵢⵢⵓ زايو,,
8629442934,node,Pharmacie Oum Keltoum صيدلية أم كلثوم,35.6110466,-5.3006947,Martil,,
8629454978,node,Pharmacie Achabiba صيدلية الشبيبة,34.9416729,-2.7300156,Zaio,,
8629455749,node,Pharmacie Ben Elmostapha صيدلية بن المصطفى,34.9442893,-2.7324617,Zaïo ⵣⴰⵢⵢⵓ زايو,,
8629455750,node,Pharmacie Hassan Ben Thabit صيدلية حسن بن تهابيت,34.9455474,-2.7344107,Zaïo ⵣⴰⵢⵢⵓ زايو,,
8629462688,node,Pharmacie Bouniat صيدلية بونيات,34.9383835,-2.7262015,Zaio,,
8629462694,node,Pharmacie Karimi صيدلية كريمي,34.9470551,-2.7382768,Zaio,,
8629470548,node,Pharmacie Al Qods Charif صيدلية القدس الشريف,34.9389816,-2.7316356,Zaio,,
8629475901,node,Pharmacie Dar Al Quoran صيدلية دار القران,34.9405295,-2.7427078,Zaio,,
8629486445,node,Pharmacie F.Zahra صيدلية ف.زهرة,35.6106823,-5.2763151,Martil ⵎⴰⵔⵜⵉⵍ مرتيل,,
8629496160,node,Pharmacie Martil صيدلية مارتيل,35.6182901,-5.2729257,Martil ⵎⴰⵔⵜⵉⵍ مرتيل,,
8632174498,node,Pharmacie El Bidaoui صيدلية البيضاوي,34.80137,-5.5845061,Ouazzane ⵡⴰⵣⴰⵏ وزان,,
8632185091,node,Pharmacie Al Qods صيدلية القدس,34.8021754,-5.5932216,Ouazzane ⵡⴰⵣⴰⵏ وزان,,
8632196143,node,Pharmacie Al Massira صيدلية المسيرة,34.7984781,-5.5885607,Ouazzane ⵡⴰⵣⴰⵏ وزان,,
8632231351,node,Pharmacie L'Hopital صيدلية المستشفى,34.7981626,-5.5852555,Ouazzane,,
8632281558,node,Pharmacie Chifae صيدلية الشفاء,34.7985031,-5.5825124,Ouazzane ⵡⴰⵣⴰⵏ وزان,,
8632303672,node,Pharmacie Achifae صيدلية الشفاء,35.0114647,-3.0069732,Al Aroui ⵍⵄⴰⵔⵡⵉ العروي,,
8632304944,node,Pharmacie Fadl Allah صيدلية فضل الله,34.7962555,-5.5836185,Ouazzane ⵡⴰⵣⴰⵏ وزان,,
8632312689,node,Pharmacie Al Farhani صيدلية الفرحاني,35.0103663,-3.0017054,Al Aroui ⵍⵄⴰⵔⵡⵉ العروي,,
8632312943,node,Pharmacie Ain Abi Fares صيدلية عين أبي فارس,34.7962427,-5.5819213,Ouazzane ⵡⴰⵣⴰⵏ وزان,,
8632318879,node,Pharmacie Al Khamrichi صيدلية الخمريشي,35.0119392,-3.0134588,Al Aroui ⵍⵄⴰⵔⵡⵉ العروي,,
8632319389,node,Pharmacie Al Kamal صيدلية الكمال,35.011245,-3.0081749,Al Aroui ⵍⵄⴰⵔⵡⵉ العروي,,
8632328196,node,Pharmacie Du Centre صيدلية المركز,35.0123258,-3.0051869,Al Aroui ⵍⵄⴰⵔⵡⵉ العروي,,
8632328608,node,Pharmacie Pasteur صيدلية باستور,34.805695,-5.571332,Ouazzane ⵡⴰⵣⴰⵏ وزان,,
8632328609,node,Pharmacie Al Omrane صيدلية العمران,35.069178,-2.9190104,Selouane,,
8632329311,node,Pharmacie Sinouh صيدلية سينوح,35.0085253,-3.0116349,Al Aaroui ⵍⵄⴰⵔⵡⵉ العروي,,
8632334354,node,Pharmacie Belganch صيدلية بلكنش,35.0062624,-2.9946619,Al Aroui ⵍⵄⴰⵔⵡⵉ العروي,,
8632336054,node,Pharmacie Badr صيدلية بدر,35.0094743,-3.0110985,Al Aaroui ⵍⵄⴰⵔⵡⵉ العروي,,
8632340613,node,Pharmacie Zaidi صيدلية الزايدي,35.0060032,-3.018201,Al Aroui ⵍⵄⴰⵔⵡⵉ العروي,,
8632345867,node,Pharmacie Aberkani صيدلية أبركاني,35.0110209,-3.0102992,Al Aroui ⵍⵄⴰⵔⵡⵉ العروي,,
8632346606,node,Pharmacie Hilal Akhdar صيدلية الهلال الاخضر,35.0115262,-3.0051172,Al Aroui ⵍⵄⴰⵔⵡⵉ العروي,,
8632351732,node,Pharmacie Al Aroui صيدلية العروي,35.0117678,-3.0039853,Al Aroui ⵍⵄⴰⵔⵡⵉ العروي,,
8632354302,node,Pharmacie Al Hakim صيدلية الحكيم,35.0121369,-3.0022096,Al Aroui ⵍⵄⴰⵔⵡⵉ العروي,,
8632355861,node,Pharmacie Al Qods صيدلية القدس,35.0172905,-3.0034917,Al Aroui,,
8632357617,node,Pharmacie Idrissi صيدلية ادريسي,35.0124313,-3.0073434,Al Aroui ⵍⵄⴰⵔⵡⵉ العروي,,
8632365657,node,Pharmacie Al Hanae صيدلية الهناء,35.0150684,-2.9908561,Al Aroui,,
8632366422,node,Pharmacie Balkhir صيدلية بلخير,35.0096764,-3.0054068,Al Aroui ⵍⵄⴰⵔⵡⵉ العروي,,
8632374956,node,Pharmacie Bellafkih صيدلية بلفقيه,35.0086571,-2.9971295,Al Aroui ⵍⵄⴰⵔⵡⵉ العروي,,
8632375371,node,Pharmacie Rahmani صيدلية رحماني,35.0115833,-2.9990285,Al Aroui ⵍⵄⴰⵔⵡⵉ العروي,,
8632377221,node,Pharmacie Ibn Haitham صيدلية ابن الهيثم,35.0129497,-2.9999351,Al Aroui ⵍⵄⴰⵔⵡⵉ العروي,,
8632387707,node,Pharmacie Ben Tahar صيدلية بنطاهر,35.0038072,-3.0072765,Al Aroui ⵍⵄⴰⵔⵡⵉ العروي,,
8632387885,node,Pharmacie La Belle Vue صيدلية المنظر الجميل,34.8014883,-5.5659312,Ouazzane,,
8632389254,node,Pharmacie Rond Point صيدلية المدار,35.0176605,-2.9950618,Al Aroui,,
8632391362,node,Pharmacie Ibn Sina صيدلية ابن سينا,34.7997296,-5.57474,Ouazzane,,
8632395908,node,Pharmacie Du Conseil صيدلية النصيحة,34.7966166,-5.5768978,Ouazzane ⵡⴰⵣⴰⵏ وزان,,
8632397262,node,Pharmacie Bouhlal صيدلية بوهلال,34.7965167,-5.5801225,Ouazzane ⵡⴰⵣⴰⵏ وزان,,
8632401451,node,Pharmacie Dar Dmana صيدلية دار الضمانة,34.7978367,-5.5779313,Ouazzane ⵡⴰⵣⴰⵏ وزان,,
8632414324,node,Pharmacie l'Espoir صيدلية الأمل,34.8010824,-5.5729076,Ouazzane,,
8632420564,node,Pharmacie Imam Malik صيدلية امام مالك,35.060111,-2.9200887,Selouane,,
8632427568,node,Pharmacie Ouazzane صيدلية وزان,34.7975421,-5.5752796,Ouazzane ⵡⴰⵣⴰⵏ وزان,,
8632436794,node,Pharmacie Annahda صيدلية النهضة,34.8003221,-5.5711003,Ouazzane,,
8632449714,node,Pharmacie Saada صيدلية السعادة,35.0680803,-2.9314773,Selouane,,
8632453734,node,Pharmacie Assiha صيدلية الصحة,35.0723479,-2.9414659,Selouane ⵙⵍⵡⴰⵏ سلوان,,
8632462146,node,Pharmacie Al Jamiaa صيدلية الجامعة,35.0626314,-2.9121171,Selouane,,
8632462384,node,Pharmacie Chohada صيدلية الشهداء,35.0651956,-2.9267083,Selouane,,
8632466054,node,Pharmacie Taourirt Boucetta صيدلية تاوريرت بوستة,35.0887136,-2.9392664,Selouane,,
8632466309,node,Pharmacie Al Ayadi صيدلية العيادي,35.0707147,-2.9233234,Selouane,,
8632467966,node,Pharmacie Selouane صيدلية سلوان,35.0708771,-2.9406773,Selouane,,
8632474626,node,Pharmacie Al Osra صيدلية الأسرة,35.0708771,-2.9417341,Selouane,,
8632476570,node,Pharmacie Ikram صيدلية إكرام,34.798277,-5.572407,Ouazzane وزان,,
8632482997,node,Pharmacie El Kachadia صيدلية الكاشادية,35.0970884,-2.9404091,Selouane ⵙⵍⵡⴰⵏ سلوان,,
8632486319,node,Pharmacie Principale الصيدلية الرئيسية,35.0718606,-2.9406987,Selouane ⵙⵍⵡⴰⵏ سلوان,,
8632490246,node,Pharmacie Assalah صيدلية الصلاح,35.0736431,-2.9431986,Selouane ⵙⵍⵡⴰⵏ سلوان,,
8632491767,node,Pharmacie Charki صيدلية الشرقي,35.0759304,-2.9391699,Selouane,,
8632491768,node,Pharmacie Manco صيدلية مانكو,35.0806453,-2.9367291,Selouane,,
8632499507,node,Pharmacie Al Houda صيدلية الهدى,34.7953028,-5.5766425,Ouazzane ⵡⴰⵣⴰⵏ وزان,,
8632513018,node,Pharmacie Essalam صيدلية السلام,34.7936793,-5.576285,Ouazzane ⵡⴰⵣⴰⵏ وزان,,
8632696502,node,Pharmacie et Laboratoire Errahma صيدلية ومختبر الرحمة,35.0072231,-3.0151436,Al Aroui ⵍⵄⴰⵔⵡⵉ العروي,,
8635199342,node,Pharmacie La Résistance صيدلية المقاومة,35.0097436,-3.0041719,Al Aroui ⵍⵄⴰⵔⵡⵉ العروي,,
8635205920,node,Pharmacie Moulay Ismail صيدلية مولاي إسماعيل,35.0101555,-3.0004596,Al Aroui ⵍⵄⴰⵔⵡⵉ العروي,,
8635239164,node,Pharmacie Zahrat Bibirou صيدلية زهرة بيبيرو,35.1565095,-3.0019866,Zeghanghane ⴰⵣⵖⴰⵏⵖⴰⵏ أزغنغان,,
8635273383,node,Pharmacie Al Ibtissama صيدلية الابتسامة,34.973166,-3.3833544,Driouch ⴷⵔⵉⵡⵛ ادريوش,,
8635315423,node,Pharmacie Al Moussaoui صيدلية الموساوي,35.1530106,-3.0028433,Zeghanghane ⴰⵣⵖⴰⵏⵖⴰⵏ أزغنغان,,
8635316010,node,Pharmacie El Ghoufrane صيدلية الغفران,35.1540934,-3.0053579,Zeghanghane ⴰⵣⵖⴰⵏⵖⴰⵏ أزغنغان,,
8635316616,node,Pharmacie Abi Labass Annabati صيدلية أبي العباس النباتي,34.9759179,-3.391247,Driouch ⴷⵔⵉⵡⴻⵛ الدريوش,,
8635320796,node,Pharmacie Ibn Baytar صيدلية ابن البيطار,35.1528965,-3.0039591,Zeghanghane ⴰⵣⵖⴰⵏⵖⴰⵏ أزغنغان,,
8635321540,node,Pharmacie Nour صيدلية النور,35.0447969,-3.457209,Ben Taïeb ⴱⵏ ⵟⵢⵢⴱ بن الطيب,,
8635322659,node,Pharmacie Ben Taib صيدلية بن الطيب,35.0445369,-3.4564612,Ben Taïeb ⴱⵏ ⵟⵢⵢⴱ بن الطيب,,
8635332833,node,Pharmacie Al Inaya صيدلية العناية,34.9770948,-3.39181,Driouch ⴷⵔⵉⵡⴻⵛ الدريوش,,
8635348908,node,Pharmacie Melilla صيدلية مليلية,34.9792222,-3.3923222,Driouch,,
8635350019,node,Pharmacie Bab Souk صيدلية باب سوق,34.9790875,-3.3942988,Driouch ⴷⵔⵉⵡⵛ ادريوش,,
8635351573,node,Pharmacie Al Yasmine صيدلية الياسمين,35.1558981,-3.0061087,Zeghanghane ⴰⵣⵖⴰⵏⵖⴰⵏ أزغنغان,,
8635352344,node,Pharmcie Mowahidine صيدلية الموحدين,35.0430776,-3.4525274,Ben Taib,,
8635352345,node,Pharmacie Makka صيدلية مكة,35.0450905,-3.4533572,Ben Taïeb ⴱⵏ ⵟⵢⵢⴱ بن الطيب,,
8635353161,node,Pharmacie Mohamed El Amin صيدلية محمد الأمين,35.0434466,-3.4567685,Ben Taib,,
8635362306,node,Pharmacie El Wahda صيدلية الوحدة,35.0433627,-3.4555802,Ben Taib,,
8635362682,node,Pharmacie Anoual صيدلية أنوال,35.1534536,-3.0045719,Zeghanghane ⴰⵣⵖⴰⵏⵖⴰⵏ أزغنغان,,
8635363608,node,Pharmacie Essalam صيدلية السلام,35.1527799,-3.0063099,Zeghanghane ⴰⵣⵖⴰⵏⵖⴰⵏ أزغنغان,,
8635365678,node,Pharmacie Rochdi صيدلية رشدي,35.0458369,-3.4566558,Ben Taïeb ⴱⵏ ⵟⵢⵢⴱ بن الطيب,,
8635367503,node,Pharmacie Al Amir صيدلية الأمير,35.1538105,-2.992586,,,
8635374865,node,Pharmacie Annassim صيدلية النسيم,35.0490071,-3.4588481,Ben Taib,,
8635378157,node,Pharmacie Rif صيدلية الريف,35.0459929,-3.4522188,Ben Taïeb ⴱⵏ ⵟⵢⵢⴱ بن الطيب,,
8635406846,node,Pharmacie Al Omal صيدلية العمال,35.1508846,-2.9918953,Zeghanghane ⴰⵣⵖⴰⵏⵖⴰⵏ أزغنغان,,
8635414159,node,Pharmacie Al Majd صيدليةالمجد,35.1512657,-2.9981563,Zeghanghane ⴰⵣⵖⴰⵏⵖⴰⵏ أزغنغان,,
8635432203,node,Pharmacie Ain Lahjar صيدلية عين الحجر,34.5758886,-2.4983704,Al Aioun ⵍⵄⵢⵓⵏ العيون,,
8635458489,node,Pharmacie Palmier صيدلية النخلة,34.5880162,-2.5070022,Al Aioun Sidi Mellouk,,
8635459772,node,Pharmacie L'Hôpital صيدلية المستشفى,34.583284,-2.4947213,Aioun Sidi Mellouk,,
8635488817,node,Pharmacie El Kasbah صيدلية القصبة,34.5826251,-2.5090048,Al Aioun ⵍⵄⵢⵓⵏ العيون,,
8635489064,node,Pharmacie Bouarfa صيدلية بوعرفة,34.5826205,-2.5098166,Al Aioun ⵍⵄⵢⵓⵏ العيون,,
8635498527,node,Pharmacie Horizon صيدلية الأفق,34.5864882,-2.5083648,Al Aioun Sidi Mellouk,,
8635504602,node,Pharmacie Kaoutar صيدلية كوثر,35.0456727,-3.4548092,Ben Taïeb ⴱⵏ ⵟⵢⵢⴱ بن الطيب,,
8635515508,node,Pharmacie Ferassi صيدلية فراسي,35.0448927,-3.4488246,Ben Taieb,,
8635520782,node,Pharmacie Samia صيدلية سامية,35.0394045,-3.4596305,Ben Taieb,,
8635604479,node,Pharmacie Al Massira صيدلية المسيرة,34.4095983,-2.8957711,Taourirt,,
8635620399,node,La Grande Pharmacie الصيدلية الكبرى,34.4122521,-2.8913456,Taourirt تاوريرت,,
8635624041,node,Pharmacie Ennahda صيدلية النهضة,34.4088715,-2.8895426,TAOURIRT,,
8635626645,node,Pharmacie Said صيدلية سعيد,34.4054146,-2.8887435,Taourirt تاوريرت,,
8635626797,node,Pharmacie Boubkeur صيدلية بوبكر,34.4119225,-2.8995308,Taourirt,,
8635627085,node,Pharmacie Baghdadi صيدلية بغدادي,34.4104689,-2.8900343,Taourirt تاوريرت,,
8635642514,node,Pharmacie Alhouria صيدلية الحورية,34.4101054,-2.8989264,Taourirt,,
8635668888,node,Pharmacie Achour صيدلية أشور,34.412181,-2.9101362,Taourirt تاوريرت,,
8635670266,node,Pharmacie Al Khalil صيدلية الخليل,34.404992,-2.8980454,Taourirt,,
8635709417,node,Pharmacie Moustawsaf Al Halfa صيدلية مستوصف الحلفة,34.4066232,-2.8967341,Taourirt,,
8635709421,node,Pharmacie Al Nassim صيدلية النسيم,34.4144882,-2.9142647,Taourirt تاوريرت,,
8635719612,node,Pharmacie Pôle Ghiata صيدلية قطب غياتة,34.2144286,-3.3691679,Guercif جرسيف,,
8635744034,node,Pharmacie Dhar Ben Ayad صيدلية ضهر بن عياد,35.1540634,-5.2700768,Chefchaouen,,
8635760248,node,Pharmacie Nour صيدلية نور,34.2145412,-3.3498756,Guercif جرسيف,,
8635761156,node,Pharmacie El Idrissi صيدلية الادريسي,34.2166421,-3.3598024,Guercif جرسيف,,
8635763521,node,Pharmacie Guennoun صيدلية كنون,34.2231107,-3.3389688,Guercif,,
8635769287,node,Pharmacie Chouibir صيدلية شويبير,34.2172097,-3.3545061,Guercif جرسيف,,
8635781490,node,Pharmacie Tarik صيدلية طارق,34.225151,-3.3478469,Guercif,,
8635844320,node,Pharmacie Oulad Hamoussa صيدلية أولاد حموصة,34.2277166,-3.3374019,GUERCIF,,
8635848144,node,Pharmacie Moulouya صيدلية ملوية,34.2284085,-3.3427502,Guercif,,
8635855160,node,Pharmacie Ibn Haytham صيدلية ابن الهيثم,34.2265679,-3.3407976,Guersif جرسيف,,
8635881366,node,Pharmacie Oum Saad صيدلية أم سعد,35.1668626,-5.2671441,Chefchaouen ⵛⴼⵛⴰⵡⵏ شفشاون,,
8635885611,node,Pharmacie L'Oriental صيدلية الشرق,34.2378616,-3.341287,Guercif,,
8635889019,node,Pharmacie Moderne الصيدلية الحديثة,34.2381242,-3.344852,Guercif جرسيف,,
8635895789,node,Pharmacie Hamria Al Jadida صيدلية حمرية الجديدة,34.2341886,-3.3696039,Guercif جرسيف,,
8635901847,node,Pharmacie Salim صيدلية سليم,34.2332887,-3.3599143,Guercif,,
8636669485,node,Pharmacie Ibn Nafiss صيدلية ابن النفيس,35.1795794,-5.2770095,Chefchaouen,,
8636730821,node,Pharmacie El Moustapha صيدلية المصطفى,35.1678663,-5.2616997,Chefchaouen شفشاون,,
8637877784,node,Pharmacie Ananou صيدلية اعنانو,35.2503777,-2.9313582,Bni Ansar بني انصار,,
8637878894,node,Pharmacie Moulay Baghdad صيدلية مولاي بغداد,35.2473158,-2.9372004,Beni Ensar,,
8637913407,node,Pharmacie Abdellah صيدلية عبد الله,35.2537289,-2.940042,Beni Ensar,,
8637920163,node,Pharmacie Mazzouja صيدلية مزوجة,35.2503788,-2.9399141,Beni Ansar,,
8637924568,node,Pharmacie Madrid صيدلية مدريد,35.259982,-2.9302085,Beni Enzar بني انصار,,
8637957135,node,Pharmacie Abdelmoumen صيدلية عبد المومن,35.2560478,-2.9352676,Beni Ensar,,
8637997904,node,Pharmacie Bab Melilla صيدلية باب مليلية,35.2665296,-2.9332307,Beni Enzar بني انصار,,
8638001979,node,Pharmacie Beni Ansar صيدلية بني انصار,35.2658027,-2.9320533,Beni Enzar بني انصار,,
8638149114,node,Pharmacie Laaboudi صيدلية العبودي,35.2619211,-2.9309033,Beni Ensar,,
8638182899,node,Pharmacie Tarik Ibnou Ziad صيدلية طارق بن زياد,35.1359457,-3.8588775,Imzouren,,
8638207583,node,Pharmacie Assalam صيدلية السلام,35.140788,-3.8549624,Imzouren إمزورن,,
8638215453,node,Pharmacie Thaziri صيدلية التازيري,35.1425446,-3.8491406,Imzouren,,
8639989380,node,Pharmacie Espagne صيدلية اسبانيا,35.1432557,-3.8527677,Imzouren,,
8640004392,node,Pharmacie Al Khouzama صيدلية الخزامة,35.1451918,-3.8526634,Imzouren,,
8640006291,node,Pharmacie Al Abrar صيدلية الأبرار,35.1544855,-3.8491661,Imzouren,,
8640021769,node,Pharmacie Al Masjid صيدلية المسجد,35.1490445,-3.8493142,Imzouren,,
8640028591,node,Pharmacie Errahma صيدلية الرحمة,35.1512591,-3.8490245,Imzouren إمزورن,,
8640036050,node,Pharmacie Bades صيدلية بادس,35.1453582,-3.8496838,Imzouren ⵉⵎⵣⵓⵔⵏ إمزورن,,
8640106793,node,Pharmacie Hôpital Senhaja صيدلية مستشفى صنهاجة,34.9360697,-4.3139753,Targuist ⵜⴰⵔⴳⵉⵙⵜ تارجيست,,
8640144100,node,Pharmacie Nouvelle الصيدلية الجديدة,34.936592,-4.3160761,Targuist ⵜⴰⵔⴳⵉⵙⵜ تارجيست,,
8640175984,node,Pharmacie Qortoba صيدلية قرطبة,34.9351248,-4.3159518,Targuist ⵜⴰⵔⴳⵉⵙⵜ تارجيست,,
8640208131,node,Pharmacie Annassiha صيدلية النصيحة,34.9439736,-4.3153919,Targuist ⵜⴰⵔⴳⵉⵙⵜ تارجيست,,
8640234508,node,Pharmacie Harchat Gambir صيدلية حرشات كمبير,34.2458948,-3.3492161,Guercif جرسيف,,
8640248629,node,Pharmacie La Clinique صيدلية المصحة,34.2327174,-3.3511304,Guercif جرسيف,,
8640260537,node,Pharmacie Ibn Sina صيدلية ابن سينا,34.2238056,-3.3487137,Guercif جرسيف,,
8640296397,node,Pharmacie El Ouakili صيدلية الوكيلي,34.9779368,-3.3931251,Driouch ⴷⵔⵉⵡⴻⵛ الدريوش,,
8643788722,node,Pharmacie la Santé صيدلية الصحة,34.9071785,-2.3726832,Sidi Slimane Echcharaa سيدي سليمان الشراعة,,
8644152365,node,Pharmacie El Ghazouani صيدلية الغزواني,34.916126,-2.3484887,Sidi Slimane Echcharaa سيدي سليمان الشراعة,,
8644201666,node,Pharmacie Belfilali صيدلية بلفيلالي,34.9204942,-2.3139309,Berkane,,
8644209900,node,Pharmacie Lemhal صيدلية لمهل,34.9147263,-2.3129029,Berkane,,
8644248865,node,Pharmacie Bouhdila صيدلية بوهديلة,34.9303037,-2.3409872,Berkane,,
8645340381,node,Pharmacie Eddarrak صيدلية الدراق,34.9263034,-2.3262314,Berkane,,
8647542319,node,Pharmacie El Ahmadi صيدلية الأحمدي,34.9332831,-2.3437755,Berkane بركان,,
8647637082,node,Pharmacie Béni-Snassen صيدلية بني سناسن,34.924305,-2.330091,Berkane,,
8647684660,node,Pharmacie et Laboratoire Ibn Rochd صيدلية و مختبر ابن رشد,34.9221019,-2.3248825,Berkane,,
8647720086,node,Pharmacie Populaire الصيدلية الشعبية,34.9207468,-2.3278291,Berkane,,
8647875548,node,Pharmacie Jerada صيدلية جرادة,34.3083538,-2.1614497,Jerada ⵊⵔⴰⴷⴰ جرادة,,
8647882629,node,Pharmacie Boumazi صيدلية بومازي,34.3111678,-2.1597667,Jerada ⵊⵔⴰⴷⴰ جرادة,,
8648986843,node,Pharmacie Nouvelle Habbouna الصيدلية الجديدة حبونة,33.8252695,-4.8338452,Sefrou ⵚⴼⵕⵓ صفرو,,
8651641845,node,Pharmacie Mhirez صيدلية امهيرز,33.8355756,-4.8327067,Sefrou ⵚⴼⵕⵓ صفرو,,
8651744954,node,Pharmacie Handichi صيدلية حنديشي,33.6974749,-5.3705821,El Hajeb الحاجب,,
8651777002,node,Pharmacie Al Qods صيدلية القدس,34.4090509,-2.8935399,TAOURIRT,,
8651955160,node,Pharmacie Mouhcine صيدلية محسن,32.8860258,-6.9208103,Khouribga,,
8653667510,node,Pharmacie Ennour صيدلي النور,34.0188669,-2.0255583,Ain Bni Mathar,,
8653680568,node,Pharmacie L'armoise صيدلية أغمواز,34.0191693,-2.0267836,Ain Bni Mathar,,
8653690938,node,Pharmacie Rim صيدلية ريم,34.0172413,-2.025273,Ain Bni Mathar,,
8653692956,node,Pharmacie Essabil صيدلية السبيل,34.0167416,-2.0266913,Ain Bni Mathar,,
8653694565,node,Pharmacie Ziani صيدلية الزياني,34.0087494,-2.0194308,Ain Bni Mathar ⵄⵉⵏ ⴱⵏⵉ ⵎⵟⵀⵕ عين بني مطهر,,
8653701020,node,Pharmacie Errayhane صيدلية الريحان,34.0242942,-2.0290992,Ain Bni Mathar,,
8653702388,node,Pharmacie El Oued صيدلية باب الواد,34.9886053,-5.9080145,Ksar-el-Kebir القصر الكبير,,
8655212238,node,Pharmacie Taouima صيدلية تاويمة,35.1331685,-2.9283763,Nador الناظور,,
8655219285,node,Pharmacie Dar Al Oloum صيدلية دار العلوم,35.1495398,-2.9098138,Nador الناظور,,
8655223324,node,Pharmacie Chaabi صيدلية الشعبي,35.1445259,-2.9121382,Nador الناظور,,
8655264298,node,Pharmacie Adam صيدلية ادم,35.1561098,-2.9233391,Nador,,
8655268894,node,Pharmacie Assakina صيدلية السكينة,35.1578729,-2.9159094,Nador الناظور,,
8655295200,node,Pharmacie Bouarourou Al Jadid صيدلية بوعرورو الجديد,35.1582589,-2.9112638,Nador الناظور,,
8655306034,node,Pharmacie Sekkat صيدلية سقاط,35.1545792,-2.911237,Nador الناظور,,
8655312575,node,Pharmacie Ibn Hazm صيدلية ابن حزم,35.1658108,-2.922218,Nador,,
8655323522,node,Pharmacie Attariq Sahili صيدلية الطريق الساحلي,35.1611929,-2.9307206,Nador,,
8655345855,node,Pharmacie Lotissement Sara صيدلية تجزئة صارة,35.154635,-2.9343193,Nador,,
8655362669,node,Pharmacie Aviation صيدلية الطيران,35.1666528,-2.9265202,Nador,,
8655417369,node,Pharmacie Bentahar صيدلية بنطاهر,35.1714721,-2.926834,NADOR,,
8655489052,node,Pharmacie Ismailia صيدلية الاسماعيلية,35.1748178,-2.9266758,Nador الناظور,,
8655512829,node,Pharmacie El Amal صيدلية الأمل,35.1756171,-2.9264316,Nador الناظور,,
8655528620,node,Pharmacie Andalouss صيدلية أندلس,35.1784046,-2.9288591,Nador الناظور,,
8655552727,node,Grande Pharmacie الصيدلية الكبرى,35.1778784,-2.9267885,Nador الناظور,,
8655577505,node,Pharmacie Centrale الصيدلية المركزية,35.179554,-2.9271085,Nador الناظور,,
8655588962,node,Pharmacie La Corniche صيدلية المورنيش,35.1832736,-2.9249029,Nador الناظور,,
8655590238,node,Pharmacie Afra صيدلية عفراء,35.1783432,-2.9248347,Nador الناظور,,
8655598201,node,Pharmacie El Fatouaki صيدلية الفطواكي,35.1940235,-2.9321663,Nador,,
8655626201,node,Pharmacie Tanouti صيدلية تانوتي,35.1461582,-2.9264817,,,
8655626202,node,Pharmacie Al Inbiat صيدلية الانبعات,35.1461451,-2.9341367,Nador الناظور,,
8655648772,node,Pharmacie Al Hay صيدلية الحي,35.2021797,-2.9343566,Nador,,
8655664911,node,Pharmacie L'Institut صيدلية المعهد,35.1520665,-2.9350647,Nador الناظور,,
8655668422,node,Pharmacie Annajah صيدلية النجاح,35.1491613,-2.9382222,Nador الناظور,,
8655738641,node,Pharmacie Ghazza صيدلية غزة,35.162303,-2.9524884,Nador الناظور,,
8655739581,node,Pharmacie Ouaaliti صيدلية واعلاتي,35.164487,-2.935687,Nador,,
8655740643,node,Pharmacie Arabouz صيدلية أرابوز,35.1755024,-2.9514262,Nador الناظور,,
8655786191,node,Pharmacie Tizirine صيدلية تيزيرين,35.1790628,-2.9518554,Nador الناظور,,
8655812190,node,Pharmacie Azhar صيدلية أزهر,35.1748359,-2.9447851,Nador,,
8655812369,node,Pharmacie Ouled Mimoun صيدلية أولاد ميمون,35.1727969,-2.9347161,Nador,,
8655812530,node,Pharmacie Hassani صيدلية حساني,35.174415,-2.9384872,Nador,,
8655840891,node,Pharmacie Igounaf صيدلية اكوناف,35.178142,-2.9373661,Nador,,
8655878151,node,Pharmacie El Outhmani صيدلية العثماني,35.1768792,-2.9319266,Nador,,
8655901267,node,Pharmacie Annassim صيدلية النسيم,35.0003914,-5.9143934,Ksar-el-Kebir,,
8655915812,node,Pharmacie El Moussalah صيدلية المصلى,35.0021311,-5.9096919,Ksar-el-Kebir,,
8656019922,node,Pharmacie Ibn Khaldoun صيدلية ابن خلدون,35.0049127,-5.9054918,Ksar-el-Kebir,,
8656035795,node,Pharmacie Andalouss صيدلية الأندلس,34.9985255,-5.9110399,Ksar-el-Kebir,,
8656048715,node,Pharmacie Wahrani صيدلية وهراني,34.9961484,-5.8977224,Ksar-el-Kebir,,
8656058343,node,Pharmacie Al Mahatta صيدلية المحطة,34.9963824,-5.9026219,Ksar-el-Kebir,,
8656059674,node,Pharmacie Al Wafae صيدلية الوفاء,34.9952044,-5.9044552,Ksar-el-Kebir,,
8656060993,node,Pharmacie Sidi El Beyati صيدلية سيدي البياتي,34.998134,-5.8938781,Ksar-el-Kebir,,
8656068605,node,Pharmacie Sidi Makhlouf صيدلية سيدي مخلوف,34.9958969,-5.9003112,Kser-el-Kebir,,
8656139630,node,Pharmacie Al Oroba صيدلية العروبة,35.0015923,-5.8957035,Ksar-el-Kebir القصر الكبير,,
8657173485,node,Pharmacie Tatoft صيدلية تطفت,35.0006873,-5.8987401,Ksar-el-Kebir ⵍⵇⵚⵔ ⵍⴽⴱⵉⵔ القصر الكبير,,
8657173532,node,Pharmacie et Laboratoire Es-Saada صيدلية و مختبر السعادة,34.9944846,-5.9022129,Ksar-el-Kebir القصر الكبير,,
8659128043,node,Pharmacie Loukkous صيدلية اللوكوس,34.9968706,-5.9077972,Ksar-el-Kebir,,
8659208532,node,Pharmacie Douha صيدلية الضحى,34.9930209,-5.8979533,Ksar-el-Kebir القصر الكبير,,
8659237746,node,Pharmacie Al Qods صيدلية القدس,35.0082621,-5.9102506,Ksar-el-Kebir,,
8659243708,node,Pharmacie Badre صيدلية بدر,35.0207205,-5.9179957,Ksar-el-Kebir,,
8659258303,node,Pharmacie Bahja صيدلية البهجة,35.0181889,-5.9091719,Ksar-el-Kebir القصر الكبير,,
8659259543,node,Pharmacie Ibn Rochd صيدلية ابن رشد,35.0200269,-5.9141493,Ksar-el-Kebir,,
8659298055,node,Pharmacie Assalam صيدلية السلام,34.9938505,-5.9047407,Ksar-el-Kebir,,
8659468076,node,Pharmacie Calabonita صيدلية كلابونيتا,35.2336055,-3.9274061,Al Hoceima الحسيمة,,
8660515453,node,Pharmacie Noumidia صيدلية نوميديا,35.2391706,-3.9274335,Al Hoceima الحسيمة,,
8660640116,node,Pharmacie Centrale du Rif صيدلية الريف المركزية,35.2410208,-3.930731,Al Hoceima الحسيمة,,
8662101512,node,Pharmacie Anoual صيدلية أنوال,35.2415456,-3.9277085,Al Hoceima الحسيمة,,
8662115008,node,Pharmacie Al Wafa صيدلية الوفاء,35.2404886,-3.9335823,Al Hoceima الحسيمة,,
8662137653,node,Pharmacie Khalid Ibn Al Walid صيدلية خالد بن الوليد,35.2440308,-3.9363178,الحسيمة,,
8662142052,node,Pharmacie El Moustachfa صيدلية المستشفى,35.2415712,-3.9385967,الحسيمة,,
8662182881,node,Pharmacie Al Hilal صيدلية الهلال,35.2520695,-3.9342765,Al Hoceima الحسيمة,,
8662187025,node,Pharmacie Azir صيدلية أزير,35.2540108,-3.9347478,الحسيمة,,
8662193567,node,Pharmacie Granada صيدلية غرناطة,35.2485148,-3.9347317,AL HOCEIMA,,
8662291493,node,Pharmacie le Port صيدلية الميناء,35.2482915,-3.9317913,Al-hoceima,,
8662320139,node,Pharmacie Al Manzah صيدلية المنزه,35.2448372,-3.9337213,Al Hoceima الحسيمة,,
8662327688,node,Pharmacie Abdelkarim El Khattabi صيدلية عبد الكريم الخطابي,35.2442961,-3.9353912,Al Hoceima الحسيمة,,
8662339313,node,Pharmacie Al Hoda صيدلية الهدى,35.2515169,-3.9406209,الحسيمة,,
8662351816,node,Pharmacie la Méditerranée صيدلية المتوسط,35.2465605,-3.941539,Al Hoceima الحسيمة,,
8663151162,node,Pharmacie Al Khair صيدلية الخير,35.2490309,-3.9476563,Al Hoceima الحسيمة,,
8664458386,node,Pharmacie Al Manar صيدلية المنار,35.1635724,-6.1562928,Laarache,,
8664500463,node,Pharmacie La Zone Industrielle صيدلية الحي الصناعي,35.1658677,-6.1521192,Larache,,
8664523661,node,Pharmacie Al Hambra صيدلية الهمبرة,35.168471,-6.1505216,Larache,,
8664526689,node,Pharmacie Chaabane صيدلية شعبان,35.1666725,-6.1481436,Larache,,
8664561236,node,Pharmacie Des Cliniques صيدلية المصحات,35.1644605,-6.1446698,Larache,,
8664588014,node,Pharmacie Al Maghreb Al Jadid صيدلية المغرب الجديد,35.1646887,-6.1386127,Larache,,
8664620427,node,Pharmacie Al Ghofrane صيدلية الغفران,35.1668194,-6.1365784,Larache,,
8664640278,node,Pharmacie Al Yakout صيدلية الياقوت,35.1725834,-6.1407206,Larache,,
8664649391,node,Pharmacie Ben Ali صيدلية بن علي,35.1722889,-6.144902,Larache,,
8664650458,node,Pharmacie Al Amal صيدلية الأمل,35.1710405,-6.1481464,Larache,,
8664738282,node,Pharmacie Arrahma صيدلية الرحمة,35.177512,-6.1522773,Larache,,
8664762390,node,Pharmacie Ibn Sina صيدلية ابن سينا,35.1751555,-6.1526258,Larache,,
8664812830,node,Pharmacie des FAR صيدلية القوات المسلحة الملكية,35.1830457,-6.1570935,Larache,,
8664813616,node,Pharmacie du Stade Municipal صيدلية الملعب البلدي,35.1804749,-6.1478848,Larache,,
8664815500,node,Pharmacie Hay El Jadid صيدلية الحي الجديد,35.1811432,-6.1560969,Larache,,
8664876411,node,Pharmacie Al Kaoutar صيدلي الكوثر,35.1854803,-6.1449401,Larache,,
8665003445,node,Pharmacie Jnane Bacha صيدلية جنان باشا,35.1861581,-6.1494024,Larache,,
8665004122,node,Pharmacie Azouagh صيدلية أزواغ,35.1861205,-6.1468454,Larache,,
8665954967,node,Pharmacie Assalam صيدلية السلام,35.1817619,-6.1439677,Larache,,
8665969850,node,Pharmacie Cherkaoui صيدلية الشرقاوي,35.179258,-6.1418953,Larache,,
8665990198,node,Pharmacie du Nord صيدلية الشمال,35.1780237,-6.1449747,Larache,,De Lundi au vendredi de 10:00 à 17:00 et le samedi de 10:00 à 14:00(Horaire Ramadan)
8666079848,node,Pharmacie Annasiha صيدلية النصيحة,35.1902958,-6.1567694,Larache,,
8666109057,node,Pharmacie Principale الصيدلية الرئيسية,35.1908599,-6.1514154,Larache,,
8666119957,node,Pharmacie Larache صيدلي العرائش,35.1892942,-6.1480772,Larache,,
8670112137,node,Pharmacie Al Andalous صيدلية الأندلس,35.1942528,-6.1597529,Larache العرائش,,
8670113113,node,Pharmacie Hay Nador صيدلية حي الناضور,35.1916976,-6.1619767,Larache,,
8670125253,node,Pharmacie Al Masjid صيدلية المسجد,35.1923757,-6.1570375,Larache العرائش,,
8670137671,node,Pharmacie Al Plazza صيدلية البلاصة,35.1948713,-6.1564536,Larache العرائش,,
8670159773,node,Pharmacie Gharnata صيدلية غرناطة,35.1945642,-6.1518752,Larache ⵍⵄⵔⴰⵢⵛ العرائش,,
8672098857,node,Pharmacie Centrale الصيدلية المركزية,35.196572,-6.1524199,Larache ⵍⵄⵔⴰⵢⵛ العرائش,,
8672101945,node,Pharmacie Populaire الصيدلية الشعبية,35.1965086,-6.1506662,Larache ⵍⵄⵔⴰⵢⵛ العرائش,,
8672153230,node,Pharmacie Lixus صيدلية ليكسوس,35.192844,-6.1514186,Larache ⵍⵄⵔⴰⵢⵛ العرائش,,
8672154552,node,Pharmacie Al Marssa صيدلية المرسة,35.1979366,-6.1481178,Larache العرائش,,
8672159509,node,Pharmacie Jaoui صيدلية الجاوي,35.1919075,-6.1476864,Larache,,
8672161500,node,Pharmacie Lalla Mennana صيدلية لالة منانة,35.1933595,-6.1499852,Larache ⵍⵄⵔⴰⵢⵛ العرائش,,
8672187924,node,Pharmacie Riad صيدلية رياض,35.1934403,-6.1539653,Larache ⵍⵄⵔⴰⵢⵛ العرائش,,
8672420814,node,Pharmacie Assalam صيدلية السلام,35.5676084,-5.421996,Tétouan تطوان,,
8672439847,node,Pharmacie Laouzienne صيدلية لاوزيين,35.5634207,-5.4277271,Tétouan,,
8672439874,node,Pharmacie Laamrani صيدلية العمراني,35.5658451,-5.4137288,Tétouan تطوان,,
8672527931,node,Pharmacie Alexandrie صيدلية الإسكندرية,35.5676432,-5.4099398,Tétouan,,
8674355343,node,Pharmacie Khandak Zerbouh صيدلية خندق الزربوح,35.5665779,-5.3957966,Tétouan,,
8674362524,node,Pharmacie Touebla صيدلية طويبلة,35.5647365,-5.3988156,Tétouan,,
8674476481,node,Pharmacie Zekri صيدلية زكري,35.5693517,-5.3949214,Tétouan,,
8674487019,node,Pharmacie Destin صيدلية القدر,35.5717763,-5.3914322,Tétouan تطوان,,
8674501608,node,Pharmacie Ain Khabbaz صيدلية عين خباز,35.568301,-5.3812684,Tétouan,,
8674505592,node,Pharmacie Al Hamama صيدلية الحمامة,35.5701463,-5.3869169,Tétouan,,
8674515585,node,Pharmacie Barrio Malaga صيدلية باريو مالغا,35.5744748,-5.3877955,Tétouan,,
8674521462,node,Pharmacie Achaab صيدلية الشعب,35.5745952,-5.3822488,Tétouan,,
8674530848,node,Pharmacie Nakhil صيدلية النخيل,35.5684079,-5.3763003,Tétouan ⵜⵉⵟⵟⴰⵡⵉⵏ تطوان,,
8674568705,node,Pharmacie Bentaouit صيدلية بن تاويت,35.5666651,-5.3809852,Tétouan,,
8676489412,node,Pharmacie Chellal صيدلية الشلال,35.5696995,-5.3789558,Tétouan ⵜⵉⵟⵟⴰⵡⵉⵏ تطوان,,
8676572915,node,Pharmacie Bab Tout صيدلية باب التوت,35.5707694,-5.3714621,Tétouan,,
8676582891,node,Pharmacie Centrale الصيدلية المركزية,35.56963,-5.3699987,Tétouan,,
8676646167,node,Pharmacie Baghdad صيدلية بغداد,35.5773689,-5.4000504,Tétouan تطوان,,
8676653862,node,Pharmacie Riad Taboula صيدلية رياض طابولة,35.5749299,-5.4050648,Tétouan تطوان,,
8676709230,node,Pharmacie Zoubairi صيدلية الزبيري,35.5765839,-5.3897867,Tétouan,,
8676713880,node,Pharmacie Haoumat Issaoua صيدلية حومة عيساوة,35.5790332,-5.3880374,Tétouan,,
8676718726,node,Pharmacie Dior El Makhzen صيدلية ديور المخزن,35.5765758,-5.3862566,Tétouan,,
8676740457,node,Pharmacie Sidi Talha صيدلية سيدي طلحة,35.576508,-5.3796721,Tétouan,,
8676744627,node,Pharmacie Abou Bakr Essedik صيدلية أبو بكر الصديق,35.5756565,-5.3767188,Tétouan,,
8676752402,node,Pharmacie Dersa Principale صيدلية ضرسة الرئيسية,35.5783285,-5.3776272,Tétouan,,
8676769119,node,Pharmacie Jaber صيدلية جابر,35.5769053,-5.3732221,Tétouan,,
8676775225,node,Pharmacie Touelah صيدلية طويلع,35.5807063,-5.3634399,Tétouan تطوان,,
8676776544,node,Pharmacie Polvorin Dersa صيدلية بولفوران ضرسة,35.5803137,-5.372421,Tétouan,,
8676794499,node,Pharmacie Omar Ibn Abdelaziz صيدلية عمر بن عبد العزيز,35.5811205,-5.3603846,Tétouan,,
8676797376,node,Pharmacie Hamza صيدلية حمزة,35.5885771,-5.3613359,Tétouan,,
8676802087,node,Pharmacie Azahra صيدلية الزهرة,35.5829827,-5.3592988,Tétouan,,
8676808546,node,Pharmacie Al Abawaine صيدلية الأبوين,35.5837641,-5.3630517,Tétouan تطوان,,
8676808816,node,Pharmacie El Azami صيدلية الأزمي,35.5866184,-5.3597369,Tétouan تطوان,,
8677754230,node,Pharmacie Dar Dmana صيدلية دار الضمانة,35.5885238,-5.3551069,Tétouan,,
8677760189,node,Pharmacie Jamaa Afailal صيدلية جامع أفيلال,35.5791129,-5.3597901,Tétouan,,
8677800668,node,Pharmacie Palestine صيدلية فلسطين,35.5787285,-5.3560486,Tétouan,,
8677836899,node,Pharmacie Lina صيدلية لينة,35.5835518,-5.354867,Tétouan,,
8677847723,node,Pharmacie Rif صيدلية الريف,35.5870117,-5.3468294,Tétouan,,
8677848490,node,Pharmacie Ziana صيدلية زيانة,35.5754131,-5.3633923,Tétouan,,
8677852113,node,Pharmacie Safir صيدلية سفير,35.5849598,-5.3493672,Tétouan تطوان,,
8679986421,node,Pharmacie Ben El Haddad صيدلية بن الحداد,35.596363,-5.3399282,Tétouan,,
8680006858,node,Pharmacie Souani صيدلية الصواني,35.6002659,-5.3275407,Tétouan,,
8680033884,node,Pharmacie Chaachoo صيدلية الشعشوع,35.5996541,-5.3255591,Tétouan تطوان,,
8680038211,node,Pharmacie Al Amine,35.611775,-5.3355004,Tétouan,,
8680069383,node,Pharmacie Samadi صيدلية الصمادي,35.6133605,-5.3325744,Tétouan,,
8680108629,node,Pharmacie Ismailia صيدلية إسماعيلية,35.5958836,-5.3457045,Tétouan,,
8680144350,node,Pharmacie Boujarrah صيدلية بوجراح,35.5918702,-5.3527852,Tétouan تطوان,,
8680153555,node,Pharmacie Boussafou صيدلية بوصافو,35.5942929,-5.3484436,Tétouan,,
8680220672,node,Pharmacie Ouiriaghli صيدلية وريغلي,35.5747358,-5.3460473,Tétouan,,
8680237142,node,Pharmacie Sidi El Mandri صيدلية سيدي المنظري,35.5758068,-5.3427604,Tétouan,,
8680240638,node,Pharmacie Atlas صيدلية أطلس,35.569561,-5.3516918,Tétouan,,
8681187439,node,Pharmacie Ichara Dersa صيدلية إشارة درسة,35.5788166,-5.3813902,Tétouan,,
8681241878,node,Pharmacie Ingenieros صيدلية أنجنيروس,35.5662844,-5.3722064,Tétouan,,
8684523500,node,Pharmacie Sidi Abdellah El Fakhar صيدلية سيدي عبد الله الفخار,35.5648138,-5.3604913,Tétouan,,
8684552208,node,Pharmacie Msalah Kdima صيدلية مصلى القديمة,35.5679254,-5.3675572,Tétouan,,
8684597479,node,Pharmacie Derdabi صيدلية الدردابي,35.5707056,-5.3663066,Tétouan,,
8684642336,node,Pharmacie Souk El Fouki صيدلية سوق الفوقي,35.5724045,-5.3684128,Tétouan,,
8684654659,node,Pharmacie Marjane صيدلية مرجان,35.6025277,-5.334983,Tétouan تطوان,,
8684720420,node,Pharmacie Dar Mourssia صيدلية دار مورسيا,35.5854307,-5.3714798,Tétouan تطوان,,
8684759615,node,Pharmacie Dream صيدلية دريم,35.5839687,-5.3369789,Tétouan,,
8684766152,node,Pharmacie Inara صيدلية الإنارة,35.5790837,-5.3344173,Tétouan,,
8684805075,node,Pharmacie Hopital des Spécialités صيدلية مستشفى التخصصات,35.5817841,-5.3335773,Tétouan,,
8684808978,node,Pharmacie Sabri صيدلية صبري,35.5797932,-5.3448622,Tétouan,,
8684836558,node,Pharmacie Ain Melloul صيدلية عين ملول,35.5841913,-5.341259,Tétouan,,
8684880895,node,Pharmacie Ibn Zaydoun صيدلية بن زيدون,35.5815716,-5.3492592,113,,
8686022573,node,Pharmacie Taboula صيدلية طابولة,35.567812,-5.3998864,Tétouan,,
8686032123,node,Pharmacie Bakkali صيدلية البقالي,35.571221,-5.412002,Tétouan,,
8686039934,node,Pharmacie Achahbar صيدلية أشاهبار,35.5784818,-5.346328,Tétouan,,
8686055595,node,Pharmacie 2000 صيدلية,35.5703154,-5.4017874,Tétouan,,
8686056728,node,Grande Pharmacie Nouvelle الصيدلية الجديدة الكبرى,35.5711799,-5.3756053,Tétouan ⵜⵉⵟⵟⴰⵡⵉⵏ تطوان,,
8686063413,node,Pharmacie Touabel صيدلية طوابل,35.5813198,-5.3569801,Tétouan,,
8688003700,node,Pharmacie El Oued Kouilma صيدلية الواد كويلمة,35.5623742,-5.3495173,Tétouan,,
8688073809,node,Pharmacie Thami Ouazzani صيدلية التهامي الوزاني,35.5690938,-5.3610396,Tétouan,,
8688081385,node,Pharmacie Al Aqsa صيدلية الأقصى,35.5652984,-5.3555672,Tétouan,,
8688104267,node,Pharmacie Wilaya Centre صيدلية مركز الولاية,35.5873045,-5.34264,Tétouan,,
8688121099,node,Pharmacie Mestassi صيدلية مستاسي,35.5628882,-5.3623767,Tétouan,,
8688185259,node,Pharmacie Mosquée Al Oumma صيدلية مسجد الأمة,35.5735413,-5.35232,Tétouan,,
8688202114,node,Pharmacie Mall Tétouan صيدلية مول تطوان,35.5865423,-5.3354714,Tétouan,,
8688268145,node,Pharmacie Azhar صيدلية الأزهر,35.5749692,-5.3570674,Tétouan,,
8688319732,node,Pharmacie Bab Saida صيدلية باب سعيدة,35.5730051,-5.3640767,Tétouan,,
8688325359,node,Pharmacie l'Hopital صيدلية المستشفى,35.5709575,-5.3541365,Tétouan,,
8688331734,node,Pharmacie Ibn Rochd صيدلية بن رشد,35.587425,-5.3392942,Tétouan,,
8688349289,node,Pharmacie Teknia صيدلية التقنية,35.5754825,-5.3497347,Tétouan,,
8689010126,node,Pharmacie Bouatyaoui صيدلية بوعطياوي,35.5835486,-5.3441298,Tétouan,,
8689094061,node,Pharmacie Faculté des Sciences صيدلية كلية العلوم,35.5646185,-5.3646802,Tétouan,,
8689097591,node,Pharmacie Fadil صيدلية فاضل,35.6048499,-5.3356337,Tétouan تطوان,,
8689112365,node,Pharmacie Jamaa Mezouak صيدلية جامع المزواق,35.5746509,-5.3921935,Tétouan,,
8689236864,node,Pharmacie Houmat Tanjaoua صيدلية حومة طنجاوة,35.5884551,-5.3517349,Tétouan تطوان,,
8689262090,node,Pharmacie Lawada صيدلية لوادعة,35.5723952,-5.3829565,Tétouan,,
8689323657,node,Pharmacie Zamzam صيدلية زمزم,35.5661286,-5.3586992,Tétouan,,
8689364022,node,Pharmacie Touta صيدلية التوتة,35.568216,-5.3560963,Tétouan,,
8690739113,node,Pharmacie Riad صيدلية رياض,35.5941163,-5.3575481,Tétouan تطوان,,
8690828690,node,Pharmacie Al Watan صيدلية الوطن,35.1658959,-2.9533699,Nador الناظور,,
8690865714,node,Pharmacie َAl Wahda صيدلية الوحدة,35.1692192,-2.9445513,Nador,,
8690924898,node,Pharmacie Benchellal صيدلية بنشلال,35.1729098,-2.9307534,Nador,,
8690942619,node,Pharmacie Le Monde صيدلية العالم,35.171119,-2.9350865,Nador,,
8690964772,node,Pharmacie Al Ikhlass صيدلية الإخلاص,35.1597491,-2.9696191,Nador,,
8690979075,node,Pharmacie Chams صيدلية الشمس,35.1668897,-2.9493911,Nador الناظور,,
8690985985,node,Pharmacie Al Hamama صيدلية الحمامة,35.1620235,-2.9649007,Nador الناظور,,
8691033217,node,Pharmacie Dar El Makhzen صيدلية دار المخزن,35.1628783,-2.9698406,Nador,,
8691876328,node,Pharmacie Bouyzerzaren صيدلية بويزرزارن,35.1658345,-2.9660994,Nador,,
8695308486,node,Pharmacie Al Mahatta صيدلية المحطة,35.1752168,-2.9227316,Nador الناظور,,
8697646464,node,Pharmacie de L'hopital صيدلية المستشفى,35.1756169,-2.9342297,Nador,,
8697653087,node,Pharmacie Ibn Sina صيدلية ابن سينا,35.1768281,-2.930624,Nador الناظور,,
8697837563,node,Pharmacie et Laboratoire Pasteur صيدلية و مختبر باستور,35.1685111,-2.932632,Nador,,
8698015965,node,Pharmacie Majestic صيدلية ماجستيك,35.1646197,-2.9571239,Nador الناظور,,
8698053764,node,Pharmacie Tanouti صيدلية التانوتي,35.1683598,-2.9364766,Nador,,
8698131990,node,Pharmacie Zamzam صيدلية زمزم,35.167557,-2.9586956,Nador الناظور,,
8701815910,node,Pharmacie Diass Oriental صيدلية دياس الشرقي,34.6466763,-1.9483332,Oujda ⵡⴻⵊⴷⴰ وجدة,,
8702096870,node,Pharmacie Al Bayane صيدلية البيان,34.6655002,-1.9426367,Oujda,+212 536 51 87 86,
8703122585,node,Pharmacie Hay Annour صيدلية حي النور,34.6693257,-1.9470976,Oujda,,
8703175783,node,Pharmacie Masjid Al Ghofrane صيدلية مسجد الغفران,34.6760556,-1.9404897,Oujda,,
8703182446,node,Pharmacie Dounia صيدلية دنيا,34.6809783,-1.9555759,Oujda,,
8703244501,node,Pharmacie 2020 صيدلية,34.6780619,-1.9533092,Oujda,,
8706768886,node,Pharmacie Annahar صيدلية النهار,34.7201303,-1.9372318,Oujda,,
8706800956,node,Pharmacie Al Kasr صيدلية القصر,34.7164253,-1.9257974,Oujda,,
8710025320,node,Pharmacie Ibn Badis صيدلية ابن باديس,34.6942392,-1.9202802,Oujda,,
8710148361,node,Pharmacie Souika Si Lakhdar صيدلية سويكا سي لخضر,34.689706,-1.9281726,Oujda,,
8710905165,node,Pharmacie Al Ouafae صيدلية الوفاء,34.6872998,-1.9438018,Oujda,,
8712468175,node,Pharmacie Marjane صيدلية مرجان,34.7362904,-1.9263599,Oujda وجدة,,
8712473950,node,Pharmacie la Station صيدلية محطة الوقود,34.739617,-1.9287928,Oujda,,
8712517932,node,Pharmacie Arrayane صيدلية الريان,34.7189389,-1.8934496,Oujda ⵡⴻⵊⴷⴰ وجدة,,
8712529126,node,Pharmacie Moussaoui صيدلية موساوي,34.7181658,-1.8976851,Oujda,,
8715008229,node,Pharmacie Haj Aid صيدلية حاج عيد,34.7083818,-1.8942652,وجدة,,
8715016863,node,Pharmacie Zone Industrielle صيدلية الحي الصناعي,34.7046329,-1.8956623,وجدة,,
8716015147,node,Pharmacie Azarkan صيدلية أزرقان,34.7120816,-1.9087679,Oujda,,
8722123066,node,Pharmacie Mansour Eddahbi صيدلية منصور الذهبي,34.700631,-1.9120243,Oujda,,
8722969181,node,Pharmacie Baghdad صيدلية بغداد,34.654128,-1.8820932,Oujda,,
8723035511,node,Pharmacie Afriquia صيدلية افريقيا,34.6517639,-1.8748099,Oujda,,
8723040959,node,Pharmacie Al Irfane Assanawbar صيدلية العرفان الصنوبر,34.6532177,-1.9218297,Oujda,,
8723055000,node,Pharmacie Hay Errabie صيدلية حي الربيع,34.6493069,-1.9112145,Oujda وجدة,,
8731417512,node,Pharmacie Olenka صيدلية أولينكا,34.6632183,-1.8788935,Oujda,,
8739817899,node,Pharmacie Taha صيدلية طه,34.6558256,-1.9297251,Oujda,,
8739868478,node,Pharmacie Hay Essalam صيدلية حي السلام,34.6616134,-1.9248687,Oujda,,
8740485336,node,Pharmacie Principale الصيدلية الرئيسية,34.6762608,-1.9223881,Oujda,+212 536682698,
8743022191,node,Pharmacie Village Jdid صيدلية الفيلاج الجديد,34.662311,-1.8849839,Oujda,,
8746259715,node,Pharmacie Jakarta صيدلية جاكرتا,34.6755778,-1.9040525,Oujda,,
8746574688,node,Pharmacie Khouna صيدلية خونا,34.6785853,-1.8964222,Oujda,,
8749974816,node,Pharmacie Espace Agdal صيدلية فضاء أكدال,34.6724424,-1.8592062,Oujda ⵡⴻⵊⴷⴰ وجدة,,
8750431027,node,Pharmacie Zenati صيدلية زناتي,34.6780523,-1.8752538,Oujda,,
8750753645,node,Pharmacie Amzil صيدلية أمزيل,34.6792872,-1.8626011,Oujda وجدة,,
8751151563,node,Pharmacie Les Jardins de Lazaret صيدلية حدائق لازاري,34.6986141,-1.872389,Oujda,,
8751155475,node,Pharmacie Jouadra صيدلية جوادرة,34.7077695,-1.8599875,Oujda ⵡⴻⵊⴷⴰ وجدة,,
8753138792,node,Pharmacie Oued Eddahab صيدلية وادي الذهب,34.6838944,-1.8821829,Oujda,,
8753248004,node,Pharmacie Ouasrhir صيدلية واسرير,34.6906356,-1.8894934,Oujda,,
8753318124,node,Pharmacie El Meskyny صيدلية المسكيني,34.6953597,-1.8930773,Oujda,,
8753343718,node,Pharmacie Bennis صيدلية بنيس,34.6994468,-1.8943105,Oujda,+212 536 71 28 08,
8753407746,node,Pharmacie Avicenne صيدلية ابن سينا,34.6976255,-1.8982034,Oujda,,
8755743387,node,Pharmacie Laymoune,33.5445452,-7.6645793,Casablanca,,"Mo-Fr 09:00-13:00,15:00-20:30"
8757921545,node,Pharmacie Rif Douzi صيدلية الريف الدوزي,34.6878695,-1.8914512,Oujda,,
8758104476,node,Pharmacie Mehdi صيدلية مهدي,34.6856035,-1.9195578,Oujda وجدة,+212 536700723,
8758112846,node,Pharmacie Zohir صيدلية زهير,34.6858497,-1.9143154,Oujda,+212 536611616,
8758224822,node,Pharmacie Nadia صيدلية نادية,34.6790061,-1.900171,Oujda,+212 5 36 70 38 00,
8758643944,node,Pharmacie Maarouf صيدلية معروف,34.6878309,-1.9122208,Oujda,,
8758665516,node,Para & Pharmacie Vélodrome,33.5914391,-7.6409462,,,
8758981926,node,Pharmacie Taha Houssine,33.5632216,-7.5910097,Casablanca ⵜⴰⴷⴷⴰⵔⵜ ⵜⵓⵎⵍⵉⵍⵜ الدار البيضاء,,
8764997904,node,Pharmacie El Mekki Naciri صيدلية المكي الناصري,34.6880472,-1.9394322,Oujda,,
8768657112,node,Pharmacie Okba Ibn Nafi صيدلية عقبة بن نافع,34.7007032,-1.9073289,وجدة,+212 536520410,
8769050025,node,Pharmacie Al Andalous صيدلية الأندلس,33.061902,-7.2449421,Ben Ahmed,,
8769126713,node,Pharmacie Tamar صيدلية التمار,33.0619977,-7.2434945,Ben Ahmed,+212 5 27 54 23 68,
8769174398,node,Pharmacie Bissmillah صيدلية بسم الله,33.0629964,-7.242001,Ben Ahmed,,
8769257922,node,Pharmacie Eddechra صيدلية الدشرة,33.0626054,-7.2396329,Ben Ahmed,,
8769288549,node,Pharmacie Mekka صيدلية مكة,33.063915,-7.2468762,Ben Ahmed,,
8769290474,node,Pharmacie M'Zab صيدلية مزاب,33.0653488,-7.2462735,Ben Ahmed ⴱⵏ ⵃⵎⴷ بن أحمد,,
8769291429,node,Pharmacie Yassine صيدلية ياسين,33.063506,-7.2376658,Ben Ahmed,,
8769298104,node,Pharmacie La Grande Mosquée صيدلية المسجد الأعظم,33.0642768,-7.2451336,Ben Ahmed بن أحمد,,
8769450303,node,Pharmacie Sahih صيدلية صحيح,33.0691169,-7.2423237,Ben Ahmed,,
8772783465,node,Pharmacie de la Ville Nouvelle صيدلية المدينة الجديدة,35.7033186,-5.9359797,Tanger,,
8772801476,node,Pharmacie les Jardins de l’Atlantique صيدلية حدائق الأطلسي,35.7054585,-5.9309591,Tanger,,
8772821201,node,Pharmacie Vidal صيدلية فيدال,35.7064759,-5.9180722,Tanger,,
8772883528,node,Pharmacie Bassam صيدلية بسام,35.7090476,-5.915646,Tanger,,
8772890615,node,Pharmacie Zone Franche صيدلية المنطقة الحرة,35.7090939,-5.9092204,Tanger,,
8772938630,node,Pharmacie Nadia صيدلية نادية,35.6976301,-5.9170128,Tanger,,
8772996282,node,Pharmacie El Irfane صيدلية العرفان 2,35.7412978,-5.886864,Tanger ⵜⵉⵏ ⵉⴳⴳⵉ طنجة,,
8773070627,node,Pharmacie Al Faraj صيدلية الفرج,35.7374727,-5.8835907,Tanger,,
8773079122,node,Pharmacie Cap Spartel صيدلية كاب سبارطيل,35.737151,-5.8875324,Tanger طنجة,,
8773229205,node,Pharmacie Al Irfane صيدلية العرفان,35.7324127,-5.8819208,Tanger,,
8773284487,node,Pharmacie Route de Rabat صيدلية طريق الرباط,35.7296197,-5.8802996,Tanger,,
8773542427,node,Pharmacie Al Moustakbal صيدلية المستقبل,35.7338,-5.8686245,Tanger ⵜⵉⵏ ⵉⴳⴳⵉ طنجة,,
8773556962,node,Pharmacie Bennani صيدلية بناني,35.7403433,-5.8778488,Tanger ⵜⵉⵏ ⵉⴳⴳⵉ طنجة,,
8773573965,node,Pharmacie Achakkar صيدلية أشقار,35.7447997,-5.8845612,Tanger ⵜⵉⵏ ⵉⴳⴳⵉ طنجة,,
8773605926,node,Pharmacie Al Hamd صيدلية الحمد,35.7355071,-5.8587766,Tanger طنجة,,
8773963115,node,Pharmacie Hassani صيدلية الحسني,35.7371355,-5.8556197,Tanger طنجة,,
8774009433,node,Pharmacie Nour Moujamma Hassani صيدلية نور المجمع الحسني,35.7309886,-5.8524769,Tanger طنجة,,
8774028204,node,Pharmacie Wissal صيدلية وصال,35.7323562,-5.8557741,Tanger طنجة,,
8774058323,node,Pharmacie Bayti صيدلية بيتي,35.7315199,-5.848763,Tanger طنجة,,
8774909985,node,Pharmacie Ajial صيدلية أجيال,35.7304537,-5.8458172,Tanger,,
8776717252,node,Pharmacie Bir El Ghazi صيدلية بئر الغازي,35.7132712,-5.8109078,Tanger طنجة,,
8776742036,node,Pharmacie La Perle du Boughaz صيدلية جوهرة البوغاز,35.7096498,-5.8066446,Tanger ⵜⵉⵏ ⵉⴳⴳⵉ طنجة,,
8776767321,node,Pharmacie la Vie صيدلية الحياة,35.7121675,-5.804804,Tanger ⵜⵉⵏ ⵉⴳⴳⵉ طنجة,,
8776845088,node,Pharmacie Salima صيدلية سليمة,35.7205009,-5.7919902,Tanger,,
8776859991,node,Pharmacie Khadak Dir صيدلية خضر دير,35.7229624,-5.7918022,Tanger,,
8776884470,node,Pharmacie Hjar Sfar صيدلية حجر الصفر,35.7230817,-5.7891985,Tanger,,
8776895421,node,Pharmacie Madcher Al Aouama صيدلية مدشر العوامة,35.7218432,-5.794929,Tanger,,
8776913641,node,Pharmacie Azhar Chifae صيدلية أزهار الشفاء,35.7203982,-5.7979005,Tanger,,
8776932682,node,Pharmacie Aïn Dalya صيدلية عين دالية,35.7201044,-5.8044386,Tanger ⵜⵉⵏ ⵉⴳⴳⵉ طنجة,,
8777040972,node,Pharmacie Khandaq El Ward صيدلية خندق الورد,35.7278783,-5.7930472,Tanger طنجة,,
8778878487,node,Pharmacie Abdelmajid Al Atia صيدلية عبد المجيد العطية,35.7279901,-5.7880793,Tanger,,
8778882613,node,Pharmacie Adam صيدلية اًدم,35.7320608,-5.7882049,Tanger,,
8778886367,node,Pharmacie Ward El Aouama صيدلية ورد العوامة,35.7305111,-5.7850469,Tanger,,
8778913209,node,Pharmacie Al Assil صيدلية الأصيل,35.7315316,-5.7661858,Tanger,,
8778927255,node,Pharmacie Sekka Aouama صيدلية السكة العوامة,35.7322381,-5.7944065,Tanger طنجة,,
8778936613,node,Pharmacie Al karam صيدلية الكرم,35.7274639,-5.768369,Tanger طنجة,,
8779024484,node,Pharmacie Ain Echifae صيدلية عين الشفاء,35.7352668,-5.8510317,Tanger طنجة,,
8779025841,node,Pharmacie Al Aouama Charkia صيدلية العوامة الشرقية,35.7240954,-5.79953,Tanger ⵜⵉⵏ ⵉⴳⴳⵉ طنجة,,
8779047104,node,Pharmacie Gare Routière صيدلية المحطة الطرقية,35.7228895,-5.8610412,Tanger ⵜⵉⵏ ⵉⴳⴳⵉ طنجة,,
8779052697,node,Pharmacie du Grand Stade صيدلية الملعب الكبير,35.7382582,-5.847701,Tanger طنجة,,
8779076650,node,Pharmacie Lilia صيدلية ليليا,35.7153469,-5.8846399,Tanger,,
8779080480,node,Pharmacie L'Amitié صيدلية الصداقة,35.723227,-5.878017,Tanger,,
8779085499,node,Pharmacie Houssam صيدلية حسام,35.7118735,-5.8938187,Tanger,,
8779098639,node,Pharmacie Addoha Rif صيدلية الضحى ريف,35.7088136,-5.9019591,Tanger,,
8779106742,node,Pharmacie El Filali صيدلية الفيلالي,35.7097019,-5.8987876,Tanger,,
8779115801,node,Pharmacie Ibn Al Arabi صيدلية ابن العربي,35.7402627,-5.8677095,Tanger,,
8779143922,node,Pharmacie Marshan صيدلية مرشان,35.7409228,-5.8663561,Tanger,,
8779150093,node,Pharmacie Ibn Khaldoun صيدلية ابن خلدون,35.7469497,-5.7956736,Tanger,,
8779150287,node,Pharmacie Dar Tounsi صيدلية دار التونسي,35.7525722,-5.7988798,Tanger طنجة,,
8779160924,node,Pharmacie Al Yakine صيدلية اليقين,35.7521903,-5.7963115,Tanger طنجة,,
8779164833,node,Pharmacie Al Majd صيدلية المجد,35.7450726,-5.7963218,Tanger طنجة,,
8779185690,node,Pharmacie La Source صيدلية المنبع,35.7421059,-5.7966406,Tanger طنجة,,
8779200042,node,Pharmacie Mountassir صيدلية منتصر,35.7379854,-5.7990585,Tanger طنجة,,
8786375529,node,Pharmacie Grand Maghreb صيدلية المغرب الكبير,35.728395,-5.8061626,Tanger ⵜⵉⵏ ⵉⴳⴳⵉ طنجة,,
8786431369,node,Pharmacie Doha Louama صيدلية الضحى العوامة,35.7243955,-5.806841,Tanger ⵜⵉⵏ ⵉⴳⴳⵉ طنجة,,
8786480316,node,Pharmacie Route El Aouama صيدلية طريق العوامة,35.7339531,-5.8018479,Tanger ⵜⵉⵏ ⵉⴳⴳⵉ طنجة,,
8786530032,node,Pharmacie Zineb صيدلية زينب,35.7344339,-5.8052226,Tanger ⵜⵉⵏ ⵉⴳⴳⵉ طنجة,,
8786573447,node,Pharmacie El Attabi صيدلية العتابي,35.737058,-5.8029729,Tanger ⵜⵉⵏ ⵉⴳⴳⵉ طنجة,,
8789213297,node,Pharmacie Al Zahara صيدلية الزهارة,35.7408118,-5.8012384,Tanger طنجة,,
8789247117,node,Pharmacie Al Hambra صيدلية الحمراء,35.7389882,-5.8055448,Tanger طنجة,,
8789329017,node,Pharmacie Al Aouda صيدلية العودة,35.7470338,-5.8057471,Tanger طنجة,,
8789330443,node,Pharmacie Hamza صيدلية حمزة,35.7482557,-5.8017203,Tanger طنجة,,
8789797362,node,Pharmacie Anoual صيدلية أنوال,35.750137,-5.7993912,Tanger طنجة,,
8789860257,node,Pharmacie Al Houria صيدلية الحرية,35.7467466,-5.8003376,Tanger طنجة,,
8789866011,node,Pharmacie Annour صيدلية النور,35.7447193,-5.8017768,Tanger طنجة,,
8789935713,node,Pharmacie Sania صيدلية السانيا,35.7429855,-5.8060324,Tanger طنجة,,
8789946332,node,Pharmacie El Aouama صيدلية العوامة,35.7433347,-5.7997666,Tanger طنجة,,
8790084574,node,Pharmacie Jirari صيدلية الجيراري,35.7488173,-5.80866,Tanger طنجة,,
8790144029,node,Pharmacie Afriquia صيدلية إفريقيا,35.752572,-5.8070116,Tanger طنجة,,
8790161332,node,Pharmacie Moulay Ali Cherif صيدلية مولي علي الشريف,35.7515983,-5.8020735,Tanger طنجة,,
8790182886,node,Pharmacie Fares صيدلية فارس,35.7555289,-5.7948987,Tanger,,
8790225817,node,Pharmacie du Quartier صيدلية الحي,35.7572738,-5.7965159,Tanger,,
8791671580,node,Pharmacie Irchad صيدلية الإرشاد,35.7553991,-5.7989719,Tanger طنجة,,
8791780067,node,Pharmacie Al Raha صيدلية الراحة,35.7660064,-5.8049135,Tanger طنجة,,
8791808232,node,Pharmacie Passadena صيدلية باسادينا,35.7660792,-5.7995678,Tanger طنجة,,
8791852156,node,Grande Pharmacie Rif صيدلية الريف الكبرى,35.7539222,-5.8100232,Tanger طنجة,,
8791853805,node,Pharmacie Benallal صيدلية ابن علال,35.7554299,-5.8020759,Tanger طنجة,,
8791867819,node,Pharmacie Hay Bouhout صيدلية حي بوحوت,35.7553348,-5.8055756,Tanger طنجة,,
8792314823,node,Pharmacie de la Santé صيدلية الصحة,35.7581749,-5.8015535,Tanger,,
8792346916,node,Pharmacie Tafilalet صيدلية تافيلالت,35.7571433,-5.8103002,Tanger طنجة,,
8792374279,node,Pharmacie Al Hikma صيدلية الحكمة,35.7591814,-5.8048347,Tanger طنجة,,
8792399569,node,Pharmacie Drissia صيدلية الإدريسية,35.7622996,-5.8034792,Tanger طنجة,,
8792404870,node,Pharmacie du Parc صيدلية الروض,35.7630107,-5.8126443,Tanger طنجة,,
8792431649,node,Pharmacie Province صيدلية العمالة,35.7643841,-5.8082636,Tanger طنجة,,
8792433383,node,Pharmacie Al Kodss صيدلية القدس,35.7625622,-5.8065548,Tanger طنجة,,
8792466181,node,Pharmacie Al Fahs صيدلية الفحص,35.7503577,-5.8147573,Tanger طنجة,,
8792466392,node,Pharmacie Assalam صيدلية السلام,35.7518181,-5.8116118,Tanger طنجة,,
8795156062,node,Pharmacie Zaoudia صيدلية الزاودية,35.7555978,-5.8166095,Tanger طنجة,,
8811615542,node,Pharmacie Masjid Mabrouka صيدلية مسجد مبروكة,35.7572922,-5.8132476,Tanger طنجة,,
8811617405,node,Pharmacie Beni Makada صيدلية بني مكادة,35.7591748,-5.8128161,Tanger طنجة,,
8811650131,node,Pharmacie Mabrouka صيدلية مبروكة,35.7582633,-5.8147929,Tanger طنجة,,
8811694650,node,Pharmacie Al Kantara صيدلية القنطرة,35.7589782,-5.8214875,Tanger طنجة,,
8811706507,node,Pharmacie Ibn Annafis صيدلية بن النفيس,35.7613621,-5.8172393,Tanger طنجة,,
8811747157,node,Pharmacie Hay Al Boughaz صيدلية حي البوغاز,35.7611284,-5.8141052,Tanger طنجة,,
8811771540,node,Pharmacie Mouadafine صيدلية الموظفين,35.7587386,-5.8186058,Tanger طنجة,,
8811798586,node,Pharmacie Préfecture Beni Makada صيدلية عمالة بني مكادة,35.7418415,-5.8097779,Tanger طنجة,,
8811803855,node,Pharmacie Al Fath صيدلية الفتح,35.7421352,-5.8125651,Tanger,,
8811814167,node,Pharmacie Badr صيدلية بدر,35.7450738,-5.8094117,Tanger طنجة,,
8811885979,node,Pharmacie Belkacem صيدلية بلقاسم,35.7472566,-5.8114154,Tanger طنجة,,
8811910202,node,Pharmacie Ouled Allal صيدلية أولاد علال,35.7435833,-5.8152877,Tanger طنجة,,
8812208759,node,Pharmacie Nouvelle الصيدلية الجديدة,35.7573328,-5.8242892,Tanger طنجة,,
8812218181,node,Pharmacie Al Hilal صيدلية الهلال,35.7542749,-5.8302825,Tanger طنجة,,
8812234114,node,Pharmacie du Nord صيدلية الشمال,35.7584477,-5.8280272,Tanger طنجة,,
8812272864,node,Pharmacie Anas صيدلية أنس,35.751932,-5.8318449,Tanger طنجة,,
8812296468,node,Pharmacie Bni Touzine صيدلية بني توزين,35.7361164,-5.8436013,Tanger طنجة,,
8812298747,node,Pharmacie Riad ahlen صيدلية رياض أهلا,35.742425,-5.843168,Tanger طنجة,,
8812304602,node,Pharmacie Sara صيدلية سارة,35.7381529,-5.8357057,Tanger طنجة,,
8812391021,node,Pharmacie Chems Ahlan صيدلية شمس أهلا,35.7423713,-5.8384262,Tanger طنجة,,
8812421496,node,Grande Pharmacie Assia صيدلية اسيا الكبرى,35.7444463,-5.8328432,Tanger طنجة,,
8812445282,node,Pharmacie Al Kaoutar صيدلية الكوثر,35.7450295,-5.8393477,Tanger طنجة,,
8812469308,node,Pharmacie Taferssiti صيدلية تافرسيتي,35.7414332,-5.8336189,Tanger طنجة,,
8812951614,node,Pharmacie Annasr صيدلية النصر,35.7504079,-5.8295296,Tanger طنجة,,
8812961026,node,Pharmacie Beni Ouriaghel صيدلية بني ورياغل,35.7461918,-5.8298527,Tanger طنجة,,
8812993151,node,Pharmacie Ahlan صيدلية أهلا,35.7475809,-5.8404456,Tanger طنجة,,
8813009404,node,Pharmacie Erradi صيدلية الراضي,35.7486334,-5.8376615,Tanger طنجة,,
8814630363,node,Pharmacie Bendibane صيدلية بن ديبن,35.7559422,-5.8209421,Tanger طنجة,,
8814638987,node,Pharmacie Al Firdaous صيدلية الفردوس,35.7543733,-5.8277417,Tanger طنجة,,
8814684096,node,Pharmacie Hay Ouarda صيدلية حي الوردة,35.7538142,-5.818627,Tanger طنجة,,
8814699761,node,Pharmacie Madrid صيدلية مدريد,35.7527334,-5.8220466,Tanger طنجة,,
8814761689,node,Pharmacie Ghailane صيدلية غيلان,35.7516884,-5.8184929,Tanger طنجة,,
8814814829,node,Pharmacie Al Mouna صيدلية المنى,35.7491823,-5.8174646,Tanger,,
8814925622,node,Pharmacie Al Idrissi صيدلية الإدريسي,35.7462614,-5.8170134,Tanger طنجة,,
8814945174,node,Pharmacie Zemzem صيدلية زمزم,35.7460004,-5.8207251,Tanger,,
8815036421,node,Pharmacie Al Jamae صيدلية الجامع,35.7432827,-5.82036,Tanger,,
8815065286,node,Pharmacie Ibn Toufail صيدلية بن طفيل,35.7450041,-5.8233534,Tanger,,
8817736187,node,Pharmacie Bir Chifae صيدلية بير الشفاء,35.7428183,-5.8259495,Tanger,,
8817818953,node,Pharmacie Avenue Koweït صيدلية شارع الكويت,35.7393423,-5.8120831,Tanger طنجة,,
8817836946,node,Pharmacie Zouitina صيدلية الزويتينة,35.732901,-5.8116348,Tanger,,
8817949327,node,Pharmacie Andalucia صيدلية الأندلسية,35.7312268,-5.8070085,Tanger طنجة,,
8817963539,node,Pharmacie Imam Ali صيدلية إمام علي,35.7294235,-5.8124782,Tanger,,
8817977526,node,Pharmacie Al Ouroud Malika صيدلية الورود مليكة,35.7264792,-5.8093655,Tanger طنجة,,
8818039511,node,Pharmacie El Mers صيدلية المرس,35.7391683,-5.8252248,Tanger,,
8818041098,node,Pharmacie Achennad صيدلية أشناد,35.7404209,-5.8286718,Tanger,,
8818047798,node,Pharmacie El Hadri صيدلية الحضري,35.7360571,-5.8306417,Tanger,,
8818058974,node,Pharmacie Bayt Al Makdisse صيدلية بيت المقدس,35.7384796,-5.8319203,Tanger,,
8818095842,node,Pharmacie Riad Achifaa صيدلية رياض الشفاء,35.735227,-5.8341992,Tanger,,
8818121482,node,Pharmacie Salama صيدلية السلامة,35.7376483,-5.8278288,Tanger,,
8818146617,node,Pharmacie Beni Said صيدلية بني سعيد,35.7328169,-5.8318572,Tanger,,
8818248960,node,Pharmacie Boughlala صيدلية بوغلالة,35.7295632,-5.8350427,Tanger,,
8818265538,node,Pharmacie Alharrarine صيدلية الحرارين,35.7301164,-5.8392704,Tanger,,
8818324411,node,Pharmacie El Mesnaoui صيدلية المسناوي,35.7348007,-5.8274459,Tanger,,
8818326887,node,Pharmacie Bhrayen صيدلية البحريين,35.7323353,-5.8261185,Tanger,,
8818370201,node,Pharmacie Complexe Al Baraka 1 صيدلية مجمع البركة,35.731719,-5.8184442,Tanger,,
8818382645,node,Pharmacie Ramses صيدلية رمسيس,35.7288515,-5.8180304,Tanger,,
8818408000,node,Pharmacie Mikou صيدلية ميكو,35.7248815,-5.8133417,Tanger ⵜⵉⵏ ⵉⴳⴳⵉ طنجة,,
8818883564,node,Pharmacie Tanmia صيدلية التنمية,35.7374112,-5.7657254,Tanger طنجة,,
8818895821,node,Pharmacie Rahhali صيدلية الرحالي,35.7401384,-5.765085,Tanger ⵜⵉⵏ ⵉⴳⴳⵉ طنجة,,
8818900253,node,Pharmacie Jihane صيدلية جيهان,35.7418848,-5.7754502,Tanger,,
8818916484,node,Pharmacie Aïn Al Jadida صيدلية عين الجديدة,35.7461422,-5.7754259,Tanger,,
8818917918,node,Pharmacie M'Ghogha صيدلية مغوغة,35.7436011,-5.7780437,Tanger,,
8818925768,node,Pharmacie Najah صيدلية النجاح,35.7476996,-5.7727257,Tanger,,
8821486092,node,Pharmacie Leila صيدلية ليلى,35.7482953,-5.7778738,Tanger طنجة,,
8821496001,node,Pharmacie Ali Atifi صيدلية علي العاطيفي,35.7497991,-5.7750419,Tanger,,
8821512586,node,Pharmacie Zone Industrielle صيدلية الحي الصناعي,35.7456342,-5.7826468,Tanger,,
8821588212,node,Pharmacie M'Ghogha Kbira صيدلية مغوغة الكبرى,35.7506064,-5.7803861,Tanger,,
8821677717,node,Pharmacie Taissir صيدلية التيسير,35.7515728,-5.7870662,Tanger,,
8821723302,node,صيدلية مالاباطا هيلز,35.7808403,-5.7530011,Tanger,+212 5 26 01 29 24,
8821789165,node,Pharmacie Akalai صيدلية أكلاعي,35.7679127,-5.7523456,Tanger ⵜⵉⵏ ⵉⴳⴳⵉ طنجة,,
8821817942,node,Pharmacie Oued Sania صيدلية وادي السانية,35.7689272,-5.7571945,Tanger ⵜⵉⵏ ⵉⴳⴳⵉ طنجة,,
8821848895,node,صيدلية عيش,35.763499,-5.756338,Tanger ⵜⵉⵏ ⵉⴳⴳⵉ طنجة,+212 5 39 30 15 48,
8821854329,node,صيدلية الصبر,35.7581831,-5.7605318,Tanger,+212 5 31 18 92 72,
8821874640,node,صيدلية الرضى,35.7624593,-5.7625914,طنجة,+212 5 39 30 12 82,
8821966651,node,Pharmacie Ben Ayad صيدلية بن عياد,35.7704222,-5.7719122,Tanger,,
8821980831,node,Pharmacie Perle de Méditerranée صيدلية لؤلؤة المتوسط,35.7673647,-5.7610958,Tanger ⵜⵉⵏ ⵉⴳⴳⵉ طنجة,,
8821992612,node,صيدلية إبويين,35.7711249,-5.764848,Tanger,+212 5 31 31 37 48,
8822008757,node,Pharmacie Dhar El Mers صيدلية ظهر المرس,35.7667996,-5.7650737,Tanger,,
8822009723,node,Pharmacie Meftah El Khair صيدلية مفتاح الخير,35.7679104,-5.7733356,Tanger,,
8822017841,node,صيدلية البحر الابيض المتوسط,35.7691537,-5.7674069,Tanger,+212 5 39 94 50 46,
8824392750,node,صيدلية الغندوري,35.7823562,-5.7612436,Tanger ⵜⵉⵏ ⵉⴳⴳⵉ طنجة,+212 5 39 30 13 88,
8824433366,node,Pharmacie Al Issrae صيدلية الإسراء,35.7588341,-5.7864931,Tanger,,
8824469932,node,Pharmacie Hay Benkirane صيدلية حي بنكيران,35.7601988,-5.78885,Tanger,,
8824526679,node,صيدلية مسجد الفتح,35.7644754,-5.7832312,Tanger,+212 5 39 35 31 98,
8824569028,node,Pharmacie El Alia صيدلية العالية,35.7636391,-5.794075,Tanger,,
8824606750,node,Pharmacie Palestine صيدلية فلسطين,35.7640867,-5.7909213,Tanger,,
8825161696,node,Pharmacie Saada صيدلية السعادة,35.7632332,-5.7958386,Tanger,,
8825173122,node,Pharmacie Charf صيدلية شرف,35.7664721,-5.7940716,Tanger,,
8825181780,node,صيدلية محج محمد السادس,35.7742203,-5.784187,Tanger طنجة,+212 5 39 94 21 81,
8825275806,node,Pharmacie Santé City Center صيدلية الصحة سيتي سنتر,35.7706519,-5.7823642,Tanger طنجة,,
8825311022,node,Pharmacie de la Gare,35.7713361,-5.7858704,Tanger طنجة,,
8825407656,node,Pharmacie Laaziza صيدلية العزيزة,35.772023,-5.7951018,Tanger طنجة,,
8825610857,node,Pharmacie Aida صيدلية عايدة,35.775314,-5.7952144,Tanger ⵜⵉⵏ ⵉⴳⴳⵉ طنجة,,
8825642480,node,Pharmacie Al Andalous صيدلية الأندلس,35.7757811,-5.8015618,Tanger ⵜⵉⵏ ⵉⴳⴳⵉ طنجة,,
8825773489,node,Pharmacie 2000 صيدلية,35.7689607,-5.8115506,Tanger طنجة,,
8825782900,node,Pharmacie Moulay Youssef صيدلية مولاي يوسف,35.7700159,-5.8057085,Tanger طنجة,,
8825811268,node,Pharmacie Phardet صيدلية فارضت,35.7705717,-5.8141986,Tanger طنجة,,
8827335717,node,Pharmacie Al Amal صيدلية الأمل,35.7622384,-5.8194224,Tanger طنجة,,
8827367780,node,Pharmacie Place du Maroc صيدلية ساحة المغرب,35.7657382,-5.8163376,Tanger,,
8827370704,node,Avenue Youssef Ibn Tachfine شارع يوسف بن تاشفين,35.7710518,-5.8031016,Tanger طنجة,,
8827390649,node,Pharmacie Jade صيدلية جاد,35.772407,-5.8053327,Tanger طنجة,,
8827576257,node,Pharmacie Al Farabi صيدلية الفرابي,35.7723097,-5.8076621,Tanger طنجة,,
8827725016,node,Pharmacie La Wilaya صيدلية الولاية,35.7725945,-5.8113934,Tanger طنجة,,
8827810948,node,Pharmacie Ariha صيدلية أريحا,35.771005,-5.8113856,Tanger طنجة,,
8827856238,node,Pharmacie Jamila صيدلية جميلة,35.7729531,-5.8138968,Tanger طنجة,,
8827956926,node,Pharmacie Granada صيدلية غرناطة,35.7760393,-5.8080033,Tanger طنجة,,
8827981343,node,Grande Pharmacie Zeroual صيدلية زروال الكبرى,35.7760357,-5.8140097,Tanger طنجة,,
8828006544,node,Pharmacie du Lycée صيدلية الليسي,35.7781229,-5.8096733,Tanger طنجة,,
8828049938,node,Grande Pharmacie Pasteur الصيدلية الكبرى باستور,35.7810778,-5.8123201,Tanger طنجة,,
8828063163,node,Pharmacie Centrale الصيدلية المركزية,35.780116,-5.8100992,Tanger طنجة,,
8828065054,node,Pharmacie de Paris صيدلية باريس,35.78087,-5.8122742,Tanger طنجة,,
8828345028,node,Pharmacie Ibn Rochd صيدلية بن رشد,35.778412,-5.8191224,Tanger طنجة,,
8829698794,node,Pharmacie M'sallah صيدلية المصلى,35.7743237,-5.8175644,Tanger طنجة,,
8829713219,node,Pharmacie Ibn khatib صيدلية ابن الخطيب,35.7753514,-5.8201833,Tanger طنجة,,
8829742776,node,Pharmacie El Kindy صيدلية الكندي,35.7730008,-5.8218784,Tanger طنجة,,
8829760068,node,Pharmacie Val Fleuri صيدلية فال فلوري,35.7769023,-5.8283848,Tanger طنجة,,
8829787356,node,Pharmacie Bel Air صيدلية بيلير,35.774169,-5.8261136,Tanger طنجة,,
8829816556,node,Pharmacie Chifae صيدلية الشفاء,35.7789399,-5.825752,Tanger طنجة,,
8829838789,node,Pharmacie Souk El Bakar صيدلية سوق البقر,35.7790739,-5.8308461,Tanger طنجة,,
8829854252,node,Pharmacie Mister Khouch صيدلية مستر خوش,35.7738241,-5.8327767,Tanger طنجة,,
8829858194,node,Pharmacie Camelia صيدلية كاميليا,35.7730293,-5.8296408,Tanger طنجة,,
8831916725,node,Pharmacie Al Imam Malik صيدلية إمام مالك,35.7621172,-5.8222234,Tanger طنجة,,
8831957801,node,Pharmacie Rabea El Adaouia صيدلية رابعة العدوية,35.7652763,-5.824776,Tanger طنجة,,
8832041793,node,Pharmacie Casabarata صيدلية كازاباراتا,35.767018,-5.8213004,Tanger طنجة,,
8832649901,node,Pharmacie Anfa صيدلية أنفا,35.7689049,-5.8171629,Tanger طنجة,,
8832663748,node,Pharmacie Al Ghazali صيدلية الغزالي,35.7697558,-5.8211379,Tanger طنجة,,
8832680393,node,Grande Pharmacie Souani صيدلية السواني الكبرى,35.7701548,-5.8242214,Tanger,,
8832704750,node,Pharmacie Populaire الصيدلية الشعبية,35.7682205,-5.8249103,Tanger طنجة,,
8833158375,node,Grande Pharmacie Branes صيدلية برانص الكبرى,35.7628519,-5.8249922,Tanger طنجة,,
8833171558,node,Pharmacie Abi Abass Sebti صيدلية العباس السبتي,35.7675312,-5.828763,Tanger طنجة,,
8833275716,node,Pharmacie Inas صيدلية إيناس,35.7599922,-5.830995,Tanger طنجة,,
8835929408,node,Pharmacie Ibn Batouta صيدلية ابن بطوطة,35.7628179,-5.8320191,Tanger طنجة,,
8835940978,node,Pharmacie Ibn Barrajan صيدلية ابن برجان,35.7577169,-5.8329304,Tanger طنجة,,
8835944289,node,Pharmacie Atlas صيدلية أطلس,35.7650926,-5.8279345,Tanger طنجة,,
8836010982,node,Pharmacie Sanawbar صيدلية الصنوبر,35.7574911,-5.8369439,Tanger طنجة,,
8836057774,node,Pharmacie Al Yasmine صيدلية الياسمين,35.7571792,-5.8404784,Tanger طنجة,,
8836095369,node,Pharmacie Narjiss صيدلية نرجيس,35.7556071,-5.8344612,Tanger طنجة,,
8836101798,node,Pharmacie Salaheddine صيدلية صلاح الدين,35.7544787,-5.8376607,Tanger طنجة,,
8836267235,node,Pharmacie Fayna صيدلية فاينة,35.7607275,-5.8396831,Tanger طنجة,,
8836286074,node,Pharmacie Abbes صيدلية عباس,35.7562288,-5.8440432,Tanger طنجة,,
8836291651,node,Pharmacie Arrabie صيدلية الربيع,35.7537398,-5.8454633,Tanger طنجة,,
8836337726,node,Pharmacie Principale الصيدلية الرئيسية,35.7539306,-5.8416408,Tanger طنجة,,
8838691517,node,Pharmacie Al Masjid صيدلية المسجد,35.7520833,-5.8368547,Tanger طنجة,,
8838704488,node,Pharmacie Moncef صيدلية منصف,35.7505782,-5.8389402,Tanger طنجة,,
8838704489,node,Pharmacie Al Balsam صيدلية البلسم,35.7509305,-5.842056,Tanger طنجة,,
8838737973,node,Pharmacie Ibrahim Al Khalil صيدلية إبراهيم الخليل,35.7461654,-5.8509652,Tanger طنجة,,
8838759908,node,Pharmacie 6 Novembre صيدلية 6 نونبر,35.7453486,-5.8476183,Tanger طنجة,,
8838784762,node,Pharmacie Marjane Tanger صيدلية مرجان طنجة,35.7464496,-5.8440326,Tanger طنجة,,
8838786262,node,Pharmacie Jnan Marjane صيدلية جنان مرجان,35.7478223,-5.8459313,Tanger طنجة,,
8839199293,node,Pharmacie Fleming صيدلية فلمينغ,35.7445151,-5.8549137,Tanger طنجة,,
8839214794,node,Pharmacie Chorafa صيدلية الشرفاء,35.7475556,-5.8589924,Tanger طنجة,,
8839215869,node,Pharmacie Al Bayrouni صيدلية البيروني,35.7514966,-5.8479752,Tanger طنجة,,
8839260234,node,Pharmacie Tanja Al Koubra صيدلية طنجة الكبرى,35.7525128,-5.8522603,Tanger طنجة,,
8839316729,node,Pharmacie San Francisco صيدلية سان فرانسيسكو,35.7807498,-5.8240771,Tanger طنجة,,
8839346756,node,Pharmacie Aïn Hayani صيدلية عين الحياني,35.7828892,-5.8282247,Tanger,,
8839372759,node,Pharmacie Imam Mouslim صيدلية إمام مسلم,35.7854093,-5.8293717,Tanger,,
8839416124,node,Pharmacie Arrazi صيدلية الرازي,35.7637104,-5.8378925,Tanger طنجة,,
8839436512,node,Pharmacie Annajat صيدلية النجاة,35.7699613,-5.831943,Tanger طنجة,,
8839626481,node,Pharmacie Sat Filage صيدلية سات فيلاج,35.7597607,-5.8432866,Tanger طنجة,,
8840219414,node,Pharmacie Tarik El Moujahidin صيدلية طريق المجاهدين,35.7699893,-5.8437546,Tanger طنجة,,
8840225643,node,Pharmacie la Raison صيدلية النهى,35.7671804,-5.8448185,Tanger طنجة,,
8840252271,node,Pharmacie Al Ihssane صيدلية الإحسان,35.7577533,-5.8527663,Tanger,,
8840258457,node,Pharmacie Imam Chadili صيدلية إمام الشاذلي,35.7558529,-5.8503253,Tanger,,
8840290759,node,Pharmacie les Parents صيدلية الأبوين,35.7578878,-5.8468026,Tanger,,
8840302271,node,Pharmacie Hay Al Manar صيدلية حي المنار,35.75959,-5.8495551,Tanger,,
8841985068,node,Pharmacie Al Madina صيدلية المدينة,35.7673499,-5.8528705,Tanger,,
8842008086,node,Pharmacie Mehdia Golf صيدلية مهدية كولف,35.7640801,-5.8518522,Tanger,,
8842011925,node,Pharmacie Soussia صيدلية سوسية,35.7618138,-5.8535855,Tanger,,
8842023373,node,Pharmacie Al Kawacim صيدلية القواسم,35.7651065,-5.8554297,Tanger,,
8842055919,node,Pharmacie Chair صيدلية الشاعر,35.7626331,-5.8448568,Tanger طنجة,,
8842067032,node,Pharmacie Masjid Al Mouhit صيدلية مسجد المحيط,35.7621074,-5.8485761,Tanger,,
8843257271,node,Pharmacie Bouarraquia صيدلية بوعراقية,35.7825789,-5.8179886,Tanger طنجة,,
8843343490,node,Pharmacie Khosafat صيدلية خوصافات,35.7857958,-5.8161579,Tanger طنجة,,
8843349956,node,Pharmacie Ibn Sina صيدلية ابن سينا,35.7866173,-5.820818,Tanger طنجة,,
8843359217,node,Pharmacie Brooks صيدلية بروكس,35.7839198,-5.8214788,Tánger طنجة,,
8846093197,node,Pharmacie Tingis صيدلية طنجيس,35.7855828,-5.8255958,Tanger طنجة,,
8846104977,node,Pharmacie Dina صيدلية دينا,35.7860886,-5.833369,Tanger,,
8846498250,node,Pharmacie Masjid Marchan صيدلية مسجد مرشان,35.7899845,-5.8267794,Tanger ⵜⵉⵏ ⵉⴳⴳⵉ طنجة,,
8846509181,node,Pharmacie Lamtafi صيدلية لمطافي,35.78827,-5.824861,Tanger ⵜⵉⵏ ⵉⴳⴳⵉ طنجة,,
8846524853,node,Pharmacie Sabila Jmaa صيدلية سبيلة الجماعة,35.7884394,-5.8293661,Tanger,,
8846945430,node,Pharmacie du Golf صيدلية الكولف,35.775918,-5.8548297,Tanger,,
8846960502,node,Pharmacie Biladi صيدلية بلادي,35.7672315,-5.8480077,Tanger,,
8849294045,node,Pharmacie Al Moujahidine صيدلية المجاهدين,35.777783,-5.836847,Tanger,,
8849297942,node,Pharmacie Al Amana صيدلية الأمانة,35.7340065,-5.8765255,Tanger ⵜⵉⵏ ⵉⴳⴳⵉ طنجة,,
8850549754,node,Pharmacie Laaouini Ziaten صيدلية لعويني زياتن,35.7445149,-5.8753381,Tanger ⵜⵉⵏ ⵉⴳⴳⵉ طنجة,,
8850561071,node,Pharmacie Moustaghfir صيدلية مستغفر,35.7449201,-5.8668848,Tanger,,
8850569808,node,Pharmacie Hay Al Inara صيدلية حي الإنارة,35.7511089,-5.862102,Tanger,,
8850583406,node,Pharmacie Branes Kedima صيدلية البرانص القديمة,35.7451901,-5.8698033,Tanger ⵜⵉⵏ ⵉⴳⴳⵉ طنجة,,
8850628064,node,Pharmacie Safae صيدلية صفاء,35.7463176,-5.8685989,Tanger ⵜⵉⵏ ⵉⴳⴳⵉ طنجة,,
8850629241,node,Pharmacie Jebari صيدلية جباري,35.7521693,-5.8662906,Tanger,,
8850635958,node,Pharmacie Al Fajr صيدلية الفجر,35.7521548,-5.8593719,Tanger,,
8850636559,node,Pharmacie Massira صيدلية المسيرة,35.7538793,-5.8623402,Tanger,,
8850671374,node,Pharmacie Omar Ibn Khattab صيدلية عمر بن الخطاب,35.7586635,-5.8592846,Tanger,,
8850676755,node,Pharmacie Riad صيدلية رياض,35.7585043,-5.8562332,Tanger,,
8850687269,node,Pharmacie Sofia صيدلية صوفيا,35.7611902,-5.8579653,Tanger,,
8850692577,node,Pharmacie Assafwa صيدلية الصفوة,35.7658498,-5.8587418,Tanger,,
8851211243,node,Pharmacie Ataallah صيدلية عطاء الله,35.7684604,-5.8626016,Tanger,,
8851213703,node,Pharmacie Ouahid صيدلية وحيد,35.75654,-5.8558273,Tanger,,
8851217851,node,Pharmacie Hadia صيدلية هادية,35.7628826,-5.8607103,Tanger,,
8851236466,node,Pharmacie Mesnana صيدلية مسنانة,35.7547239,-5.854767,Tanger,,
8851294283,node,Pharmacie Al Boustane صيدلية البستان,35.7765719,-5.8611405,Tanger,,
8851296795,node,Pharmacie Boubana صيدلية بوبانة,35.7716019,-5.8606245,Tanger,,
8851297019,node,Pharmacie Arrahman صيدلية الرحمان,35.7740954,-5.8638288,Tanger,,
8851370927,node,Pharmacie Banafsaj صيدلية البنفسج,35.7875254,-5.8352893,Tanger,,
8851381018,node,Pharmacie Jamaâ Mekraa صيدلية جامع مقراع,35.7864143,-5.8433979,Tanger,,
8851405395,node,Pharmacie Al Boughaz صيدلية البوغاز,35.7799508,-5.81575,Tanger طنجة,,
8851442959,node,Pharmacie Al Azhar صيدلية الأزهر,35.7550766,-5.8244489,Tanger طنجة,,
8852944506,node,Pharmacie Bismillah صيدلية بسم الله,35.7717161,-5.7993335,Tanger طنجة,,
8853004512,node,Pharmacie California صيدلية كليفورنيا,35.7816672,-5.8423394,Tanger,,
8853283505,node,Pharmacie El Houda صيدلية الهدى,35.7711507,-5.8232056,Tanger طنجة,,
8853593540,node,Pharmacie Tarik Ben Ziad صيدلية طارق بن زياد,35.7772935,-5.8049326,Tanger ⵟⴰⵏⵊⴰ طنجة,,
8853624201,node,Pharmacie Imam Nafie صيدلية الإمام نافع,35.7489299,-5.8055346,Tanger طنجة,,
8857053792,node,Pharmacie les Palmiers صيدلية النخيل,35.780345,-5.8055711,Tanger طنجة,,
8857383241,node,Pharmacie Khalil صيدلية خليل,35.7500235,-5.8337293,Tanger طنجة,,
8857451363,node,Pharmacie Lalla Chafia صيدلية لالة شافية,35.7714855,-5.8172455,Tanger طنجة,,
8857467009,node,Pharmacie Mabrouki صيدلية مبروكي,35.7538772,-5.813321,Tanger طنجة,,
8857512239,node,Pharmacie Marché de Gros Aouama صيدلية سوق الجملة,35.749872,-5.7943847,Tanger,,
8858650201,node,Pharmacie Ouahabi صيدلية الوهابي,35.7813974,-5.8465746,Tanger,,
8860291633,node,Pharmacie Souk M'Sallah صيدلية سوق المصلى,35.7578434,-5.8120675,Tanger طنجة,,
8860531824,node,Grande Pharmacie Malabata صيدلية ملاباطا الكبرى,35.7757341,-5.7770016,Tanger طنجة,,
8860575616,node,Pharmacie Al Khair صيدلية الخير,35.7498628,-5.82063,Tanger طنجة,,
8863112339,node,Pharmacie Addoha 2 Ouislan صيدلية الضحى 2 ويسلان,33.9283241,-5.5045252,Meknès,,
8863126636,node,Pharmacie Dkhissa Ouislane صيدلية الدخيسة ويسلان,33.9297257,-5.5009142,Mèknes,,
8863163043,node,Pharmacie Abi Lkassem Zahraoui صيدلية أبو القاسم الزهراوي,33.9219511,-5.496464,Mèknes,,
8863164064,node,Pharmacie Ennour صيدلية النور,33.9226826,-5.4906012,Meknès,,
8863167915,node,Pharmacie Abdelkarim El Khattabi صيدلية عبد الكريم الخطابي,33.9239891,-5.4939572,Mèknes,,
8863227255,node,Pharmacie El Wahda صيدلية الوحدة,33.9204638,-5.4927069,Meknès,,
8863511444,node,Pharmacie Arz de l'Atlas صيدلية أرز الأطلس,33.9207684,-5.4882957,Meknès,,
8863518900,node,Pharmacie Al Madina صيدلية المدينة,33.91878,-5.4951946,Meknès,,
8863548101,node,Pharmacie Al Hay صيدلية الحي,33.918675,-5.4903307,Meknès,,
8863570765,node,Pharmacie Rhazzali صيدلية الغزالي,33.9150185,-5.4884659,Meknès,,
8863579904,node,Pharmacie Al Majd صيدلية المجد,33.9171712,-5.4930455,Meknès,,
8863597962,node,Pharmacie Allal Ibn Abdellah صيدلية علال بن عبد الله,33.9148627,-5.4910059,Meknès,,
8863632070,node,Pharmacie Riad Assiha صيدلية رياض الصحة,33.9158484,-5.4833762,Meknès,,
8864128400,node,Pharmacie Wad Al Makhazin صيدلية واد المخازن,33.9140816,-5.4797325,Meknès,,
8864144983,node,Pharmacie Espace Santé صيدلية الفضاء الصحي,33.9133715,-5.4862529,Meknès,,
8864182808,node,Pharmacie La Farge صيدلية لافارج,33.9093907,-5.491021,Meknès,,
8864259968,node,Pharmacie Ouislane صيدلية ويسلان,33.9111574,-5.4896254,Meknès,,
8864268332,node,Pharmacie Al Hikma صيدلية الحكمة,33.9125694,-5.4834932,Meknès,,
8865848018,node,Pharmacie Zerktouni صيدلية الزرقطوني,33.9116474,-5.4805784,Meknès,,
8865859600,node,Pharmacie Hay Ennasr صيدلية حي النصر,33.9090346,-5.4784002,Meknès,,
8865888920,node,Pharmacie Al Hamd صيدلية الحمد,33.9098985,-5.484577,Meknès,,
8865896397,node,Pharmacie Gibraltar صيدلية جبل طارق,33.9081557,-5.4875294,Meknès,,
8865935617,node,Pharmacie Al Izdihar صيدلية الإزدهار,33.9062177,-5.4827118,Meknès,,
8865984921,node,Pharmacie Al Boustane صيدلية البستان,33.9024876,-5.4874732,Meknès,,
8865992969,node,Pharmacie Solfami صيدلية سولفامي,33.9036469,-5.4844426,Meknès,,
8866032723,node,Pharmacie Riad Ouisslane صيدلية رياض ويسلان,33.9059594,-5.4784575,Meknès,,
8866069750,node,Pharmacie Al Moustawsaf صيدلية المستوصف,33.9012886,-5.4822966,Meknès,,
8866081103,node,Pharmacie Ridouane صيدلية الرضوان,33.9033836,-5.4795336,Meknès,,
8866082241,node,Pharmacie Addoha صيدلية الضحى,33.8984168,-5.4739634,Meknès,,
8866122652,node,Pharmacie Arrahma صيدلية الرحمة,33.8972157,-5.4708765,Meknès,,
8866122709,node,Pharmacie Ryad Al Omrane صيدلية رياض العمران,33.9064066,-5.4709871,Meknès,,
8866145368,node,Pharmacie Asrar Assiha صيدلية أسرار الصحة,33.9035319,-5.4701466,Meknès,,
8866148624,node,Pharmacie Al Mahaj صيدلية المحج,33.9015365,-5.4667511,Meknès,,
8866357808,node,Pharmacie les Orangers صيدلية الليمون,33.9037357,-5.5168436,Meknès,,
8866399235,node,Pharmacie Route de Fès صيدلية طريق فاس,33.8995176,-5.5185191,Meknès ⴰⵎⴽⵏⴰⵙ مكناس,,
8866413632,node,Pharmacie Al Massira صيدلية المسيرة,33.9004571,-5.5153944,Meknès,,
8866469468,node,Pharmacie Naourrase صيدلية النورس,33.910882,-5.5264087,Meknès ⴰⵎⴽⵏⴰⵙ مكناس,,
8866487533,node,Pharmacie Chari3 Sekka صيدلي شارع السكة,33.9123732,-5.5298407,Meknès ⴰⵎⴽⵏⴰⵙ مكناس,,
8866504881,node,Pharmacie Arrahmane صيدلية الرحمان,33.9099506,-5.5338636,Meknès ⴰⵎⴽⵏⴰⵙ مكناس,,
8866538578,node,Pharmacie Al Ismailia صيدلية الإسماعيلية,33.9085845,-5.5319222,Meknès ⴰⵎⴽⵏⴰⵙ مكناس,,
8868044104,node,Pharmacie Sidi Massoud صيدلية سيدي مسعود,33.9076538,-5.5257847,Meknès,,
8868109944,node,Pharmacie Aya صيدلية اًية,33.9073942,-5.5231895,Meknès ⴰⵎⴽⵏⴰⵙ مكناس,,
8868203462,node,Pharmacie l'Hacienda صيدلية هاسيندا,33.905901,-5.5206236,Meknès,,
8868226196,node,Pharmacie El Bayrouni صيدلية البيروني,33.9062711,-5.5323723,Meknès ⴰⵎⴽⵏⴰⵙ مكناس,,
8868236815,node,Pharmacie El Menzeh صيدلية المنزه,33.9050914,-5.529578,Meknès,,
8868248512,node,Pharmacie Belair صيدلية بلير,33.9024467,-5.5321327,Meknès,,
8868901282,node,Pharmacie Volubilis صيدلية وليلي,33.8998387,-5.5261767,Meknès ⴰⵎⴽⵏⴰⵙ مكناس,,
8868910420,node,Pharmacie Grande Gare صيدلية المحطة الكبيرة,33.8995553,-5.5326192,Meknès ⴰⵎⴽⵏⴰⵙ مكناس,,
8869760316,node,Pharmacie Al Hanane صيدلية الحنان,33.9054484,-5.5420253,Meknès,,
8869783990,node,Pharmacie Hassan Premier صيدلية الحسن الأول,33.9003938,-5.534788,Meknès ⴰⵎⴽⵏⴰⵙ مكناس,,
8869796040,node,صيدلية عين الشبيك,33.9071824,-5.5384993,Meknès,,
8869800054,node,Pharmacie Moulay Ismail صيدلية مولاي اسماعيل,33.9014517,-5.5386436,Meknès,,
8869836656,node,Pharmacie Al Manar صيدلية المنار,33.9081173,-5.5427133,Meknès,,
8869837720,node,Pharmacie Ibn Baja صيدلية ابن باجة,33.909969,-5.540247,Meknès ⴰⵎⴽⵏⴰⵙ مكناس,,
8869874087,node,Pharmacie la Référence صيدلية المرجع,33.9086457,-5.5512971,Meknès,,
8875404930,node,Pharmacie Moderne الصيدلية العصرية,33.8969419,-5.5425436,Meknès ⴰⵎⴽⵏⴰⵙ مكناس,,
8878393319,node,Pharmacie l'Hopital صيدلية المستشفى,33.9003004,-5.5421911,Meknès,,
8878404363,node,Pharmacie Salima صيدلية سليمة,33.8992929,-5.543481,Meknès,,
8878490301,node,Pharmacie Annahla صيدلية النحلة,33.8995335,-5.5388513,Meknès,,
8880515321,node,Pharmacie L'Oum صيدلية الأم,33.904406,-5.5561406,Meknès ⴰⵎⴽⵏⴰⵙ مكناس,,
8880546543,node,Pharmacie Al Firdaous صيدلية الفردوس,33.907593,-5.5568519,Meknès,,
8880569516,node,Pharmacie Al Irfane صيدلية العرفان,33.9070138,-5.5588313,Meknès,,
8880609322,node,Pharmacie Sidi Baba صيدلية سيدي بابا,33.9116074,-5.5777386,Meknès ⴰⵎⴽⵏⴰⵙ مكناس,,
8880623676,node,Pharmacie Nassim صيدلية نسيم,33.9112893,-5.5808006,Meknès ⴰⵎⴽⵏⴰⵙ مكناس,,
8880651455,node,Pharmacie le Conseil صيدلية النصيحة,33.9086128,-5.5794529,Meknès ⴰⵎⴽⵏⴰⵙ مكناس,,
8880688593,node,Pharmacie Abderrahman Ben Zidane صيدلية عبد الرحمن بن زيدان,33.9074423,-5.5753725,Meknès ⴰⵎⴽⵏⴰⵙ مكناس,,
8880718490,node,Pharmacie Rajae صيدلية رجاء,33.9052369,-5.5766296,Meknès ⴰⵎⴽⵏⴰⵙ مكناس,,
8880755655,node,Pharmacie Annamoudajia الصيدلية النموذجية,33.9044481,-5.5808972,Meknès ⴰⵎⴽⵏⴰⵙ مكناس,,
8880783347,node,Pharmacie Oujah Arousse صيدلية وجه عروس,33.9035328,-5.5775678,Meknès ⴰⵎⴽⵏⴰⵙ مكناس,,
8880786486,node,Pharmacie Andalousie صيدلية الأندلس,33.9039513,-5.5738025,Meknès ⴰⵎⴽⵏⴰⵙ مكناس,,
8880833823,node,Pharmacie Al Inaya صيدلية العناية,33.8993417,-5.5756853,Meknès,,
8880833925,node,Pharmacie Al Ihssane صيدلية الإحسان,33.901669,-5.5761241,Meknès ⴰⵎⴽⵏⴰⵙ مكناس,,
8883316076,node,Pharmacie du Quartier صيدلي الحي,33.9021311,-5.5819698,Meknès ⴰⵎⴽⵏⴰⵙ مكناس,,
8883323647,node,Pharmacie Zerhounia صيدلية الزرهونية,33.8996067,-5.5790695,Meknès ⴰⵎⴽⵏⴰⵙ مكناس,,
8883359769,node,Pharmacie Hibat Allah صيدلية هبة الله,33.8936395,-5.587797,Meknès ⴰⵎⴽⵏⴰⵙ مكناس,,
8883417585,node,Pharmacie Al Wifak صيدلية الوفاق,33.8966217,-5.58049,Meknès,,
8883453840,node,Pharmacie Louali صيدلية الوالي,33.8932158,-5.5799516,Meknès,,
8883598886,node,Pharmacie Toulal صيدلية التولال,33.8859027,-5.5976791,Meknès ⴰⵎⴽⵏⴰⵙ مكناس,,
8883683230,node,Pharmacie Assal صيدلية عسال,33.898209,-5.5950056,Meknès,,
8883701510,node,Pharmacie Bahajji صيدلية باحجي,33.8903573,-5.5948114,Meknès مكناس,,
8883709588,node,Pharmacie Riad Toulal صيدلية رياض تولال,33.8960002,-5.5985156,Meknès,,
8887922513,node,Pharmacie Azzahra صيدلية الزهراء,33.8863249,-5.5925877,Meknès ⴰⵎⴽⵏⴰⵙ مكناس,,
8887967899,node,Pharmacie Laghribi صيدلية لغريبي,33.8821131,-5.5970979,Meknès ⴰⵎⴽⵏⴰⵙ مكناس,,
8887991053,node,Pharmacie Le Croissant صيدلية الهلال,33.8836453,-5.5943071,Meknès ⴰⵎⴽⵏⴰⵙ مكناس,,
8888013944,node,Pharmacie Sevilla صيدلية اشبيلية,33.8838971,-5.6003,Meknès ⴰⵎⴽⵏⴰⵙ مكناس,,
8890287146,node,Pharmacie Borj Machkouk صيدلية البرج المشقوق,33.8840913,-5.5780946,Meknès,,
8890504400,node,Pharmacie Kamelia صيدلية كاميليا,33.8763431,-5.5771213,Meknès,,
8892621951,node,Pharmacie Ibn Hazm صيدلية بن الحزم,33.8725184,-5.5847378,Meknès,,
8892643878,node,Pharmacie l'Océan صيدلية المحيط,33.8728265,-5.5787371,Meknès,,
8892677448,node,Pharmacie Route Sefita صيدلية طريق سيفيطا,33.8721387,-5.5757509,Meknès,,
8892695571,node,Pharmacie les Parents صيدلية الأبوين,33.8686417,-5.5765127,Meknès,,
8892696725,node,Pharmacie Zitouna صيدلية الزيتونة,33.8677104,-5.5812712,Meknès,,
8892728492,node,Pharmacie Chahdia صيدلية الشهدية,33.8687003,-5.5898639,Meknès ⴰⵎⴽⵏⴰⵙ مكناس,,
8892740502,node,Pharmacie Sbaii صيدلية السباعي,33.8679475,-5.5848182,Meknès,,
8892748556,node,Pharmacie Saadi صيدلية السعدي,33.8652705,-5.5901606,Meknès ⴰⵎⴽⵏⴰⵙ مكناس,,
8892752916,node,Pharmacie Al Mansouri صيدلية المنصوري,33.86685,-5.5869983,Meknès ⴰⵎⴽⵏⴰⵙ مكناس,,
8892817111,node,Pharmacie Al Mansour Marjane صيدلية المنصور مرجان,33.8648427,-5.5829477,Meknès,,
8892835644,node,Pharmacie Al Jawarih صيدلية الجوارح,33.8617386,-5.5852446,Meknès ⴰⵎⴽⵏⴰⵙ مكناس,,
8892936070,node,Pharmacie Nabil صيدلية نبيل,33.8658592,-5.5768589,Meknès ⴰⵎⴽⵏⴰⵙ مكناس,,
8895195880,node,Pharmacie Attadamoune صيدلية التضامن,33.8640593,-5.5797487,Meknès ⴰⵎⴽⵏⴰⵙ مكناس,,
8895205615,node,Pharmacie Granada صيدلية غرناطة,33.8619146,-5.5786473,Meknès ⴰⵎⴽⵏⴰⵙ مكناس,,
8895221743,node,Pharmacie Tazi صيدلية التازي,33.8599582,-5.5817403,Meknès,,
8895428853,node,Pharmacie Oufquir صيدلية أوفقير,33.8528824,-5.5850207,Meknès ⴰⵎⴽⵏⴰⵙ مكناس,,
8895431023,node,Pharmacie Dalia صيدلية الدالية,33.8560893,-5.588122,Meknès ⴰⵎⴽⵏⴰⵙ مكناس,,
8895464925,node,Pharmacie Manazil Al Ismailia صيدلية منازل الإسماعيلية,33.8508928,-5.591414,Meknès ⴰⵎⴽⵏⴰⵙ مكناس,,
8895616096,node,Pharmacie Ryad صيدلية الرياض,33.8877151,-5.5701109,Meknès,,
8898588374,node,Pharmacie Bab Berdaine صيدلية باب البردعين,33.9002698,-5.5675674,Meknès,,
8898606607,node,Pharmacie Nejjarine صيدلية النجارين,33.895382,-5.5692,Meknès,,
8898638848,node,Pharmacie Kobbat Essouk صيدلية قبة السوق,33.8950411,-5.5654722,Meknès مكناس,,
8898667008,node,Pharmacie Al Fath صيدلية الفتح,33.893165,-5.5668529,Meknès ⴰⵎⴽⵏⴰⵙ مكناس,,
8898668253,node,Pharmacie du Progrès صيدلية التقدم,33.8937831,-5.56347,Meknès ⴰⵎⴽⵏⴰⵙ مكناس,,
8899320596,node,Pharmacie Rouamzine صيدلية روامزين,33.8943465,-5.5605202,Meknès ⴰⵎⴽⵏⴰⵙ مكناس,,
8899356782,node,Pharmacie Dar Lakbira صيدلي الدار الكبيرة,33.8905796,-5.5619735,Meknès ⴰⵎⴽⵏⴰⵙ مكناس,,
8899419424,node,Pharmacie El Darih صيدلية الضريح,33.8914108,-5.563479,Meknès ⴰⵎⴽⵏⴰⵙ مكناس,,
8899424256,node,Pharmacie Al Ahram صيدلية الأهرام,33.8884155,-5.5548771,Meknès ⴰⵎⴽⵏⴰⵙ مكناس,,
8901306113,node,Pharmacie du Mechouar صيدلية المشور,33.8848175,-5.5518128,Meknès ⴰⵎⴽⵏⴰⵙ مكناس,,
8901329293,node,Pharmacie Agdal صيدلية أكدال,33.8805673,-5.5445898,Meknès,,
8901405637,node,Pharmacie Asmae صيدلية أسماء,33.8781199,-5.5444711,Meknès,,
8901441720,node,Pharmacie Lahlimi صيدلية لحليمي,33.8800133,-5.548042,Meknès,,
8901516506,node,Pharmacie Marmoucha صيدلية مرموشة,33.8568646,-5.5323636,Meknès ⴰⵎⴽⵏⴰⵙ مكناس,,
8901576520,node,Pharmacie Al Baridiya صيدلية البريدية,33.8563205,-5.5493557,Meknès ⴰⵎⴽⵏⴰⵙ مكناس,,
8901770984,node,Pharmacie Sidi Bouzekri صيدلية سيدي بوزكري,33.8662952,-5.5369727,Meknès,,
8904615436,node,Pharmacie Kenza صيدلية كنزة,33.8500029,-5.5623937,Meknès ⴰⵎⴽⵏⴰⵙ مكناس,,
8904619284,node,Pharmacie Al Moatamid Ibn Abbad صيدلية المعتمد بن عباد,33.8456659,-5.5574062,Meknès ⴰⵎⴽⵏⴰⵙ مكناس,,
8904686556,node,Pharmacie Ryad Al Ismailia صيدلية رياض الإسماعيلية,33.8565627,-5.5681238,Meknès ⴰⵎⴽⵏⴰⵙ مكناس,,
8904700760,node,Pharmacie Prestige صيدلية بريستيج,33.854095,-5.5633706,Meknès ⴰⵎⴽⵏⴰⵙ مكناس,,
8904715172,node,Pharmacie Anassi صيدلية آناسي,33.8587934,-5.5643397,Meknès,,
8904719521,node,Pharmacie Nada صيدلية ندى,33.8538109,-5.5670246,Meknès ⴰⵎⴽⵏⴰⵙ مكناس,,
8904768727,node,Pharmacie Atlas Asseha صيدلية أطلس الصحة,33.8571202,-5.5607857,Meknès,,
8904772580,node,Pharmacie Ibtissamat Ennaim صيدلية إبتسامات النعيم,33.8521894,-5.5606289,Meknès ⴰⵎⴽⵏⴰⵙ مكناس,,
8904785843,node,Pharmacie les Nobles صيدلية النبلاء,33.8591021,-5.5581191,Meknès,,
8904824876,node,Pharmacie Rabha صيدلية رابحة,33.859292,-5.5520153,Meknès,,
8905686792,node,Pharmacie Tahama صيدلية تهامة,33.8515803,-5.5538908,Meknès ⴰⵎⴽⵏⴰⵙ مكناس,,
8905693805,node,Pharmacie Naim صيدلية نعيم,33.8512579,-5.5573025,Meknès ⴰⵎⴽⵏⴰⵙ مكناس,,
8905701769,node,Pharmacie Narjis صيدلية النرجس,33.8541301,-5.5563126,Meknès ⴰⵎⴽⵏⴰⵙ مكناس,,
8907625036,node,Pharmacie Hay Laaouija صيدلية حي العويجة,33.8666631,-5.5605651,Meknès,,
8907642060,node,Pharmacie Chracher صيدلية الشراشر,33.8636985,-5.5483332,Meknès,,
8907716526,node,Pharmacie Meziane صيدلية مزيان,33.8691663,-5.5517328,Meknès,,
8907794070,node,Pharmacie Bab Kbich صيدلية باب كبيش,33.8633928,-5.5516018,Meknès,,
8907826587,node,Pharmacie Palais Al Mansour صيدلية قصر المنصور,33.8691684,-5.5589181,Meknès,,
8907995071,node,Pharmacie Chaouia صيدلية الشاوية,33.8671598,-5.5550965,Meknès,,
8908211255,node,Pharmacie Meknès صيدلية مكناس,33.8782026,-5.5700455,Meknès,,
8908214525,node,Pharmacie Al Farabi صيدلية الفرابي,33.8741322,-5.5653916,Meknès,,
8908227737,node,Pharmacie Nisrine صيدلية نسرين,33.8777865,-5.5640694,Meknès,,
8909940068,node,Pharmacie Annajat صيدلية النجاة,33.8720197,-5.5695681,Meknès,,
8909958758,node,Pharmacie Riad Al Andalous صيدلية رياض الأندلس,33.8749911,-5.5703325,Meknès,,
8909966953,node,Pharmacie Florance صيدلية فلورانس,33.8642095,-5.575224,Meknès ⴰⵎⴽⵏⴰⵙ مكناس,,
8909971776,node,Pharmacie Seif Eddine صيدلية سيف الدين,33.867221,-5.5708929,Meknès,,
8909972026,node,Pharmacie Ibn Tofail صيدلية بن طفيل,33.8654771,-5.5645754,Meknès,,
8909979163,node,Pharmacie Ikamate Lamsalla صيدلية إقامة لمصلى,33.8686624,-5.5651379,Meknès,,
8909999122,node,Pharmacie El Kettani صيدلية الكتاني,33.8640055,-5.5617841,Meknès,,
8911821896,node,Pharmacie Riad Zitoune صيدلية رياض الزيتون,33.8625575,-5.5661372,Meknès ⴰⵎⴽⵏⴰⵙ مكناس,,
8911824861,node,Pharmacie Al Yassamine صيدلية الياسمين,33.859398,-5.5688041,Meknès,,
8911827662,node,Pharmacie Lahbib صيدلية الحبيب,33.8632178,-5.5716703,Meknès,,
8911857241,node,Pharmacie Al Azhar صيدلية الأزهر,33.8612459,-5.5624559,Meknès,,
8914142356,node,Pharmacie Loukmane صيدلية لقمان,33.8557034,-5.5071928,Meknès,,
8914149502,node,Pharmacie Yassine صيدلية ياسين,33.8536752,-5.5132003,Meknès,,
8914176748,node,Pharmacie Al Inara صيدلية الإنارة,33.8515851,-5.5213417,Meknès ⴰⵎⴽⵏⴰⵙ مكناس,,
8914178061,node,Pharmacie Oussama صيدلية أسامة,33.8560157,-5.5162137,Meknès,,
8914204235,node,Pharmacie Ezzahwa صيدلية الزهوة,33.8712689,-5.5325639,Meknès,,
8914216539,node,Pharmacie Al Andalous صيدلية الأندلس,33.8735931,-5.5348954,Meknès,,
8914272495,node,Pharmacie Al Wassila صيدلية الوسيلة,33.8949777,-5.5471547,Meknès,,
8914294945,node,Pharmacie la Rosée صيدلية الندى,33.8948573,-5.5435941,Meknès,,
8914324976,node,Pharmacie de Bretagne صيدلية بروطان,33.8939887,-5.5409613,Meknès ⴰⵎⴽⵏⴰⵙ مكناس,,
8914545138,node,Pharmacie de Paris صيدلية باريس,33.8971669,-5.5393468,Meknès,,
8914630252,node,Pharmacie Rawnak صيدلية رونق,33.8946997,-5.5362812,Meknès,,
8919965521,node,Pharmacie Layla صيدلية ليلى,33.882764,-5.5035539,Meknès,,
8920567946,node,Pharmacie Aladdin صيدلية علاء الدين,33.899292,-5.4810167,Meknès,,
8922989476,node,Pharmacie Cornette صيدلية كورنيط,33.9043338,-5.5519073,Meknès,,
8923022809,node,Pharmacie la Gare Routière صيدلية المحطة الطرقية,33.8911847,-5.5767928,Meknès,,
8926878840,node,Pharmacie Populaire الصيدلية الشعبية,33.8933687,-5.5701055,Meknès,,
8926882161,node,Pharmacie Itri صيدلية إثري,33.8968052,-5.531668,Meknès ⴰⵎⴽⵏⴰⵙ مكناس,,
8928811133,node,Pharmacie Hôpital Mohamed V صيدلية مستشفى محمد,33.9041537,-5.5420273,Meknès,,
8954903167,node,Pharmacie Centrale الصيدلية المركزية,35.1767427,-5.2732192,Chefchaouen ⵜⵛⴻⴼⵜⵛⴰⵡⴻⵏ شفشاون,,
8972515927,node,Pharmacie Asmae صيدلية أسماء,34.0136448,-4.9752165,Fès,+212 5 35 73 21 93,
8972595649,node,Pharmacie du Lido صيدلية الليدو,34.0331265,-4.9904057,Fès,,
8984249652,node,Pharmacie Saada صيدلية السعادة,34.0256245,-5.0048828,Fès,+212 5 35 60 91 56,
8993802951,node,Pharmacie Gharnata صيدلية غرناطة,34.0357569,-5.0287686,Fès,+212 5 35 62 20 06,
8996345519,node,صيدلية المحطة,34.2306966,-4.0078732,,,
9010895004,node,Pharmacie Berrada صيدلية برادة,34.0591521,-5.0138627,Fès,+212 5 35 62 28 90,
9010900716,node,Pharmacie Averroès صيدلية ابن رشد,34.0433492,-5.0091946,Fès,,
9032660795,node,Pharmacie Attouraya صيدلية الثريا,34.0695594,-4.9955712,Fès ⴼⴰⵙ فاس,,
9032668703,node,Pharmacie Hay Belkhayat صيدلية حي بلخياط,34.0686025,-5.001806,Fès,,
9032672710,node,Pharmacie Al Mamalik صيدلية الممالك,34.0658698,-4.9968004,Fès,,
9032747370,node,Pharmacie le Remède صيدلية الدواء,34.0588845,-5.0111457,Fès ⴼⴰⵙ فاس,,
9032748170,node,Pharmacie Ain Kadouss صيدلية عين قادوس,34.0598898,-5.008256,Fès,,
9032830871,node,Pharmacie Benkirane صيدلية بنكيران,34.0596226,-5.0169477,Fès,,
9032834575,node,Pharmacie El Ghazi صيدلية الغازي,34.0567516,-5.0152941,Fès,,
9035353158,node,Pharmacie Jbel Tghat صيدلية جبل ثغات,34.0577633,-5.0212595,Fès,,
9035364493,node,Pharmacie Faiza صيدلية فايزة,34.0566911,-5.0303904,Fès فاس,,
9035500323,node,Pharmacie Salah صيدلية صلاح,34.0554449,-5.0256744,Fès,,
9035505122,node,Pharmacie Reda صيدلية رضا,34.0571553,-5.0267418,Fès,,
9035534360,node,Pharmacie Al Imane صيدلية الإيمان,34.0523514,-5.0344778,Fès,,
9035544128,node,Pharmacie Al Falah صيدلية الفلاح,34.0550044,-5.0287002,Fès فاس,,
9035591817,node,Pharmacie Ain Haroun صيدلية عين هارون,34.066531,-5.0073181,Fès,,
9035612159,node,Pharmacie Ibn Al Khatib صيدلية بن الخطيب,34.0665259,-5.0035026,Fès,,
9035630210,node,Pharmacie Agadir صيدلية أكادير,34.063744,-5.009789,Fès,,
9035717748,node,Pharmacie Saida صيدلية سعيدة,34.0651564,-5.0162463,Fès,,
9035797630,node,Pharmacie Es-Salam صيدلية السلام,34.0610614,-5.0123122,Fès,,
9038248382,node,Pharmacie Ibn Sina صيدلية ابن سينا,34.0634415,-5.0054342,Fès,,
9038251500,node,Pharmacie Dayaa صيدلية الضيعة,34.0627967,-5.0181666,Fès,,
9038273758,node,Pharmacie Hay Laalou صيدلية حي لعلو,34.0651138,-5.0121204,Fès,,
9038321797,node,Pharmacie Al Imam Malik صيدلية الإمام مالك,34.0622255,-5.0215687,Fès,,
9038337026,node,Pharmacie Al Marwa صيدلية المروى,34.0602017,-5.0285858,Fès,,
9040946630,node,Pharmacie Al Hilal صيدلية الهلال,34.0611772,-5.0330511,Fès ⴼⴰⵙ فاس,,
9041087322,node,Pharmacie Soundous صيدلية السندس,34.0593037,-5.0364883,Fès,,
9041103033,node,Pharmacie El Boukhari صيدلية البخاري,34.0567425,-5.0352601,Fès,,
9041125608,node,Pharmacie Mounia صيدلية مونية,34.058589,-5.0397344,Fès ⴼⴰⵙ فاس,,
9041137082,node,Pharmacie Youssef Ben Tachafine صيدلية يوسف تاشفين,34.0549853,-5.0415456,Fès,,
9041162334,node,Pharmacie Lhoumadi صيدلية لحومادي,34.0511596,-5.0393854,Fès,,
9041164672,node,Pharmacie Maalal صيدلية معلال,34.0531852,-5.0380269,Fès ⴼⴰⵙ فاس,,
9041205020,node,Pharmacie Hasnaoui صيدلية الحسناوي,34.0587131,-5.0454574,Fès ⴼⴰⵙ فاس,,
9041206899,node,Pharmacie Dr Obtel صيدلية د.أوبتيل,34.05283,-5.048599,Fès ⴼⴰⵙ فاس,,
9041211850,node,Pharmacie El Mountazah صيدلية المنتزه,34.0558711,-5.0446871,Fès,,
9041249677,node,Pharmacie Nasma صيدلية نسمة,34.0453606,-4.9541227,Fès ⴼⴰⵙ فاس,,
9041266437,node,Pharmacie Al Hanae صيدلية الهناء,34.0488103,-4.9606574,Fès,,
9041318009,node,Pharmacie Bled Tahiriyine صيدلية بلاد الطاهريين,34.0474135,-4.9562404,Fès,,
9041369092,node,Pharmacie Al Makkiya صيدلية المكية,34.0507379,-4.9572886,Fès,,
9043787624,node,Pharmacie Driss صيدلية إدريس,34.0501087,-4.9644643,Fès,,
9043830738,node,Pharmacie Wisslane صيدلية ويسلان,34.0581225,-4.9520117,Fès,,
9043830995,node,Pharmacie El Louizatt صيدلية اللويزات,34.0593227,-4.9564327,Fès,,
9043883647,node,Pharmacie M'sella صيدلية المصلى,34.0524925,-4.9608524,Fès,,
9043883650,node,Pharmacie la Ménara صيدلية المنارة,34.0142987,-4.9681185,Fès,,
9043888667,node,Pharmacie Kamal صيدلية كمال,34.0571051,-4.9544992,Fès,,
9043894386,node,Pharmacie Al Walidin صيدلية الوالدين,34.0611174,-4.93784,Fès ⴼⴰⵙ فاس,,
9043936390,node,Pharmacie Saguia Lhamra صيدلية الساقية الحمراء,34.0182531,-4.9723992,Fès ⴼⴰⵙ فاس,,
9043956382,node,Pharmacie Aouinat El Hajjaj صيدلية عوينات الحجاج,34.0200745,-4.967283,Fès ⴼⴰⵙ فاس,,
9043968723,node,Pharmacie El Alj صيدلية العلج,34.0199568,-4.9679916,Fès ⴼⴰⵙ فاس,,
9043970857,node,Pharmacie Alae Arrahman صيدلية الرحمان,34.0178391,-4.9630909,Fès ⴼⴰⵙ فاس,,
9044125530,node,Pharmacie Moulay Abdellah صيدلية مولاي عبد الله,34.0571831,-4.9933334,Fès ⴼⴰⵙ فاس,,
9045350223,node,Pharmacie Bab Fès صيدلية باب فاس,34.0611947,-4.9418139,Fès ⴼⴰⵙ فاس,,
9045364285,node,Pharmacie Moulay M'Barek صيدلية مولاي مبارك,34.0639385,-4.9543363,Fès,,
9045374425,node,Pharmacie Ain Nokbi صيدلية عين النقبي,34.0617846,-4.9526825,Fès,,
9045400740,node,Pharmacie El Kobba صيدلية القبة,34.0644193,-4.9527481,Fès,,
9045416087,node,Pharmacie Jnane Kadiri صيدلية جنان القادري,34.067096,-4.955399,Fès ⴼⴰⵙ فاس,,
9045445097,node,Pharmacie Al Andalous صيدلية الأندلس,34.0704308,-4.966285,Fès ⴼⴰⵙ فاس,,
9045451994,node,Pharmacie Jnan Mekouar صيدلية جنان مكوار,34.0718486,-4.96295,Fès ⴼⴰⵙ فاس,,
9048910905,node,Pharmacie Fatima Al Fihriya صيدلية فاطمة الفهرية,34.0560754,-4.9741905,Fès,,
9048942320,node,Pharmacie Zkak Lahjar صيدلية زقاق الحجر,34.0633697,-4.9777072,Fès,,
9049003728,node,Pharmacie Bab El Guissa صيدلية باب عجيسة,34.068623,-4.9757032,Fès,,
9049003729,node,Pharmacie Oued Zhoun صيدلية واد الزحون,34.0685381,-4.9706313,Fès ⴼⴰⵙ فاس,,
9051315874,node,Pharmacie Zarouk صيدلية زروق,34.0707225,-4.9689367,Fès ⴼⴰⵙ فاس,,
9051360164,node,Pharmacie Hanane صيدلية حنان,34.0667619,-4.9635254,Fès ⴼⴰⵙ فاس,,
9051362482,node,Pharmacie Jnan Drader صيدلية جنان الدرادر,34.0673755,-4.9698138,Fès ⴼⴰⵙ فاس,,
9051373294,node,Pharmacie Sidi Boujida صيدلية سيدي بوجيدة,34.0667762,-4.9669479,Fès ⴼⴰⵙ فاس,,
9051405111,node,Pharmacie Ibn Battouta صيدلية بن بطوطة,34.0656218,-4.9624823,Fès ⴼⴰⵙ فاس,,
9051555679,node,Pharmacie Al Anouar صيدلية الأنوار,34.0637703,-4.9664302,Fès ⴼⴰⵙ فاس,,
9051567252,node,Pharmacie Bab El Hamraa صيدلية باب الحمراء,34.0605946,-4.9688505,Fès,,
9051585120,node,Pharmacie Lagzira صيدلية الجزيرة,34.0620445,-4.9716214,Fès,,
9056633676,node,Pharmacie Tadlaoui صيدلية التدلاوي,34.0541841,-5.0183917,Fès,,
9060425474,node,Pharmacie Bouramana صيدلية بورمانة,34.0225701,-4.9940671,Fès,,
9060655331,node,Pharmacie de Paris صيدلية باريس,34.0103805,-4.9858207,Fès,,
9060727343,node,Pharmacie Ibn Taymiya صيدلية بن تيمية,33.9902509,-4.9908913,Fès ⴼⴰⵙ فاس,,
9060749381,node,Pharmacie Slaoui صيدلية السلاوي,33.9979001,-4.9846357,Fès,,
9062914094,node,Pharmacie Meliani صيدلية ملياني,33.9871216,-4.986228,Fès ⴼⴰⵙ فاس,,
9062937355,node,Pharmacie Mouldwa صيدلية مولدوا,33.9841552,-4.9860443,Fès ⴼⴰⵙ فاس,,24/7
9062945305,node,Pharmacie El Kadiri صيدلية القادري,33.9921687,-4.9878437,Fès ⴼⴰⵙ فاس,,
9062947497,node,Pharmacie Arrayhane صيدلية الريحان,33.9945831,-4.970386,Fès,,
9062954266,node,Pharmacie Almaz صيدلية ألماز,33.9905847,-4.977379,Fès ⴼⴰⵙ فاس,,
9062969840,node,Pharmacie l'Humanité صيدلية الإنسانية,33.9782135,-5.0264176,Fès,,
9062971624,node,Pharmacie Faculté Echariaa صيدلية كلية الشريعة,33.9984657,-4.9750457,Fès,,
9062980670,node,Pharmacie Jardins El Badie صيدلية حدائق البديع,33.9861055,-5.0122274,Fès ⴼⴰⵙ فاس,,
9063042255,node,Pharmacie Diamant de Fès صيدلية جوهرة فاس,33.9943582,-4.9666565,Fès ⴼⴰⵙ فاس,,
9063046705,node,Pharmacie Route Sidi Hrazem صيدلية طريق سيدي حرازم,34.010757,-4.9558975,Fès ⴼⴰⵙ فاس,,
9063050284,node,Pharmacie Menzeh Saïss صيدلية منزه سايس,34.0075084,-4.9541278,Fès ⴼⴰⵙ فاس,,
9064150951,node,Pharmacie Guard صيدلية كارد,34.0112352,-4.9739285,Fès ⴼⴰⵙ فاس,,
9064151371,node,Pharmacie Ibno Tachefine صيدلية ابن تاشفين,34.0117766,-4.9722125,Fès ⴼⴰⵙ فاس,,
9064248041,node,Pharmacie Essania صيدلية السانية,34.0098741,-4.9609846,Fès فاس,,
9064274028,node,Pharmacie Bel Air صيدلية بلير,34.0126429,-4.9607711,Fès ⴼⴰⵙ فاس,,
9067076233,node,Pharmacie Ryad Saiss صيدلية رياض سايس,34.0145582,-4.9616357,Fès ⴼⴰⵙ فاس,,
9067097844,node,Pharmacie Hay Riyad صيدلية حي الرياض,34.0192846,-4.9605092,Fès ⴼⴰⵙ فاس,,
9067122685,node,Pharmacie El Otmani صيدلية العثماني,34.0229583,-4.9649338,Fès ⴼⴰⵙ فاس,,
9067461578,node,Pharmacie de l'Université صيدلية الجامعة,34.033483,-4.9859151,Fès,,
9074295920,node,Pharmacie Al Alia صيدلية العالية,34.0139018,-5.0059757,Fès,,
9077198847,node,Pharmacie Masjid Arreda صيدلية مسجد الرضى,34.002482,-4.9982576,Fès,,
9077218586,node,Pharmacie des 3 Sources صيدلية المنابع الثلاث,33.9967109,-4.9940193,Fès,,
9077240390,node,Pharmacie Jamai صيدلية الجامعي,33.9952552,-5.003872,Fès,,
9077291355,node,Pharmacie Rachidia 3 صيدلية الراشدية,34.0123275,-5.0141604,Fès,,
9077313479,node,Pharmacie Al Alaoui صيدلية العلوي,33.9918236,-5.0052984,Fès ⴼⴰⵙ فاس,,
9077395032,node,Pharmacie Riad El Yassamine صيدلية رياض الياسمين,33.9947174,-5.0112751,Fès,,
9080092417,node,Pharmacie Steven صيدلية ستيفن,34.0258203,-5.0095409,فاس,,
9080252241,node,Pharmacie Technologie صيدلية التكنولوجيا,34.0077585,-5.0138875,Fès,,
9080367514,node,Pharmacie Socrate صيدلية سقراط,34.0039944,-5.0171304,Fès,,
9080513814,node,Pharmacie Zahraoui صيدلية الزهراوي,34.001512,-5.0153503,Fès,,
9082210309,node,Pharmacie Al Madina صيدلية المدينة,34.0032877,-5.0111208,Fès,,
9082226035,node,Pharmacie Borj Ennakhil صيدلية برج النخيل,33.99852,-5.0160907,Fès,,
9082234019,node,Pharmacie Zineb صيدلية زينب,33.9948475,-5.0175189,Fès,,
9082250910,node,Pharmacie Ahel Fès صيدلية أهل فاس,33.9877828,-5.0407775,Fès ⴼⴰⵙ فاس,,
9082252419,node,Pharmacie California صيدلية كاليفورنيا,33.9925945,-5.0205935,Fès ⴼⴰⵙ فاس,,
9082305309,node,Pharmacie El Aziza صيدلية العزيزة,33.9938707,-5.0313473,Fès ⴼⴰⵙ فاس,,
9088108976,node,Pharmacie Rihab صيدلية رحاب,34.0360636,-5.0051466,Fès,,
9088262543,node,Pharmacie Bennouna صيدلية بنونة,34.0233152,-5.0237243,Fès,,
9088494169,node,Pharmacie Aida صيدلية عايدة,34.0390484,-5.0183225,Fès,,
9091504397,node,Pharmacie Ghrissi صيدلية غريسي,34.0161109,-5.0713247,Fès,,
9091558885,node,Pharmacie Al Jawaher صيدلية الجواهر,34.0342938,-5.0613538,Fès ⴼⴰⵙ فاس,,
9091566947,node,Pharmacie Route Ras Lma صيدلية طريق راس الما,34.0128948,-5.069146,Fès ⴼⴰⵙ فاس,,
9091590534,node,Pharmacie Zahir صيدلية زاهر,34.021658,-5.0579744,Fès ⴼⴰⵙ فاس,,
9091645325,node,Pharmacie Aicha صيدلية عائشة,34.0111367,-5.0650531,Fès,,
9091663749,node,Pharmacie Ghita صيدلية غيثة,34.0120727,-5.0617496,Fès,,
9091665186,node,Pharmacie Khawarizmi صيدلية الخوارزمي,34.0146727,-5.0618088,Fès ⴼⴰⵙ فاس,,
9091778819,node,Pharmacie Assafae صيدلية الصفاء,33.9918935,-5.0656429,Fès ⴼⴰⵙ فاس,,
9091796679,node,Pharmacie Dalia صيدلية الدالية,33.9932207,-5.0520318,Fès ⴼⴰⵙ فاس,,
9094719849,node,Pharmacie Wisslane صيدلية ويسلان,34.0168098,-5.0494146,Fès,,
9094725558,node,Pharmacie des Champs صيدلية الحقول,34.0361253,-5.0345556,Fès,,
9094730495,node,Pharmacie Moussaoui صيدلية موساوي,34.0414705,-5.048577,Fès,,
9094860849,node,Pharmacie Al Omnia صيدلية الأمنية,34.0272369,-5.0520034,Fès,,
9094866098,node,Pharmacie Paraconfiance صيدلية باراكونفيونس,34.0226454,-5.0489759,Fès,,
9098553534,node,Pharmacie Nellia صيدلية نيليا,34.0144488,-5.0362829,Fès,,
9098697829,node,Pharmacie Belmhani صيدلية بلمهاني,34.0523606,-4.9924017,Fès ⴼⴰⵙ فاس,,
9105637082,node,Pharmacie Tajmouati صيدلية تجموعتي,34.0117048,-5.0070681,Fès,,
9105659218,node,Pharmacie El Borj صيدلية البرج,34.0686958,-4.9857424,Fés,,
9105667807,node,Pharmacie Hay Benslimane صيدلية حي بنسليمان,34.0696287,-4.9864241,Fès,,
9105714468,node,Pharmacie de Fès صيدلية فاس,34.06438,-5.0110997,Fès,,
9107961171,node,Pharmacie Ouandou صيدلية واندو,34.0572905,-5.0314442,Fès فاس,,
9107998723,node,Pharmacie Ziat صيدلية الزيات,34.0585728,-4.9791927,Fès,,
9111340468,node,Pharmacie Jawharat Skhirat صيدلية جوهرة الصخيرات,33.8299291,-7.0781534,Skhirate الصخيرات,,
9111349848,node,Pharmacie Al Mandar صيدلية المنظر,33.8434966,-7.0559183,Skhirate,,
9111362755,node,Pharmacie Amani صيدلية أماني,33.8331123,-7.0570035,Skhirate الصخيرات,,
9111368457,node,Pharmacie Kanza صيدلية كنزة,33.8314388,-7.0538728,Skhirate الصخيرات,,
9111432868,node,Pharmacie Bichifa صيدلية بالشفاء,33.8440205,-7.0462371,Skhirate الصخيرات,,
9111436116,node,Pharmacie Bassatine Skhirate صيدلية بساتين الصخيرات,33.8375833,-7.0385862,Skhirat,,
9111438676,node,Pharmacie Rifki صيدلية رفقي,33.8392868,-7.0451249,Skhirat,,
9111443364,node,Pharmacie Abderrahmane صيدلية عبد الرحمان,33.8455538,-7.0450252,Skhirate الصخيرات,,
9114718504,node,Pharmacie Jnane Skhirat صيدلية جنان الصخيرات,33.8436255,-7.0328618,Skhirat,,
9114739145,node,Pharmacie Arrachade صيدلية الرشاد,33.8470104,-7.0433719,Skhirate الصخيرات,,
9114739146,node,Pharmacie Hicham صيدلية هشام,33.8483679,-7.0412448,Skhirate الصخيرات,,
9114742511,node,Pharmacie Zouhair صيدلية زهير,33.8456772,-7.02746,Skhirate الصخيرات,,
9114764689,node,Pharmacie Annour صيدلية النور,33.8443302,-7.0362838,Skhirat,,
9114781037,node,Pharmacie du Bien Etre صيدلية الراحة,33.8430193,-7.0396416,Skhirat,,
9114822153,node,Pharmacie Taha صيدلية طه,33.8488898,-7.0396307,Skhirate الصخيرات,,
9117540182,node,Pharmacie Aïn Arroz صيدلية عين الروز,33.8508787,-7.0351058,Skhirat,,
9117761676,node,Pharmacie l'Erac صيدلية ليراك,33.8517991,-7.0399973,Skhirat,,
9117774491,node,Pharmacie Salma صيدلية سلمى,33.8572628,-7.0308915,Skhirat,,
9117804491,node,Pharmacie Ouled Ghanem صيدلية أولاد غانم,33.8576178,-7.0287165,Skhirat,,
9120438561,node,Pharmacie Chiahna صيدلية الشياحنة,33.8787188,-7.0011622,Skhirat,,
9120476195,node,Pharmacie Chaouki صيدلية شوقي,33.8538426,-7.0347048,Skhirat,,
9120480685,node,Pharmacie Ain ElHayat صيدلية الحياة,33.8552192,-7.0258699,Skhirat,,
9120490259,node,Pharmacie Raji صيدلية الراجي,33.848757,-7.0319172,Skhirat,,
9120496088,node,Pharmacie Achokr صيدلية الشكر,33.8511311,-7.0238618,Skhirat,,
9120496497,node,Pharmacie Fadoua صيدلية فدوى,33.8514549,-7.0277403,Skhirat ⵚⵅⵉⵔⴰⵜ الصخيرات,,
9120532445,node,Pharmacie Mariem صيدلية مريم,33.8560629,-7.0160351,Skhirat,,
9120541046,node,Pharmacie Al Hay Al Jadid صيدلية الحي الجديد,33.8606475,-7.0183203,Skhirat,,
9127081452,node,Pharmacie Jnane Zahra صيدلية جنان زهرة,33.8746108,-6.9783761,Témara,,
9127183064,node,Pharmacie Al Hamd صيدلية الحمد,33.8844585,-6.9678158,Témara,,
9129850523,node,Pharmacie Al Jid صيدلية الجد,33.8867602,-6.9646063,Témara,,
9129865081,node,Pharmacie Najm صيدلية نجم,33.8925579,-6.9606901,Témara,,
9129925427,node,Pharmacie Hind صيدلية هند,33.8959471,-6.9355343,Témara تمارة,,
9129945339,node,Pharmacie la Référence صيدلية المرجع,33.8946815,-6.93196,Témara تمارة,,
9129969336,node,Pharmacie l'Amitié صيدلية الصداقة,33.8966775,-6.9297096,Témara تمارة,,
9130005815,node,Pharmacie Al Bouchra صيدلية البشرى,33.9014891,-6.9346514,Témara تمارة,,
9130016599,node,Pharmacie Annaourass صيدلية النورس,33.9039311,-6.9319935,Témara,,
9130034583,node,Phamacie Ghouroub صيدلية الغروب,33.9025831,-6.9282568,Témara,,
9130035572,node,Pharmacie Centrale Annasr الصيدلية المركزية النصر,33.8995265,-6.9306125,Témara تمارة,,
9130079452,node,Pharmacie Islah صيدلية إصلاح,33.906197,-6.9343977,Témara تمارة,,
9135658626,node,Pharmacie Sonia صيدلية صونية,33.8906682,-6.9211785,Témara تمارة,,
9135670373,node,Pharmacie la Paix صيدلية السلام,33.899662,-6.9249127,Témara تمارة,,
9135689189,node,Pharmacie Essafae صيدلية الصفاء,33.9076189,-6.9236075,Témara,,
9135694276,node,Pharmacie Socrate صيدلية سقراط,33.9018538,-6.9233913,Témara تمارة,,
9135714322,node,Pharmacie Koutoubia صيدلية الكتبية,33.9049666,-6.9260325,Témara,,
9135727523,node,Pharmacie Lamia صيدلية لمياء,33.9053782,-6.9230663,Témara,,
9135730543,node,Pharmacie Sijilmassa صيدلية سجلماسة,33.9072147,-6.9270748,Témara,,
9135766454,node,Pharmacie Al Kasbah صيدلية القصبة,33.9059939,-6.9295412,Témara,,
9135790575,node,Pharmacie Amina صيدلية أمينة,33.913484,-6.9283621,Témara,,
9135940495,node,Pharmacie Skikina صيدلية سكيكينة,33.9107361,-6.9322297,Témara,,
9135960663,node,Pharmacie Atlal صيدلية أطلال,33.9087987,-6.9311325,Témara,,
9137967753,node,Pharmacie Sables d'Or صيدلية الرمال الذهبية,33.9161007,-6.970836,Témara,,
9138095203,node,Pharmacie Atlantique صيدلية اطلنتيك,33.9464811,-6.9330233,Témara تمارة,,
9138129062,node,Pharmacie Izdihar صيدلية إزدهار,33.9116419,-6.9698401,Témara,,
9138168442,node,Pharmacie Tarik El Fellah صيدلية طريق الفلاح,33.9140096,-6.9618995,Témara,,
9138172113,node,Pharmacie Chatea صيدلية الشاطئ,33.9209668,-6.9620737,Témara,,
9140086277,node,Pharmacie Mirador صيدلية ميرادور,33.9248926,-6.9588618,Témara,,
9140112567,node,Pharmacie Acima صيدلية أسيما,33.9372478,-6.9393493,Témara تمارة,,
9142027704,node,Pharmacie Assaka صيدلية السكة,33.8914394,-6.9695212,Témara,,
9142395016,node,Pharmacie Mosquée Lamdouar صيدلية مسجد لمضور,33.8849696,-6.9866044,Témara,,
9142409793,node,Pharmacie Sami صيدلية السامي,33.9147773,-6.9404058,Témara تمارة,,
9142419637,node,Pharmacie Oum Hani صيدلية أم هاني,33.9128603,-6.9373046,Témara تمارة,,
9142451756,node,Pharmacie Mariman صيدلية ماريمان,33.9182108,-6.9361179,Témara تمارة,,
9142587436,node,Pharmacie Noufa صيدلية نوفا,33.9187879,-6.9337317,Témara تمارة,,
9152751579,node,Pharmacie Fidaa صيدلية الفداء,33.9270462,-6.9374179,Témara تمارة,,
9152760168,node,Pharmacie Errachad صيدلية الرشاد,33.9187315,-6.930025,Témara تمارة,,
9152766012,node,Pharmacie Attadamoun صيدلية التضامن,33.9249094,-6.9362756,Témara,,
9152802395,node,Pharmacie El Fadi صيدلية الفاضي,33.9231017,-6.928671,Témara,,
9152809426,node,Pharmacie Camelia صيدلية كاميليا,33.9251264,-6.9205466,Témara,,
9152827436,node,Pharmacie Zamzam صيدلية زمزم,33.9238885,-6.9248428,Témara,,
9152867537,node,Pharmacie Kenzi Témara صيدلية كنزي تمارة,33.9257001,-6.9272041,Témara,,
9152869576,node,Pharmacie Manar Al Wifak صيدلية منار الوفاق,33.9270952,-6.9325478,Témara,,
9152869622,node,Pharmacie Al Woroud صيدلية الورود,33.9281361,-6.9265001,Témara,,
9152918269,node,Pharmacie Malak صيدلية ملاك,33.9296684,-6.929014,Témara,,
9155474012,node,Pharmacie Cherkawa صيدلية شرقاوة,33.937401,-6.920648,Témara تمارة,,
9155577073,node,Pharmacie Lahkim صيدلية لحكيم,33.8974704,-6.9206679,Témara تمارة,,
9155579071,node,Pharmacie le Cactus صيدلية الصبار,33.8980005,-6.9170177,Témara تمارة,,
9155588156,node,Pharmacie Bensaid صيدلية بنسعيد,33.9016216,-6.9187741,Témara تمارة,,
9155617069,node,Grande Pharmacie de Témara الصيدلية الكبرى تمارة,33.903609,-6.9140238,Témara تمارة,,
9155628951,node,Pharmacie Oum Aicha صيدلية أم عائشة,33.9058091,-6.9121661,Témara تمارة,,
9155630551,node,Pharmacie Ghita صيدلية غيثة,33.904325,-6.9178434,Témara تمارة,,
9155655239,node,Pharmacie Al Hilal صيدلية الهلال,33.9066687,-6.9152836,Témara تمارة,,
9155662704,node,Pharmacie Zahrat Al Amal صيدلية زهرة الأمل,33.9079077,-6.9086815,Témara تمارة,,
9155678176,node,Pharmacie Dakar صيدلية دكار,33.910868,-6.9087569,Témara تمارة,,
9155678272,node,Pharmacie Mouram صيدلية مرام,33.9109904,-6.9053822,Témara تمارة,,
9155692374,node,Pharmacie Anniema صيدلية النعمة,33.913744,-6.906729,Témara تمارة,,
9155707235,node,Pharmacie Riad Fès صيدلية رياض فاس,33.9201526,-6.9003706,Témara تمارة,,
9158259302,node,Pharmacie Rochdi صيدلية رشدي,33.9217184,-6.8854504,Témara تمارة,,
9158296438,node,Pharmacie Assalam صيدلية السلام,33.9146273,-6.8889785,Témara تمارة,,
9158312985,node,Pharmacie Al Kawthar صيدلية الكوثر,33.9157845,-6.8867194,Témara تمارة,,
9158318437,node,Pharmacie Al Maarif صيدلية المعارف,33.9170967,-6.8904975,Témara تمارة,,
9158342019,node,Pharmacie Al Ghait صيدلية الغيث,33.9192774,-6.8874284,Témara تمارة,,
9158361929,node,Pharmacie la Santé صيدلية الصحة,33.928809,-6.8909732,Témara تمارة,,
9158376299,node,Pharmacie Ennassim صيدلية النسيم,33.9262605,-6.8865728,Témara تمارة,,
9158400462,node,Pharmacie de la Famille صيدلية العائلة,33.9264648,-6.893479,Témara تمارة,,
9158434288,node,Pharmacie Naimi صيدلية النعيمي,33.9262586,-6.8900068,Témara تمارة,,
9158464029,node,Pharmacie Fatine صيدلية فاتن,33.9242032,-6.8919994,Témara تمارة,,
9158489885,node,Pharmacie Al Hay صيدلية الحي,33.9228441,-6.897484,Témara تمارة,,
9158516408,node,Pharmacie Badr صيدلية بدر,33.9228264,-6.8950291,Témara تمارة,,
9158575295,node,Pharmacie Al Maghrib Al Arabi صيدلية المغرب العربي,33.9198499,-6.8966467,Témara تمارة,,
9158580680,node,Pharmacie de la Victoire صيدلية النصر,33.921263,-6.8932382,Témara تمارة,,
9158690007,node,Pharmacie l'Espoir صيدلية الأمل,33.9216662,-6.8897352,Témara تمارة,,
9158755725,node,Pharmacie Al Yassmine صيدلية الياسمين,33.9201295,-6.8913652,Témara تمارة,,
9158923202,node,Pharmacie El Mostaocef صيدلية المستوصف,33.9177626,-6.8940202,Témara تمارة,,
9160454851,node,Pharmacie Soundous صيدلية سندس,33.9371878,-6.8849284,Témara تمارة,,
9160464959,node,Pharmacie Narjis صيدلية النرجس,33.9405698,-6.8844553,Témara,,
9160469770,node,Pharmacie Al Mamoune صيدلية المامون,33.9427007,-6.8834139,Témara تمارة,,
9160511077,node,Pharmacie Erraha صيدلية الراحة,33.9423669,-6.8862505,Témara تمارة,,
9160515876,node,Pharmacie Azur صيدلية أزور,33.9364125,-6.8876555,Témara تمارة,,
9160529262,node,Pharmacie Rim صيدلية ريم,33.9403017,-6.8877409,Témara تمارة,,
9160536758,node,Pharmacie El Guich صيدلية الكيش,33.9389333,-6.8866628,Témara تمارة,,
9160585971,node,Pharmacie des Cités صيدلية الإقامات,33.9371887,-6.8933101,Témara تمارة,,
9160642265,node,Pharmacie Al Anouar صيدلية الأنوار,33.9390192,-6.8911083,Témara تمارة,,
9160747452,node,Pharmacie Granada صيدلية غرناطة,33.9386033,-6.8951207,Témara تمارة,,
9160758769,node,Pharmacie la Source صيدلية المنبع,33.9344817,-6.8919746,Témara تمارة,,
9160773673,node,Pharmacie Anassiha صيدلية النصيحة,33.9410053,-6.9004563,Témara تمارة,,
9160794476,node,Pharmacie Al Masjid صيدلية المسجد,33.9416153,-6.8975602,Témara تمارة,,
9162455587,node,Pharmacie Al Mouhafada صيدلية المحافظة,33.9334471,-6.8948429,Témara تمارة,,
9162456936,node,Pharmacie Al Farabi صيدلية الفرابي,33.9366248,-6.8982848,Témara تمارة,,
9162503647,node,Pharmacie Moulay Idriss صيدلية مولاي إدريس,33.9327124,-6.8980801,Témara تمارة,,
9162503648,node,Pharmacie Bahia صيدلية باهية,33.9300581,-6.8992114,Témara تمارة,,
9162519401,node,Pharmacie Bouarouss صيدلية بوعروس,33.9312391,-6.9014276,Témara تمارة,,
9162529966,node,Pharmacie Ibn Nafiss صيدلية ابن النفيس,33.9305512,-6.9039631,Témara تمارة,,
9162554544,node,Pharmacie Moulay Ali Cherif صيدلية مولاي علي الشريف,33.9327517,-6.9071789,Témara,,
9162697231,node,Pharmacie Jardins des Oudaya صيدلية حدائق الوداية,33.9393475,-6.8991335,Témara تمارة,,
9162719792,node,Pharmacie Al Hiba صيدلية الهبة,33.9337937,-6.9020855,Témara,,
9162721554,node,Pharmacie Beni Hachem صيدلية بني هاشم,33.9357349,-6.9064874,Témara,,
9162735514,node,Pharmacie Macha Allah صيدلية ما شاء الله,33.9343147,-6.9097087,Témara,,
9165032218,node,Pharmacie El Massira صيدلية المسيرة,33.9286568,-6.8957097,Témara تمارة,,
9165039174,node,Pharmacie Al Ihssan صيدلية الإحسان,33.9303761,-6.8932609,Témara تمارة,,
9165066529,node,Pharmacie Al Fajr صيدلية الفجر,33.927296,-6.8967799,Témara تمارة,,
9165092886,node,Pharmacie 2000 صيدلية,33.9287041,-6.9000699,Témara تمارة,,
9165108210,node,Pharmacie El Qods صيدلية القدس,33.9266607,-6.901968,Témara,,
9165139581,node,Pharmacie Leila صيدلية ليلى,33.9254898,-6.8994468,Témara تمارة,,
9165254177,node,Pharmacie du Centre صيدلية المركز,33.9245592,-6.917565,Témara تمارة,,
9165261383,node,Pharmacie du Marché صيدلية السوق,33.9281315,-6.9079699,Témara,,
9165265721,node,Pharmacie Houdaya صيدلية هوداية,33.921258,-6.9095421,Témara تمارة,,
9165293018,node,Pharmacie El Moumen صيدلية المومن,33.9250446,-6.9086836,Témara,,
9165315371,node,Pharmacie Moulay Slimane صيدلية مولاي سليمان,33.9234948,-6.9051324,Témara تمارة,,
9165319321,node,Pharmacie Bakkali صيدلية البقالي,33.9263421,-6.9057074,Témara,,
9165331032,node,Pharmacie Nahda صيدلية النهضة,33.9210433,-6.9030973,Témara تمارة,,
9165388895,node,Pharmacie Tarik Ibn Ziad صيدلية طارق بن زياد,33.9186575,-6.9031235,Témara تمارة,,
9165388962,node,Pharmacie Al Khiam صيدلية الخيام,33.9187178,-6.9053563,Témara تمارة,,
9165566976,node,Pharmacie de Prestige صيدلية المجد,33.9207794,-6.906389,Témara تمارة,,
9165644778,node,Pharmacie Témara صيدلية تمارة,33.9252812,-6.9172712,Témara تمارة,,
9167536234,node,Pharmacie Hatim صيدلية حاتم,33.9160794,-6.9064637,Témara تمارة,,
9167541186,node,Pharmacie Aredouane صيدلية الرضوان,33.9189754,-6.9088554,Témara تمارة,,
9167554484,node,Pharmacie Nouvelle الصيدلية الجديدة,33.9211395,-6.9124989,Témara تمارة,,
9167559820,node,Pharmacie Fathallah صيدلية فتح الله,33.9160241,-6.9093014,Témara تمارة,,
9167570811,node,Pharmacie Al Fouarat صيدلية الفوارات,33.9130534,-6.9107743,Témara تمارة,,
9167587241,node,Pharmacie Labchir صيدلية لبشير,33.9156295,-6.9120998,Témara,,
9167630545,node,Pharmacie Abi Houraira صيدلية أبي هريرة,33.9107831,-6.9155249,Témara تمارة,,
9167641595,node,Pharmacie les Urgences صيدلية المستعجلات,33.910824,-6.9132135,Témara تمارة,,
9170145544,node,Pharmacie Essalama صيدلية السلامة,33.9233742,-6.9138331,Témara تمارة,,
9170167724,node,Pharmacie Hay Al Azrak صيدلية حي الأزرق,33.922906,-6.9162382,Témara تمارة,,
9170171147,node,Pharmacie et Laboratoire Chifaa صيدلية و مختبر الشفاء,33.9221981,-6.9199735,Témara,,
9170204661,node,Pharmacie Al Maarifa صيدلية المعرفة,33.9153701,-6.9224901,Témara ⵜⵎⴰⵔⴰ تمارة,,
9170234866,node,Pharmacie Fath El Kheir,33.9067659,-6.9206488,Témara,,
9171994914,node,Pharmacie Moulat صيدلية مولات,33.90906,-6.9210455,Témara,,
9172045768,node,Pharmacie Al Afaq,33.911779,-6.9195283,Témara,,
9172064641,node,Pharmacie Mosquée Zahra صيدلية مسجد الزهراء,33.9112587,-6.9219571,Témara تمارة,,
9172102395,node,Pharmacie Khizrane صيدلية خيزران,33.9183439,-6.9142993,Témara تمارة,,
9172111660,node,Pharmacie Ibn Sina صيدلية بن سينا,33.9132048,-6.9242799,Témara,,
9172140569,node,Pharmacie Roudani صيدلية الروداني,33.917612,-6.9159627,Témara تمارة,,
9172149836,node,Pharmacie Kenza صيدلية كنزة,33.9204252,-6.9164897,Témara,,
9172160156,node,Pharmacie Andaloussi صيدلية أندلسي,33.9169582,-6.9199853,Témara تمارة,,
9172206026,node,Pharmacie Echoumoue صيدلية الشموع,33.9141061,-6.9173491,Témara تمارة,,
9172243652,node,Pharmacie Oum Kaltoum صيدلية أم كلثوم,33.9140077,-6.9209603,Témara ⵜⵎⴰⵔⴰ تمارة,,
9172249918,node,Pharmacie Ilias صيدلية إلياس,33.9154505,-6.9190345,Témara تمارة,,
9174518570,node,Pharmacie Aswak Assalam صيدلية أسواق السلام,33.9051823,-6.9404555,Témara تمارة,,
9174678956,node,Pharmacie la Liberté صيدلية الحرية,33.9226632,-6.9194801,Témara,,
9198036426,node,Pharmacie Carré Santé Beauté صيدلية الجمال و الصحة,33.9604086,-6.8558563,Rabat,,
9198047560,node,Pharmacie Ibn Toumerte صيدلية ابن تومرت,34.0161602,-6.8391178,Rabat,,
9198056620,node,Pharmacie Ryad Andalous صيدلية رياض الأندلس,33.9570777,-6.8831228,Rabat,,
9205409061,node,Pharmacie Al Baraka صيدلية البركة,33.9888007,-6.8239329,Rabat,,
9207875204,node,Pharmacie Hay El Fath صيدلية حي الفتح,33.9648165,-6.9037249,Rabat,,
9207889370,node,Pharmacie El Ighata صيدلية الإغاثة,33.9669117,-6.905958,Rabat,,
9208004366,node,Pharmacie Al Mountazah صيدلية المنتزه,33.9686741,-6.8978006,Rabat,,
9208043364,node,Pharmacie Al Mountalak صيدلية المنطلق,33.9696951,-6.9008125,Rabat ⵔⴱⴰⵟ الرباط,,
9208048005,node,Pharmacie Marjolaine صيدلية مارجولين,33.969775,-6.9043704,Rabat,,
9208075191,node,Pharmacie Yacoub El Mansour صيدلية يعقوب المنصور,33.9725882,-6.8836256,Rabat,,
9208105105,node,Pharmacie l'Avenir صيدلية المستقبل,33.9712315,-6.8859781,Rabat,,
9208770341,node,Pharmacie Al Bahja صيدلية البهجة,33.9685567,-6.8884884,Rabat,,
9209726939,node,pharmacie moulay ismail,33.9061302,-5.5464728,,,
9210044714,node,Pharmacie Kasry صيدلية قصري,33.9687435,-6.893351,Rabat,,
9210108804,node,Pharmacie Al Hikma صيدلية الحكمة,33.9707695,-6.8909279,Rabat,,
9210138086,node,Pharmacie Al Massira صيدلية المسيرة,33.9733091,-6.8912277,Rabat,,
9210188912,node,Pharmacie Attine صيدلية التين,33.9772954,-6.8893143,Rabat,,
9210193812,node,Pharmacie Al Khawarizmi صيدلية الخوارزمي,33.9731035,-6.8945642,Rabat,,
9210430950,node,Pharmacie Lotus صيدلية لوتس,33.9794101,-6.8954273,Rabat ⵕⵕⴱⴰⵟ الرباط,,
9210565548,node,Pharmacie Al Azhar صيدلية الأزهر,33.973203,-6.897132,Rabat,,
9211224240,node,Pharmacie El Mouna صيدلية المنى,33.9869334,-6.8875054,Rabat,,
9211246181,node,Pharmacie Al Hamd صيدلية الحمد,33.9896223,-6.874472,Rabat,,
9211249126,node,Pharmacie Al Amal صيدلية الأمل,33.9871927,-6.8756888,Rabat,,
9211253596,node,Pharmacie Al Kifah صيدلية الكفاح,33.9906675,-6.8716954,Rabat,,
9211320272,node,Pharmacie Chbanat صيدلية الشبانات,33.982118,-6.8913054,Rabat,,
9211322947,node,Pharmacie Abi Hourayra صيدلية أبي هريرة,33.9882321,-6.8824171,Rabat,,
9212188106,node,Pharmacie Bouitat صيدلية البويتات,33.9865506,-6.8795935,Rabat,,
9212247634,node,Pharmacie Ennaim صيدلية النعيم,33.988957,-6.8781018,Rabat,,
9212268132,node,Pharmacie Ar-Rahman صيدلية الرحمان,33.9861083,-6.8822802,Rabat,,
9212372883,node,Pharmacie El Kouass صيدلية القواس,33.9824049,-6.8809576,Rabat,,
9212376265,node,Pharmacie El Mansour صيدلية المنصور,33.9812502,-6.8845478,Rabat,,
9212906605,node,Pharmacie Ibn Baytar صيدلية بن البيطار,33.9836714,-6.8792088,Rabat,,
9212962521,node,Pharmacie Tarik صيدلية طارق,33.9781948,-6.8854167,Rabat,,
9212981538,node,Pharmacie Al Majd صيدلية المجد,33.9834241,-6.876612,Rabat,,
9212988945,node,Pharmacie Bekkari صيدلية البكاري,33.9783383,-6.8825148,Rabat,,
9214322075,node,Pharmacie Assabah صيدلية الصباح,33.9925619,-6.8817746,Rabat,,
9214326796,node,Pharmacie Hay Al Kora صيدلية حي الكورة,33.9962381,-6.8780082,Rabat,,
9214351915,node,Pharmacie Ibn Rochd صيدلية ابن رشد,34.0040184,-6.865602,Rabat,,
9214377777,node,Pharmacie Nadia صيدلية نادية,34.0013575,-6.8710003,Rabat,,
9214391221,node,Pharmacie Al Masjid صيدلية المسجد,34.0025588,-6.8692028,Rabat,,
9214397982,node,Pharmacie Marché de Gros صيدلية سوق الجملة,34.0042521,-6.8688539,Rabat,,
9214455456,node,Pharmacie El Atlas صيدلية الأطلس,33.9988325,-6.8729038,Rabat,,
9215154297,node,Pharmacie Al Khair صيدلية الخير,33.9961903,-6.8751656,Rabat,,
9215166719,node,Pharmacie Hay Bouhlal صيدلية حي بوهلال,33.9938882,-6.8773241,Rabat,,
9227765528,node,Pharmacie Nahim صيدلية نهيم,33.9945332,-6.8697116,Rabat,,
9271824487,node,Pharmacie Ounagha,31.532575,-9.5494399,,,
9347211737,node,Para,34.2236899,-5.7047369,,,
9347211759,node,صيدلية عين الضريف,34.2256939,-5.7097569,,,
9566173198,node,صيدلية جالينوس,27.1432139,-13.1839947,LAAYOUNE,+212 5 28 98 54 62,
9566205842,node,PHARMACIE OUM SAAD,27.1449601,-13.199306,Laayoune,,
9566274440,node,صيدلية الصحة,27.1597094,-13.1940366,LAAYOUNE,+212 6 96 96 19 49,
9571028517,node,,31.9873948,-9.3283662,,,
9582250794,node,صيدلية المستشفى الجامعي 25 مارس,27.1312044,-13.144498,LAAYOUNE,+212 8 08 62 42 20,
9613551608,node,Parapharmacie Ibn Rochd,33.5808565,-7.6224722,,,
9620697118,node,Pharmacie Morizgo صيدلية موريزڭو,33.5787665,-7.6214335,,,
9621212153,node,Pharmacie Les Lilas صيدلية ليلج,33.5791919,-7.6240387,,,
9633585482,node,صيدلية الدشيرة,27.1505155,-13.1985557,Laayoune,+212 5 28 89 42 19,
9651845874,node,Pharmacie Nationale,34.0626035,-4.9795049,,,
9703245282,node,الصيدلية الرئيسية,27.1475551,-13.1992269,العيون Laâyoune,+212 5 28 89 22 27,
9792586617,node,صيدلية رابحة,33.8592796,-5.552029,,+212 5 35 46 77 98,
9807514557,node,Pharmacie Grenade صيدلية غرناطة,27.1409014,-13.1925189,Laâyoune,+212 5 28 99 07 66,
9822751216,node,Pharmacie Bin El Ouidane,34.0066391,-6.8508352,,,"Mo-Fr 09:00-13:00, Mo-Sa 15:00-19:30, Sa 09:00-13:00"
9858697929,node,Pharmacie de Rabat,34.0184271,-6.8457835,,+212 5 37 70 74 68,
9866066697,node,Pharmacie Les Oliviers صيدلية الزيتون,33.9811459,-5.2419189,,,
9868472558,node,Pharmacie Ain Allah صيدلية عين الله,34.039993,-5.1414929,,,
9871066563,node,Pharmacie El Hakkour,33.8575581,-5.583258,,,
9885599694,node,Pharmacie Cité Universitaire صيدلية الحي الجامعي,33.8562651,-5.5452185,,,
9885633735,node,Pharmacie Layane صيدلية ليان,33.8540675,-5.547342,,,
9886087822,node,Pharmacie Aswar Meknès صيدلية أسوار مكناس,33.8515527,-5.5694315,,,
9886695422,node,Pharmacie Timahdit صيدلية تيمحضيت,33.2359355,-5.0586222,,,
9906682517,node,صيدلية,35.5730265,-5.3749463,,,
9909622893,node,Pharmacie Tufarma,35.7348371,-5.8897012,Tanger طنجة,,"Mo-Th 09:00-13:00,16:00-20:00"
10003071075,node,,31.5559995,-7.6855705,,,
10003071076,node,,31.5656061,-7.7258144,,,
10003083839,node,,31.5472871,-7.636079,,,
10003100971,node,,31.5767502,-7.8180923,,,
10003103619,node,,31.530597,-7.4850202,,,
10007507866,node,,34.8899775,-3.728591,,,
10012456355,node,Pharmacie Al Oum,35.1536615,-2.9873222,,,
10085901716,node,Pharmacie Mimosa,33.8383537,-7.0558201,,,
10114292126,node,Pharmacie Jawad,33.5712168,-7.5594241,,,Mo-Sa 09:00-20:30
10114870172,node,Pharmacie Haboucha,30.4216817,-9.6058295,,,
10115924865,node,Sonaba,30.3996557,-9.5878933,,+212 5 28 23 03 48,
10129249800,node,صيدلية 25 مارس,27.1239462,-13.1564689,LAAYOUNE,+212 5 25 13 67 77,
10129249802,node,صيدلية الوفاق الكبير,27.1123898,-13.1719579,,+212 5 25 13 39 68,
10129301281,node,صيدلية شارع حبوها,27.1365745,-13.1704838,LAAYOUNE,+212 5 28 98 30 40,
10130973456,node,Pharmacie & Parapharmacie Centrale de Bouskoura,33.4929542,-7.6488068,,+212 6 63 01 31 67,
10140178417,node,صيدلية التوحيد,33.5709384,-7.5512541,,,
10292847533,node,Pharmacie Lina,33.5791635,-7.6032787,,,
10296764192,node,,31.2896171,-7.2418019,,,
10299982609,node,NEW ERA,31.6388741,-8.0092363,,,
10539047951,node,,31.6395465,-7.7905364,,,
10541977575,node,Pharmacie Moncef,33.6085175,-7.536803,,,
10542776841,node,صيدلية إيناس,27.1345823,-13.1524281,LAAYOUNE,+212 6 64 68 81 85,
10550697709,node,Pharmacie & Para Al Bassatine,33.8396912,-7.0595421,,,
10550717710,node,صيدلية الحسناء,33.8346611,-7.059588,,,
10555045093,node,Pharmacie Souissi,34.250615,-6.641976,,+212 537 328 727,
10555066874,node,Pharmacie Espace Golf,34.2494186,-6.6373138,,+212 537 328 981,
10567658610,node,صيدلية النزهة,33.9566815,-6.8171845,,+212 5 37 63 66 84,
10680028731,node,Pharmacie Tilouguite,32.0302104,-6.2063287,,,
10705162805,node,صيدلية عز الدين,34.0867589,-6.7817856,,,
10722304585,node,صيدلية معاذ ابن جبل,27.0866776,-13.4096099,EL MARSA,+212 5 28 99 82 75,
10722309578,node,صيدلية لالة فاطمة,27.0946529,-13.411289,El Marsa المرسى,+212 5 28 99 83 19,
10722313238,node,صيدلية المحيط,27.097674,-13.4143309,El Marsa,+212 5 28 99 83 23,
10763845578,node,صيدلية أتيل,27.089831,-13.4111587,El Marsa المرسى,+212 5 28 99 87 80,
10763865810,node,صيدلية الصحراء,27.0963324,-13.4110872,El Marsa المرسى,+212 5 28 99 81 09,
10778767144,node,Pharmacie Asni.,31.2508017,-7.9783269,,,
10811340905,node,Para & Pharmacie Ziraoui صيدلية الزيراوي,33.5955386,-7.6325736,,,
10865931117,node,صيدلية الحساني Pharmacie El Hassani,34.0148984,-6.7651773,,+212 5 37 83 29 65,
10865931118,node,Pharmacie Ennasr صيدلية النصر,34.0126624,-6.7648397,,,
10869465895,node,Pharmacie Florida,34.2681247,-6.6413079,,,
10871904857,node,Mutawakkil Pharmacy صيدلية المتوكل,34.0168961,-6.7677242,,,
10871915847,node,Pharmacie Printemps,34.0178129,-6.7652398,,+212 5 37 82 86 86,
10885806827,node,pharmacie anbar,33.5617131,-7.5987122,,,
10885836998,node,Pharmacie Nisrine,33.5664666,-7.572924,,,
11006338955,node,صيدلية إبن سيرين,27.1255856,-13.1504261,العيون,,
11008020391,node,صيدلية حسان بن ثابت,27.1398479,-13.1560761,LAAYOUNE,+212 8 08 68 04 47,
11036484874,node,صيدلية سارة,27.1131026,-13.1666739,laayoune,+212 7 07 77 53 66,
11047808535,node,Place Al Moussala,31.3699428,-7.797166,,,
11134693760,node,,35.1955562,-3.8947823,,,
11178575245,node,Pharmacie Al AMAL,31.2254243,-8.2414812,,,
11178932319,node,PHARMACIE AMIZMIZ CENTRE,31.2167837,-8.232957,,,
11191473850,node,Had El Brachoua,33.6933748,-6.6330256,,,
11193832537,node,صيدلية,32.711839,-5.807297,,,
11214425488,node,Pharmacy des generation,33.5960236,-7.6278348,,,
11214434952,node,Pharmacy assim,33.5749092,-7.6026912,,,
11216914617,node,FHARMACIE DERB TOLBA,33.5708542,-7.5975232,,,
11216926671,node,Pharmacy mdiouna,33.5691338,-7.5958052,,,
11216926703,node,Para Godza,33.5701332,-7.6016622,,,
11220930122,node,Pharmacy Al Hoda,33.5705185,-7.609777,,,
11220959594,node,Pharmacy & Para Chawi,33.5718536,-7.598381,,,
11222390834,node,Pharmacy 15 Ramadan,33.5870056,-7.6080818,,,
11228103721,node,صيدلية قلب طنجة,35.7599924,-5.7518517,,,
11236682120,node,les Jardins des oliviers,33.8456039,-5.5510678,,,
11253488262,node,,31.6696732,-8.0633494,,,
11253488927,node,,31.6732588,-8.0528701,,,
11253490254,node,,31.6734865,-8.0671701,,,
11309227132,node,Pharmacie Nour,34.0529333,-4.9921724,,,
11366277725,node,El yassmine,33.9889539,-6.8143609,,,
11394551068,node,Pharmacie Al Adarissa صيدلية الأدارسة,33.2280036,-8.5026924,,,
11397030489,node,Achour,33.2370971,-8.5035767,,,
11401725570,node,,31.5122099,-9.7671345,,,
11410285779,node,,33.594167,-7.6113267,,,
11410362969,node,,33.5947843,-7.6130662,,,
11410363080,node,,33.6039137,-7.6335898,,,
11410366969,node,,33.5951866,-7.6688003,,,
11413680775,node,,33.5764674,-7.6040215,,,
11413680778,node,,33.5859544,-7.6165399,,,
11413681073,node,,33.579046,-7.6059801,,,
11414762973,node,,33.5900961,-7.6142756,,,
11420189869,node,,31.5881505,-8.0334861,,,
11425322381,node,,31.5952628,-8.0498699,,,
11453982029,node,,32.0132322,-6.7146432,,,
11459967192,node,,35.0364402,-5.7710116,,,
11459977638,node,,35.0063089,-5.8927462,,,
11470796469,node,Pasteur,34.0481748,-6.8006116,,,
11480701270,node,Loukili,35.4672298,-6.0321368,,,
11483486569,node,صيدلية الرياض,34.0438361,-6.804304,,,
11500890257,node,Pharmacy Zenith,33.8953629,-5.5280628,,,
11500919678,node,Pharmacy Pierre Curie,33.8930206,-5.533638,,,
11508783069,node,,30.4124208,-9.5984953,,,
11525018641,node,Pharmacy Imouzzer Marmoucha - صيدلية إيموزار مرموشة,33.4703932,-4.2966111,Imouzzer Marmoucha إموزار مرموشة,,Mo-Su 09:00-21:00
11560792340,node,,34.0216146,-5.5504051,,,
11630506172,node,,33.5392196,-7.6788441,,,
11677356566,node,AL MASBAH,33.9862189,-6.8876238,Rabat,,
11701891847,node,Walili,34.0570083,-5.5213959,,,
11704219950,node,Nia,34.0552883,-5.5240642,,,
11711295739,node,Pharmacie du Centre,34.05554,-5.5228774,,,
11725250010,node,Pharmacie Yousra,34.5495423,-4.6476203,,,
11735053397,node,Grande Pharmacie de Bouizakarne,29.1778384,-9.7119396,,,
11737203214,node,Pharmacie La Plage,34.2548806,-6.6771113,,,
11748012756,node,,34.4602703,-4.8728241,,,
11748051574,node,,34.4625825,-4.8725606,,,
11748274000,node,pharmacie Youssef,32.4040184,-6.235567,,,
11757903334,node,Pharmacie 16 Novembre,33.991146,-6.8489787,Rabat,+212 5 37 67 56 69,
11763736883,node,Pharmacie BELMADANI صيدلية بلمدني,33.8549241,-5.5915698,Meknès ⴰⵎⴽⵏⴰⵙ مكناس,,
11804942472,node,pharmacie al bahae,34.2351843,-6.6190221,,,
11820181678,node,Pharmacie Al Balsem صيدلية البلسم,33.9215482,-6.9584707,,,
11830231869,node,صيدلية عمراوي,35.165051,-2.931925,,,
11839458726,node,Pharmacie le jardin,34.2375564,-6.6379923,,,
11882364685,node,Pharmacie ANZI,34.0031796,-6.8585763,Rabat,,
11902448887,node,,34.913841,-4.5695816,,,
11904827341,node,Pharmacie Rochdi,34.2517251,-6.5821413,,+212 537 395 656,
11916133966,node,Pharmacie Ibn Sina,34.1873728,-6.6817926,,,
11918394770,node,Pharmacie Mgadid,34.2242733,-6.5122197,,,
11918409504,node,صيدلية مشرع الكتان,34.1246191,-6.5608681,,,
11918490818,node,Pharmacie Zhana,34.216851,-6.5078223,,,
11927065682,node,Pharmacie Ilias Assam,34.2814418,-6.5362222,,,
11948911674,node,Pharmacie Nour,34.1576552,-6.7107494,,,
11948940356,node,Pharmacie Malkia,34.1030754,-6.7575549,,,
11955305816,node,Pharmacie wato صيدلية واطو,33.5745662,-7.6303973,,,
11959407767,node,,34.2395237,-6.6382209,,,
11968762969,node,صيدلية رياض أناسي,33.8523546,-5.5788403,,,
11970116169,node,صيدلية السرور,33.8493337,-5.5745731,,,
12056156793,node,,33.8193016,-5.5124412,,,
12059117683,node,صيدلية الوسيط,27.1205843,-13.1822521,,,
12101892136,node,صيدلية محمد,27.1489819,-13.1839367,laayoune,+212 5 28 98 01 03,
12113852725,node,Pharmacie Kheops,33.5886829,-7.6383703,,,
12114310199,node,,33.5632692,-7.663828,,,
12114838935,node,,33.5675059,-7.6572414,,,
12115155357,node,Pharmacie Al Fath 8,31.4529934,-9.7410509,,,
12121252941,node,Luxia,33.2396924,-8.481749,,,
12140292514,node,Moun Para,35.7725077,-5.7704981,,+212 6 61 94 22 32,
12146121300,node,Pharmacie du Complexe Sportif,33.5795302,-7.6496175,,,
12176542524,node,Para Masjid Iran,33.9003487,-5.5340729,,,
12211356198,node,Pharmacie et ParaPharmacie Line,33.9170964,-6.8990926,Témara تمارة,+212 5 37 40 25 06,
12236032312,node,Pharmacie dar bakka,31.6608071,-7.8011617,,,
12239853214,node,Pharmacie alber,31.5147056,-7.8463761,,,
12280396816,node,Pharmacie Oued Alyene,35.817176,-5.6368665,,,
12285899714,node,Pharmacie Ain Assel,35.6944946,-5.8466969,,,
12286288205,node,Pharmacie Dar Chaoui,35.5323217,-5.715209,,,
12290757789,node,صيدلية شارع الوكالة,27.1347249,-13.1508462,LAAYOUNE,+212 6 96 81 00 40,
12294340575,node,Pharmacie wael,31.8934794,-7.942583,,,
12315489277,node,Pharmacie des Champions - صيدلية الأبطال,33.5816075,-7.6436672,,,
12324364996,node,صيدلية نوران,35.760232,-5.7579693,,+212 5 39 30 28 74,
12339570777,node,Pharmacie El Masjd El Habib,33.5361868,-7.693273,,,
12339570778,node,Pharmacie woroud saada,33.5341553,-7.6903995,,,
12420984135,node,Pharmacie de Progres,31.6253007,-7.9886645,,,
12513371301,node,صيدلية المحطة,29.6906406,-9.7143654,,,
12585604702,node,,34.0293437,-6.8245096,,,
12670396463,node,صيدلية أريماس,35.7643529,-5.7599345,TANGER,+212 5 31 07 86 23,
12670399829,node,صيدلية ابي,27.1332116,-13.181184,Laayoune,+212 5 28 98 46 51,
12670460250,node,صيدلية العسري,27.1356344,-13.2022507,LAAYOUNE,+212 5 28 99 27 20,
12670461289,node,صيدلية القمة,27.1451369,-13.1797949,LAAYOUNE,+212 5 28 98 41 41,
12726032726,node,Pharmacie Lakram,33.9576104,-5.2313796,Ain Taoujdate,,Mo-Su 09:00-21:00
12728393149,node,صيدلية الشجيرات,35.7655849,-5.7491404,Tanger,+212 6 25 38 94 86,
12728400894,node,صيدلية بوتور,35.7636627,-5.7697656,Tanger,,
12731568288,node,Pharmacie du Phare,33.5932456,-7.6432234,,,
12791646622,node,Pharmacie des Universités,33.9881575,-6.8513294,,,
12800261401,node,Pharmacie Kasbah,35.788309,-5.8153101,,,
12811425530,node,Pharmacie El Fadilia صيدلية الفاضلية,33.8779373,-5.5787439,,,
12853071688,node,Pharmacie Danton,33.5803173,-7.6375599,,,
12893747995,node,Pharmacie Dune d'Anfa,33.5917909,-7.6544565,,,
12907895799,node,صيدلية ولاية الوفاق,27.1091222,-13.1661277,Laayoune,+212 5 28 99 48 67,
12925292944,node,Para Efficience,34.0404449,-6.8066351,,,
12926148367,node,صيدلية النداء,27.134351,-13.188803,El Aaiún العيون‎,+212 5 28 99 47 01,
12961025801,node,Pharmacie Bougafer,31.3729555,-5.9862326,,,
12967306563,node,صيدلية واد الشبيكة,27.1230073,-13.1749351,laayoune,+212 6 65 16 64 86,
12978794334,node,صيدلية ديار الضحى,27.1449349,-13.1543761,Laayoune,,
12978816204,node,صيدلية أبيج,27.1062569,-13.1714124,,+212 6 68 77 69 10,
12985232998,node,صيدلية التملي,27.122363,-13.1528398,laayoyne,+212 8 08 60 10 85,
12996560363,node,صيدلية ساحة 84,27.1396974,-13.1589324,العيون,+212 5 28 98 40 51,
13016217301,node,Parapharmacie,34.0026489,-6.8575656,,,
13057634944,node,صيدلية جبل طارق,35.7796978,-5.7568098,,+212 5 39 32 59 31,
13061949546,node,صيدلية تفرح,27.1378241,-13.152027,,+212 7 08 50 93 94,
13073783841,node,صيدلية التفاؤل طنجة البالية,35.7539344,-5.7563645,,,
13073813431,node,صيدلية العال,27.1131814,-13.1801969,,,
13073820503,node,صيدلية البراق,35.7666211,-5.7865371,,+212 6 66 96 46 91,
13073835282,node,صيدلية المنهج,35.7565884,-5.7551073,,+212 7 66 68 35 65,
13093077997,node,,33.5784386,-7.6248457,,,
13094807894,node,Pharmacie Ain Sebaa صيدلية عين السبع,33.6061517,-7.539421,,,
13096438032,node,Pharmacie Cinem Anfa,33.5743409,-7.6710815,,,
13119295227,node,صيدلية اليموني,35.7671018,-5.7696924,Tanger,+212 6 64 02 60 41,
13131658675,node,,29.3652018,-10.1780095,,,
13138070012,node,,33.5340268,-7.6359191,,,
13140045687,node,صيدلية لاراباس,27.1305989,-13.1831432,,+212 5 28 98 00 38,
13158416142,node,Pharmacie & Para Care Oasis,33.5550878,-7.6318495,,,
13181733564,node,صيدلية فاروق,27.1333444,-13.1538431,,+212 5 28 98 48 10,
13189704489,node,Pharmacie Aymane,33.5745137,-7.6368484,,,
13196560344,node,صيدلية طنجة البالية,35.7716386,-5.7691127,,+212 5 39 94 35 17,
13199193013,node,Pharmacie Al Ourjouane صيدلية الأرجوان,33.5670034,-7.6530453,,,
13202649302,node,,29.9950932,-7.5298245,,,
13203028404,node,Pharmacie de l'Oasis,33.5564078,-7.6340383,,,
13207036102,node,Herboristerie Bendriss,31.6306644,-7.9859952,,+212 5 24 44 23 99,
13247516013,node,Pharmacie Arrayane صيدلية الريان,33.8268628,-6.9386288,Tamesna,,
13265043539,node,Pharmacie ROUTE AIN CHKEF,33.9976267,-5.011974,Fes,,
13281522497,node,صيدلية غفران,27.1180593,-13.1811177,,+212 5 28 98 02 48,
13295331559,node,Pharmacie de lhopital provincial,35.1936213,-3.9107516,alhoceima,,
13295480266,node,Pharmacie des Facultés,35.1710099,-3.8613604,alhoceima,,
13317160317,node,صيدلية سامي,27.1205171,-13.1703962,,+212 5 28 99 04 33,
13320257978,node,صيدلية برج الحكمة,27.1406381,-13.17036,,+212 5 28 98 53 24,
13322008019,node,,33.5766722,-7.675367,,,
13323683232,node,Pharmacie Kassbah صيدلية القصبة,33.8835258,-5.5485821,,,
13325730035,node,صيدلية ميموزا,33.8589134,-5.5431371,,,
13358233038,node,صيدلية التقوى,27.1288039,-13.1467775,Laayoune,+212 7 70 77 11 13,
13361976201,node,Pharmacie fatma,33.5539146,-7.6745104,,,24/7
13372544103,node,ParaRayane,27.1388415,-13.1677811,,,
13375322682,node,,30.5133931,-9.6822888,,,
13415213262,node,,31.6153546,-7.986851,,,
13416870985,node,صيدلية حي القسم,27.1595612,-13.2128834,laayoune,+212 5 28 99 70 21,
13416873404,node,صيدلية كنز الصحة,27.1256864,-13.1657678,laayoune,+212 5 25 19 95 00,
13423258151,node,,31.6996834,-7.9839963,,,
13424662712,node,صيدلية أنفاس,35.7730348,-5.7813702,Tanger طنجة,+212 5 39 30 11 85,
13430305601,node,Pharmacie Mhamid el Ghizlane,29.8258808,-5.7207773,,,
13436601790,node,صيدلية 20 غشت الوفاق,27.1100114,-13.1749278,,+212 7 20 52 15 15,
13495326314,node,صيدلية العمراني,27.1594454,-13.2089352,العيون,+212 5 28 98 02 41,
13588119636,node,,31.0436132,-7.1312474,,,
13630269160,node,صيدلية الحزام,27.132857,-13.1936732,El Aaiún العيون,+212 5 25 30 65 03,
13663776859,node,صيديلية الهعد,30.4602175,-9.6370458,,,
13664801911,node,Belkhayat,33.4799106,-7.9028516,,,
13671577694,node,Pharmacie,32.5439842,-9.2766717,,,
13687339878,node,Pharmacie Tilleul Marjane,33.854343,-5.5817932,,,
13690724259,node,Pharmacie Goulmima,31.6893014,-4.955829,Goulmima كلميمة,,
13697840199,node,Pharmacie et parapharmacie Sid El Abed,33.9108503,-6.974859,Harhoura هرهورة,,
13711210750,node,El Wahda,30.9269125,-6.9047647,,+212 5 24 88 79 90,
13724837868,node,Pharmacie Idelssane,30.9990606,-6.6510553,,+212 6 10 33 39 10,
13724841698,node,صيدلية ميدسيد,27.1245021,-13.1825429,العيون,+212 5 28 89 04 63,
13731115801,node,صيدلية الهعد,30.460162,-9.6371979,,,Mo-Sa 08:00-20:00
13732274726,node,Pharmacie Roche Rouge,33.9147942,-5.4785162,,,
13736072301,node,Pharmacie Belmfedel,35.5696946,-5.360204,,,
13738652395,node,Gouagharda,31.5681818,-7.6606537,Ait Ourir ⴰⵢⵜ ⵓⵔⵉⵔ آيت ورير,,
13741152991,node,Pharmacie Najah,32.9337714,-5.6692509,Khénifra ⵅⵏⵉⴼⵕⴰ خنيفرة,,
13745269803,node,Pharmacie Arabi Nouvelle,34.5359118,-4.6382569,,,
13745963701,node,صيدلية الصقلي,34.0017627,-4.9763969,,,
13749521701,node,Pharmacie Retablessement,34.4053393,-4.6935382,,,
13754176901,node,صيدلية الدعاء,34.5370577,-4.638388,,,
13754415103,node,Pharmacie Ikaouen,34.752753,-4.6577052,,,
13754440001,node,صيدلية المركز - pharmacie du centre,34.7519808,-4.6580482,,,
13755123506,node,Pharmacie Bouhayrat Saiss,34.0151842,-4.9283509,,,
13755820903,node,Pharmacie Fadaat Saada,34.0186327,-4.9313918,,,
13755964101,node,صيدلية سلاس,34.5346976,-4.968008,,,
13755984601,node,مستشفى الوردزاغ,34.5344626,-4.9697296,,,
13757399901,node,Pharmacie Principale,35.6143172,-5.2811889,,,
13762861103,node,Pharmacie Tarik صيدلية طارق,35.450701,-5.091701,,,
13762863701,node,صيدلية الكورنيش,35.622075,-5.272309,,,
13763238801,node,Pharmacie KASR AL ADALA,33.992289,-4.961775,,,
13763531701,node,Pharmacie Ibn Batouta,35.6864072,-5.3284517,,,24/7
13764164201,node,Pharmacie IHAB,33.962014,-4.993035,,,
13764191302,node,Pharmacienne ibn al baytar,34.0694733,-4.9624125,,,
13764202701,node,صيدلية حنان,34.0672409,-4.9636688,,,
13764558201,node,,34.0643513,-4.9702934,,,
13765630401,node,Pharmacie La Corniche,35.1840647,-2.9254921,,,
13765658002,node,pharmacie essaddiki,35.623317,-5.295608,,,
13765658201,node,Pharmacie La Vida,35.626062,-5.300901,,,Mo-Su 09:00-02:00
13766599701,node,Pharmacie Al Maqdisse,33.823517,-6.09003,,,
13767425401,node,Droguerie,35.6167657,-5.2723795,,,
13767425404,node,Bni Maadan Pharmacy,35.578593,-5.278541,,,
13767850518,node,Pharmacie Nia,34.055304,-5.5241188,,+212 5 35 54 40 74,
13772319501,node,PHARMACIE ELJAMALI,30.2953073,-9.4489145,,,
13773563411,node,Pharmacie Mont Bleu,35.176917,-5.273648,,,
13773572602,node,Mustapha,34.997332,-4.8895534,,,
13773572603,node,Pharmacie Ben Arafa,34.9974542,-4.8895768,,,
13779781502,node,AlBahar,35.4104208,-5.0670469,,,
13779781603,node,صيدلية رضا الله,34.534384,-4.635929,,,
13779781720,node,Pharmacie LAYLA KAMAL,33.540305,-5.118021,,,
13779781804,node,صيدلية قاع أسراس,35.413441,-5.068629,,,
13782825601,node,Pharmacie Bouziane,34.067104,-4.960253,,,
13782825602,node,Pharmacie Eliraki,34.07228,-4.994959,,,
13782825607,node,صيدلية مونفلوري,34.015564,-4.986093,,,
13782825701,node,Pharmacie FARES,34.071732,-4.9894408,,,
13782825705,node,Pharmacie Avicenne,34.010842,-4.950126,,,
13782825903,node,Pharmacie Mabrouka,34.071724,-5.00249,,,
13782825905,node,Pharmacie corniche oued fes,34.050999,-5.028326,,,
13782825906,node,Pharmacie City Golf,34.049227,-5.03107,,,
13782825913,node,Pharmacie Khayra,34.010648,-4.946392,,,
13782825914,node,Pharmacie Mouene,34.054109,-4.959813,,,
13784464302,node,Pharmacie bab el khoukha,34.0638323,-4.961036,,,
13784520301,node,صيدلية تجموعتي,34.012285,-5.007884,,,
13784651401,node,Pharmacie La Délivrance,33.978207,-5.0265349,,,
13784651402,node,صيدلية اولاد محمد,33.973387,-5.041306,,,
13784651701,node,صيدلية الربيع,34.000493,-5.049174,,,
13784651702,node,صيدلية لاكريي,34.0004141,-5.0434305,,,
13786706102,node,Pharmacie loubaba,33.86892,-5.529251,,,
13786706104,node,صيدلية الإرشاد,33.855517,-5.537904,,,
13786728103,node,Pharmacie ALFIDAE,35.612368,-5.294472,,,
13787014108,node,صيدلية اية,33.923601,-5.009454,,,
13787144802,node,صيدلية مطار فاس سايس,33.948416,-4.992492,,,
13787144804,node,صيدلية ماشاء الله,33.958863,-4.996057,,,
13787308201,node,Pharmacie Cherkaoui,30.364083,-9.450901,,,
13787308206,node,صيدلية أمينة,33.9691612,-4.9988635,,,
13787308301,node,Pharmacie al bassatine,33.962528,-4.997256,,,
13787308403,node,Pharmacie de Garde Fès Marjane Sais,33.986015,-4.9994,,,
13788053006,node,Pharmacie sidi abdessalam صيدلية سيدي عبد السلام,35.57224,-5.263951,,,
13788053205,node,Pharmacie ASSAHIL,35.579569,-5.292324,,,
13788171101,node,Pharmacie Cedar,33.9968577,-6.5199928,,,
13789269503,node,Pharmacie centro targha,35.393991,-5.014167,,,
13791919710,node,Pharmacie athar tamouda,35.557662,-5.407718,,,
13791931006,node,صيدلية حومة اللوحة,35.5537871,-5.4168342,,,
13791931008,node,صيدلية تمودة,35.555654,-5.413407,,,
13791942903,node,Pharmacie Avenue des FAR,35.5739076,-5.3605586,,,
13793843205,node,Pharmacie Coelma,35.564988,-5.347691,,,
13793858402,node,صيدلية الحرية,35.684777,-5.32991,,,
13793858502,node,Pharmacie Drissia,35.619114,-5.299062,,,
13793858601,node,Pharmacie 14 Novembre,35.614213,-5.300412,,,
13793859202,node,Pharmacie Boras,35.583742,-5.352747,,,
13794542904,node,Pharmacie Rokn Seha,35.615408,-5.327978,,,
13794542905,node,Pharmacie Ajiad,35.607662,-5.334781,,,
13794543803,node,صيدلية اسكندينافية,35.620952,-5.328947,,,
13796156401,node,Pharmacy Imam Mouslim,35.785437,-5.829062,,,
13796156801,node,Parapharmacie Iberia,35.7820087,-5.8207054,,,
13796214006,node,Parapharmacie Bassatine,35.7702649,-5.8264522,,,
13796266805,node,Pharmacie Ben Taieb,35.767448,-5.81792,,,
13796652501,node,Pharmacie Lamrani,35.840641,-5.558103,,,
13798222002,node,صيدلية الطود,35.004293,-5.895656,,,
13798247555,node,Pharmacie,35.4553181,-5.0949467,,,
13798667402,node,صيدلية الأدارسة,33.984578,-6.816807,,,
13798667803,node,Pharmacie Alioua,33.984163,-6.819916,,,
13798667804,node,صيدلية الصحة,33.994414,-6.815661,,,
13798668001,node,صيدلية فاطمة الزهراء,33.991493,-6.812067,,,
13799494202,node,صيدلية كتامة,34.876436,-4.619625,,,
13799495001,node,PHARMACIE TIDGHINE,34.876847,-4.618693,,,
13806703504,node,Pharmacie delivre07,35.777206,-5.798989,,,
13814536609,node,Belkacem,33.905792,-5.375085,,,
13814536611,node,Pharmacie Lotissement Sanae,33.907663,-5.379931,,,
13814536809,node,Pharmacie El MOUSSAOUI,33.9105397,-5.3815748,,,
13814537101,node,Pharmacie Hay Essaada,33.901756,-5.369621,,,
13815705198,node,El Majaze,35.8596532,-5.5321365,,,
13817115101,node,Pharmacie Ammour,34.245207,-6.539549,,,
13817115201,node,Pharmacie Yaacoub صيدلية يعقوب,34.246147,-6.541889,,,
13818690402,node,صيدلية مسجد الفرقان,35.177463,-6.155837,,,
13820174001,node,Pharmacie Relais des Médecins,33.950246,-6.885469,,,
13820174005,node,صيدلية بريستيجيا,33.953311,-6.882225,,,
13820174503,node,Pharmacie Secteur 15,33.952278,-6.878536,,,
13820266002,node,صيدلية الرباط كورنيش,34.003082,-6.871924,,,
13821121202,node,Farmacia Del-Lero,35.618809,-5.285155,,,
13823657707,node,صيدلية أبطال,33.982992,-6.824054,,,
13823658802,node,صيدلية التقدم,33.986708,-6.819728,,,
13823661901,node,صيدلية الأدارسة,33.984577,-6.816814,,,
13823661902,node,Pharmacie Alioua,33.984169,-6.81992,,,
13823665001,node,Pharmacie Rachad Takaddoum,33.983609,-6.819724,,,
13825080202,node,Pharmacie Alem,33.967421,-6.902521,,,
13825988601,node,صيدلية غرناطة,33.9836316,-6.8834345,,,
13830525401,node,صيدلية الإسراء,33.989273,-5.013674,,,
13830525504,node,Pharmacie Aya,34.002482,-5.020283,,,
13830525505,node,صيدلية كنزة الصقلي,33.991622,-5.005323,,,
13830525612,node,صيدلية قاسمي,33.994451,-5.000772,,,
13830525902,node,Pharmacie des Roches,33.994723,-5.007832,,,
13830526006,node,Pharmacie Najmat Saiss - صيدلية نجمة سايس,34.006501,-5.047265,,,
13830529401,node,صيدلية باڤ‍لوڤ,34.0121295,-5.040509,,,
13830695010,node,Pharmacie Ajiad,35.607656,-5.334792,,,
13830695207,node,صيدلية سوق دار مورسيا,35.588851,-5.370836,,,
13830695302,node,Pharmacie tetouan shore,35.651805,-5.309657,,,
13830695503,node,Pharmacie sad asmir,35.698374,-5.347376,,,
13830695601,node,Pharmacie El Ftouh صيدلية الفتوح,35.598904,-5.340773,,,
13830695801,node,Pharmacie Rokn Seha,35.615404,-5.327972,,,
13834175205,node,Pharmacie Ellimoune Hssain صيدلية الليمون احصين,34.021525,-6.752278,,,
13834181807,node,صيدلية القرية,34.022626,-6.767231,,,
13834181902,node,صيدلية أركانة,34.0183519,-6.7471425,,,
13834182501,node,صيدلية النجمة,34.0191667,-6.7666389,,,
13835456537,node,صيدلية العيون الدولية,27.1275262,-13.1699299,Laayoune,+212 5 28 98 47 56,
13840830501,node,Pharmacie dchiar,34.547961,-4.640336,,,
13842483511,node,Para Moloud,33.929956,-6.899264,,,
13842483602,node,صيدلية ريم,33.939764,-6.8893418,,,
13846883783,node,,31.2492274,-7.981624,,,
13846883786,node,,31.3482899,-7.9509938,,,
13851313604,node,صيدلية القنطرة,34.126657,-6.730495,,,
13851313608,node,صيدلية الأمم,34.122699,-6.735243,,,
13851313612,node,صيدلية النجاح 1,34.119978,-6.732632,,,
13851313618,node,صيدلية الفاسي,34.126213,-6.737106,,,
13851313620,node,صيدلية جوهرة البحر,34.123755,-6.739019,,,
13851313622,node,Pharmacie Al Madina,34.114934,-6.743889,,,
13851313623,node,Pharmacie ezzaki,34.1120053,-6.7110794,,,
13851313625,node,Pharmacie ghina,34.10859,-6.710246,,,
13851313626,node,صيدلية زردال,34.10857,-6.715738,,,
13851314906,node,La grande pharmacie de tanmia,34.1207854,-6.731925,,,
13851314908,node,Pharmacie Masbahia,34.1187477,-6.7385637,,,
13851315103,node,صيدلية بوقنادل,34.111078,-6.718037,,,
13853743582,node,Pharmacie Val Santé,33.5769848,-7.6364603,,,
13861049704,node,Pharmacie Al Alia صيدلية العالية,33.5870034,-7.6408482,,,
13873456512,node,Pharmacie Bir Anzarane صيدلية بئر أنزارن,33.5837154,-7.6437631,,,
13890599416,node,,31.6013509,-8.025979,,,
13905868015,node,Pharmacie des Familles صيدلية العائلات,33.5835742,-7.6404506,,,
13908108647,node,Pharmacie Géranium,33.5621259,-7.6534792,,,
13913265903,node,Pharmacie de la Croix d'Or,33.5857631,-7.6383965,,,
13914852201,node,Center pharmacie الصيدلية المركزية,34.5372581,-4.6369418,,,
13914852301,node,Para pharmacie,34.5372039,-4.6369326,,,
13937029683,node,صيدلية ماما سناء,35.7474489,-5.7681119,Tanger,+212 6 01 18 88 31,
13944194902,node,صيدلية فيلات الضحى,27.1452492,-13.1673938,Laayoune,+212 5 28 98 46 34,
13983432408,node,Farmacie Immesouane,30.8442264,-9.8199717,,,
13987717334,node,Pharmacie Ennahda,30.4255199,-9.5869934,,,
13991341261,node,صيدلية حفصة,27.1335323,-13.1473921,Laayoune,+212 6 65 26 74 55,
14022742232,node,,33.5995426,-7.6624186,,,
14022879229,node,pharmacie Yasmine,33.572037,-7.669111,,,
14022880839,node,Pharmacie Sophia,33.5734495,-7.6658155,,,
14029860743,node,صيدلية مرج الزهور,27.1406491,-13.1528107,Laayoune,+212 6 68 44 56 26,
14029860958,node,صيدلية بيراميس,27.1343113,-13.1746347,Laayoune,+212 6 65 68 46 23,
14031738841,node,Pharmacie Al Boustane,33.5685646,-7.6767151,,,
14032526961,node,Pharmacie Bilad Taddart,30.2509599,-9.4711155,Taddart ⵜⴰⴷⴰⵔⵜ تدارت,,
14041813832,node,pharmacie du marché,33.5711484,-7.6775535,,,
14041874075,node,Pharmacie chifa,33.5726612,-7.67402,,,
14049618853,node,Pharmacie Milad,33.5702831,-7.6646099,,,
14055303984,node,صيدلية شتوكة,30.2815304,-9.4488219,Lqliaa ⴰⵍⵇⵍⵉⵄⴰ القليعة,+212 528311338,Mo-Sa 09:30-21:30
14055303996,node,Pharmacie Azzahraouine,30.2969151,-9.4576974,Lqliaa ⴰⵍⵇⵍⵉⵄⴰ القليعة,+212 5 28 31 10 74,
14055349402,node,Pharmacie & Parapharmacie Assais Ait Melloul,30.3476852,-9.5049886,,+212 5 28 24 84 05,
14070866481,node,صيدلية السوق,35.4227714,-5.1220952,,,
14101637101,node,Pharmacie Qabiliya,35.6238571,-5.279082,,,
14124563153,node,صيدلية 911,35.7225855,-5.7529355,Tanger,+212 5 31 90 12 01,
14140753901,node,,31.356408,-9.7984846,,,
14178783401,node,Alomrane,32.2331785,-7.9415664,,,
14182630391,node,Pharmacie beau séjour,34.0326301,-6.8212029,,,
14182914512,node,صيدلية سانية مالاباطا,35.7781098,-5.7542182,,,
14188920745,node,Pharmacie les Iris,33.9974277,-6.8510312,,,
14203669401,node,Pharmacie de la Nation,31.6332751,-8.0748375,,+212 5 24 49 27 89,
167287851,way,,34.6699398,-4.6212463,,,
222801907,way,pharmacie lysere,33.5579434,-7.6215994,,,
222802375,way,Pharmaice Al Amne,33.5561984,-7.6173977,,,
243430554,way,,33.5819813,-7.6753431,,,
257057006,way,,32.6013157,-6.275401,kasba tadla,,Mo-Fr 08:30-20:00
263202099,way,al joulane,33.5461206,-7.5641194,,,"08:30-12:30,15:30-20:00"
320328127,way,Etoile Médicale,34.719449,-1.9260325,Oujda,+212 536704723,
322712074,way,Dispensaire Moulay Idriss,34.6742675,-1.9128791,Oujda,+212 536684399,
418789138,way,,33.5617115,-7.617121,,,
419547624,way,Pharmacie Bab Taddart,33.5597518,-7.6263099,,,
585202603,way,Pharmacie Maha صيدلية مها,35.7363161,-5.8218884,Tanger,,
587312060,way,Pharmacie Najid,35.70349,-5.9007274,,,
588459084,way,Al-Amal,33.5845373,-7.562482,,,
588466957,way,Parapharmacie,33.6042897,-7.5297001,,,
588508365,way,Pharmacie Central,33.5923667,-7.6091624,,,
588780140,way,Place Ahmed Mekouar,33.612772,-7.5317453,,,
589327214,way,Pharmacie Choura,33.595657,-7.5610861,,,
590233958,way,,33.5828745,-7.5682548,,,
590233959,way,,33.5760287,-7.5442647,,,
590579797,way,Traumedic,33.557548,-7.6104928,,,
590882610,way,Pharmacie Ghziwat,33.5420687,-7.6345011,,,
591075715,way,,33.5664743,-7.6283433,,,
592408154,way,Pharmacie Menara,33.5683974,-7.6098351,,,
592464380,way,Para & Pharmacie,33.529637,-7.5966943,,,
597099944,way,Pharmacie Aqua Parc,33.5184124,-7.7983433,,,
597845040,way,Pharmacie Essaada,33.2429162,-8.525176,,,
609568047,way,Pharmacie Bouknadel,34.1204165,-6.741573,,,
610362601,way,,34.1545064,-6.7134656,,,
611238664,way,Pharmacie al Kasba,34.0564026,-6.8198596,,,
611273077,way,,34.0709515,-6.7586181,,,
611325363,way,Pharmacie Ambassador,33.9600755,-6.8196068,,,
611325366,way,Pharmacie Yamina,33.9590961,-6.8233224,,,
611643250,way,Pharmacie Ibtissam,34.0410362,-6.8101288,,,
611660860,way,Pharmacie Achouhadaa,34.0385712,-6.7920811,,,
612107872,way,Pharmacie Elamana,34.0429026,-6.7812576,,,
666984284,way,,33.5521537,-7.6401432,,,Mo-Fr 08:00-17:00
769721600,way,warda-pharmacie,33.9579784,-6.8482276,Rabat ⵔⴱⴰⵟ الرباط,,08:00-19:30
1098937129,way,Pharmacie Badriouene,35.7091808,-5.8782868,,,
1105090528,way,Mouradallah,33.953348,-6.869598,Rabat,,
1206476650,way,,31.2254391,-8.2414504,,,
1210550721,way,Pharmacie Aquaparc,31.4837634,-7.9001782,,,
1228537338,way,,33.243546,-8.4926451,,,
1228709573,way,Shérif,33.2259756,-8.501966,,,
1229540099,way,Lojain,33.2408972,-8.5112961,,,
1238838580,way,Principale,33.2514624,-8.5025804,,,
1239621024,way,Al Fath,33.2482725,-8.5061135,,,
1246984138,way,Pharmacie Arset Banni صيدلية عرصة باني,31.624204,-7.9745418,Marrakech,,
1261764980,way,Pharmacie Elyamani صيدلية اليماني,31.7642002,-8.1013635,Tamensourt,+212 524203654,Mo-Sa 09:00-23:00
1265873234,way,pharmacie benkiran,35.7603695,-5.7884321,,,
1268501275,way,Pharmacie Jnan Al Mansour صيدلية جنان المنصور,33.8354431,-6.9324549,Tamesna,,
1268501598,way,Pharmacie Riad 1 صيدلية رياض,33.818638,-6.9348883,Tamesna,,
1268502072,way,Pharmacie Kessouba صيدلية كسوبة,33.8244239,-6.9422688,Tamesna,,
1268845333,way,Pharmacie Sedrati صيدلية السدراتي,33.9216086,-6.9548718,Témara,,
1268846421,way,Pharmacie Regragui صيدلية الرجراجي,33.9249658,-6.9546066,Témara,,
1268847140,way,Pharmacie Sid El Abed صيدلية سيد العابد,33.9107817,-6.9749028,Témara,,
1268847336,way,Pharmacie Vital صيدلية فيتال,33.9170188,-6.9663375,Témara,,
1268848187,way,Pharmacie les Roches Blanches صيدلية الصخور البيضاء,33.9304396,-6.9510769,Témara تمارة,+212 5 37 74 47 07,
1268848572,way,Pharmacie Internationale الصيدلية الدولية,33.9219426,-6.9390991,Témara تمارة,,
1268848828,way,Pharmacie Jorio صيدلية جوريو,33.921436,-6.9342956,Témara تمارة,,
1268848877,way,Pharmacie Santé صيدلية الصحة,33.9208422,-6.9362284,Témara تمارة,,
1268849217,way,Pharmacie Ryad El Wifak صيدلية رياض الوفاق,33.9242785,-6.9336763,Témara,,
1268849446,way,Pharmacie Al Moubaraka صيدلية المباركة,33.9269659,-6.9351078,Témara تمارة,,
1268849696,way,Pharmacie Harhoura صيدلية هرهورة,33.940205,-6.9390632,Témara تمارة,,
1268849960,way,Pharmacie le Rivage صيدلية لوريفاج,33.9287877,-6.9548697,Témara,,
1268852162,way,Pharmacie Bouchra Al Hamd صيدلية بشرى الحمد,33.8833557,-6.9715263,Témara,,
1268852176,way,Pharmacie Hassouni صيدلية الحسوني,33.8924265,-6.9653531,Témara,,
1268852345,way,Pharmacie El Amal صيدلية الأمل,33.8934537,-6.9554898,Témara,,
1268852771,way,Pharmacie Aïn Atiq صيدلية عين عتيق,33.8883681,-6.9715061,Témara,,
1268852935,way,Pharmacie Aya صيدلية اًية,33.8928565,-6.9729862,Témara,,
1268853319,way,Pharmacie Kouchy صيدلية كوشي,33.8810924,-6.9656255,Témara,,
1268854492,way,Pharmacie Principale الصيدلية الرئيسية,33.8302493,-6.9130991,Tamesna,,
1268854661,way,Pharmacie Bel Hssain صيدلية بلحساين,33.8276749,-6.9018709,Tamesna,,
1268854774,way,Pharmacie Attaouhid صيدلية التوحيد,33.8308353,-6.9012007,Tamesna,,
1268855681,way,Pharmacie Tamesna صيدلية تامسنا,33.838816,-6.913156,Tamesna,,
1268856217,way,Pharmacie El Basma صيدلية البسمة,33.8281086,-6.903923,Tamesna,,
1268856431,way,Pharmacie Sidi YAhya Zaer صيدلية سيدي يحيى زعير,33.8266096,-6.9033182,Tamesna,,
1308880324,way,Pharmacie Jaouher,33.2426384,-8.4786911,,,
1395841460,way,Pharmacie صيدلية المستشفى,33.2602314,-7.5840185,,,
1487252408,way,Pharmacy Riad       صيدلية  رياض,35.1367888,-2.928687,Nador الناظور,+212 5 36 33 23 92,
1494628425,way,,33.9595127,-6.8706458,,,
1496318255,way,Pharmacie Populaire الصيدلية الشعبية,33.8933852,-5.5700896,,,
1497614262,way,Pharmacie Wissale,33.8485252,-6.850789,,,
1497614295,way,parapharmacie Univers Para,34.0194727,-6.8256421,,,
